Timestamp,CPU Usage User (%),CPU Usage System (%),CPU Usage Wait (%),CPU Usage Idle (%),Memory Total (Mo),Memory Free (Mo),Memory Cached (Mo),Memory Active (Mo),Memory Buffers (Mo),Memory Inactive (Mo),Swap Total (Mo),Swap Free (Mo),Processes Runnable,Processes Blocked,Process Switches,Process Forks,Process Execs,Network lo Received (Ko/s),Network eth0 Received (Ko/s),Network wlan0 Received (Ko/s),Network lo Sent (Ko/s),Network eth0 Sent (Ko/s),Network wlan0 Sent (Ko/s),Network Packet lo Received,Network Packet eth0 Received,Network Packet wlan0 Received,Network Packet lo Sent,Network Packet eth0 Sent,Network Packet wlan0 Sent,Disk mmcblk0 Usage (%),Disk mmcblk0p1 Usage (%),Disk mmcblk0p2 Usage (%),Disk mmcblk0 Read (Ko/s),Disk mmcblk0p1 Read (Ko/s),Disk mmcblk0p2 Read (Ko/s),Disk mmcblk0 Write (Ko/s),Disk mmcblk0p1 Write (Ko/s),Disk mmcblk0p2 Write (Ko/s),Disk mmcblk0 Block Size (Ko),Disk mmcblk0p1 Block Size (Ko),Disk mmcblk0p2 Block Size (Ko),Disk mmcblk0 Transfers,Disk mmcblk0p1 Transfers,Disk mmcblk0p2 Transfers,JFS dev Usage (%),JFS run Usage (%),JFS Usage (%),JFS boot/firmware Usage (%)
14:21:20.000,0.8,2.9,1.2,95.1,3787.2,3571.5,83.5,48.3,11.4,68.8,0.0,0.0,1,0,0.0,0.0,0.0,0.0,0.0,0.0,-0.0,-0.0,-0.0,0.0,0.0,0.0,0.0,0.0,0.0,6.5,0.0,7.3,1996.2,0.0,1996.2,22.6,0.0,22.6,60.9,0.0,60.9,33.2,0.0,33.2,0.0,0.2,8.5,28.0
14:21:21.000,0.2,0.2,0.0,99.5,3787.2,3571.2,83.5,48.3,11.4,68.8,0.0,0.0,1,0,88.8,2.0,0.0,0.0,0.0,0.0,-0.0,-0.0,-0.0,0.0,0.0,0.0,0.0,0.0,0.0,0.0,0.0,0.0,0.0,0.0,0.0,0.0,0.0,0.0,0.0,0.0,0.0,0.0,0.0,0.0,0.0,0.2,8.5,28.0
14:21:22.000,0.0,0.2,0.0,99.8,3787.2,3571.0,83.5,48.3,11.4,68.8,0.0,0.0,1,0,86.8,2.0,0.0,0.0,0.0,0.0,-0.0,-0.0,-0.0,0.0,0.0,0.0,0.0,0.0,0.0,0.0,0.0,0.0,0.0,0.0,0.0,0.0,0.0,0.0,0.0,0.0,0.0,0.0,0.0,0.0,0.0,0.2,8.5,28.0
14:21:23.000,0.0,0.0,0.0,100.0,3787.2,3570.7,83.5,48.3,11.4,68.8,0.0,0.0,1,0,84.8,2.0,0.0,0.0,0.0,0.0,-0.0,-0.0,-0.0,0.0,0.0,0.0,0.0,0.0,0.0,0.0,0.0,0.0,0.0,0.0,0.0,0.0,0.0,0.0,0.0,0.0,0.0,0.0,0.0,0.0,0.0,0.2,8.5,28.0
14:21:24.000,0.0,0.5,0.2,99.3,3787.2,3570.5,83.5,48.3,11.4,68.8,0.0,0.0,1,0,117.7,2.0,0.0,0.0,0.0,0.0,-0.0,-0.0,-0.0,0.0,0.0,0.0,0.0,0.0,0.0,1.0,0.0,0.0,0.0,0.0,0.0,95.8,0.0,95.8,48.0,0.0,48.0,2.0,0.0,2.0,0.0,0.2,8.5,28.0
14:21:25.000,0.0,0.2,0.0,99.8,3787.2,3570.2,83.5,48.3,11.4,68.8,0.0,0.0,1,0,107.7,2.0,0.0,0.0,0.0,0.0,-0.0,-0.0,-0.0,0.0,0.0,0.0,0.0,0.0,0.0,0.0,0.0,1.0,0.0,0.0,0.0,12.0,0.0,12.0,6.0,0.0,6.0,2.0,0.0,2.0,0.0,0.2,8.5,28.0
14:21:26.000,0.0,0.0,0.0,100.0,3787.2,3570.0,83.5,48.3,11.4,68.7,0.0,0.0,1,0,89.8,2.0,0.0,0.0,0.0,0.0,-0.0,-0.0,-0.0,0.0,0.0,0.0,0.0,0.0,0.0,0.0,0.0,0.0,0.0,0.0,0.0,0.0,0.0,0.0,0.0,0.0,0.0,0.0,0.0,0.0,0.0,0.2,8.5,28.0
14:21:27.000,0.0,0.5,0.0,99.5,3787.2,3569.5,83.5,48.3,11.4,68.8,0.0,0.0,1,0,83.8,2.0,0.0,0.0,0.0,0.0,-0.0,-0.0,-0.0,0.0,0.0,0.0,0.0,0.0,0.0,0.0,0.0,0.0,0.0,0.0,0.0,0.0,0.0,0.0,0.0,0.0,0.0,0.0,0.0,0.0,0.0,0.2,8.5,28.0
14:21:28.000,0.2,0.0,0.0,99.8,3787.2,3569.5,83.5,48.3,11.4,68.7,0.0,0.0,1,0,96.8,2.0,0.0,0.0,0.0,0.0,-0.0,-0.0,-0.0,0.0,0.0,0.0,0.0,0.0,0.0,0.0,0.0,0.0,0.0,0.0,0.0,0.0,0.0,0.0,0.0,0.0,0.0,0.0,0.0,0.0,0.0,0.2,8.5,28.0
14:21:29.000,0.0,0.2,0.0,99.8,3787.2,3569.2,83.5,48.3,11.4,68.8,0.0,0.0,1,0,85.8,2.0,0.0,0.0,0.0,0.0,-0.0,-0.0,-0.0,0.0,0.0,0.0,0.0,0.0,0.0,0.0,0.0,0.0,0.0,0.0,0.0,0.0,0.0,0.0,0.0,0.0,0.0,0.0,0.0,0.0,0.0,0.2,8.5,28.0
14:21:30.000,0.0,0.2,0.0,99.8,3787.2,3569.0,83.5,48.3,11.4,68.7,0.0,0.0,1,0,102.6,2.0,0.0,0.0,0.0,0.0,-0.0,-0.0,-0.0,0.0,0.0,0.0,0.0,0.0,0.0,0.0,0.0,0.0,0.0,0.0,0.0,23.9,0.0,23.9,12.0,0.0,12.0,2.0,0.0,2.0,0.0,0.2,8.5,28.0
14:21:31.000,0.0,0.2,0.0,99.8,3787.2,3568.8,83.5,48.3,11.4,68.8,0.0,0.0,1,0,108.7,2.0,0.0,0.0,0.0,0.0,-0.0,-0.0,-0.0,0.0,0.0,0.0,0.0,0.0,0.0,1.0,0.0,1.0,0.0,0.0,0.0,12.0,0.0,12.0,4.0,0.0,4.0,3.0,0.0,3.0,0.0,0.2,8.5,28.0
14:21:32.000,0.2,0.2,0.0,99.5,3787.2,3568.4,83.5,48.3,11.4,68.7,0.0,0.0,1,0,96.8,2.0,0.0,0.0,0.0,0.0,-0.0,-0.0,-0.0,0.0,0.0,0.0,0.0,0.0,0.0,0.0,0.0,0.0,0.0,0.0,0.0,0.0,0.0,0.0,0.0,0.0,0.0,0.0,0.0,0.0,0.0,0.2,8.5,28.0
14:21:33.000,0.0,0.0,0.0,100.0,3787.2,3568.4,83.5,48.3,11.4,68.9,0.0,0.0,1,0,83.8,2.0,0.0,0.0,0.0,0.0,-0.0,-0.0,-0.0,0.0,0.0,0.0,0.0,0.0,0.0,0.0,0.0,0.0,0.0,0.0,0.0,0.0,0.0,0.0,0.0,0.0,0.0,0.0,0.0,0.0,0.0,0.2,8.5,28.0
14:21:34.000,0.2,0.2,0.0,99.5,3787.2,3568.3,83.5,48.3,11.4,68.8,0.0,0.0,1,0,102.8,2.0,0.0,0.0,0.0,0.0,-0.0,-0.0,-0.0,0.0,0.0,0.0,0.0,0.0,0.0,0.0,0.0,0.0,0.0,0.0,0.0,0.0,0.0,0.0,0.0,0.0,0.0,0.0,0.0,0.0,0.0,0.2,8.5,28.0
14:21:35.000,0.0,0.0,0.2,99.8,3787.2,3568.3,83.5,48.3,11.4,68.8,0.0,0.0,1,0,101.6,2.0,0.0,0.0,0.0,0.0,-0.0,-0.0,-0.0,0.0,0.0,0.0,0.0,0.0,0.0,1.0,0.0,0.0,0.0,0.0,0.0,23.9,0.0,23.9,12.0,0.0,12.0,2.0,0.0,2.0,0.0,0.2,8.5,28.0
14:21:36.000,0.0,0.2,0.0,99.8,3787.2,3567.9,83.5,48.3,11.4,68.7,0.0,0.0,1,0,127.7,2.0,0.0,0.0,0.0,0.0,-0.0,-0.0,-0.0,0.0,0.0,0.0,0.0,0.0,0.0,0.0,0.0,1.0,0.0,0.0,0.0,12.0,0.0,12.0,6.0,0.0,6.0,2.0,0.0,2.0,0.0,0.2,8.5,28.0
14:21:37.000,0.0,0.2,0.0,99.8,3787.2,3567.8,83.5,48.4,11.4,68.8,0.0,0.0,1,0,83.8,2.0,0.0,0.0,0.0,0.0,-0.0,-0.0,-0.0,0.0,0.0,0.0,0.0,0.0,0.0,0.0,0.0,0.0,0.0,0.0,0.0,0.0,0.0,0.0,0.0,0.0,0.0,0.0,0.0,0.0,0.0,0.2,8.5,28.0
14:21:38.000,0.0,0.2,0.0,99.8,3787.2,3568.0,83.5,48.4,11.4,68.8,0.0,0.0,1,0,83.8,2.0,0.0,0.0,0.0,0.0,-0.0,-0.0,-0.0,0.0,0.0,0.0,0.0,0.0,0.0,0.0,0.0,0.0,0.0,0.0,0.0,0.0,0.0,0.0,0.0,0.0,0.0,0.0,0.0,0.0,0.0,0.2,8.5,28.0
14:21:39.000,0.0,0.2,0.0,99.8,3787.2,3567.5,83.5,48.4,11.4,68.6,0.0,0.0,1,0,84.8,2.0,0.0,0.0,0.0,0.0,-0.0,-0.0,-0.0,0.0,0.0,0.0,0.0,0.0,0.0,0.0,0.0,0.0,0.0,0.0,0.0,0.0,0.0,0.0,0.0,0.0,0.0,0.0,0.0,0.0,0.0,0.2,8.5,28.0
14:21:40.000,0.0,0.2,0.0,99.8,3787.2,3567.8,83.5,48.4,11.4,68.7,0.0,0.0,1,0,117.6,2.0,0.0,0.0,0.0,0.0,-0.0,-0.0,-0.0,0.0,0.0,0.0,0.0,0.0,0.0,0.0,0.0,0.0,0.0,0.0,0.0,23.9,0.0,23.9,12.0,0.0,12.0,2.0,0.0,2.0,0.0,0.2,8.5,28.0
14:21:41.000,0.0,0.2,0.0,99.8,3787.2,3567.3,83.5,48.4,11.4,68.6,0.0,0.0,1,0,112.7,3.0,0.0,0.0,0.0,0.0,-0.0,-0.0,-0.0,0.0,0.0,0.0,0.0,0.0,0.0,0.0,0.0,0.0,0.0,0.0,0.0,0.0,0.0,0.0,0.0,0.0,0.0,0.0,0.0,0.0,0.0,0.2,8.5,28.0
14:21:42.000,0.0,0.2,0.0,99.8,3787.2,3567.3,83.5,48.4,11.4,68.7,0.0,0.0,1,0,136.7,2.0,0.0,0.0,0.0,0.0,-0.0,-0.0,-0.0,0.0,0.0,0.0,0.0,0.0,0.0,1.0,0.0,1.0,0.0,0.0,0.0,12.0,0.0,12.0,4.0,0.0,4.0,3.0,0.0,3.0,0.0,0.2,8.5,28.0
14:21:43.000,0.0,0.0,0.0,100.0,3787.2,3567.0,83.5,48.4,11.4,68.7,0.0,0.0,1,0,124.7,2.0,0.0,0.0,0.0,0.1,-0.0,-0.0,-0.0,0.0,0.0,1.0,0.0,0.0,0.0,0.0,0.0,0.0,0.0,0.0,0.0,0.0,0.0,0.0,0.0,0.0,0.0,0.0,0.0,0.0,0.0,0.2,8.5,28.0
14:21:44.000,0.0,0.2,0.0,99.8,3787.2,3567.0,83.5,48.4,11.4,68.7,0.0,0.0,1,0,92.8,2.0,0.0,0.0,0.0,0.0,-0.0,-0.0,-0.0,0.0,0.0,0.0,0.0,0.0,0.0,0.0,0.0,0.0,0.0,0.0,0.0,0.0,0.0,0.0,0.0,0.0,0.0,0.0,0.0,0.0,0.0,0.2,8.5,28.0
14:21:45.000,0.0,0.2,0.2,99.5,3787.2,3566.8,83.5,48.4,11.4,68.7,0.0,0.0,1,0,111.6,2.0,0.0,0.0,0.0,0.0,-0.0,-0.0,-0.0,0.0,0.0,0.0,0.0,0.0,0.0,1.0,0.0,0.0,0.0,0.0,0.0,23.9,0.0,23.9,12.0,0.0,12.0,2.0,0.0,2.0,0.0,0.2,8.5,28.0
14:21:46.000,0.2,0.2,0.0,99.5,3787.2,3566.8,83.5,48.4,11.4,68.7,0.0,0.0,1,0,103.7,2.0,0.0,0.0,0.0,0.0,-0.0,-0.0,-0.0,0.0,0.0,0.0,0.0,0.0,0.0,0.0,0.0,0.0,0.0,0.0,0.0,0.0,0.0,0.0,0.0,0.0,0.0,0.0,0.0,0.0,0.0,0.2,8.5,28.0
14:21:47.000,0.0,0.2,0.0,99.8,3787.2,3566.5,83.5,48.4,11.4,68.7,0.0,0.0,1,0,105.8,2.0,0.0,0.0,0.0,0.0,-0.0,-0.0,-0.0,0.0,0.0,0.0,0.0,0.0,0.0,0.0,0.0,1.0,0.0,0.0,0.0,12.0,0.0,12.0,4.0,0.0,4.0,3.0,0.0,3.0,0.0,0.2,8.5,28.0
14:21:48.000,0.0,0.2,0.0,99.8,3787.2,3566.5,83.5,48.4,11.4,68.8,0.0,0.0,1,0,114.8,2.0,0.0,0.0,0.0,0.0,-0.0,-0.0,-0.0,0.0,0.0,0.0,0.0,0.0,0.0,0.0,0.0,0.0,0.0,0.0,0.0,0.0,0.0,0.0,0.0,0.0,0.0,0.0,0.0,0.0,0.0,0.2,8.5,28.0
14:21:49.000,0.0,0.2,0.0,99.8,3787.2,3566.5,83.5,48.4,11.4,68.8,0.0,0.0,1,0,91.8,2.0,0.0,0.0,0.0,0.0,-0.0,-0.0,-0.0,0.0,0.0,0.0,0.0,0.0,0.0,0.0,0.0,0.0,0.0,0.0,0.0,0.0,0.0,0.0,0.0,0.0,0.0,0.0,0.0,0.0,0.0,0.2,8.5,28.0
14:21:50.000,0.0,0.0,0.2,99.8,3787.2,3566.5,83.5,48.4,11.5,68.9,0.0,0.0,1,0,109.6,2.0,0.0,0.0,0.0,0.0,-0.0,-0.0,-0.0,0.0,0.0,0.0,0.0,0.0,0.0,1.0,0.0,1.0,0.0,0.0,0.0,23.9,0.0,23.9,12.0,0.0,12.0,2.0,0.0,2.0,0.0,0.2,8.5,28.0
14:21:51.000,0.0,0.2,0.0,99.8,3787.2,3566.5,83.5,48.4,11.5,68.8,0.0,0.0,1,0,82.8,2.0,0.0,0.0,0.0,0.0,-0.0,-0.0,-0.0,0.0,0.0,0.0,0.0,0.0,0.0,0.0,0.0,0.0,0.0,0.0,0.0,0.0,0.0,0.0,0.0,0.0,0.0,0.0,0.0,0.0,0.0,0.2,8.5,28.0
14:21:52.000,0.0,0.0,0.0,100.0,3787.2,3566.3,83.5,48.4,11.5,68.8,0.0,0.0,1,0,96.8,2.0,0.0,0.0,0.0,0.0,-0.0,-0.0,-0.0,0.0,0.0,0.0,0.0,0.0,0.0,1.0,0.0,0.0,0.0,0.0,0.0,12.0,0.0,12.0,6.0,0.0,6.0,2.0,0.0,2.0,0.0,0.2,8.5,28.0
14:21:53.000,0.2,0.2,0.0,99.5,3787.2,3566.5,83.5,48.4,11.5,68.8,0.0,0.0,1,0,89.8,2.0,0.0,0.0,0.0,0.0,-0.0,-0.0,-0.0,0.0,0.0,0.0,0.0,0.0,0.0,0.0,0.0,0.0,0.0,0.0,0.0,0.0,0.0,0.0,0.0,0.0,0.0,0.0,0.0,0.0,0.0,0.2,8.5,28.0
14:21:54.000,0.0,0.0,0.0,100.0,3787.2,3566.3,83.5,48.4,11.5,68.8,0.0,0.0,1,0,86.8,2.0,0.0,0.0,0.0,0.0,-0.0,-0.0,-0.0,0.0,0.0,0.0,0.0,0.0,0.0,0.0,0.0,1.0,0.0,0.0,0.0,0.0,0.0,0.0,0.0,0.0,0.0,0.0,0.0,0.0,0.0,0.2,8.5,28.0
14:21:55.000,0.0,0.2,0.5,99.3,3787.2,3566.5,83.5,48.4,11.5,68.8,0.0,0.0,1,0,219.1,3.0,0.0,0.0,0.0,0.0,-0.0,-0.0,-0.0,0.0,0.0,0.0,0.0,0.0,0.0,2.0,0.0,2.0,0.0,0.0,0.0,123.5,0.0,123.5,5.4,0.0,5.4,22.9,0.0,22.9,0.0,0.2,8.5,28.0
14:21:56.000,0.0,0.2,0.0,99.8,3787.2,3566.3,83.5,48.4,11.5,68.9,0.0,0.0,1,0,100.8,2.0,0.0,0.0,0.0,0.0,-0.0,-0.0,-0.0,0.0,0.0,0.0,0.0,0.0,0.0,0.0,0.0,0.0,0.0,0.0,0.0,0.0,0.0,0.0,0.0,0.0,0.0,0.0,0.0,0.0,0.0,0.2,8.5,28.0
14:21:57.000,0.0,0.2,0.0,99.8,3787.2,3566.3,83.5,48.4,11.5,68.8,0.0,0.0,1,0,77.8,2.0,0.0,0.0,0.0,0.0,-0.0,-0.0,-0.0,0.0,0.0,0.0,0.0,0.0,0.0,0.0,0.0,0.0,0.0,0.0,0.0,0.0,0.0,0.0,0.0,0.0,0.0,0.0,0.0,0.0,0.0,0.2,8.5,28.0
14:21:58.000,0.0,0.2,0.0,99.8,3787.2,3566.3,83.5,48.4,11.5,68.8,0.0,0.0,1,0,103.8,2.0,0.0,0.0,0.0,0.0,-0.0,-0.0,-0.0,0.0,0.0,0.0,0.0,0.0,0.0,1.0,0.0,1.0,0.0,0.0,0.0,12.0,0.0,12.0,6.0,0.0,6.0,2.0,0.0,2.0,0.0,0.2,8.5,28.0
14:21:59.000,0.2,0.0,0.0,99.8,3787.2,3566.2,83.5,48.4,11.5,68.8,0.0,0.0,1,0,82.8,2.0,0.0,0.0,0.0,0.0,-0.0,-0.0,-0.0,0.0,0.0,0.0,0.0,0.0,0.0,0.0,0.0,0.0,0.0,0.0,0.0,0.0,0.0,0.0,0.0,0.0,0.0,0.0,0.0,0.0,0.0,0.2,8.5,28.0
14:22:00.000,0.0,0.5,0.0,99.5,3787.2,3566.5,83.5,48.4,11.5,68.9,0.0,0.0,1,0,109.5,2.0,0.0,0.0,0.0,0.0,-0.0,-0.0,-0.0,0.0,0.0,0.0,0.0,0.0,0.0,0.0,0.0,0.0,0.0,0.0,0.0,35.8,0.0,35.8,18.0,0.0,18.0,2.0,0.0,2.0,0.0,0.2,8.5,28.0
14:22:01.000,0.0,0.0,0.0,100.0,3787.2,3566.3,83.5,48.4,11.5,68.8,0.0,0.0,1,0,93.8,2.0,0.0,0.0,0.0,0.0,-0.0,-0.0,-0.0,0.0,0.0,0.0,0.0,0.0,0.0,0.0,0.0,0.0,0.0,0.0,0.0,0.0,0.0,0.0,0.0,0.0,0.0,0.0,0.0,0.0,0.0,0.2,8.5,28.0
14:22:02.000,0.0,0.2,0.0,99.8,3787.2,3566.3,83.5,48.4,11.5,68.8,0.0,0.0,1,0,79.8,2.0,0.0,0.0,0.0,0.0,-0.0,-0.0,-0.0,0.0,0.0,0.0,0.0,0.0,0.0,0.0,0.0,0.0,0.0,0.0,0.0,0.0,0.0,0.0,0.0,0.0,0.0,0.0,0.0,0.0,0.0,0.2,8.5,28.0
14:22:03.000,0.0,0.2,0.0,99.8,3787.2,3566.3,83.5,48.4,11.5,68.8,0.0,0.0,1,0,101.8,2.0,0.0,0.0,0.0,0.0,-0.0,-0.0,-0.0,0.0,0.0,0.0,0.0,0.0,0.0,0.0,0.0,0.0,0.0,0.0,0.0,8.0,0.0,8.0,4.0,0.0,4.0,2.0,0.0,2.0,0.0,0.2,8.5,28.0
14:22:04.000,0.0,0.0,0.0,100.0,3787.2,3566.0,83.5,48.4,11.5,68.8,0.0,0.0,1,0,103.7,2.0,0.0,0.0,0.0,0.0,-0.0,-0.0,-0.0,0.0,0.0,0.0,0.0,0.0,0.0,0.0,0.0,0.0,0.0,0.0,0.0,0.0,0.0,0.0,0.0,0.0,0.0,0.0,0.0,0.0,0.0,0.2,8.5,28.0
14:22:05.000,0.2,0.2,0.2,99.3,3787.2,3566.3,83.5,48.4,11.5,68.8,0.0,0.0,1,0,98.6,2.0,0.0,0.0,0.0,0.0,-0.0,-0.0,-0.0,0.0,0.0,0.0,0.0,0.0,0.0,1.0,0.0,0.0,0.0,0.0,0.0,15.9,0.0,15.9,8.0,0.0,8.0,2.0,0.0,2.0,0.0,0.2,8.5,28.0
14:22:06.000,0.0,0.2,0.0,99.8,3787.2,3566.0,83.5,48.4,11.5,68.8,0.0,0.0,1,0,104.8,2.0,0.0,0.0,0.0,0.0,-0.0,-0.0,-0.0,0.0,0.0,0.0,0.0,0.0,0.0,0.0,0.0,0.0,0.0,0.0,0.0,0.0,0.0,0.0,0.0,0.0,0.0,0.0,0.0,0.0,0.0,0.2,8.5,28.0
14:22:07.000,0.2,0.0,0.0,99.8,3787.2,3565.8,83.5,48.4,11.5,68.8,0.0,0.0,1,0,81.8,2.0,0.0,0.0,0.0,0.0,-0.0,-0.0,-0.0,0.0,0.0,0.0,0.0,0.0,0.0,0.0,0.0,0.0,0.0,0.0,0.0,0.0,0.0,0.0,0.0,0.0,0.0,0.0,0.0,0.0,0.0,0.2,8.5,28.0
14:22:08.000,0.0,0.2,0.0,99.8,3787.2,3565.9,83.5,48.4,11.5,68.8,0.0,0.0,1,0,93.8,2.0,0.0,0.0,0.0,0.0,-0.0,-0.0,-0.0,0.0,0.0,0.0,0.0,0.0,0.0,0.0,0.0,0.0,0.0,0.0,0.0,0.0,0.0,0.0,0.0,0.0,0.0,0.0,0.0,0.0,0.0,0.2,8.5,28.0
14:22:09.000,0.0,0.2,0.0,99.8,3787.2,3565.8,83.5,48.4,11.5,68.9,0.0,0.0,1,0,97.8,2.0,0.0,0.0,0.0,0.0,-0.0,-0.0,-0.0,0.0,0.0,0.0,0.0,0.0,0.0,0.0,0.0,1.0,0.0,0.0,0.0,12.0,0.0,12.0,4.0,0.0,4.0,3.0,0.0,3.0,0.0,0.2,8.5,28.0
14:22:10.000,0.0,0.0,0.0,100.0,3787.2,3565.8,83.5,48.4,11.5,68.8,0.0,0.0,1,0,96.8,2.0,0.0,0.0,0.0,0.0,-0.0,-0.0,-0.0,0.0,0.0,0.0,0.0,0.0,0.0,0.0,0.0,0.0,0.0,0.0,0.0,35.9,0.0,35.9,18.0,0.0,18.0,2.0,0.0,2.0,0.0,0.2,8.5,28.0
14:22:11.000,0.0,0.2,0.0,99.8,3787.2,3565.7,83.5,48.4,11.5,68.9,0.0,0.0,1,0,83.9,2.0,0.0,0.0,0.0,0.0,-0.0,-0.0,-0.0,0.0,0.0,0.0,0.0,0.0,0.0,0.0,0.0,0.0,0.0,0.0,0.0,0.0,0.0,0.0,0.0,0.0,0.0,0.0,0.0,0.0,0.0,0.2,8.5,28.0
14:22:12.000,0.0,0.2,0.0,99.8,3787.2,3565.8,83.5,48.4,11.5,68.7,0.0,0.0,1,0,120.8,2.0,0.0,0.0,0.0,0.1,-0.0,-0.0,-0.0,0.0,0.0,1.0,0.0,0.0,0.0,0.0,0.0,0.0,0.0,0.0,0.0,0.0,0.0,0.0,0.0,0.0,0.0,0.0,0.0,0.0,0.0,0.2,8.5,28.0
14:22:13.000,0.2,0.0,0.0,99.8,3787.2,3565.6,83.5,48.4,11.5,68.9,0.0,0.0,2,0,93.8,1.0,0.0,0.0,0.0,0.0,-0.0,-0.0,-0.0,0.0,0.0,0.0,0.0,0.0,0.0,0.0,0.0,0.0,0.0,0.0,0.0,0.0,0.0,0.0,0.0,0.0,0.0,0.0,0.0,0.0,0.0,0.2,8.5,28.0
14:22:14.000,0.0,0.0,0.0,100.0,3787.2,3565.6,83.5,48.4,11.5,68.8,0.0,0.0,1,0,69.9,1.0,0.0,0.0,0.0,0.0,-0.0,-0.0,-0.0,0.0,0.0,0.0,0.0,0.0,0.0,1.0,0.0,1.0,0.0,0.0,0.0,0.0,0.0,0.0,0.0,0.0,0.0,0.0,0.0,0.0,0.0,0.2,8.5,28.0
14:22:15.000,0.2,0.2,0.2,99.3,3787.2,3565.3,83.5,48.4,11.5,68.8,0.0,0.0,1,0,118.6,2.0,0.0,0.0,0.0,0.0,-0.0,-0.0,-0.0,0.0,0.0,0.0,0.0,0.0,0.0,1.0,0.0,0.0,0.0,0.0,0.0,31.9,0.0,31.9,8.0,0.0,8.0,4.0,0.0,4.0,0.0,0.2,8.5,28.0
14:22:16.000,0.0,0.2,0.0,99.8,3787.2,3565.6,83.5,48.4,11.5,68.9,0.0,0.0,1,0,111.7,2.0,0.0,0.0,0.0,0.0,-0.0,-0.0,-0.0,0.0,0.0,0.0,0.0,0.0,0.0,0.0,0.0,0.0,0.0,0.0,0.0,0.0,0.0,0.0,0.0,0.0,0.0,0.0,0.0,0.0,0.0,0.2,8.5,28.0
14:22:17.000,0.0,0.2,0.0,99.8,3787.2,3565.1,83.5,48.4,11.5,68.8,0.0,0.0,1,0,78.8,2.0,0.0,0.0,0.0,0.0,-0.0,-0.0,-0.0,0.0,0.0,0.0,0.0,0.0,0.0,0.0,0.0,0.0,0.0,0.0,0.0,0.0,0.0,0.0,0.0,0.0,0.0,0.0,0.0,0.0,0.0,0.2,8.5,28.0
14:22:18.000,0.0,0.0,0.0,100.0,3787.2,3565.1,83.5,48.4,11.5,68.8,0.0,0.0,1,0,76.8,2.0,0.0,0.0,0.0,0.0,-0.0,-0.0,-0.0,0.0,0.0,0.0,0.0,0.0,0.0,0.0,0.0,0.0,0.0,0.0,0.0,0.0,0.0,0.0,0.0,0.0,0.0,0.0,0.0,0.0,0.0,0.2,8.5,28.0
14:22:19.000,0.0,0.2,0.0,99.8,3787.2,3564.8,83.5,48.4,11.5,68.8,0.0,0.0,1,0,83.8,2.0,0.0,0.0,0.0,0.0,-0.0,-0.0,-0.0,0.0,0.0,0.0,0.0,0.0,0.0,0.0,0.0,0.0,0.0,0.0,0.0,0.0,0.0,0.0,0.0,0.0,0.0,0.0,0.0,0.0,0.0,0.2,8.5,28.0
14:22:20.000,0.2,0.0,0.0,99.8,3787.2,3564.8,83.5,48.4,11.5,68.8,0.0,0.0,1,0,119.5,2.0,0.0,0.0,0.0,0.0,-0.0,-0.0,-0.0,0.0,0.0,0.0,0.0,0.0,0.0,0.0,0.0,1.0,0.0,0.0,0.0,27.9,0.0,27.9,14.0,0.0,14.0,2.0,0.0,2.0,0.0,0.2,8.5,28.0
14:22:21.000,0.0,0.2,0.0,99.8,3787.2,3564.6,83.5,48.4,11.5,69.0,0.0,0.0,1,0,107.7,2.0,0.0,0.0,0.0,0.0,-0.0,-0.0,-0.0,0.0,0.0,0.0,0.0,0.0,0.0,0.0,0.0,0.0,0.0,0.0,0.0,12.0,0.0,12.0,4.0,0.0,4.0,3.0,0.0,3.0,0.0,0.2,8.5,28.0
14:22:22.000,0.0,0.2,0.0,99.8,3787.2,3564.6,83.6,48.4,11.5,68.8,0.0,0.0,1,0,90.8,2.0,0.0,0.0,0.0,0.0,-0.0,-0.0,-0.0,0.0,0.0,0.0,0.0,0.0,0.0,0.0,0.0,0.0,0.0,0.0,0.0,0.0,0.0,0.0,0.0,0.0,0.0,0.0,0.0,0.0,0.0,0.2,8.5,28.0
14:22:23.000,0.0,0.2,0.0,99.8,3787.2,3564.6,83.6,48.4,11.5,68.8,0.0,0.0,1,0,93.8,2.0,0.0,0.0,0.0,0.0,-0.0,-0.0,-0.0,0.0,0.0,0.0,0.0,0.0,0.0,0.0,0.0,0.0,0.0,0.0,0.0,0.0,0.0,0.0,0.0,0.0,0.0,0.0,0.0,0.0,0.0,0.2,8.5,28.0
14:22:24.000,0.2,0.0,0.0,99.8,3787.2,3564.3,83.5,48.4,11.5,68.8,0.0,0.0,1,0,100.8,2.0,0.0,0.0,0.0,0.0,-0.0,-0.0,-0.0,0.0,0.0,0.0,0.0,0.0,0.0,0.0,0.0,0.0,0.0,0.0,0.0,0.0,0.0,0.0,0.0,0.0,0.0,0.0,0.0,0.0,0.0,0.2,8.5,28.0
14:22:25.000,0.0,0.2,0.2,99.5,3787.2,3564.1,83.6,48.4,11.5,68.8,0.0,0.0,1,0,108.6,2.0,0.0,0.0,0.0,0.0,-0.0,-0.0,-0.0,0.0,0.0,0.0,0.0,0.0,0.0,1.0,0.0,1.0,0.0,0.0,0.0,27.9,0.0,27.9,14.0,0.0,14.0,2.0,0.0,2.0,0.0,0.2,8.5,28.0
14:22:26.000,0.0,0.2,0.0,99.8,3787.2,3564.1,83.6,48.4,11.5,68.8,0.0,0.0,1,0,87.8,2.0,0.0,0.0,0.0,0.0,-0.0,-0.0,-0.0,0.0,0.0,0.0,0.0,0.0,0.0,0.0,0.0,0.0,0.0,0.0,0.0,0.0,0.0,0.0,0.0,0.0,0.0,0.0,0.0,0.0,0.0,0.2,8.5,28.0
14:22:27.000,0.0,0.0,0.0,100.0,3787.2,3563.8,83.6,48.4,11.5,68.8,0.0,0.0,1,0,115.7,2.0,0.0,0.0,0.0,0.0,-0.0,-0.0,-0.0,0.0,0.0,0.0,0.0,0.0,0.0,0.0,0.0,0.0,0.0,0.0,0.0,12.0,0.0,12.0,6.0,0.0,6.0,2.0,0.0,2.0,0.0,0.2,8.5,28.0
14:22:28.000,0.2,0.2,0.0,99.5,3787.2,3563.8,83.6,48.4,11.5,68.8,0.0,0.0,1,0,103.7,2.0,0.0,0.0,0.0,0.0,-0.0,-0.0,-0.0,0.0,0.0,0.0,0.0,0.0,0.0,0.0,0.0,0.0,0.0,0.0,0.0,0.0,0.0,0.0,0.0,0.0,0.0,0.0,0.0,0.0,0.0,0.2,8.5,28.0
14:22:29.000,0.0,0.0,0.0,100.0,3787.2,3563.6,83.6,48.4,11.5,68.8,0.0,0.0,1,0,92.8,2.0,0.0,0.0,0.0,0.0,-0.0,-0.0,-0.0,0.0,0.0,0.0,0.0,0.0,0.0,1.0,0.0,0.0,0.0,0.0,0.0,0.0,0.0,0.0,0.0,0.0,0.0,0.0,0.0,0.0,0.0,0.2,8.5,28.0
14:22:30.000,0.2,0.2,0.2,99.3,3787.2,3563.3,83.6,48.4,11.5,68.8,0.0,0.0,1,0,144.4,2.0,0.0,0.0,0.0,0.0,-0.0,-0.0,-0.0,0.0,0.0,0.0,0.0,0.0,0.0,0.0,0.0,1.0,0.0,0.0,0.0,55.8,0.0,55.8,7.0,0.0,7.0,8.0,0.0,8.0,0.0,0.2,8.5,28.0
14:22:31.000,0.0,0.2,0.0,99.8,3787.2,3563.3,83.6,48.4,11.5,68.8,0.0,0.0,1,0,77.8,2.0,0.0,0.0,0.0,0.0,-0.0,-0.0,-0.0,0.0,0.0,0.0,0.0,0.0,0.0,0.0,0.0,0.0,0.0,0.0,0.0,0.0,0.0,0.0,0.0,0.0,0.0,0.0,0.0,0.0,0.0,0.2,8.5,28.0
14:22:32.000,0.0,0.2,0.0,99.8,3787.2,3563.3,83.6,48.4,11.5,68.8,0.0,0.0,1,0,109.7,2.0,0.0,0.0,0.0,0.0,-0.0,-0.0,-0.0,0.0,0.0,0.0,0.0,0.0,0.0,0.0,0.0,0.0,0.0,0.0,0.0,0.0,0.0,0.0,0.0,0.0,0.0,0.0,0.0,0.0,0.0,0.2,8.5,28.0
14:22:33.000,0.0,0.0,0.0,100.0,3787.2,3563.1,83.6,48.4,11.5,68.8,0.0,0.0,1,0,104.8,2.0,0.0,0.0,0.0,0.0,-0.0,-0.0,-0.0,0.0,0.0,0.0,0.0,0.0,0.0,0.0,0.0,0.0,0.0,0.0,0.0,12.0,0.0,12.0,6.0,0.0,6.0,2.0,0.0,2.0,0.0,0.2,8.5,28.0
14:22:34.000,0.2,0.2,0.0,99.5,3787.2,3562.8,83.6,48.4,11.5,68.8,0.0,0.0,1,0,94.8,2.0,0.0,0.0,0.0,0.0,-0.0,-0.0,-0.0,0.0,0.0,0.0,0.0,0.0,0.0,0.0,0.0,0.0,0.0,0.0,0.0,0.0,0.0,0.0,0.0,0.0,0.0,0.0,0.0,0.0,0.0,0.2,8.5,28.0
14:22:35.000,0.0,0.2,0.0,99.8,3787.2,3562.5,83.6,48.5,11.5,68.9,0.0,0.0,1,0,113.6,2.0,0.0,0.0,0.0,0.0,-0.0,-0.0,-0.0,0.0,0.0,0.0,0.0,0.0,0.0,0.0,0.0,0.0,0.0,0.0,0.0,27.9,0.0,27.9,14.0,0.0,14.0,2.0,0.0,2.0,0.0,0.2,8.5,28.0
14:22:36.000,0.0,0.0,0.0,100.0,3787.2,3562.6,83.6,48.5,11.5,68.8,0.0,0.0,1,0,101.8,2.0,0.0,0.0,0.0,0.0,-0.0,-0.0,-0.0,0.0,0.0,0.0,0.0,0.0,0.0,0.0,0.0,0.0,0.0,0.0,0.0,0.0,0.0,0.0,0.0,0.0,0.0,0.0,0.0,0.0,0.0,0.2,8.5,28.0
14:22:37.000,0.0,0.2,0.0,99.8,3787.2,3562.4,83.6,48.5,11.5,68.9,0.0,0.0,1,0,87.8,2.0,0.0,0.0,0.0,0.0,-0.0,-0.0,-0.0,0.0,0.0,0.0,0.0,0.0,0.0,0.0,0.0,0.0,0.0,0.0,0.0,0.0,0.0,0.0,0.0,0.0,0.0,0.0,0.0,0.0,0.0,0.2,8.5,28.0
14:22:38.000,0.2,0.2,0.0,99.5,3787.2,3562.4,83.6,48.5,11.5,68.9,0.0,0.0,1,0,91.8,2.0,0.0,0.0,0.0,0.0,-0.0,-0.0,-0.0,0.0,0.0,0.0,0.0,0.0,0.0,0.0,0.0,0.0,0.0,0.0,0.0,0.0,0.0,0.0,0.0,0.0,0.0,0.0,0.0,0.0,0.0,0.2,8.5,28.0
14:22:39.000,0.0,0.2,0.0,99.8,3787.2,3561.9,83.6,48.5,11.5,68.9,0.0,0.0,1,0,101.8,2.0,0.0,0.0,0.0,0.0,-0.0,-0.0,-0.0,0.0,0.0,0.0,0.0,0.0,0.0,1.0,0.0,1.0,0.0,0.0,0.0,12.0,0.0,12.0,6.0,0.0,6.0,2.0,0.0,2.0,0.0,0.2,8.5,28.0
14:22:40.000,0.0,0.0,0.2,99.8,3787.2,3561.9,83.6,48.5,11.5,68.8,0.0,0.0,1,0,117.7,2.0,0.0,0.0,0.0,0.0,-0.0,-0.0,-0.0,0.0,0.0,0.0,0.0,0.0,0.0,0.0,0.0,0.0,0.0,0.0,0.0,27.9,0.0,27.9,14.0,0.0,14.0,2.0,0.0,2.0,0.0,0.2,8.5,28.0
14:22:41.000,0.0,0.2,0.0,99.8,3787.2,3561.9,83.6,48.5,11.5,68.8,0.0,0.0,1,0,95.8,2.0,0.0,0.0,0.0,0.0,-0.0,-0.0,-0.0,0.0,0.0,0.0,0.0,0.0,0.0,0.0,0.0,0.0,0.0,0.0,0.0,0.0,0.0,0.0,0.0,0.0,0.0,0.0,0.0,0.0,0.0,0.2,8.5,28.0
14:22:42.000,0.0,0.2,0.0,99.8,3787.2,3561.6,83.6,48.5,11.5,68.8,0.0,0.0,1,0,223.5,2.0,0.0,0.0,0.0,0.2,-0.0,-0.0,-0.1,0.0,0.0,3.0,0.0,0.0,1.0,0.0,0.0,0.0,0.0,0.0,0.0,0.0,0.0,0.0,0.0,0.0,0.0,0.0,0.0,0.0,0.0,0.2,8.5,28.0
14:22:43.000,0.0,0.2,0.0,99.8,3787.2,3561.6,83.6,48.5,11.5,68.8,0.0,0.0,1,0,95.8,2.0,0.0,0.0,0.0,0.0,-0.0,-0.0,-0.0,0.0,0.0,0.0,0.0,0.0,0.0,0.0,0.0,0.0,0.0,0.0,0.0,0.0,0.0,0.0,0.0,0.0,0.0,0.0,0.0,0.0,0.0,0.2,8.5,28.0
14:22:44.000,0.2,0.2,0.0,99.5,3787.2,3561.4,83.6,48.5,11.5,68.8,0.0,0.0,1,0,98.8,2.0,0.0,0.0,0.0,0.0,-0.0,-0.0,-0.0,0.0,0.0,0.0,0.0,0.0,0.0,0.0,0.0,0.0,0.0,0.0,0.0,0.0,0.0,0.0,0.0,0.0,0.0,0.0,0.0,0.0,0.0,0.2,8.5,28.0
14:22:45.000,0.0,0.0,0.0,100.0,3787.2,3561.1,83.6,48.5,11.6,68.8,0.0,0.0,1,0,125.5,2.0,0.0,0.0,0.0,0.0,-0.0,-0.0,-0.0,0.0,0.0,0.0,0.0,0.0,0.0,1.0,0.0,1.0,0.0,0.0,0.0,27.9,0.0,27.9,7.0,0.0,7.0,4.0,0.0,4.0,0.0,0.2,8.5,28.0
14:22:46.000,0.0,0.2,0.0,99.8,3787.2,3561.4,83.6,48.5,11.6,68.8,0.0,0.0,1,0,90.8,2.0,0.0,0.0,0.0,0.0,-0.0,-0.0,-0.0,0.0,0.0,0.0,0.0,0.0,0.0,0.0,0.0,0.0,0.0,0.0,0.0,0.0,0.0,0.0,0.0,0.0,0.0,0.0,0.0,0.0,0.0,0.2,8.5,28.0
14:22:47.000,0.0,0.2,0.0,99.8,3787.2,3561.1,83.6,48.5,11.6,68.9,0.0,0.0,1,0,102.8,2.0,0.0,0.0,0.0,0.0,-0.0,-0.0,-0.0,0.0,0.0,0.0,0.0,0.0,0.0,0.0,0.0,0.0,0.0,0.0,0.0,0.0,0.0,0.0,0.0,0.0,0.0,0.0,0.0,0.0,0.0,0.2,8.5,28.0
14:22:48.000,0.0,0.2,0.0,99.8,3787.2,3561.4,83.6,48.5,11.6,68.8,0.0,0.0,1,0,92.8,2.0,0.0,0.0,0.0,0.0,-0.0,-0.0,-0.0,0.0,0.0,0.0,0.0,0.0,0.0,0.0,0.0,0.0,0.0,0.0,0.0,0.0,0.0,0.0,0.0,0.0,0.0,0.0,0.0,0.0,0.0,0.2,8.5,28.0
14:22:49.000,0.2,0.2,0.0,99.5,3787.2,3561.4,83.6,48.5,11.6,68.9,0.0,0.0,1,0,87.8,2.0,0.0,0.0,0.0,0.0,-0.0,-0.0,-0.0,0.0,0.0,0.0,0.0,0.0,0.0,0.0,0.0,0.0,0.0,0.0,0.0,0.0,0.0,0.0,0.0,0.0,0.0,0.0,0.0,0.0,0.0,0.2,8.5,28.0
14:22:50.000,0.0,0.2,0.2,99.5,3787.2,3561.4,83.6,48.5,11.6,68.8,0.0,0.0,1,0,115.5,2.0,0.0,0.0,0.0,0.0,-0.0,-0.0,-0.0,0.0,0.0,0.0,0.0,0.0,0.0,1.0,0.0,1.0,0.0,0.0,0.0,39.8,0.0,39.8,10.0,0.0,10.0,4.0,0.0,4.0,0.0,0.2,8.5,28.0
14:22:51.000,0.0,0.2,0.0,99.8,3787.2,3561.3,83.6,48.5,11.6,68.8,0.0,0.0,1,0,88.8,2.0,0.0,0.0,0.0,0.0,-0.0,-0.0,-0.0,0.0,0.0,0.0,0.0,0.0,0.0,0.0,0.0,0.0,0.0,0.0,0.0,0.0,0.0,0.0,0.0,0.0,0.0,0.0,0.0,0.0,0.0,0.2,8.5,28.0
14:22:52.000,0.0,0.0,0.0,100.0,3787.2,3561.4,83.6,48.5,11.6,68.8,0.0,0.0,1,0,102.8,2.0,0.0,0.0,0.0,0.0,-0.0,-0.0,-0.0,0.0,0.0,0.0,0.0,0.0,0.0,0.0,0.0,0.0,0.0,0.0,0.0,0.0,0.0,0.0,0.0,0.0,0.0,0.0,0.0,0.0,0.0,0.2,8.5,28.0
14:22:53.000,0.2,0.2,0.0,99.5,3787.2,3561.4,83.6,48.5,11.6,69.0,0.0,0.0,1,0,81.8,2.0,0.0,0.0,0.0,0.0,-0.0,-0.0,-0.0,0.0,0.0,0.0,0.0,0.0,0.0,0.0,0.0,0.0,0.0,0.0,0.0,0.0,0.0,0.0,0.0,0.0,0.0,0.0,0.0,0.0,0.0,0.2,8.5,28.0
14:22:54.000,0.2,0.0,0.0,99.8,3787.2,3561.4,83.6,48.5,11.6,68.8,0.0,0.0,1,0,101.7,2.0,0.0,0.0,0.0,0.0,-0.0,-0.0,-0.0,0.0,0.0,0.0,0.0,0.0,0.0,0.0,0.0,0.0,0.0,0.0,0.0,0.0,0.0,0.0,0.0,0.0,0.0,0.0,0.0,0.0,0.0,0.2,8.5,28.0
14:22:55.000,0.0,0.2,0.2,99.5,3787.2,3561.4,83.6,48.5,11.6,68.8,0.0,0.0,1,0,105.6,2.0,0.0,0.0,0.0,0.0,-0.0,-0.0,-0.0,0.0,0.0,0.0,0.0,0.0,0.0,1.0,0.0,0.0,0.0,0.0,0.0,27.9,0.0,27.9,14.0,0.0,14.0,2.0,0.0,2.0,0.0,0.2,8.5,28.0
14:22:56.000,0.0,0.2,0.0,99.8,3787.2,3561.4,83.6,48.5,11.6,68.8,0.0,0.0,1,0,109.7,2.0,0.0,0.0,0.0,0.0,-0.0,-0.0,-0.0,0.0,0.0,0.0,0.0,0.0,0.0,0.0,0.0,1.0,0.0,0.0,0.0,12.0,0.0,12.0,6.0,0.0,6.0,2.0,0.0,2.0,0.0,0.2,8.5,28.0
14:22:57.000,0.0,0.0,0.0,100.0,3787.2,3561.0,83.6,48.5,11.6,68.9,0.0,0.0,1,0,92.8,2.0,0.0,0.0,0.0,0.0,-0.0,-0.0,-0.0,0.0,0.0,0.0,0.0,0.0,0.0,0.0,0.0,0.0,0.0,0.0,0.0,0.0,0.0,0.0,0.0,0.0,0.0,0.0,0.0,0.0,0.0,0.2,8.5,28.0
14:22:58.000,0.0,0.2,0.0,99.8,3787.2,3561.4,83.6,48.5,11.6,68.8,0.0,0.0,1,0,91.8,2.0,0.0,0.0,0.0,0.0,-0.0,-0.0,-0.0,0.0,0.0,0.0,0.0,0.0,0.0,0.0,0.0,0.0,0.0,0.0,0.0,0.0,0.0,0.0,0.0,0.0,0.0,0.0,0.0,0.0,0.0,0.2,8.5,28.0
14:22:59.000,0.0,0.2,0.0,99.8,3787.2,3561.1,83.6,48.5,11.6,68.9,0.0,0.0,1,0,77.8,2.0,0.0,0.0,0.0,0.0,-0.0,-0.0,-0.0,0.0,0.0,0.0,0.0,0.0,0.0,1.0,0.0,1.0,0.0,0.0,0.0,0.0,0.0,0.0,0.0,0.0,0.0,0.0,0.0,0.0,0.0,0.2,8.5,28.0
14:23:00.000,0.0,0.2,0.0,99.8,3787.2,3561.4,83.6,48.5,11.6,68.8,0.0,0.0,1,0,127.4,2.0,0.0,0.0,0.0,0.0,-0.0,-0.0,-0.0,0.0,0.0,0.0,0.0,0.0,0.0,0.0,0.0,0.0,0.0,0.0,0.0,27.9,0.0,27.9,14.0,0.0,14.0,2.0,0.0,2.0,0.0,0.2,8.5,28.0
14:23:01.000,0.2,0.0,0.0,99.8,3787.2,3561.4,83.6,48.5,11.6,68.9,0.0,0.0,1,0,99.8,2.0,0.0,0.0,0.0,0.0,-0.0,-0.0,-0.0,0.0,0.0,0.0,0.0,0.0,0.0,1.0,0.0,0.0,0.0,0.0,0.0,12.0,0.0,12.0,6.0,0.0,6.0,2.0,0.0,2.0,0.0,0.2,8.5,28.0
14:23:02.000,0.0,0.5,0.0,99.5,3787.2,3561.4,83.6,48.5,11.6,68.9,0.0,0.0,1,0,89.8,2.0,0.0,0.0,0.0,0.0,-0.0,-0.0,-0.0,0.0,0.0,0.0,0.0,0.0,0.0,0.0,0.0,0.0,0.0,0.0,0.0,0.0,0.0,0.0,0.0,0.0,0.0,0.0,0.0,0.0,0.0,0.2,8.5,28.0
14:23:03.000,0.0,0.0,0.0,100.0,3787.2,3561.4,83.6,48.5,11.6,68.8,0.0,0.0,1,0,82.8,2.0,0.0,0.0,0.0,0.0,-0.0,-0.0,-0.0,0.0,0.0,0.0,0.0,0.0,0.0,0.0,0.0,0.0,0.0,0.0,0.0,0.0,0.0,0.0,0.0,0.0,0.0,0.0,0.0,0.0,0.0,0.2,8.5,28.0
14:23:04.000,0.0,0.2,0.0,99.8,3787.2,3561.4,83.6,48.5,11.6,68.9,0.0,0.0,1,0,99.7,2.0,0.0,0.0,0.0,0.0,-0.0,-0.0,-0.0,0.0,0.0,0.0,0.0,0.0,0.0,0.0,0.0,0.0,0.0,0.0,0.0,0.0,0.0,0.0,0.0,0.0,0.0,0.0,0.0,0.0,0.0,0.2,8.5,28.0
14:23:05.000,0.0,0.2,0.2,99.5,3787.2,3561.4,83.6,48.5,11.6,68.8,0.0,0.0,1,0,123.3,2.0,0.0,0.0,0.0,0.0,-0.0,-0.0,-0.0,0.0,0.0,0.0,0.0,0.0,0.0,0.0,0.0,1.0,0.0,0.0,0.0,39.8,0.0,39.8,8.0,0.0,8.0,5.0,0.0,5.0,0.0,0.2,8.5,28.0
14:23:06.000,0.2,0.0,0.0,99.8,3787.2,3561.6,83.6,48.5,11.6,68.9,0.0,0.0,1,0,102.7,2.0,0.0,0.0,0.0,0.0,-0.0,-0.0,-0.0,0.0,0.0,0.0,0.0,0.0,0.0,1.0,0.0,1.0,0.0,0.0,0.0,12.0,0.0,12.0,6.0,0.0,6.0,2.0,0.0,2.0,0.0,0.2,8.5,28.0
14:23:07.000,0.0,0.5,0.0,99.5,3787.2,3561.6,83.6,48.5,11.6,68.8,0.0,0.0,1,0,92.8,2.0,0.0,0.0,0.0,0.0,-0.0,-0.0,-0.0,0.0,0.0,0.0,0.0,0.0,0.0,0.0,0.0,0.0,0.0,0.0,0.0,0.0,0.0,0.0,0.0,0.0,0.0,0.0,0.0,0.0,0.0,0.2,8.5,28.0
14:23:08.000,0.0,0.0,0.0,100.0,3787.2,3561.6,83.6,48.5,11.6,69.0,0.0,0.0,1,0,112.7,2.0,0.0,0.0,0.0,0.0,-0.0,-0.0,-0.0,0.0,0.0,0.0,0.0,0.0,0.0,0.0,0.0,0.0,0.0,0.0,0.0,0.0,0.0,0.0,0.0,0.0,0.0,0.0,0.0,0.0,0.0,0.2,8.5,28.0
14:23:09.000,0.0,0.2,0.0,99.8,3787.2,3561.9,83.6,48.5,11.6,68.8,0.0,0.0,1,0,82.8,2.0,0.0,0.0,0.0,0.0,-0.0,-0.0,-0.0,0.0,0.0,0.0,0.0,0.0,0.0,0.0,0.0,0.0,0.0,0.0,0.0,27.9,0.0,27.9,14.0,0.0,14.0,2.0,0.0,2.0,0.0,0.2,8.5,28.0
14:23:10.000,0.0,0.2,0.2,99.5,3787.2,3561.9,83.6,48.5,11.6,68.8,0.0,0.0,1,0,112.3,2.0,0.0,0.0,0.0,0.0,-0.0,-0.0,-0.0,0.0,0.0,0.0,0.0,0.0,0.0,0.0,0.0,0.0,0.0,0.0,0.0,0.0,0.0,0.0,0.0,0.0,0.0,0.0,0.0,0.0,0.0,0.2,8.5,28.0
14:23:11.000,0.2,0.0,0.0,99.8,3787.2,3561.9,83.6,48.5,11.6,68.9,0.0,0.0,1,0,84.8,2.0,0.0,0.0,0.0,0.0,-0.0,-0.0,-0.0,0.0,0.0,0.0,0.0,0.0,0.0,0.0,0.0,0.0,0.0,0.0,0.0,0.0,0.0,0.0,0.0,0.0,0.0,0.0,0.0,0.0,0.0,0.2,8.5,28.0
14:23:12.000,0.0,0.2,0.0,99.8,3787.2,3562.0,83.6,48.5,11.6,68.9,0.0,0.0,1,0,144.7,2.0,0.0,0.0,0.0,0.1,-0.0,-0.0,-0.0,0.0,0.0,1.0,0.0,0.0,0.0,0.0,0.0,0.0,0.0,0.0,0.0,12.0,0.0,12.0,6.0,0.0,6.0,2.0,0.0,2.0,0.0,0.2,8.5,28.0
14:23:13.000,0.0,0.2,0.0,99.8,3787.2,3562.1,83.6,48.5,11.6,68.9,0.0,0.0,1,0,85.8,2.0,0.0,0.0,0.0,0.0,-0.0,-0.0,-0.0,0.0,0.0,0.0,0.0,0.0,0.0,0.0,0.0,0.0,0.0,0.0,0.0,0.0,0.0,0.0,0.0,0.0,0.0,0.0,0.0,0.0,0.0,0.2,8.5,28.0
14:23:14.000,0.0,0.2,0.0,99.8,3787.2,3562.1,83.6,48.5,11.6,68.9,0.0,0.0,1,0,95.8,2.0,0.0,0.0,0.0,0.0,-0.0,-0.0,-0.0,0.0,0.0,0.0,0.0,0.0,0.0,0.0,0.0,0.0,0.0,0.0,0.0,0.0,0.0,0.0,0.0,0.0,0.0,0.0,0.0,0.0,0.0,0.2,8.5,28.0
14:23:15.000,0.0,0.0,0.2,99.8,3787.2,3562.1,83.6,48.5,11.6,68.9,0.0,0.0,1,0,109.6,2.0,0.0,0.0,0.0,0.0,-0.0,-0.0,-0.0,0.0,0.0,0.0,0.0,0.0,0.0,1.0,0.0,1.0,0.0,0.0,0.0,27.9,0.0,27.9,14.0,0.0,14.0,2.0,0.0,2.0,0.0,0.2,8.5,28.0
14:23:16.000,0.0,0.2,0.0,99.8,3787.2,3562.2,83.6,48.5,11.6,68.9,0.0,0.0,1,0,113.7,2.0,0.0,0.0,0.0,0.0,-0.0,-0.0,-0.0,0.0,0.0,0.0,0.0,0.0,0.0,0.0,0.0,0.0,0.0,0.0,0.0,0.0,0.0,0.0,0.0,0.0,0.0,0.0,0.0,0.0,0.0,0.2,8.5,28.0
14:23:17.000,0.2,0.2,0.0,99.5,3787.2,3562.4,83.6,48.5,11.6,68.8,0.0,0.0,1,0,97.8,2.0,0.0,0.0,0.0,0.0,-0.0,-0.0,-0.0,0.0,0.0,0.0,0.0,0.0,0.0,0.0,0.0,0.0,0.0,0.0,0.0,12.0,0.0,12.0,6.0,0.0,6.0,2.0,0.0,2.0,0.0,0.2,8.5,28.0
14:23:18.000,0.0,0.2,0.0,99.8,3787.2,3562.6,83.6,48.5,11.6,68.9,0.0,0.0,1,0,95.8,2.0,0.0,0.0,0.0,0.0,-0.0,-0.0,-0.0,0.0,0.0,0.0,0.0,0.0,0.0,0.0,0.0,0.0,0.0,0.0,0.0,0.0,0.0,0.0,0.0,0.0,0.0,0.0,0.0,0.0,0.0,0.2,8.5,28.0
14:23:19.000,0.0,0.2,0.0,99.8,3787.2,3562.6,83.6,48.5,11.6,68.9,0.0,0.0,1,0,81.8,2.0,0.0,0.0,0.0,0.0,-0.0,-0.0,-0.0,0.0,0.0,0.0,0.0,0.0,0.0,1.0,0.0,1.0,0.0,0.0,0.0,0.0,0.0,0.0,0.0,0.0,0.0,0.0,0.0,0.0,0.0,0.2,8.5,28.0
14:23:20.000,0.0,0.2,0.0,99.8,3787.2,3562.7,83.6,48.5,11.6,69.0,0.0,0.0,1,0,122.5,2.0,0.0,0.0,0.0,0.0,-0.0,-0.0,-0.0,0.0,0.0,0.0,0.0,0.0,0.0,0.0,0.0,0.0,0.0,0.0,0.0,27.9,0.0,27.9,14.0,0.0,14.0,2.0,0.0,2.0,0.0,0.2,8.5,28.0
14:23:21.000,0.0,0.2,0.0,99.8,3787.2,3562.8,83.6,48.5,11.6,68.9,0.0,0.0,1,0,85.8,2.0,0.0,0.0,0.0,0.0,-0.0,-0.0,-0.0,0.0,0.0,0.0,0.0,0.0,0.0,0.0,0.0,0.0,0.0,0.0,0.0,0.0,0.0,0.0,0.0,0.0,0.0,0.0,0.0,0.0,0.0,0.2,8.5,28.0
14:23:22.000,0.0,0.0,0.0,100.0,3787.2,3563.1,83.6,48.5,11.6,68.8,0.0,0.0,1,0,107.7,2.0,0.0,0.0,0.0,0.0,-0.0,-0.0,-0.0,0.0,0.0,0.0,0.0,0.0,0.0,0.0,0.0,0.0,0.0,0.0,0.0,12.0,0.0,12.0,6.0,0.0,6.0,2.0,0.0,2.0,0.0,0.2,8.5,28.0
14:23:23.000,0.2,0.2,0.0,99.5,3787.2,3563.3,83.6,48.5,11.6,68.9,0.0,0.0,1,0,82.8,2.0,0.0,0.0,0.0,0.0,-0.0,-0.0,-0.0,0.0,0.0,0.0,0.0,0.0,0.0,0.0,0.0,0.0,0.0,0.0,0.0,0.0,0.0,0.0,0.0,0.0,0.0,0.0,0.0,0.0,0.0,0.2,8.5,28.0
14:23:24.000,0.0,0.2,0.0,99.8,3787.2,3563.3,83.6,48.5,11.6,68.9,0.0,0.0,1,0,105.7,2.0,0.0,0.0,0.0,0.0,-0.0,-0.0,-0.0,0.0,0.0,0.0,0.0,0.0,0.0,0.0,0.0,0.0,0.0,0.0,0.0,0.0,0.0,0.0,0.0,0.0,0.0,0.0,0.0,0.0,0.0,0.2,8.5,28.0
14:23:25.000,0.0,0.2,0.2,99.5,3787.2,3563.6,83.6,48.5,11.6,68.7,0.0,0.0,1,0,96.8,2.0,0.0,0.0,0.0,0.0,-0.0,-0.0,-0.0,0.0,0.0,0.0,0.0,0.0,0.0,1.0,0.0,0.0,0.0,0.0,0.0,31.9,0.0,31.9,16.0,0.0,16.0,2.0,0.0,2.0,0.0,0.2,8.5,28.0
14:23:26.000,0.2,0.0,0.0,99.8,3787.2,3563.3,83.6,48.5,11.6,68.8,0.0,0.0,1,0,95.8,2.0,0.0,0.0,0.0,0.0,-0.0,-0.0,-0.0,0.0,0.0,0.0,0.0,0.0,0.0,0.0,0.0,0.0,0.0,0.0,0.0,0.0,0.0,0.0,0.0,0.0,0.0,0.0,0.0,0.0,0.0,0.2,8.5,28.0
14:23:27.000,0.0,0.2,0.0,99.8,3787.2,3563.6,83.6,48.5,11.6,68.9,0.0,0.0,1,0,85.8,2.0,0.0,0.0,0.0,0.0,-0.0,-0.0,-0.0,0.0,0.0,0.0,0.0,0.0,0.0,0.0,0.0,0.0,0.0,0.0,0.0,0.0,0.0,0.0,0.0,0.0,0.0,0.0,0.0,0.0,0.0,0.2,8.5,28.0
14:23:28.000,0.0,0.2,0.0,99.8,3787.2,3563.6,83.6,48.5,11.6,68.9,0.0,0.0,1,0,124.7,2.0,0.0,0.0,0.0,0.0,-0.0,-0.0,-0.0,0.0,0.0,0.0,0.0,0.0,0.0,0.0,0.0,0.0,0.0,0.0,0.0,12.0,0.0,12.0,6.0,0.0,6.0,2.0,0.0,2.0,0.0,0.2,8.5,28.0
14:23:29.000,0.0,0.5,0.0,99.5,3787.2,3563.8,83.6,48.5,11.6,68.9,0.0,0.0,1,0,80.8,2.0,0.0,0.0,0.0,0.0,-0.0,-0.0,-0.0,0.0,0.0,0.0,0.0,0.0,0.0,0.0,0.0,0.0,0.0,0.0,0.0,0.0,0.0,0.0,0.0,0.0,0.0,0.0,0.0,0.0,0.0,0.2,8.5,28.0
14:23:30.000,0.0,0.0,0.0,100.0,3787.2,3563.6,83.6,48.5,11.6,68.8,0.0,0.0,1,0,113.7,2.0,0.0,0.0,0.0,0.0,-0.0,-0.0,-0.0,0.0,0.0,0.0,0.0,0.0,0.0,0.0,0.0,1.0,0.0,0.0,0.0,27.9,0.0,27.9,14.0,0.0,14.0,2.0,0.0,2.0,0.0,0.2,8.5,28.0
14:23:31.000,0.0,0.2,0.0,99.8,3787.2,3563.6,83.6,48.5,11.6,68.9,0.0,0.0,1,0,88.8,2.0,0.0,0.0,0.0,0.0,-0.0,-0.0,-0.0,0.0,0.0,0.0,0.0,0.0,0.0,0.0,0.0,0.0,0.0,0.0,0.0,0.0,0.0,0.0,0.0,0.0,0.0,0.0,0.0,0.0,0.0,0.2,8.5,28.0
14:23:32.000,0.5,0.2,0.0,99.3,3787.2,3563.6,83.6,48.5,11.6,68.8,0.0,0.0,1,0,116.7,2.0,0.0,0.0,0.0,0.0,-0.0,-0.0,-0.0,0.0,0.0,0.0,0.0,0.0,0.0,0.0,0.0,0.0,0.0,0.0,0.0,0.0,0.0,0.0,0.0,0.0,0.0,0.0,0.0,0.0,0.0,0.2,8.5,28.0
14:23:33.000,0.0,0.0,0.0,100.0,3787.2,3563.6,83.6,48.5,11.6,68.9,0.0,0.0,1,0,105.7,2.0,0.0,0.0,0.0,0.0,-0.0,-0.0,-0.0,0.0,0.0,0.0,0.0,0.0,0.0,0.0,0.0,0.0,0.0,0.0,0.0,12.0,0.0,12.0,6.0,0.0,6.0,2.0,0.0,2.0,0.0,0.2,8.5,28.0
14:23:34.000,0.0,0.2,0.0,99.8,3787.2,3563.6,83.6,48.5,11.6,68.9,0.0,0.0,1,0,88.8,2.0,0.0,0.0,0.0,0.0,-0.0,-0.0,-0.0,0.0,0.0,0.0,0.0,0.0,0.0,0.0,0.0,0.0,0.0,0.0,0.0,0.0,0.0,0.0,0.0,0.0,0.0,0.0,0.0,0.0,0.0,0.2,8.5,28.0
14:23:35.000,0.0,0.2,0.2,99.5,3787.2,3563.6,83.6,48.6,11.6,68.9,0.0,0.0,1,0,110.7,2.0,0.0,0.0,0.0,0.0,-0.0,-0.0,-0.0,0.0,0.0,0.0,0.0,0.0,0.0,1.0,0.0,1.0,0.0,0.0,0.0,27.9,0.0,27.9,14.0,0.0,14.0,2.0,0.0,2.0,0.0,0.2,8.5,28.0
14:23:36.000,0.0,0.0,0.0,100.0,3787.2,3563.6,83.6,48.6,11.6,68.9,0.0,0.0,1,0,96.8,2.0,0.0,0.0,0.0,0.0,-0.0,-0.0,-0.0,0.0,0.0,0.0,0.0,0.0,0.0,0.0,0.0,0.0,0.0,0.0,0.0,0.0,0.0,0.0,0.0,0.0,0.0,0.0,0.0,0.0,0.0,0.2,8.5,28.0
14:23:37.000,0.2,0.2,0.0,99.5,3787.2,3563.6,83.6,48.6,11.6,68.9,0.0,0.0,1,0,82.8,2.0,0.0,0.0,0.0,0.0,-0.0,-0.0,-0.0,0.0,0.0,0.0,0.0,0.0,0.0,0.0,0.0,0.0,0.0,0.0,0.0,0.0,0.0,0.0,0.0,0.0,0.0,0.0,0.0,0.0,0.0,0.2,8.5,28.0
14:23:38.000,0.0,0.2,0.0,99.8,3787.2,3563.1,83.6,48.6,11.6,68.9,0.0,0.0,1,0,90.8,2.0,0.0,0.0,0.0,0.0,-0.0,-0.0,-0.0,0.0,0.0,0.0,0.0,0.0,0.0,0.0,0.0,0.0,0.0,0.0,0.0,0.0,0.0,0.0,0.0,0.0,0.0,0.0,0.0,0.0,0.0,0.2,8.5,28.0
14:23:39.000,0.0,0.0,0.0,100.0,3787.2,3563.1,83.6,48.6,11.6,68.9,0.0,0.0,1,0,123.7,2.0,0.0,0.0,0.0,0.0,-0.0,-0.0,-0.0,0.0,0.0,0.0,0.0,0.0,0.0,1.0,0.0,0.0,0.0,0.0,0.0,39.9,0.0,39.9,10.0,0.0,10.0,4.0,0.0,4.0,0.0,0.2,8.5,28.0
14:23:40.000,0.0,0.5,0.2,99.3,3787.2,3563.1,83.6,48.6,11.6,68.9,0.0,0.0,1,0,144.1,2.0,0.0,0.0,0.0,0.0,-0.0,-0.0,-0.0,0.0,0.0,0.0,0.0,0.0,0.0,0.0,0.0,1.0,0.0,0.0,0.0,15.9,0.0,15.9,4.0,0.0,4.0,4.0,0.0,4.0,0.0,0.2,8.5,28.0
14:23:41.000,0.0,0.2,0.0,99.8,3787.2,3562.8,83.6,48.6,11.6,68.9,0.0,0.0,1,0,78.8,2.0,0.0,0.0,0.0,0.0,-0.0,-0.0,-0.0,0.0,0.0,0.0,0.0,0.0,0.0,0.0,0.0,0.0,0.0,0.0,0.0,0.0,0.0,0.0,0.0,0.0,0.0,0.0,0.0,0.0,0.0,0.2,8.5,28.0
14:23:42.000,0.0,0.2,0.0,99.8,3787.2,3562.6,83.6,48.6,11.6,68.8,0.0,0.0,1,0,132.7,2.0,0.0,0.0,0.0,0.1,-0.0,-0.0,-0.0,0.0,0.0,1.0,0.0,0.0,0.0,0.0,0.0,0.0,0.0,0.0,0.0,0.0,0.0,0.0,0.0,0.0,0.0,0.0,0.0,0.0,0.0,0.2,8.5,28.0
14:23:43.000,0.0,0.0,0.0,100.0,3787.2,3562.4,83.6,48.6,11.6,68.9,0.0,0.0,1,0,90.8,2.0,0.0,0.0,0.0,0.0,-0.0,-0.0,-0.0,0.0,0.0,0.0,0.0,0.0,0.0,0.0,0.0,0.0,0.0,0.0,0.0,0.0,0.0,0.0,0.0,0.0,0.0,0.0,0.0,0.0,0.0,0.2,8.5,28.0
14:23:44.000,0.0,0.5,0.0,99.5,3787.2,3562.5,83.6,48.6,11.6,68.9,0.0,0.0,1,0,102.7,2.0,0.0,0.0,0.0,0.0,-0.0,-0.0,-0.0,0.0,0.0,0.0,0.0,0.0,0.0,0.0,0.0,0.0,0.0,0.0,0.0,8.0,0.0,8.0,4.0,0.0,4.0,2.0,0.0,2.0,0.0,0.2,8.5,28.0
14:23:45.000,0.0,0.0,0.0,100.0,3787.2,3562.6,83.6,48.6,11.6,68.9,0.0,0.0,1,0,102.7,2.0,0.0,0.0,0.0,0.0,-0.0,-0.0,-0.0,0.0,0.0,0.0,0.0,0.0,0.0,0.0,0.0,0.0,0.0,0.0,0.0,16.0,0.0,16.0,8.0,0.0,8.0,2.0,0.0,2.0,0.0,0.2,8.5,28.0
14:23:46.000,0.0,0.2,0.0,99.8,3787.2,3562.6,83.6,48.6,11.6,68.9,0.0,0.0,1,0,99.8,2.0,0.0,0.0,0.0,0.0,-0.0,-0.0,-0.0,0.0,0.0,0.0,0.0,0.0,0.0,0.0,0.0,0.0,0.0,0.0,0.0,0.0,0.0,0.0,0.0,0.0,0.0,0.0,0.0,0.0,0.0,0.2,8.5,28.0
14:23:47.000,0.0,0.2,0.0,99.8,3787.2,3562.4,83.6,48.6,11.6,68.9,0.0,0.0,1,0,99.8,2.0,0.0,0.0,0.0,0.0,-0.0,-0.0,-0.0,0.0,0.0,0.0,0.0,0.0,0.0,0.0,0.0,0.0,0.0,0.0,0.0,0.0,0.0,0.0,0.0,0.0,0.0,0.0,0.0,0.0,0.0,0.2,8.5,28.0
14:23:48.000,0.2,0.0,0.0,99.8,3787.2,3562.4,83.6,48.6,11.6,68.9,0.0,0.0,1,0,106.7,2.0,0.0,0.0,0.0,0.0,-0.0,-0.0,-0.0,0.0,0.0,0.0,0.0,0.0,0.0,0.0,0.0,0.0,0.0,0.0,0.0,0.0,0.0,0.0,0.0,0.0,0.0,0.0,0.0,0.0,0.0,0.2,8.5,28.0
14:23:49.000,0.0,0.2,0.0,99.8,3787.2,3562.6,83.6,48.6,11.7,68.9,0.0,0.0,1,0,94.8,2.0,0.0,0.0,0.0,0.0,-0.0,-0.0,-0.0,0.0,0.0,0.0,0.0,0.0,0.0,1.0,0.0,1.0,0.0,0.0,0.0,16.0,0.0,16.0,8.0,0.0,8.0,2.0,0.0,2.0,0.0,0.2,8.5,28.0
14:23:50.000,0.0,0.2,0.2,99.5,3787.2,3562.6,83.6,48.6,11.7,68.8,0.0,0.0,1,0,135.2,2.0,0.0,0.0,0.0,0.0,-0.0,-0.0,-0.0,0.0,0.0,0.0,0.0,0.0,0.0,0.0,0.0,0.0,0.0,0.0,0.0,11.9,0.0,11.9,6.0,0.0,6.0,2.0,0.0,2.0,0.0,0.2,8.5,28.0
14:23:51.000,0.0,0.0,0.0,100.0,3787.2,3562.6,83.6,48.6,11.7,68.9,0.0,0.0,1,0,102.7,2.0,0.0,0.0,0.0,0.0,-0.0,-0.0,-0.0,0.0,0.0,0.0,0.0,0.0,0.0,0.0,0.0,0.0,0.0,0.0,0.0,0.0,0.0,0.0,0.0,0.0,0.0,0.0,0.0,0.0,0.0,0.2,8.5,28.0
14:23:52.000,0.0,0.2,0.0,99.8,3787.2,3562.4,83.6,48.6,11.7,68.9,0.0,0.0,1,0,89.8,2.0,0.0,0.0,0.0,0.0,-0.0,-0.0,-0.0,0.0,0.0,0.0,0.0,0.0,0.0,0.0,0.0,0.0,0.0,0.0,0.0,0.0,0.0,0.0,0.0,0.0,0.0,0.0,0.0,0.0,0.0,0.2,8.5,28.0
14:23:53.000,0.0,0.2,0.0,99.8,3787.2,3562.4,83.6,48.6,11.7,68.9,0.0,0.0,1,0,88.8,2.0,0.0,0.0,0.0,0.0,-0.0,-0.0,-0.0,0.0,0.0,0.0,0.0,0.0,0.0,0.0,0.0,0.0,0.0,0.0,0.0,0.0,0.0,0.0,0.0,0.0,0.0,0.0,0.0,0.0,0.0,0.2,8.5,28.0
14:23:54.000,0.2,0.0,0.2,99.5,3787.2,3562.6,83.6,48.6,11.7,68.9,0.0,0.0,1,0,131.7,2.0,0.0,0.0,0.0,0.0,-0.0,-0.0,-0.0,0.0,0.0,0.0,0.0,0.0,0.0,2.0,0.0,2.0,0.0,0.0,0.0,35.9,0.0,35.9,12.0,0.0,12.0,3.0,0.0,3.0,0.0,0.2,8.5,28.0
14:23:55.000,0.2,0.2,0.0,99.5,3787.2,3562.4,83.6,48.6,11.7,68.9,0.0,0.0,1,0,93.8,2.0,0.0,0.0,0.0,0.0,-0.0,-0.0,-0.0,0.0,0.0,0.0,0.0,0.0,0.0,1.0,0.0,0.0,0.0,0.0,0.0,12.0,0.0,12.0,6.0,0.0,6.0,2.0,0.0,2.0,0.0,0.2,8.5,28.0
14:23:56.000,0.0,0.2,0.0,99.8,3787.2,3562.4,83.6,48.6,11.7,68.9,0.0,0.0,1,0,88.8,2.0,0.0,0.0,0.0,0.0,-0.0,-0.0,-0.0,0.0,0.0,0.0,0.0,0.0,0.0,0.0,0.0,0.0,0.0,0.0,0.0,0.0,0.0,0.0,0.0,0.0,0.0,0.0,0.0,0.0,0.0,0.2,8.5,28.0
14:23:57.000,0.0,0.2,0.0,99.8,3787.2,3562.4,83.6,48.6,11.7,68.9,0.0,0.0,1,0,91.8,2.0,0.0,0.0,0.0,0.0,-0.0,-0.0,-0.0,0.0,0.0,0.0,0.0,0.0,0.0,0.0,0.0,0.0,0.0,0.0,0.0,0.0,0.0,0.0,0.0,0.0,0.0,0.0,0.0,0.0,0.0,0.2,8.5,28.0
14:23:58.000,0.0,0.2,0.0,99.8,3787.2,3562.5,83.6,48.6,11.7,68.9,0.0,0.0,1,0,91.8,2.0,0.0,0.0,0.0,0.0,-0.0,-0.0,-0.0,0.0,0.0,0.0,0.0,0.0,0.0,0.0,0.0,0.0,0.0,0.0,0.0,0.0,0.0,0.0,0.0,0.0,0.0,0.0,0.0,0.0,0.0,0.2,8.5,28.0
14:23:59.000,0.0,0.5,0.2,99.3,3787.2,3562.3,83.6,48.6,11.7,69.0,0.0,0.0,1,0,200.5,3.0,0.0,0.0,0.0,0.0,-0.0,-0.0,-0.0,0.0,0.0,0.0,0.0,0.0,0.0,1.0,0.0,2.0,0.0,0.0,0.0,107.7,0.0,107.7,8.3,0.0,8.3,13.0,0.0,13.0,0.0,0.2,8.5,28.0
14:24:00.000,0.0,0.5,0.0,99.5,3787.2,3562.4,83.6,48.6,11.7,68.9,0.0,0.0,1,0,99.8,2.0,0.0,0.0,0.0,0.0,-0.0,-0.0,-0.0,0.0,0.0,0.0,0.0,0.0,0.0,0.0,0.0,0.0,0.0,0.0,0.0,0.0,0.0,0.0,0.0,0.0,0.0,0.0,0.0,0.0,0.0,0.2,8.5,28.0
14:24:01.000,0.0,0.2,0.0,99.8,3787.2,3562.6,83.6,48.6,11.7,68.9,0.0,0.0,1,0,108.7,2.0,0.0,0.0,0.0,0.0,-0.0,-0.0,-0.0,0.0,0.0,0.0,0.0,0.0,0.0,1.0,0.0,0.0,0.0,0.0,0.0,12.0,0.0,12.0,6.0,0.0,6.0,2.0,0.0,2.0,0.0,0.2,8.5,28.0
14:24:02.000,0.0,0.0,0.0,100.0,3787.2,3562.4,83.6,48.6,11.7,68.8,0.0,0.0,1,0,91.8,2.0,0.0,0.0,0.0,0.0,-0.0,-0.0,-0.0,0.0,0.0,0.0,0.0,0.0,0.0,0.0,0.0,0.0,0.0,0.0,0.0,0.0,0.0,0.0,0.0,0.0,0.0,0.0,0.0,0.0,0.0,0.2,8.5,28.0
14:24:03.000,0.0,0.2,0.0,99.8,3787.2,3562.4,83.6,48.6,11.7,69.0,0.0,0.0,1,0,96.8,2.0,0.0,0.0,0.0,0.0,-0.0,-0.0,-0.0,0.0,0.0,0.0,0.0,0.0,0.0,0.0,0.0,0.0,0.0,0.0,0.0,0.0,0.0,0.0,0.0,0.0,0.0,0.0,0.0,0.0,0.0,0.2,8.5,28.0
14:24:04.000,0.2,0.2,0.2,99.3,3787.2,3562.4,83.6,48.6,11.7,68.7,0.0,0.0,1,0,177.6,2.0,0.0,0.0,0.0,0.0,-0.0,-0.0,-0.0,0.0,0.0,0.0,0.0,0.0,0.0,1.0,0.0,2.0,0.0,0.0,0.0,99.8,0.0,99.8,9.1,0.0,9.1,11.0,0.0,11.0,0.0,0.2,8.5,28.0
14:24:05.000,0.0,0.2,0.0,99.8,3787.2,3562.4,83.6,48.6,11.7,68.9,0.0,0.0,1,0,92.8,2.0,0.0,0.0,0.0,0.0,-0.0,-0.0,-0.0,0.0,0.0,0.0,0.0,0.0,0.0,0.0,0.0,0.0,0.0,0.0,0.0,0.0,0.0,0.0,0.0,0.0,0.0,0.0,0.0,0.0,0.0,0.2,8.5,28.0
14:24:06.000,0.0,0.2,0.0,99.8,3787.2,3562.4,83.6,48.6,11.7,68.9,0.0,0.0,1,0,114.7,2.0,0.0,0.0,0.0,0.0,-0.0,-0.0,-0.0,0.0,0.0,0.0,0.0,0.0,0.0,1.0,0.0,0.0,0.0,0.0,0.0,12.0,0.0,12.0,6.0,0.0,6.0,2.0,0.0,2.0,0.0,0.2,8.5,28.0
14:24:07.000,0.0,0.2,0.0,99.8,3787.2,3562.4,83.6,48.6,11.7,68.9,0.0,0.0,1,0,90.8,2.0,0.0,0.0,0.0,0.0,-0.0,-0.0,-0.0,0.0,0.0,0.0,0.0,0.0,0.0,0.0,0.0,0.0,0.0,0.0,0.0,0.0,0.0,0.0,0.0,0.0,0.0,0.0,0.0,0.0,0.0,0.2,8.5,28.0
14:24:08.000,0.2,0.0,0.0,99.8,3787.2,3562.4,83.6,48.6,11.7,68.9,0.0,0.0,1,0,100.8,2.0,0.0,0.0,0.0,0.0,-0.0,-0.0,-0.0,0.0,0.0,0.0,0.0,0.0,0.0,0.0,0.0,0.0,0.0,0.0,0.0,0.0,0.0,0.0,0.0,0.0,0.0,0.0,0.0,0.0,0.0,0.2,8.5,28.0
14:24:09.000,0.0,0.2,0.0,99.8,3787.2,3562.6,83.6,48.6,11.7,68.9,0.0,0.0,1,0,96.8,2.0,0.0,0.0,0.0,0.0,-0.0,-0.0,-0.0,0.0,0.0,0.0,0.0,0.0,0.0,0.0,0.0,1.0,0.0,0.0,0.0,0.0,0.0,0.0,0.0,0.0,0.0,0.0,0.0,0.0,0.0,0.2,8.5,28.0
14:24:10.000,0.0,0.2,0.2,99.5,3787.2,3562.1,83.6,48.6,11.7,68.9,0.0,0.0,1,0,114.3,2.0,0.0,0.0,0.0,0.0,-0.0,-0.0,-0.0,0.0,0.0,0.0,0.0,0.0,0.0,0.0,0.0,0.0,0.0,0.0,0.0,35.8,0.0,35.8,18.0,0.0,18.0,2.0,0.0,2.0,0.0,0.2,8.5,28.0
14:24:11.000,0.0,0.2,0.0,99.8,3787.2,3562.4,83.6,48.6,11.7,68.9,0.0,0.0,1,0,236.4,2.0,0.0,0.0,0.0,0.1,-0.0,-0.0,-0.1,0.0,0.0,1.0,0.0,0.0,1.0,2.0,0.0,2.0,0.0,0.0,0.0,67.8,0.0,67.8,7.6,0.0,7.6,9.0,0.0,9.0,0.0,0.2,8.5,28.0
14:24:12.000,0.0,0.2,0.0,99.8,3787.2,3562.1,83.6,48.6,11.7,68.9,0.0,0.0,1,0,142.6,2.0,0.0,0.0,0.0,0.1,-0.0,-0.0,-0.0,0.0,0.0,1.0,0.0,0.0,0.0,0.0,0.0,0.0,0.0,0.0,0.0,12.0,0.0,12.0,6.0,0.0,6.0,2.0,0.0,2.0,0.0,0.2,8.5,28.0
14:24:13.000,0.0,0.2,0.0,99.8,3787.2,3562.4,83.6,48.6,11.7,68.9,0.0,0.0,1,0,89.8,2.0,0.0,0.0,0.0,0.0,-0.0,-0.0,-0.0,0.0,0.0,0.0,0.0,0.0,0.0,0.0,0.0,0.0,0.0,0.0,0.0,0.0,0.0,0.0,0.0,0.0,0.0,0.0,0.0,0.0,0.0,0.2,8.5,28.0
14:24:14.000,0.5,0.0,0.0,99.5,3787.2,3562.4,83.6,48.6,11.7,68.9,0.0,0.0,1,0,105.7,2.0,0.0,0.0,0.0,0.0,-0.0,-0.0,-0.0,0.0,0.0,0.0,0.0,0.0,0.0,0.0,0.0,0.0,0.0,0.0,0.0,0.0,0.0,0.0,0.0,0.0,0.0,0.0,0.0,0.0,0.0,0.2,8.5,28.0
14:24:15.000,0.0,0.2,0.2,99.5,3787.2,3562.1,83.6,48.6,11.7,68.9,0.0,0.0,1,0,147.3,2.0,0.0,0.0,0.0,0.0,-0.0,-0.0,-0.0,0.0,0.0,0.0,0.0,0.0,0.0,1.0,0.0,1.0,0.0,0.0,0.0,63.7,0.0,63.7,8.0,0.0,8.0,8.0,0.0,8.0,0.0,0.2,8.5,28.0
14:24:16.000,0.0,0.5,0.0,99.5,3787.2,3562.1,83.6,48.6,11.7,68.9,0.0,0.0,1,0,152.6,2.0,0.0,0.0,0.0,0.0,-0.0,-0.0,-0.0,0.0,0.0,1.0,0.0,0.0,1.0,0.0,0.0,0.0,0.0,0.0,0.0,0.0,0.0,0.0,0.0,0.0,0.0,0.0,0.0,0.0,0.0,0.2,8.5,28.0
14:24:17.000,0.0,0.0,0.0,100.0,3787.2,3562.1,83.6,48.6,11.7,68.9,0.0,0.0,1,0,103.8,2.0,0.0,0.0,0.0,0.0,-0.0,-0.0,-0.0,0.0,0.0,0.0,0.0,0.0,0.0,0.0,0.0,0.0,0.0,0.0,0.0,12.0,0.0,12.0,6.0,0.0,6.0,2.0,0.0,2.0,0.0,0.2,8.5,28.0
14:24:18.000,0.0,0.2,0.0,99.8,3787.2,3562.6,83.6,48.6,11.7,68.9,0.0,0.0,1,0,96.8,2.0,0.0,0.0,0.0,0.0,-0.0,-0.0,-0.0,0.0,0.0,0.0,0.0,0.0,0.0,0.0,0.0,0.0,0.0,0.0,0.0,0.0,0.0,0.0,0.0,0.0,0.0,0.0,0.0,0.0,0.0,0.2,8.5,28.0
14:24:19.000,0.2,0.2,0.0,99.5,3787.2,3562.1,83.6,48.6,11.7,68.9,0.0,0.0,1,0,156.6,2.0,0.0,0.0,0.0,0.0,-0.0,-0.0,-0.0,0.0,0.0,0.0,0.0,0.0,0.0,1.0,0.0,1.0,0.0,0.0,0.0,59.8,0.0,59.8,6.7,0.0,6.7,9.0,0.0,9.0,0.0,0.2,8.5,28.0
14:24:20.000,0.0,0.0,0.2,99.8,3787.2,3562.6,83.6,48.6,11.7,68.9,0.0,0.0,1,0,121.5,2.0,0.0,0.0,0.0,0.0,-0.0,-0.0,-0.0,0.0,0.0,0.0,0.0,0.0,0.0,1.0,0.0,1.0,0.0,0.0,0.0,27.9,0.0,27.9,14.0,0.0,14.0,2.0,0.0,2.0,0.0,0.2,8.5,28.0
14:24:21.000,0.0,0.2,0.0,99.8,3787.2,3562.1,83.6,48.6,11.7,68.9,0.0,0.0,1,0,84.8,2.0,0.0,0.0,0.0,0.0,-0.0,-0.0,-0.0,0.0,0.0,0.0,0.0,0.0,0.0,0.0,0.0,0.0,0.0,0.0,0.0,0.0,0.0,0.0,0.0,0.0,0.0,0.0,0.0,0.0,0.0,0.2,8.5,28.0
14:24:22.000,0.0,0.2,0.0,99.8,3787.2,3562.4,83.6,48.6,11.7,68.9,0.0,0.0,1,0,96.8,2.0,0.0,0.0,0.0,0.0,-0.0,-0.0,-0.0,0.0,0.0,0.0,0.0,0.0,0.0,0.0,0.0,0.0,0.0,0.0,0.0,0.0,0.0,0.0,0.0,0.0,0.0,0.0,0.0,0.0,0.0,0.2,8.5,28.0
14:24:23.000,0.2,0.0,0.0,99.8,3787.2,3562.1,83.6,48.6,11.7,68.9,0.0,0.0,1,0,106.7,2.0,0.0,0.0,0.0,0.0,-0.0,-0.0,-0.0,0.0,0.0,0.0,0.0,0.0,0.0,0.0,0.0,0.0,0.0,0.0,0.0,12.0,0.0,12.0,6.0,0.0,6.0,2.0,0.0,2.0,0.0,0.2,8.5,28.0
14:24:24.000,0.0,0.2,0.0,99.8,3787.2,3562.4,83.6,48.6,11.7,68.9,0.0,0.0,1,0,88.8,2.0,0.0,0.0,0.0,0.0,-0.0,-0.0,-0.0,0.0,0.0,0.0,0.0,0.0,0.0,1.0,0.0,0.0,0.0,0.0,0.0,0.0,0.0,0.0,0.0,0.0,0.0,0.0,0.0,0.0,0.0,0.2,8.5,28.0
14:24:25.000,0.0,0.2,0.2,99.5,3787.2,3562.1,83.6,48.6,11.7,68.8,0.0,0.0,1,0,97.6,2.0,0.0,0.0,0.0,0.0,-0.0,-0.0,-0.0,0.0,0.0,0.0,0.0,0.0,0.0,0.0,0.0,0.0,0.0,0.0,0.0,27.9,0.0,27.9,14.0,0.0,14.0,2.0,0.0,2.0,0.0,0.2,8.5,28.0
14:24:26.000,0.0,0.2,0.0,99.8,3787.2,3562.4,83.6,48.6,11.7,68.9,0.0,0.0,1,0,99.8,2.0,0.0,0.0,0.0,0.0,-0.0,-0.0,-0.0,0.0,0.0,0.0,0.0,0.0,0.0,0.0,0.0,0.0,0.0,0.0,0.0,0.0,0.0,0.0,0.0,0.0,0.0,0.0,0.0,0.0,0.0,0.2,8.5,28.0
14:24:27.000,0.0,0.5,0.0,99.5,3787.2,3562.1,83.6,48.6,11.7,69.0,0.0,0.0,1,0,106.7,2.0,0.0,0.0,0.0,0.0,-0.0,-0.0,-0.0,0.0,0.0,0.0,0.0,0.0,0.0,0.0,0.0,0.0,0.0,0.0,0.0,0.0,0.0,0.0,0.0,0.0,0.0,0.0,0.0,0.0,0.0,0.2,8.5,28.0
14:24:28.000,0.0,0.2,0.0,99.8,3787.2,3562.4,83.6,48.6,11.7,68.9,0.0,0.0,1,0,97.8,2.0,0.0,0.0,0.0,0.0,-0.0,-0.0,-0.0,0.0,0.0,0.0,0.0,0.0,0.0,0.0,0.0,0.0,0.0,0.0,0.0,0.0,0.0,0.0,0.0,0.0,0.0,0.0,0.0,0.0,0.0,0.2,8.5,28.0
14:24:29.000,0.0,0.2,0.0,99.8,3787.2,3562.4,83.6,48.6,11.7,68.9,0.0,0.0,1,0,107.7,2.0,0.0,0.0,0.0,0.0,-0.0,-0.0,-0.0,0.0,0.0,0.0,0.0,0.0,0.0,0.0,0.0,0.0,0.0,0.0,0.0,0.0,0.0,0.0,0.0,0.0,0.0,0.0,0.0,0.0,0.0,0.2,8.5,28.0
14:24:30.000,0.0,0.2,0.0,99.8,3787.2,3562.6,83.6,48.6,11.7,68.9,0.0,0.0,1,0,113.6,2.0,0.0,0.0,0.0,0.0,-0.0,-0.0,-0.0,0.0,0.0,0.0,0.0,0.0,0.0,0.0,0.0,1.0,0.0,0.0,0.0,23.9,0.0,23.9,12.0,0.0,12.0,2.0,0.0,2.0,0.0,0.2,8.5,28.0
14:24:31.000,0.0,0.0,0.0,100.0,3787.2,3562.4,83.6,48.6,11.7,68.9,0.0,0.0,1,0,93.8,2.0,0.0,0.0,0.0,0.0,-0.0,-0.0,-0.0,0.0,0.0,0.0,0.0,0.0,0.0,0.0,0.0,0.0,0.0,0.0,0.0,0.0,0.0,0.0,0.0,0.0,0.0,0.0,0.0,0.0,0.0,0.2,8.5,28.0
14:24:32.000,0.2,0.5,0.0,99.3,3787.2,3562.4,83.6,48.6,11.7,68.9,0.0,0.0,1,0,154.6,2.0,0.0,0.0,0.0,0.0,-0.0,-0.0,-0.0,0.0,0.0,0.0,0.0,0.0,0.0,2.0,0.0,1.0,0.0,0.0,0.0,59.9,0.0,59.9,6.7,0.0,6.7,9.0,0.0,9.0,0.0,0.2,8.5,28.0
14:24:33.000,0.2,0.0,0.0,99.8,3787.2,3562.4,83.6,48.6,11.7,68.9,0.0,0.0,1,0,84.8,2.0,0.0,0.0,0.0,0.0,-0.0,-0.0,-0.0,0.0,0.0,0.0,0.0,0.0,0.0,0.0,0.0,0.0,0.0,0.0,0.0,0.0,0.0,0.0,0.0,0.0,0.0,0.0,0.0,0.0,0.0,0.2,8.5,28.0
14:24:34.000,0.0,0.2,0.0,99.8,3787.2,3562.1,83.6,48.6,11.7,68.9,0.0,0.0,1,0,95.8,2.0,0.0,0.0,0.0,0.0,-0.0,-0.0,-0.0,0.0,0.0,0.0,0.0,0.0,0.0,0.0,0.0,0.0,0.0,0.0,0.0,0.0,0.0,0.0,0.0,0.0,0.0,0.0,0.0,0.0,0.0,0.2,8.5,28.0
14:24:35.000,0.0,0.2,0.2,99.5,3787.2,3562.4,83.6,48.6,11.7,68.9,0.0,0.0,1,0,123.5,2.0,0.0,0.0,0.0,0.0,-0.0,-0.0,-0.0,0.0,0.0,0.0,0.0,0.0,0.0,0.0,0.0,1.0,0.0,0.0,0.0,15.9,0.0,15.9,8.0,0.0,8.0,2.0,0.0,2.0,0.0,0.2,8.5,28.0
14:24:36.000,0.0,0.0,0.0,100.0,3787.2,3562.4,83.6,48.6,11.7,68.9,0.0,0.0,1,0,97.8,2.0,0.0,0.0,0.0,0.0,-0.0,-0.0,-0.0,0.0,0.0,0.0,0.0,0.0,0.0,0.0,0.0,0.0,0.0,0.0,0.0,0.0,0.0,0.0,0.0,0.0,0.0,0.0,0.0,0.0,0.0,0.2,8.5,28.0
14:24:37.000,0.0,0.2,0.0,99.8,3787.2,3562.1,83.6,48.6,11.7,68.9,0.0,0.0,1,0,83.8,2.0,0.0,0.0,0.0,0.0,-0.0,-0.0,-0.0,0.0,0.0,0.0,0.0,0.0,0.0,0.0,0.0,0.0,0.0,0.0,0.0,0.0,0.0,0.0,0.0,0.0,0.0,0.0,0.0,0.0,0.0,0.2,8.5,28.0
14:24:38.000,0.2,0.2,0.0,99.5,3787.2,3562.4,83.6,48.6,11.7,68.9,0.0,0.0,1,0,100.8,2.0,0.0,0.0,0.0,0.0,-0.0,-0.0,-0.0,0.0,0.0,0.0,0.0,0.0,0.0,0.0,0.0,0.0,0.0,0.0,0.0,0.0,0.0,0.0,0.0,0.0,0.0,0.0,0.0,0.0,0.0,0.2,8.5,28.0
14:24:39.000,1.8,1.5,4.3,92.5,3787.2,3551.6,89.5,49.3,12.3,79.1,0.0,0.0,1,0,1039.4,4.0,0.0,0.0,0.0,0.1,-0.0,-0.0,-0.1,0.0,0.0,1.0,0.0,0.0,1.0,19.0,0.0,19.0,6583.7,0.0,6583.7,0.0,0.0,0.0,56.9,0.0,56.9,115.7,0.0,115.7,0.0,0.2,8.5,28.0
14:24:40.000,0.0,0.2,0.2,99.5,3787.2,3551.7,89.5,49.3,12.3,79.2,0.0,0.0,1,0,108.5,2.0,0.0,0.0,0.0,0.0,-0.0,-0.0,-0.0,0.0,0.0,0.0,0.0,0.0,0.0,1.0,0.0,1.0,0.0,0.0,0.0,19.9,0.0,19.9,10.0,0.0,10.0,2.0,0.0,2.0,0.0,0.2,8.5,28.0
14:24:41.000,0.2,0.0,0.0,99.8,3787.2,3551.6,89.5,49.3,12.3,79.0,0.0,0.0,1,0,105.7,2.0,0.0,0.0,0.0,0.0,-0.0,-0.0,-0.0,0.0,0.0,0.0,0.0,0.0,0.0,0.0,0.0,0.0,0.0,0.0,0.0,0.0,0.0,0.0,0.0,0.0,0.0,0.0,0.0,0.0,0.0,0.2,8.5,28.0
14:24:42.000,0.0,0.5,0.0,99.5,3787.2,3551.3,89.5,49.3,12.3,79.1,0.0,0.0,1,0,119.7,2.0,0.0,0.0,0.0,0.1,-0.0,-0.0,-0.0,0.0,0.0,1.0,0.0,0.0,0.0,0.0,0.0,0.0,0.0,0.0,0.0,0.0,0.0,0.0,0.0,0.0,0.0,0.0,0.0,0.0,0.0,0.2,8.5,28.0
14:24:43.000,0.0,0.0,0.0,100.0,3787.2,3551.6,89.5,49.3,12.3,79.0,0.0,0.0,1,0,123.7,2.0,0.0,0.0,0.0,0.1,-0.0,-0.0,-0.0,0.0,0.0,1.0,0.0,0.0,0.0,0.0,0.0,0.0,0.0,0.0,0.0,0.0,0.0,0.0,0.0,0.0,0.0,0.0,0.0,0.0,0.0,0.2,8.5,28.0
14:24:44.000,0.0,0.2,0.0,99.8,3787.2,3551.6,89.5,49.3,12.3,79.1,0.0,0.0,1,0,173.6,2.0,0.0,0.0,0.0,0.0,-0.0,-0.0,-0.0,0.0,0.0,1.0,0.0,0.0,1.0,0.0,0.0,0.0,0.0,0.0,0.0,0.0,0.0,0.0,0.0,0.0,0.0,0.0,0.0,0.0,0.0,0.2,8.5,28.0
14:24:45.000,0.0,0.5,0.0,99.5,3787.2,3551.3,89.5,49.3,12.3,79.1,0.0,0.0,1,0,123.5,2.0,0.0,0.0,0.0,0.0,-0.0,-0.0,-0.0,0.0,0.0,0.0,0.0,0.0,0.0,0.0,0.0,0.0,0.0,0.0,0.0,23.9,0.0,23.9,12.0,0.0,12.0,2.0,0.0,2.0,0.0,0.2,8.5,28.0
14:24:46.000,0.2,0.0,0.2,99.5,3787.2,3551.3,89.5,49.3,12.3,79.1,0.0,0.0,1,0,288.3,2.0,0.0,0.0,0.0,0.2,-0.0,-0.0,-0.1,0.0,0.0,3.0,0.0,0.0,1.0,1.0,0.0,1.0,0.0,0.0,0.0,63.8,0.0,63.8,6.4,0.0,6.4,10.0,0.0,10.0,0.0,0.2,8.5,28.0
14:24:47.000,0.0,0.0,0.0,100.0,3787.2,3551.3,89.5,49.3,12.3,79.1,0.0,0.0,1,0,90.8,2.0,0.0,0.0,0.0,0.0,-0.0,-0.0,-0.0,0.0,0.0,0.0,0.0,0.0,0.0,0.0,0.0,0.0,0.0,0.0,0.0,0.0,0.0,0.0,0.0,0.0,0.0,0.0,0.0,0.0,0.0,0.2,8.5,28.0
14:24:48.000,0.0,0.5,0.0,99.5,3787.2,3551.3,89.5,49.3,12.3,79.0,0.0,0.0,1,0,98.8,2.0,0.0,0.0,0.0,0.0,-0.0,-0.0,-0.0,0.0,0.0,0.0,0.0,0.0,0.0,0.0,0.0,0.0,0.0,0.0,0.0,0.0,0.0,0.0,0.0,0.0,0.0,0.0,0.0,0.0,0.0,0.2,8.5,28.0
14:24:49.000,0.0,0.0,0.0,100.0,3787.2,3551.3,89.5,49.3,12.3,79.0,0.0,0.0,1,0,106.7,2.0,0.0,0.0,0.0,0.0,-0.0,-0.0,-0.0,0.0,0.0,0.0,0.0,0.0,0.0,1.0,0.0,1.0,0.0,0.0,0.0,0.0,0.0,0.0,0.0,0.0,0.0,0.0,0.0,0.0,0.0,0.2,8.5,28.0
14:24:50.000,0.0,0.2,0.0,99.8,3787.2,3551.3,89.5,49.3,12.3,79.1,0.0,0.0,1,0,167.4,2.0,0.0,0.0,0.0,0.0,-0.0,-0.0,-0.0,0.0,0.0,0.0,0.0,0.0,0.0,0.0,0.0,1.0,0.0,0.0,0.0,39.8,0.0,39.8,5.0,0.0,5.0,8.0,0.0,8.0,0.0,0.2,8.5,28.0
14:24:51.000,0.2,0.2,0.0,99.5,3787.2,3551.2,89.5,49.3,12.3,79.1,0.0,0.0,1,0,91.8,2.0,0.0,0.0,0.0,0.0,-0.0,-0.0,-0.0,0.0,0.0,0.0,0.0,0.0,0.0,0.0,0.0,0.0,0.0,0.0,0.0,0.0,0.0,0.0,0.0,0.0,0.0,0.0,0.0,0.0,0.0,0.2,8.5,28.0
14:24:52.000,0.2,0.0,0.0,99.8,3787.2,3551.3,89.5,49.3,12.3,79.1,0.0,0.0,1,0,94.8,2.0,0.0,0.0,0.0,0.0,-0.0,-0.0,-0.0,0.0,0.0,0.0,0.0,0.0,0.0,0.0,0.0,0.0,0.0,0.0,0.0,0.0,0.0,0.0,0.0,0.0,0.0,0.0,0.0,0.0,0.0,0.2,8.5,28.0
14:24:53.000,0.0,0.2,0.0,99.8,3787.2,3551.3,89.5,49.3,12.3,79.0,0.0,0.0,1,0,100.8,2.0,0.0,0.0,0.0,0.0,-0.0,-0.0,-0.0,0.0,0.0,0.0,0.0,0.0,0.0,0.0,0.0,0.0,0.0,0.0,0.0,0.0,0.0,0.0,0.0,0.0,0.0,0.0,0.0,0.0,0.0,0.2,8.5,28.0
14:24:54.000,0.0,1.0,0.0,99.0,3787.2,3551.1,89.5,49.3,12.3,79.1,0.0,0.0,1,0,196.5,9.0,0.0,0.0,0.0,0.0,-0.0,-0.0,-0.0,0.0,0.0,0.0,0.0,0.0,0.0,1.0,0.0,0.0,0.0,0.0,0.0,27.9,0.0,27.9,14.0,0.0,14.0,2.0,0.0,2.0,0.0,0.2,8.5,28.0
14:24:55.000,0.0,0.2,0.2,99.5,3787.2,3551.1,89.5,49.3,12.3,79.1,0.0,0.0,1,0,111.7,2.0,0.0,0.0,0.0,0.0,-0.0,-0.0,-0.0,0.0,0.0,0.0,0.0,0.0,0.0,1.0,0.0,1.0,0.0,0.0,0.0,35.9,0.0,35.9,18.0,0.0,18.0,2.0,0.0,2.0,0.0,0.2,8.5,28.0
14:24:56.000,0.2,0.0,0.0,99.8,3787.2,3550.8,89.5,49.3,12.3,79.1,0.0,0.0,1,0,99.8,2.0,0.0,0.0,0.0,0.0,-0.0,-0.0,-0.0,0.0,0.0,0.0,0.0,0.0,0.0,0.0,0.0,0.0,0.0,0.0,0.0,0.0,0.0,0.0,0.0,0.0,0.0,0.0,0.0,0.0,0.0,0.2,8.5,28.0
14:24:57.000,0.0,0.2,0.0,99.8,3787.2,3550.8,89.5,49.3,12.3,79.1,0.0,0.0,1,0,83.8,2.0,0.0,0.0,0.0,0.0,-0.0,-0.0,-0.0,0.0,0.0,0.0,0.0,0.0,0.0,0.0,0.0,0.0,0.0,0.0,0.0,0.0,0.0,0.0,0.0,0.0,0.0,0.0,0.0,0.0,0.0,0.2,8.5,28.0
14:24:58.000,0.0,0.2,0.2,99.5,3787.2,3550.8,89.5,49.3,12.3,79.1,0.0,0.0,1,0,178.6,2.0,0.0,0.0,0.0,0.0,-0.0,-0.0,-0.0,0.0,0.0,0.0,0.0,0.0,0.0,2.0,0.0,2.0,0.0,0.0,0.0,87.8,0.0,87.8,6.8,0.0,6.8,13.0,0.0,13.0,0.0,0.2,8.5,28.0
14:24:59.000,0.2,0.2,0.0,99.5,3787.2,3550.8,89.5,49.3,12.4,79.1,0.0,0.0,1,0,105.7,2.0,0.0,0.0,0.0,0.0,-0.0,-0.0,-0.0,0.0,0.0,0.0,0.0,0.0,0.0,0.0,0.0,0.0,0.0,0.0,0.0,0.0,0.0,0.0,0.0,0.0,0.0,0.0,0.0,0.0,0.0,0.2,8.5,28.0
14:25:00.000,0.0,0.2,0.0,99.8,3787.2,3551.1,89.5,49.3,12.4,79.1,0.0,0.0,1,0,119.5,2.0,0.0,0.0,0.0,0.0,-0.0,-0.0,-0.0,0.0,0.0,0.0,0.0,0.0,0.0,0.0,0.0,0.0,0.0,0.0,0.0,19.9,0.0,19.9,10.0,0.0,10.0,2.0,0.0,2.0,0.0,0.2,8.5,28.0
14:25:01.000,0.0,0.2,0.0,99.8,3787.2,3550.8,89.5,49.3,12.4,79.1,0.0,0.0,1,0,85.8,2.0,0.0,0.0,0.0,0.0,-0.0,-0.0,-0.0,0.0,0.0,0.0,0.0,0.0,0.0,0.0,0.0,0.0,0.0,0.0,0.0,0.0,0.0,0.0,0.0,0.0,0.0,0.0,0.0,0.0,0.0,0.2,8.5,28.0
14:25:02.000,0.0,0.2,0.0,99.8,3787.2,3550.8,89.5,49.3,12.4,79.1,0.0,0.0,1,0,87.8,2.0,0.0,0.0,0.0,0.0,-0.0,-0.0,-0.0,0.0,0.0,0.0,0.0,0.0,0.0,0.0,0.0,0.0,0.0,0.0,0.0,0.0,0.0,0.0,0.0,0.0,0.0,0.0,0.0,0.0,0.0,0.2,8.5,28.0
14:25:03.000,0.0,0.2,0.0,99.8,3787.2,3550.8,89.5,49.3,12.4,79.1,0.0,0.0,1,0,98.7,2.0,0.0,0.0,0.0,0.0,-0.0,-0.0,-0.0,0.0,0.0,0.0,0.0,0.0,0.0,0.0,0.0,0.0,0.0,0.0,0.0,0.0,0.0,0.0,0.0,0.0,0.0,0.0,0.0,0.0,0.0,0.2,8.5,28.0
14:25:04.000,0.0,0.2,0.0,99.8,3787.2,3550.8,89.5,49.3,12.4,79.1,0.0,0.0,1,0,107.7,2.0,0.0,0.0,0.0,0.0,-0.0,-0.0,-0.0,0.0,0.0,0.0,0.0,0.0,0.0,0.0,0.0,1.0,0.0,0.0,0.0,0.0,0.0,0.0,0.0,0.0,0.0,0.0,0.0,0.0,0.0,0.2,8.5,28.0
14:25:05.000,0.0,0.2,0.2,99.5,3787.2,3550.8,89.5,49.3,12.4,79.1,0.0,0.0,1,0,106.7,2.0,0.0,0.0,0.0,0.0,-0.0,-0.0,-0.0,0.0,0.0,0.0,0.0,0.0,0.0,0.0,0.0,0.0,0.0,0.0,0.0,16.0,0.0,16.0,8.0,0.0,8.0,2.0,0.0,2.0,0.0,0.2,8.5,28.0
14:25:06.000,0.0,0.2,0.0,99.8,3787.2,3550.8,89.5,49.3,12.4,79.1,0.0,0.0,1,0,92.8,2.0,0.0,0.0,0.0,0.0,-0.0,-0.0,-0.0,0.0,0.0,0.0,0.0,0.0,0.0,0.0,0.0,0.0,0.0,0.0,0.0,0.0,0.0,0.0,0.0,0.0,0.0,0.0,0.0,0.0,0.0,0.2,8.5,28.0
14:25:07.000,0.2,0.0,0.0,99.8,3787.2,3550.8,89.5,49.3,12.4,79.1,0.0,0.0,1,0,98.8,2.0,0.0,0.0,0.0,0.0,-0.0,-0.0,-0.0,0.0,0.0,0.0,0.0,0.0,0.0,0.0,0.0,0.0,0.0,0.0,0.0,0.0,0.0,0.0,0.0,0.0,0.0,0.0,0.0,0.0,0.0,0.2,8.5,28.0
14:25:08.000,0.0,0.2,0.0,99.8,3787.2,3550.8,89.5,49.3,12.4,79.1,0.0,0.0,1,0,96.8,2.0,0.0,0.0,0.0,0.0,-0.0,-0.0,-0.0,0.0,0.0,0.0,0.0,0.0,0.0,0.0,0.0,0.0,0.0,0.0,0.0,0.0,0.0,0.0,0.0,0.0,0.0,0.0,0.0,0.0,0.0,0.2,8.5,28.0
14:25:09.000,0.2,0.2,0.0,99.5,3787.2,3550.6,89.5,49.3,12.4,79.1,0.0,0.0,1,0,88.8,2.0,0.0,0.0,0.0,0.0,-0.0,-0.0,-0.0,0.0,0.0,0.0,0.0,0.0,0.0,0.0,0.0,0.0,0.0,0.0,0.0,0.0,0.0,0.0,0.0,0.0,0.0,0.0,0.0,0.0,0.0,0.2,8.5,28.0
14:25:10.000,0.0,0.0,0.0,100.0,3787.2,3550.8,89.5,49.3,12.4,79.1,0.0,0.0,1,0,133.7,2.0,0.0,0.0,0.0,0.0,-0.0,-0.0,-0.0,0.0,0.0,0.0,0.0,0.0,0.0,1.0,0.0,0.0,0.0,0.0,0.0,16.0,0.0,16.0,8.0,0.0,8.0,2.0,0.0,2.0,0.0,0.2,8.5,28.0
14:25:11.000,0.0,0.2,0.0,99.8,3787.2,3550.6,89.5,49.3,12.4,79.1,0.0,0.0,1,0,90.8,2.0,0.0,0.0,0.0,0.0,-0.0,-0.0,-0.0,0.0,0.0,0.0,0.0,0.0,0.0,0.0,0.0,0.0,0.0,0.0,0.0,0.0,0.0,0.0,0.0,0.0,0.0,0.0,0.0,0.0,0.0,0.2,8.5,28.0
14:25:12.000,0.0,0.2,0.0,99.8,3787.2,3550.8,89.5,49.3,12.4,79.1,0.0,0.0,1,0,99.8,2.0,0.0,0.0,0.0,0.0,-0.0,-0.0,-0.0,0.0,0.0,0.0,0.0,0.0,0.0,0.0,0.0,0.0,0.0,0.0,0.0,0.0,0.0,0.0,0.0,0.0,0.0,0.0,0.0,0.0,0.0,0.2,8.5,28.0
14:25:13.000,0.2,0.2,0.0,99.5,3787.2,3550.6,89.5,49.3,12.4,79.1,0.0,0.0,1,0,85.8,2.0,0.0,0.0,0.0,0.0,-0.0,-0.0,-0.0,0.0,0.0,0.0,0.0,0.0,0.0,0.0,0.0,0.0,0.0,0.0,0.0,0.0,0.0,0.0,0.0,0.0,0.0,0.0,0.0,0.0,0.0,0.2,8.5,28.0
14:25:14.000,0.2,0.0,0.0,99.8,3787.2,3550.6,89.5,49.3,12.4,79.0,0.0,0.0,1,0,91.8,2.0,0.0,0.0,0.0,0.0,-0.0,-0.0,-0.0,0.0,0.0,0.0,0.0,0.0,0.0,0.0,0.0,0.0,0.0,0.0,0.0,0.0,0.0,0.0,0.0,0.0,0.0,0.0,0.0,0.0,0.0,0.2,8.5,28.0
14:25:15.000,0.0,0.2,0.7,99.0,3787.2,3550.6,89.5,49.3,12.4,79.1,0.0,0.0,1,0,116.2,2.0,0.0,0.0,0.0,0.0,-0.0,-0.0,-0.0,0.0,0.0,0.0,0.0,0.0,0.0,1.0,0.0,2.0,0.0,0.0,0.0,19.7,0.0,19.7,10.0,0.0,10.0,2.0,0.0,2.0,0.0,0.2,8.5,28.0
14:25:16.000,0.2,0.0,0.0,99.8,3787.2,3550.6,89.5,49.3,12.4,79.0,0.0,0.0,1,0,123.7,2.0,0.0,0.0,0.0,0.1,-0.0,-0.0,-0.0,0.0,0.0,1.0,0.0,0.0,0.0,0.0,0.0,0.0,0.0,0.0,0.0,0.0,0.0,0.0,0.0,0.0,0.0,0.0,0.0,0.0,0.0,0.2,8.5,28.0
14:25:17.000,0.2,0.0,0.0,99.8,3787.2,3550.8,89.5,49.3,12.4,79.1,0.0,0.0,1,0,85.8,2.0,0.0,0.0,0.0,0.0,-0.0,-0.0,-0.0,0.0,0.0,0.0,0.0,0.0,0.0,0.0,0.0,0.0,0.0,0.0,0.0,0.0,0.0,0.0,0.0,0.0,0.0,0.0,0.0,0.0,0.0,0.2,8.5,28.0
14:25:18.000,0.0,0.2,0.0,99.8,3787.2,3550.8,89.5,49.3,12.4,79.1,0.0,0.0,1,0,90.8,2.0,0.0,0.0,0.0,0.0,-0.0,-0.0,-0.0,0.0,0.0,0.0,0.0,0.0,0.0,0.0,0.0,0.0,0.0,0.0,0.0,0.0,0.0,0.0,0.0,0.0,0.0,0.0,0.0,0.0,0.0,0.2,8.5,28.0
14:25:19.000,0.0,0.2,0.0,99.8,3787.2,3550.8,89.5,49.3,12.4,79.1,0.0,0.0,1,0,92.8,2.0,0.0,0.0,0.0,0.0,-0.0,-0.0,-0.0,0.0,0.0,0.0,0.0,0.0,0.0,0.0,0.0,0.0,0.0,0.0,0.0,0.0,0.0,0.0,0.0,0.0,0.0,0.0,0.0,0.0,0.0,0.2,8.5,28.0
14:25:20.000,0.0,0.0,0.2,99.8,3787.2,3550.8,89.5,49.3,12.4,79.1,0.0,0.0,1,0,122.6,2.0,0.0,0.0,0.0,0.0,-0.0,-0.0,-0.0,0.0,0.0,0.0,0.0,0.0,0.0,1.0,0.0,0.0,0.0,0.0,0.0,15.9,0.0,15.9,8.0,0.0,8.0,2.0,0.0,2.0,0.0,0.2,8.5,28.0
14:25:21.000,0.0,0.2,0.0,99.8,3787.2,3550.6,89.5,49.3,12.4,79.1,0.0,0.0,1,0,83.8,2.0,0.0,0.0,0.0,0.0,-0.0,-0.0,-0.0,0.0,0.0,0.0,0.0,0.0,0.0,0.0,0.0,0.0,0.0,0.0,0.0,0.0,0.0,0.0,0.0,0.0,0.0,0.0,0.0,0.0,0.0,0.2,8.5,28.0
14:25:22.000,0.0,0.2,0.0,99.8,3787.2,3550.6,89.5,49.3,12.4,79.1,0.0,0.0,1,0,103.7,2.0,0.0,0.0,0.0,0.0,-0.0,-0.0,-0.0,0.0,0.0,0.0,0.0,0.0,0.0,0.0,0.0,0.0,0.0,0.0,0.0,0.0,0.0,0.0,0.0,0.0,0.0,0.0,0.0,0.0,0.0,0.2,8.5,28.0
14:25:23.000,0.0,0.2,0.0,99.8,3787.2,3550.6,89.5,49.3,12.4,79.1,0.0,0.0,1,0,85.8,2.0,0.0,0.0,0.0,0.0,-0.0,-0.0,-0.0,0.0,0.0,0.0,0.0,0.0,0.0,0.0,0.0,0.0,0.0,0.0,0.0,0.0,0.0,0.0,0.0,0.0,0.0,0.0,0.0,0.0,0.0,0.2,8.5,28.0
14:25:24.000,0.0,0.2,0.0,99.8,3787.2,3550.6,89.5,49.3,12.4,79.1,0.0,0.0,1,0,107.7,2.0,0.0,0.0,0.0,0.0,-0.0,-0.0,-0.0,0.0,0.0,0.0,0.0,0.0,0.0,0.0,0.0,0.0,0.0,0.0,0.0,4.0,0.0,4.0,4.0,0.0,4.0,1.0,0.0,1.0,0.0,0.2,8.5,28.0
14:25:25.000,0.0,0.2,0.0,99.8,3787.2,3550.6,89.5,49.3,12.4,79.1,0.0,0.0,1,0,135.5,2.0,0.0,0.0,0.0,0.0,-0.0,-0.0,-0.0,0.0,0.0,0.0,0.0,0.0,0.0,1.0,0.0,1.0,0.0,0.0,0.0,43.9,0.0,43.9,4.9,0.0,4.9,9.0,0.0,9.0,0.0,0.2,8.5,28.0
14:25:26.000,0.0,0.2,0.0,99.8,3787.2,3550.3,89.5,49.3,12.4,79.1,0.0,0.0,1,0,94.8,2.0,0.0,0.0,0.0,0.0,-0.0,-0.0,-0.0,0.0,0.0,0.0,0.0,0.0,0.0,0.0,0.0,0.0,0.0,0.0,0.0,0.0,0.0,0.0,0.0,0.0,0.0,0.0,0.0,0.0,0.0,0.2,8.5,28.0
14:25:27.000,0.0,0.2,0.0,99.8,3787.2,3550.6,89.5,49.3,12.4,79.1,0.0,0.0,1,0,85.8,2.0,0.0,0.0,0.0,0.0,-0.0,-0.0,-0.0,0.0,0.0,0.0,0.0,0.0,0.0,0.0,0.0,0.0,0.0,0.0,0.0,0.0,0.0,0.0,0.0,0.0,0.0,0.0,0.0,0.0,0.0,0.2,8.5,28.0
14:25:28.000,0.0,0.2,0.0,99.8,3787.2,3550.3,89.5,49.3,12.4,79.1,0.0,0.0,1,0,102.7,2.0,0.0,0.0,0.0,0.0,-0.0,-0.0,-0.0,0.0,0.0,0.0,0.0,0.0,0.0,0.0,0.0,0.0,0.0,0.0,0.0,0.0,0.0,0.0,0.0,0.0,0.0,0.0,0.0,0.0,0.0,0.2,8.5,28.0
14:25:29.000,0.0,0.0,0.0,100.0,3787.2,3550.6,89.5,49.3,12.4,79.1,0.0,0.0,1,2,97.8,2.0,0.0,0.0,0.0,0.0,-0.0,-0.0,-0.0,0.0,0.0,0.0,0.0,0.0,0.0,0.0,0.0,1.0,0.0,0.0,0.0,55.9,0.0,55.9,18.7,0.0,18.7,3.0,0.0,3.0,0.0,0.2,8.5,28.0
14:25:30.000,0.0,0.5,0.2,99.3,3787.2,3550.3,89.5,49.3,12.4,79.2,0.0,0.0,1,0,115.3,2.0,0.0,0.0,0.0,0.0,-0.0,-0.0,-0.0,0.0,0.0,0.0,0.0,0.0,0.0,0.0,0.0,0.0,0.0,0.0,0.0,0.0,0.0,0.0,0.0,0.0,0.0,0.0,0.0,0.0,0.0,0.2,8.5,28.0
14:25:31.000,0.0,0.2,0.0,99.8,3787.2,3550.3,89.5,49.3,12.4,79.1,0.0,0.0,1,0,94.8,2.0,0.0,0.0,0.0,0.0,-0.0,-0.0,-0.0,0.0,0.0,0.0,0.0,0.0,0.0,0.0,0.0,0.0,0.0,0.0,0.0,0.0,0.0,0.0,0.0,0.0,0.0,0.0,0.0,0.0,0.0,0.2,8.5,28.0
14:25:32.000,0.0,0.2,0.0,99.8,3787.2,3550.3,89.5,49.3,12.4,79.1,0.0,0.0,1,0,96.8,2.0,0.0,0.0,0.0,0.0,-0.0,-0.0,-0.0,0.0,0.0,0.0,0.0,0.0,0.0,0.0,0.0,0.0,0.0,0.0,0.0,0.0,0.0,0.0,0.0,0.0,0.0,0.0,0.0,0.0,0.0,0.2,8.5,28.0
14:25:33.000,0.0,0.2,0.0,99.8,3787.2,3550.1,89.5,49.3,12.4,79.1,0.0,0.0,1,0,84.8,2.0,0.0,0.0,0.0,0.0,-0.0,-0.0,-0.0,0.0,0.0,0.0,0.0,0.0,0.0,0.0,0.0,0.0,0.0,0.0,0.0,0.0,0.0,0.0,0.0,0.0,0.0,0.0,0.0,0.0,0.0,0.2,8.5,28.0
14:25:34.000,0.0,0.2,0.0,99.8,3787.2,3550.3,89.5,49.3,12.4,79.1,0.0,0.0,1,0,95.8,2.0,0.0,0.0,0.0,0.0,-0.0,-0.0,-0.0,0.0,0.0,0.0,0.0,0.0,0.0,1.0,0.0,0.0,0.0,0.0,0.0,0.0,0.0,0.0,0.0,0.0,0.0,0.0,0.0,0.0,0.0,0.2,8.5,28.0
14:25:35.000,0.0,0.0,0.2,99.8,3787.2,3550.1,89.5,49.3,12.4,79.1,0.0,0.0,1,0,163.4,2.0,0.0,0.0,0.0,0.0,-0.0,-0.0,-0.0,0.0,0.0,0.0,0.0,0.0,0.0,0.0,0.0,0.0,0.0,0.0,0.0,47.8,0.0,47.8,5.3,0.0,5.3,9.0,0.0,9.0,0.0,0.2,8.5,28.0
14:25:36.000,0.0,0.5,0.0,99.5,3787.2,3550.3,89.5,49.3,12.4,79.1,0.0,0.0,1,0,84.8,2.0,0.0,0.0,0.0,0.0,-0.0,-0.0,-0.0,0.0,0.0,0.0,0.0,0.0,0.0,0.0,0.0,0.0,0.0,0.0,0.0,0.0,0.0,0.0,0.0,0.0,0.0,0.0,0.0,0.0,0.0,0.2,8.5,28.0
14:25:37.000,0.2,0.0,0.0,99.8,3787.2,3550.1,89.5,49.3,12.4,79.2,0.0,0.0,1,0,86.8,2.0,0.0,0.0,0.0,0.0,-0.0,-0.0,-0.0,0.0,0.0,0.0,0.0,0.0,0.0,0.0,0.0,0.0,0.0,0.0,0.0,0.0,0.0,0.0,0.0,0.0,0.0,0.0,0.0,0.0,0.0,0.2,8.5,28.0
14:25:38.000,0.0,0.2,0.0,99.8,3787.2,3550.1,89.5,49.3,12.4,79.1,0.0,0.0,1,0,91.8,2.0,0.0,0.0,0.0,0.0,-0.0,-0.0,-0.0,0.0,0.0,0.0,0.0,0.0,0.0,0.0,0.0,0.0,0.0,0.0,0.0,0.0,0.0,0.0,0.0,0.0,0.0,0.0,0.0,0.0,0.0,0.2,8.5,28.0
14:25:39.000,0.0,0.2,0.0,99.8,3787.2,3550.1,89.5,49.3,12.4,79.0,0.0,0.0,1,0,84.8,2.0,0.0,0.0,0.0,0.0,-0.0,-0.0,-0.0,0.0,0.0,0.0,0.0,0.0,0.0,0.0,0.0,0.0,0.0,0.0,0.0,0.0,0.0,0.0,0.0,0.0,0.0,0.0,0.0,0.0,0.0,0.2,8.5,28.0
14:25:40.000,0.0,0.2,0.2,99.5,3787.2,3550.1,89.5,49.3,12.4,79.1,0.0,0.0,1,0,135.7,2.0,0.0,0.0,0.0,0.0,-0.0,-0.0,-0.0,0.0,0.0,0.0,0.0,0.0,0.0,1.0,0.0,1.0,0.0,0.0,0.0,39.9,0.0,39.9,10.0,0.0,10.0,4.0,0.0,4.0,0.0,0.2,8.5,28.0
14:25:41.000,0.2,0.0,0.0,99.8,3787.2,3550.1,89.5,49.4,12.4,79.0,0.0,0.0,1,0,100.7,2.0,0.0,0.0,0.0,0.0,-0.0,-0.0,-0.0,0.0,0.0,0.0,0.0,0.0,0.0,0.0,0.0,0.0,0.0,0.0,0.0,0.0,0.0,0.0,0.0,0.0,0.0,0.0,0.0,0.0,0.0,0.2,8.5,28.0
14:25:42.000,0.0,0.5,0.0,99.5,3787.2,3550.1,89.5,49.4,12.4,79.1,0.0,0.0,1,0,89.8,2.0,0.0,0.0,0.0,0.0,-0.0,-0.0,-0.0,0.0,0.0,0.0,0.0,0.0,0.0,0.0,0.0,0.0,0.0,0.0,0.0,0.0,0.0,0.0,0.0,0.0,0.0,0.0,0.0,0.0,0.0,0.2,8.5,28.0
14:25:43.000,0.0,0.2,0.0,99.8,3787.2,3549.8,89.5,49.4,12.4,79.2,0.0,0.0,1,0,87.8,2.0,0.0,0.0,0.0,0.0,-0.0,-0.0,-0.0,0.0,0.0,0.0,0.0,0.0,0.0,0.0,0.0,0.0,0.0,0.0,0.0,0.0,0.0,0.0,0.0,0.0,0.0,0.0,0.0,0.0,0.0,0.2,8.5,28.0
14:25:44.000,0.0,0.0,0.0,100.0,3787.2,3549.8,89.5,49.4,12.4,79.1,0.0,0.0,1,0,93.8,2.0,0.0,0.0,0.0,0.0,-0.0,-0.0,-0.0,0.0,0.0,0.0,0.0,0.0,0.0,0.0,0.0,0.0,0.0,0.0,0.0,0.0,0.0,0.0,0.0,0.0,0.0,0.0,0.0,0.0,0.0,0.2,8.5,28.0
14:25:45.000,0.0,0.5,0.0,99.5,3787.2,3549.6,89.5,49.4,12.4,79.1,0.0,0.0,1,0,124.5,2.0,0.0,0.0,0.0,0.0,-0.0,-0.0,-0.0,0.0,0.0,0.0,0.0,0.0,0.0,1.0,0.0,1.0,0.0,0.0,0.0,43.8,0.0,43.8,7.3,0.0,7.3,6.0,0.0,6.0,0.0,0.2,8.5,28.0
14:25:46.000,0.0,0.0,0.0,100.0,3787.2,3549.6,89.5,49.4,12.4,79.1,0.0,0.0,1,0,148.6,2.0,0.0,0.0,0.0,0.1,-0.0,-0.0,-0.0,0.0,0.0,1.0,0.0,0.0,0.0,1.0,0.0,1.0,0.0,0.0,0.0,12.0,0.0,12.0,6.0,0.0,6.0,2.0,0.0,2.0,0.0,0.2,8.5,28.0
14:25:47.000,0.0,0.2,0.0,99.8,3787.2,3549.3,89.5,49.4,12.4,79.1,0.0,0.0,1,0,91.8,2.0,0.0,0.0,0.0,0.0,-0.0,-0.0,-0.0,0.0,0.0,0.0,0.0,0.0,0.0,0.0,0.0,0.0,0.0,0.0,0.0,0.0,0.0,0.0,0.0,0.0,0.0,0.0,0.0,0.0,0.0,0.2,8.5,28.0
14:25:48.000,0.0,0.5,0.0,99.5,3787.2,3549.1,89.5,49.4,12.4,79.1,0.0,0.0,1,0,86.8,2.0,0.0,0.0,0.0,0.0,-0.0,-0.0,-0.0,0.0,0.0,0.0,0.0,0.0,0.0,0.0,0.0,0.0,0.0,0.0,0.0,0.0,0.0,0.0,0.0,0.0,0.0,0.0,0.0,0.0,0.0,0.2,8.5,28.0
14:25:49.000,0.0,0.0,0.0,100.0,3787.2,3549.1,89.5,49.4,12.4,79.0,0.0,0.0,1,0,85.8,2.0,0.0,0.0,0.0,0.0,-0.0,-0.0,-0.0,0.0,0.0,0.0,0.0,0.0,0.0,0.0,0.0,1.0,0.0,0.0,0.0,27.9,0.0,27.9,14.0,0.0,14.0,2.0,0.0,2.0,0.0,0.2,8.5,28.0
14:25:50.000,0.0,0.0,0.5,99.5,3787.2,3549.0,89.5,49.4,12.4,79.1,0.0,0.0,1,0,111.1,2.0,0.0,0.0,0.0,0.0,-0.0,-0.0,-0.0,0.0,0.0,0.0,0.0,0.0,0.0,0.0,0.0,0.0,0.0,0.0,0.0,0.0,0.0,0.0,0.0,0.0,0.0,0.0,0.0,0.0,0.0,0.2,8.5,28.0
14:25:51.000,0.2,0.2,0.0,99.5,3787.2,3548.8,89.5,49.4,12.4,79.2,0.0,0.0,1,0,118.7,2.0,0.0,0.0,0.0,0.0,-0.0,-0.0,-0.0,0.0,0.0,0.0,0.0,0.0,0.0,1.0,0.0,0.0,0.0,0.0,0.0,12.0,0.0,12.0,6.0,0.0,6.0,2.0,0.0,2.0,0.0,0.2,8.5,28.0
14:25:52.000,0.0,0.2,0.0,99.8,3787.2,3548.8,89.5,49.4,12.4,79.2,0.0,0.0,1,0,107.7,2.0,0.0,0.0,0.0,0.0,-0.0,-0.0,-0.0,0.0,0.0,0.0,0.0,0.0,0.0,0.0,0.0,0.0,0.0,0.0,0.0,0.0,0.0,0.0,0.0,0.0,0.0,0.0,0.0,0.0,0.0,0.2,8.5,28.0
14:25:53.000,0.2,0.0,0.0,99.8,3787.2,3548.7,89.5,49.4,12.4,79.0,0.0,0.0,1,0,85.8,2.0,0.0,0.0,0.0,0.0,-0.0,-0.0,-0.0,0.0,0.0,0.0,0.0,0.0,0.0,0.0,0.0,0.0,0.0,0.0,0.0,0.0,0.0,0.0,0.0,0.0,0.0,0.0,0.0,0.0,0.0,0.2,8.5,28.0
14:25:54.000,0.0,0.5,0.0,99.5,3787.2,3548.6,89.5,49.4,12.4,79.2,0.0,0.0,1,0,90.8,2.0,0.0,0.0,0.0,0.0,-0.0,-0.0,-0.0,0.0,0.0,0.0,0.0,0.0,0.0,0.0,0.0,0.0,0.0,0.0,0.0,0.0,0.0,0.0,0.0,0.0,0.0,0.0,0.0,0.0,0.0,0.2,8.5,28.0
14:25:55.000,0.0,0.2,0.0,99.8,3787.2,3548.2,89.5,49.4,12.4,79.1,0.0,0.0,1,0,135.5,2.0,0.0,0.0,0.0,0.0,-0.0,-0.0,-0.0,0.0,0.0,0.0,0.0,0.0,0.0,1.0,0.0,1.0,0.0,0.0,0.0,43.8,0.0,43.8,7.3,0.0,7.3,6.0,0.0,6.0,0.0,0.2,8.5,28.0
14:25:56.000,0.0,0.0,0.0,100.0,3787.2,3548.4,89.5,49.4,12.4,79.2,0.0,0.0,1,0,87.8,2.0,0.0,0.0,0.0,0.0,-0.0,-0.0,-0.0,0.0,0.0,0.0,0.0,0.0,0.0,0.0,0.0,0.0,0.0,0.0,0.0,0.0,0.0,0.0,0.0,0.0,0.0,0.0,0.0,0.0,0.0,0.2,8.5,28.0
14:25:57.000,0.0,0.2,0.0,99.8,3787.2,3548.0,89.5,49.4,12.4,78.9,0.0,0.0,1,0,98.8,2.0,0.0,0.0,0.0,0.0,-0.0,-0.0,-0.0,0.0,0.0,0.0,0.0,0.0,0.0,0.0,0.0,0.0,0.0,0.0,0.0,12.0,0.0,12.0,6.0,0.0,6.0,2.0,0.0,2.0,0.0,0.2,8.5,28.0
14:25:59.000,0.0,0.2,0.0,99.8,3787.2,3548.1,89.5,49.4,12.4,79.2,0.0,0.0,1,0,101.8,2.0,0.0,0.0,0.0,0.0,-0.0,-0.0,-0.0,0.0,0.0,0.0,0.0,0.0,0.0,0.0,0.0,0.0,0.0,0.0,0.0,0.0,0.0,0.0,0.0,0.0,0.0,0.0,0.0,0.0,0.0,0.2,8.5,28.0
14:26:00.000,0.2,0.0,0.0,99.8,3787.2,3548.0,89.5,49.4,12.4,79.0,0.0,0.0,1,0,93.8,2.0,0.0,0.0,0.0,0.0,-0.0,-0.0,-0.0,0.0,0.0,0.0,0.0,0.0,0.0,0.0,0.0,1.0,0.0,0.0,0.0,0.0,0.0,0.0,0.0,0.0,0.0,0.0,0.0,0.0,0.0,0.2,8.5,28.0
14:26:01.000,0.0,0.2,0.2,99.5,3787.2,3547.6,89.5,49.4,12.4,79.2,0.0,0.0,1,0,107.4,2.0,0.0,0.0,0.0,0.0,-0.0,-0.0,-0.0,0.0,0.0,0.0,0.0,0.0,0.0,1.0,0.0,0.0,0.0,0.0,0.0,27.8,0.0,27.8,14.0,0.0,14.0,2.0,0.0,2.0,0.0,0.2,8.5,28.0
14:26:02.000,0.2,0.2,0.0,99.5,3787.2,3547.8,89.5,49.4,12.4,79.1,0.0,0.0,1,0,100.8,2.0,0.0,0.0,0.0,0.0,-0.0,-0.0,-0.0,0.0,0.0,0.0,0.0,0.0,0.0,0.0,0.0,0.0,0.0,0.0,0.0,0.0,0.0,0.0,0.0,0.0,0.0,0.0,0.0,0.0,0.0,0.2,8.5,28.0
14:26:03.000,0.0,0.0,0.0,100.0,3787.2,3547.4,89.5,49.4,12.4,79.2,0.0,0.0,1,0,101.7,2.0,0.0,0.0,0.0,0.0,-0.0,-0.0,-0.0,0.0,0.0,0.0,0.0,0.0,0.0,0.0,0.0,0.0,0.0,0.0,0.0,12.0,0.0,12.0,6.0,0.0,6.0,2.0,0.0,2.0,0.0,0.2,8.5,28.0
14:26:04.000,0.0,0.2,0.0,99.8,3787.2,3547.6,89.5,49.4,12.4,79.0,0.0,0.0,1,0,99.8,2.0,0.0,0.0,0.0,0.0,-0.0,-0.0,-0.0,0.0,0.0,0.0,0.0,0.0,0.0,0.0,0.0,0.0,0.0,0.0,0.0,0.0,0.0,0.0,0.0,0.0,0.0,0.0,0.0,0.0,0.0,0.2,8.5,28.0
14:26:05.000,0.0,0.2,0.0,99.8,3787.2,3547.4,89.5,49.4,12.5,78.9,0.0,0.0,1,0,87.8,2.0,0.0,0.0,0.0,0.0,-0.0,-0.0,-0.0,0.0,0.0,0.0,0.0,0.0,0.0,1.0,0.0,1.0,0.0,0.0,0.0,0.0,0.0,0.0,0.0,0.0,0.0,0.0,0.0,0.0,0.0,0.2,8.5,28.0
14:26:06.000,0.0,0.2,0.2,99.5,3787.2,3547.6,89.5,49.4,12.5,79.2,0.0,0.0,1,0,125.5,2.0,0.0,0.0,0.0,0.0,-0.0,-0.0,-0.0,0.0,0.0,0.0,0.0,0.0,0.0,0.0,0.0,0.0,0.0,0.0,0.0,43.8,0.0,43.8,7.3,0.0,7.3,6.0,0.0,6.0,0.0,0.2,8.5,28.0
14:26:07.000,0.0,0.2,0.0,99.8,3787.2,3547.4,89.5,49.4,12.5,79.2,0.0,0.0,1,0,96.8,2.0,0.0,0.0,0.0,0.0,-0.0,-0.0,-0.0,0.0,0.0,0.0,0.0,0.0,0.0,0.0,0.0,0.0,0.0,0.0,0.0,0.0,0.0,0.0,0.0,0.0,0.0,0.0,0.0,0.0,0.0,0.2,8.5,28.0
14:26:08.000,0.0,0.2,0.0,99.8,3787.2,3547.4,89.5,49.4,12.5,79.1,0.0,0.0,1,0,87.8,2.0,0.0,0.0,0.0,0.0,-0.0,-0.0,-0.0,0.0,0.0,0.0,0.0,0.0,0.0,0.0,0.0,0.0,0.0,0.0,0.0,0.0,0.0,0.0,0.0,0.0,0.0,0.0,0.0,0.0,0.0,0.2,8.5,28.0
14:26:09.000,0.2,0.2,0.0,99.5,3787.2,3547.4,89.6,49.4,12.5,79.2,0.0,0.0,1,0,108.7,2.0,0.0,0.0,0.0,0.0,-0.0,-0.0,-0.0,0.0,0.0,0.0,0.0,0.0,0.0,0.0,0.0,1.0,0.0,0.0,0.0,12.0,0.0,12.0,6.0,0.0,6.0,2.0,0.0,2.0,0.0,0.2,8.5,28.0
14:26:10.000,0.0,0.0,0.0,100.0,3787.2,3547.3,89.5,49.4,12.5,79.1,0.0,0.0,1,0,77.8,2.0,0.0,0.0,0.0,0.0,-0.0,-0.0,-0.0,0.0,0.0,0.0,0.0,0.0,0.0,0.0,0.0,0.0,0.0,0.0,0.0,0.0,0.0,0.0,0.0,0.0,0.0,0.0,0.0,0.0,0.0,0.2,8.5,28.0
14:26:11.000,0.0,0.5,0.2,99.3,3787.2,3547.6,89.6,49.4,12.5,79.1,0.0,0.0,1,0,119.3,2.0,0.0,0.0,0.0,0.0,-0.0,-0.0,-0.0,0.0,0.0,0.0,0.0,0.0,0.0,1.0,0.0,0.0,0.0,0.0,0.0,27.8,0.0,27.8,14.0,0.0,14.0,2.0,0.0,2.0,0.0,0.2,8.5,28.0
14:26:12.000,0.0,0.0,0.0,100.0,3787.2,3547.4,89.6,49.4,12.5,79.2,0.0,0.0,1,0,105.7,2.0,0.0,0.0,0.0,0.0,-0.0,-0.0,-0.0,0.0,0.0,0.0,0.0,0.0,0.0,0.0,0.0,0.0,0.0,0.0,0.0,0.0,0.0,0.0,0.0,0.0,0.0,0.0,0.0,0.0,0.0,0.2,8.5,28.0
14:26:13.000,0.0,0.2,0.0,99.8,3787.2,3547.4,89.6,49.4,12.5,79.2,0.0,0.0,1,0,90.8,2.0,0.0,0.0,0.0,0.0,-0.0,-0.0,-0.0,0.0,0.0,0.0,0.0,0.0,0.0,0.0,0.0,0.0,0.0,0.0,0.0,0.0,0.0,0.0,0.0,0.0,0.0,0.0,0.0,0.0,0.0,0.2,8.5,28.0
14:26:14.000,0.2,0.2,0.0,99.5,3787.2,3547.3,89.6,49.4,12.5,79.3,0.0,0.0,1,0,120.7,2.0,0.0,0.0,0.0,0.1,-0.0,-0.0,-0.0,0.0,0.0,1.0,0.0,0.0,0.0,0.0,0.0,0.0,0.0,0.0,0.0,8.0,0.0,8.0,4.0,0.0,4.0,2.0,0.0,2.0,0.0,0.2,8.5,28.0
14:26:15.000,0.0,0.0,0.0,100.0,3787.2,3547.4,89.6,49.4,12.5,79.2,0.0,0.0,1,0,115.7,3.0,0.0,0.0,0.0,0.0,-0.0,-0.0,-0.0,0.0,0.0,0.0,0.0,0.0,0.0,0.0,0.0,0.0,0.0,0.0,0.0,0.0,0.0,0.0,0.0,0.0,0.0,0.0,0.0,0.0,0.0,0.2,8.5,28.0
14:26:16.000,0.2,0.2,0.0,99.5,3787.2,3547.2,89.5,49.4,12.5,79.2,0.0,0.0,1,0,143.5,2.0,0.0,0.0,0.0,0.0,-0.0,-0.0,-0.0,0.0,0.0,0.0,0.0,0.0,0.0,1.0,0.0,1.0,0.0,0.0,0.0,31.9,0.0,31.9,5.3,0.0,5.3,6.0,0.0,6.0,0.0,0.2,8.5,28.0
14:26:17.000,0.0,0.2,0.0,99.8,3787.2,3547.4,89.6,49.4,12.5,79.2,0.0,0.0,1,0,120.7,2.0,0.0,0.0,0.0,0.1,-0.0,-0.0,-0.0,0.0,0.0,1.0,0.0,0.0,0.0,0.0,0.0,0.0,0.0,0.0,0.0,0.0,0.0,0.0,0.0,0.0,0.0,0.0,0.0,0.0,0.0,0.2,8.5,28.0
14:26:18.000,0.0,0.0,0.0,100.0,3787.2,3547.0,89.6,49.4,12.5,79.3,0.0,0.0,1,0,79.8,2.0,0.0,0.0,0.0,0.0,-0.0,-0.0,-0.0,0.0,0.0,0.0,0.0,0.0,0.0,0.0,0.0,0.0,0.0,0.0,0.0,0.0,0.0,0.0,0.0,0.0,0.0,0.0,0.0,0.0,0.0,0.2,8.5,28.0
14:26:19.000,0.0,0.2,0.0,99.8,3787.2,3547.4,89.6,49.4,12.5,79.2,0.0,0.0,1,0,88.8,2.0,0.0,0.0,0.0,0.0,-0.0,-0.0,-0.0,0.0,0.0,0.0,0.0,0.0,0.0,0.0,0.0,0.0,0.0,0.0,0.0,0.0,0.0,0.0,0.0,0.0,0.0,0.0,0.0,0.0,0.0,0.2,8.5,28.0
14:26:20.000,0.0,0.2,0.0,99.8,3787.2,3547.5,89.6,49.4,12.5,79.2,0.0,0.0,1,0,101.8,2.0,0.0,0.0,0.0,0.0,-0.0,-0.0,-0.0,0.0,0.0,0.0,0.0,0.0,0.0,0.0,0.0,0.0,0.0,0.0,0.0,12.0,0.0,12.0,6.0,0.0,6.0,2.0,0.0,2.0,0.0,0.2,8.5,28.0
14:26:21.000,0.2,0.0,0.2,99.5,3787.2,3547.4,89.6,49.4,12.5,79.0,0.0,0.0,1,0,104.7,2.0,0.0,0.0,0.0,0.0,-0.0,-0.0,-0.0,0.0,0.0,0.0,0.0,0.0,0.0,1.0,0.0,1.0,0.0,0.0,0.0,27.9,0.0,27.9,14.0,0.0,14.0,2.0,0.0,2.0,0.0,0.2,8.5,28.0
14:26:22.000,0.0,0.2,0.0,99.8,3787.2,3547.6,89.6,49.4,12.5,79.1,0.0,0.0,1,0,78.8,2.0,0.0,0.0,0.0,0.0,-0.0,-0.0,-0.0,0.0,0.0,0.0,0.0,0.0,0.0,0.0,0.0,0.0,0.0,0.0,0.0,0.0,0.0,0.0,0.0,0.0,0.0,0.0,0.0,0.0,0.0,0.2,8.5,28.0
14:26:23.000,0.0,0.5,0.0,99.5,3787.2,3547.4,89.6,49.4,12.5,79.0,0.0,0.0,1,0,119.7,2.0,0.0,0.0,0.0,0.0,-0.0,-0.0,-0.0,0.0,0.0,0.0,0.0,0.0,0.0,0.0,0.0,0.0,0.0,0.0,0.0,0.0,0.0,0.0,0.0,0.0,0.0,0.0,0.0,0.0,0.0,0.2,8.5,28.0
14:26:24.000,0.0,0.0,0.0,100.0,3787.2,3547.4,89.6,49.4,12.5,79.1,0.0,0.0,1,0,92.8,2.0,0.0,0.0,0.0,0.0,-0.0,-0.0,-0.0,0.0,0.0,0.0,0.0,0.0,0.0,0.0,0.0,0.0,0.0,0.0,0.0,0.0,0.0,0.0,0.0,0.0,0.0,0.0,0.0,0.0,0.0,0.2,8.5,28.0
14:26:25.000,0.2,0.2,0.0,99.5,3787.2,3547.3,89.6,49.4,12.5,79.1,0.0,0.0,1,0,88.8,2.0,0.0,0.0,0.0,0.0,-0.0,-0.0,-0.0,0.0,0.0,0.0,0.0,0.0,0.0,0.0,0.0,0.0,0.0,0.0,0.0,0.0,0.0,0.0,0.0,0.0,0.0,0.0,0.0,0.0,0.0,0.2,8.5,28.0
14:26:26.000,0.0,0.2,0.2,99.5,3787.2,3547.5,89.6,49.4,12.5,79.1,0.0,0.0,1,0,152.7,2.0,0.0,0.0,0.0,0.0,-0.0,-0.0,-0.0,0.0,0.0,0.0,0.0,0.0,0.0,1.0,0.0,2.0,0.0,0.0,0.0,51.9,0.0,51.9,5.2,0.0,5.2,10.0,0.0,10.0,0.0,0.2,8.5,28.0
14:26:27.000,0.0,0.2,0.0,99.8,3787.2,3547.1,89.6,49.4,12.5,79.1,0.0,0.0,1,0,84.8,2.0,0.0,0.0,0.0,0.0,-0.0,-0.0,-0.0,0.0,0.0,0.0,0.0,0.0,0.0,0.0,0.0,0.0,0.0,0.0,0.0,0.0,0.0,0.0,0.0,0.0,0.0,0.0,0.0,0.0,0.0,0.2,8.5,28.0
14:26:28.000,0.0,0.2,0.0,99.8,3787.2,3547.5,89.6,49.4,12.5,79.2,0.0,0.0,1,0,92.8,2.0,0.0,0.0,0.0,0.0,-0.0,-0.0,-0.0,0.0,0.0,0.0,0.0,0.0,0.0,0.0,0.0,0.0,0.0,0.0,0.0,0.0,0.0,0.0,0.0,0.0,0.0,0.0,0.0,0.0,0.0,0.2,8.5,28.0
14:26:29.000,0.0,0.2,0.0,99.8,3787.2,3547.5,89.6,49.4,12.5,79.3,0.0,0.0,1,0,92.8,2.0,0.0,0.0,0.0,0.0,-0.0,-0.0,-0.0,0.0,0.0,0.0,0.0,0.0,0.0,0.0,0.0,0.0,0.0,0.0,0.0,0.0,0.0,0.0,0.0,0.0,0.0,0.0,0.0,0.0,0.0,0.2,8.5,28.0
14:26:30.000,0.0,0.0,0.2,99.8,3787.2,3547.1,89.6,49.4,12.5,79.0,0.0,0.0,1,0,83.9,2.0,0.0,0.0,0.0,0.0,-0.0,-0.0,-0.0,0.0,0.0,0.0,0.0,0.0,0.0,1.0,0.0,0.0,0.0,0.0,0.0,28.0,0.0,28.0,14.0,0.0,14.0,2.0,0.0,2.0,0.0,0.2,8.5,28.0
14:26:31.000,0.0,0.2,0.0,99.8,3787.2,3547.5,89.6,49.4,12.5,79.3,0.0,0.0,2,0,83.9,2.0,0.0,0.0,0.0,0.0,-0.0,-0.0,-0.0,0.0,0.0,0.0,0.0,0.0,0.0,0.0,0.0,0.0,0.0,0.0,0.0,0.0,0.0,0.0,0.0,0.0,0.0,0.0,0.0,0.0,0.0,0.2,8.5,28.0
14:26:32.000,0.0,0.0,0.0,100.0,3787.2,3547.6,89.6,49.4,12.5,79.1,0.0,0.0,2,0,92.8,0.0,0.0,0.0,0.0,0.0,-0.0,-0.0,-0.0,0.0,0.0,0.0,0.0,0.0,0.0,0.0,0.0,0.0,0.0,0.0,0.0,12.0,0.0,12.0,6.0,0.0,6.0,2.0,0.0,2.0,0.0,0.2,8.5,28.0
14:26:33.000,0.2,0.2,0.0,99.5,3787.2,3547.4,89.6,49.4,12.5,79.2,0.0,0.0,1,0,104.8,2.0,0.0,0.0,0.0,0.0,-0.0,-0.0,-0.0,0.0,0.0,0.0,0.0,0.0,0.0,0.0,0.0,0.0,0.0,0.0,0.0,0.0,0.0,0.0,0.0,0.0,0.0,0.0,0.0,0.0,0.0,0.2,8.5,28.0
14:26:34.000,0.0,0.2,0.0,99.8,3787.2,3547.6,89.6,49.4,12.5,79.1,0.0,0.0,1,0,79.8,2.0,0.0,0.0,0.0,0.0,-0.0,-0.0,-0.0,0.0,0.0,0.0,0.0,0.0,0.0,0.0,0.0,0.0,0.0,0.0,0.0,0.0,0.0,0.0,0.0,0.0,0.0,0.0,0.0,0.0,0.0,0.2,8.5,28.0
14:26:35.000,0.0,0.2,0.0,99.8,3787.2,3547.4,89.6,49.4,12.5,79.2,0.0,0.0,1,0,93.8,2.0,0.0,0.0,0.0,0.0,-0.0,-0.0,-0.0,0.0,0.0,0.0,0.0,0.0,0.0,1.0,0.0,1.0,0.0,0.0,0.0,0.0,0.0,0.0,0.0,0.0,0.0,0.0,0.0,0.0,0.0,0.2,8.5,28.0
14:26:36.000,0.2,0.2,0.0,99.5,3787.2,3547.4,89.6,49.4,12.5,79.2,0.0,0.0,1,0,135.5,2.0,0.0,0.0,0.0,0.0,-0.0,-0.0,-0.0,0.0,0.0,0.0,0.0,0.0,0.0,0.0,0.0,0.0,0.0,0.0,0.0,39.8,0.0,39.8,8.0,0.0,8.0,5.0,0.0,5.0,0.0,0.2,8.5,28.0
14:26:37.000,0.0,0.2,0.0,99.8,3787.2,3547.3,89.6,49.4,12.5,78.9,0.0,0.0,1,0,88.8,2.0,0.0,0.0,0.0,0.0,-0.0,-0.0,-0.0,0.0,0.0,0.0,0.0,0.0,0.0,0.0,0.0,0.0,0.0,0.0,0.0,0.0,0.0,0.0,0.0,0.0,0.0,0.0,0.0,0.0,0.0,0.2,8.5,28.0
14:26:38.000,0.0,0.2,0.0,99.8,3787.2,3547.4,89.6,49.4,12.5,79.2,0.0,0.0,1,0,98.8,2.0,0.0,0.0,0.0,0.0,-0.0,-0.0,-0.0,0.0,0.0,0.0,0.0,0.0,0.0,0.0,0.0,1.0,0.0,0.0,0.0,12.0,0.0,12.0,6.0,0.0,6.0,2.0,0.0,2.0,0.0,0.2,8.5,28.0
14:26:39.000,0.2,0.2,0.0,99.5,3787.2,3547.6,89.6,49.4,12.5,79.1,0.0,0.0,1,0,91.8,2.0,0.0,0.0,0.0,0.0,-0.0,-0.0,-0.0,0.0,0.0,0.0,0.0,0.0,0.0,0.0,0.0,0.0,0.0,0.0,0.0,0.0,0.0,0.0,0.0,0.0,0.0,0.0,0.0,0.0,0.0,0.2,8.5,28.0
14:26:40.000,0.0,0.0,0.0,100.0,3787.2,3547.4,89.6,49.4,12.5,79.1,0.0,0.0,1,0,90.8,2.0,0.0,0.0,0.0,0.0,-0.0,-0.0,-0.0,0.0,0.0,0.0,0.0,0.0,0.0,0.0,0.0,0.0,0.0,0.0,0.0,0.0,0.0,0.0,0.0,0.0,0.0,0.0,0.0,0.0,0.0,0.2,8.5,28.0
14:26:41.000,0.0,0.2,0.2,99.5,3787.2,3547.6,89.6,49.4,12.5,79.1,0.0,0.0,1,0,104.6,2.0,0.0,0.0,0.0,0.0,-0.0,-0.0,-0.0,0.0,0.0,0.0,0.0,0.0,0.0,1.0,0.0,0.0,0.0,0.0,0.0,27.9,0.0,27.9,14.0,0.0,14.0,2.0,0.0,2.0,0.0,0.2,8.5,28.0
14:26:42.000,0.0,0.2,0.0,99.8,3787.2,3547.4,89.6,49.4,12.5,79.1,0.0,0.0,1,0,89.8,2.0,0.0,0.0,0.0,0.0,-0.0,-0.0,-0.0,0.0,0.0,0.0,0.0,0.0,0.0,0.0,0.0,0.0,0.0,0.0,0.0,0.0,0.0,0.0,0.0,0.0,0.0,0.0,0.0,0.0,0.0,0.2,8.5,28.0
14:26:43.000,0.0,0.2,0.0,99.8,3787.2,3547.4,89.6,49.4,12.5,79.2,0.0,0.0,1,0,101.8,2.0,0.0,0.0,0.0,0.0,-0.0,-0.0,-0.0,0.0,0.0,0.0,0.0,0.0,0.0,0.0,0.0,0.0,0.0,0.0,0.0,0.0,0.0,0.0,0.0,0.0,0.0,0.0,0.0,0.0,0.0,0.2,8.5,28.0
14:26:44.000,0.0,0.2,0.0,99.8,3787.2,3547.4,89.6,49.4,12.5,79.1,0.0,0.0,1,0,105.8,2.0,0.0,0.0,0.0,0.0,-0.0,-0.0,-0.0,0.0,0.0,0.0,0.0,0.0,0.0,0.0,0.0,0.0,0.0,0.0,0.0,12.0,0.0,12.0,6.0,0.0,6.0,2.0,0.0,2.0,0.0,0.2,8.5,28.0
14:26:45.000,0.0,0.2,0.0,99.8,3787.2,3547.4,89.6,49.4,12.5,79.1,0.0,0.0,1,0,104.7,2.0,0.0,0.0,0.0,0.0,-0.0,-0.0,-0.0,0.0,0.0,0.0,0.0,0.0,0.0,0.0,0.0,0.0,0.0,0.0,0.0,0.0,0.0,0.0,0.0,0.0,0.0,0.0,0.0,0.0,0.0,0.2,8.5,28.0
14:26:46.000,0.0,0.2,0.0,99.8,3787.2,3547.4,89.6,49.5,12.5,79.1,0.0,0.0,1,0,129.5,2.0,0.0,0.0,0.0,0.0,-0.0,-0.0,-0.0,0.0,0.0,0.0,0.0,0.0,0.0,1.0,0.0,1.0,0.0,0.0,0.0,43.8,0.0,43.8,7.3,0.0,7.3,6.0,0.0,6.0,0.0,0.2,8.5,28.0
14:26:47.000,0.0,0.0,0.0,100.0,3787.2,3547.4,89.6,49.5,12.5,79.1,0.0,0.0,1,0,119.7,2.0,0.0,0.0,0.0,0.1,-0.0,-0.0,-0.0,0.0,0.0,1.0,0.0,0.0,0.0,0.0,0.0,0.0,0.0,0.0,0.0,0.0,0.0,0.0,0.0,0.0,0.0,0.0,0.0,0.0,0.0,0.2,8.5,28.0
14:26:48.000,0.2,0.2,0.0,99.5,3787.2,3547.0,89.6,49.5,12.5,79.1,0.0,0.0,1,0,123.7,3.0,0.0,0.0,0.0,0.0,-0.0,-0.0,-0.0,0.0,0.0,0.0,0.0,0.0,0.0,0.0,0.0,0.0,0.0,0.0,0.0,0.0,0.0,0.0,0.0,0.0,0.0,0.0,0.0,0.0,0.0,0.2,8.5,28.0
14:26:49.000,0.0,0.2,0.0,99.8,3787.2,3547.4,89.6,49.5,12.5,79.1,0.0,0.0,1,0,121.7,2.0,0.0,0.0,0.0,0.0,-0.0,-0.0,-0.0,0.0,0.0,0.0,0.0,0.0,0.0,0.0,0.0,1.0,0.0,0.0,0.0,12.0,0.0,12.0,6.0,0.0,6.0,2.0,0.0,2.0,0.0,0.2,8.5,28.0
14:26:50.000,0.0,0.2,0.0,99.8,3787.2,3547.4,89.6,49.5,12.5,79.2,0.0,0.0,1,0,89.8,2.0,0.0,0.0,0.0,0.0,-0.0,-0.0,-0.0,0.0,0.0,0.0,0.0,0.0,0.0,1.0,0.0,0.0,0.0,0.0,0.0,0.0,0.0,0.0,0.0,0.0,0.0,0.0,0.0,0.0,0.0,0.2,8.5,28.0
14:26:51.000,0.0,0.0,0.2,99.8,3787.2,3547.4,89.6,49.5,12.5,79.1,0.0,0.0,1,0,119.5,2.0,0.0,0.0,0.0,0.0,-0.0,-0.0,-0.0,0.0,0.0,0.0,0.0,0.0,0.0,0.0,0.0,0.0,0.0,0.0,0.0,27.9,0.0,27.9,14.0,0.0,14.0,2.0,0.0,2.0,0.0,0.2,8.5,28.0
14:26:52.000,0.2,0.2,0.0,99.5,3787.2,3547.3,89.6,49.5,12.5,79.2,0.0,0.0,1,0,185.6,2.0,0.0,0.0,0.0,0.1,-0.0,-0.0,-0.1,0.0,0.0,2.0,0.0,0.0,1.0,0.0,0.0,0.0,0.0,0.0,0.0,0.0,0.0,0.0,0.0,0.0,0.0,0.0,0.0,0.0,0.0,0.2,8.5,28.0
14:26:53.000,0.0,0.2,0.0,99.8,3787.2,3547.4,89.6,49.5,12.5,79.2,0.0,0.0,1,0,107.7,2.0,0.0,0.0,0.0,0.0,-0.0,-0.0,-0.0,0.0,0.0,0.0,0.0,0.0,0.0,0.0,0.0,0.0,0.0,0.0,0.0,0.0,0.0,0.0,0.0,0.0,0.0,0.0,0.0,0.0,0.0,0.2,8.5,28.0
14:26:54.000,0.0,0.2,0.0,99.8,3787.2,3547.3,89.6,49.5,12.5,79.2,0.0,0.0,1,0,94.8,2.0,0.0,0.0,0.0,0.0,-0.0,-0.0,-0.0,0.0,0.0,0.0,0.0,0.0,0.0,0.0,0.0,0.0,0.0,0.0,0.0,12.0,0.0,12.0,6.0,0.0,6.0,2.0,0.0,2.0,0.0,0.2,8.5,28.0
14:26:55.000,0.0,0.0,0.0,100.0,3787.2,3547.1,89.6,49.5,12.5,79.2,0.0,0.0,1,0,94.8,2.0,0.0,0.0,0.0,0.0,-0.0,-0.0,-0.0,0.0,0.0,0.0,0.0,0.0,0.0,0.0,0.0,0.0,0.0,0.0,0.0,0.0,0.0,0.0,0.0,0.0,0.0,0.0,0.0,0.0,0.0,0.2,8.5,28.0
14:26:56.000,0.0,0.5,0.2,99.3,3787.2,3547.4,89.6,49.5,12.5,79.1,0.0,0.0,1,0,132.4,2.0,0.0,0.0,0.0,0.0,-0.0,-0.0,-0.0,0.0,0.0,0.0,0.0,0.0,0.0,1.0,0.0,1.0,0.0,0.0,0.0,43.8,0.0,43.8,7.3,0.0,7.3,6.0,0.0,6.0,0.0,0.2,8.5,28.0
14:26:57.000,0.0,0.0,0.0,100.0,3787.2,3547.1,89.6,49.5,12.5,79.1,0.0,0.0,1,0,92.8,2.0,0.0,0.0,0.0,0.0,-0.0,-0.0,-0.0,0.0,0.0,0.0,0.0,0.0,0.0,0.0,0.0,0.0,0.0,0.0,0.0,0.0,0.0,0.0,0.0,0.0,0.0,0.0,0.0,0.0,0.0,0.2,8.5,28.0
14:26:58.000,0.0,0.2,0.0,99.8,3787.2,3547.4,89.6,49.5,12.5,79.2,0.0,0.0,1,0,78.8,2.0,0.0,0.0,0.0,0.0,-0.0,-0.0,-0.0,0.0,0.0,0.0,0.0,0.0,0.0,0.0,0.0,0.0,0.0,0.0,0.0,0.0,0.0,0.0,0.0,0.0,0.0,0.0,0.0,0.0,0.0,0.2,8.5,28.0
14:26:59.000,0.0,0.2,0.0,99.8,3787.2,3547.4,89.6,49.5,12.5,79.2,0.0,0.0,1,0,87.8,2.0,0.0,0.0,0.0,0.0,-0.0,-0.0,-0.0,0.0,0.0,0.0,0.0,0.0,0.0,0.0,0.0,0.0,0.0,0.0,0.0,0.0,0.0,0.0,0.0,0.0,0.0,0.0,0.0,0.0,0.0,0.2,8.5,28.0
14:27:00.000,0.2,0.2,0.0,99.5,3787.2,3547.1,89.6,49.5,12.5,79.2,0.0,0.0,1,0,112.7,2.0,0.0,0.0,0.0,0.0,-0.0,-0.0,-0.0,0.0,0.0,0.0,0.0,0.0,0.0,0.0,0.0,1.0,0.0,0.0,0.0,12.0,0.0,12.0,6.0,0.0,6.0,2.0,0.0,2.0,0.0,0.2,8.5,28.0
14:27:01.000,0.0,0.2,0.0,99.8,3787.2,3547.4,89.6,49.5,12.5,79.1,0.0,0.0,1,0,123.7,2.0,0.0,0.0,0.0,0.0,-0.0,-0.0,-0.0,0.0,0.0,0.0,0.0,0.0,0.0,1.0,0.0,0.0,0.0,0.0,0.0,27.9,0.0,27.9,14.0,0.0,14.0,2.0,0.0,2.0,0.0,0.2,8.5,28.0
14:27:02.000,0.0,0.0,0.0,100.0,3787.2,3547.1,89.6,49.5,12.5,79.2,0.0,0.0,1,0,87.8,2.0,0.0,0.0,0.0,0.0,-0.0,-0.0,-0.0,0.0,0.0,0.0,0.0,0.0,0.0,0.0,0.0,0.0,0.0,0.0,0.0,0.0,0.0,0.0,0.0,0.0,0.0,0.0,0.0,0.0,0.0,0.2,8.5,28.0
14:27:03.000,0.0,0.2,0.0,99.8,3787.2,3547.6,89.6,49.5,12.5,79.2,0.0,0.0,1,0,98.8,2.0,0.0,0.0,0.0,0.0,-0.0,-0.0,-0.0,0.0,0.0,0.0,0.0,0.0,0.0,0.0,0.0,0.0,0.0,0.0,0.0,0.0,0.0,0.0,0.0,0.0,0.0,0.0,0.0,0.0,0.0,0.2,8.5,28.0
14:27:04.000,0.0,0.2,0.0,99.8,3787.2,3547.1,89.6,49.5,12.5,79.2,0.0,0.0,1,0,90.8,2.0,0.0,0.0,0.0,0.0,-0.0,-0.0,-0.0,0.0,0.0,0.0,0.0,0.0,0.0,0.0,0.0,0.0,0.0,0.0,0.0,0.0,0.0,0.0,0.0,0.0,0.0,0.0,0.0,0.0,0.0,0.2,8.5,28.0
14:27:05.000,0.2,0.0,0.0,99.8,3787.2,3547.4,89.6,49.5,12.5,79.1,0.0,0.0,1,0,113.7,2.0,0.0,0.0,0.0,0.0,-0.0,-0.0,-0.0,0.0,0.0,0.0,0.0,0.0,0.0,1.0,0.0,1.0,0.0,0.0,0.0,12.0,0.0,12.0,6.0,0.0,6.0,2.0,0.0,2.0,0.0,0.2,8.5,28.0
14:27:06.000,0.0,0.5,0.2,99.3,3787.2,3547.4,89.6,49.5,12.6,79.2,0.0,0.0,1,0,142.6,3.0,0.0,0.0,0.0,0.0,-0.0,-0.0,-0.0,0.0,0.0,0.0,0.0,0.0,0.0,1.0,0.0,1.0,0.0,0.0,0.0,39.9,0.0,39.9,8.0,0.0,8.0,5.0,0.0,5.0,0.0,0.2,8.5,28.0
14:27:07.000,0.0,0.0,0.0,100.0,3787.2,3547.1,89.6,49.5,12.6,79.2,0.0,0.0,1,0,93.8,2.0,0.0,0.0,0.0,0.0,-0.0,-0.0,-0.0,0.0,0.0,0.0,0.0,0.0,0.0,0.0,0.0,0.0,0.0,0.0,0.0,0.0,0.0,0.0,0.0,0.0,0.0,0.0,0.0,0.0,0.0,0.2,8.5,28.0
14:27:08.000,0.0,0.5,0.0,99.5,3787.2,3547.4,89.6,49.5,12.6,79.2,0.0,0.0,1,0,75.8,2.0,0.0,0.0,0.0,0.0,-0.0,-0.0,-0.0,0.0,0.0,0.0,0.0,0.0,0.0,0.0,0.0,0.0,0.0,0.0,0.0,0.0,0.0,0.0,0.0,0.0,0.0,0.0,0.0,0.0,0.0,0.2,8.5,28.0
14:27:09.000,0.0,0.0,0.0,100.0,3787.2,3547.4,89.6,49.5,12.6,79.1,0.0,0.0,1,0,91.8,2.0,0.0,0.0,0.0,0.0,-0.0,-0.0,-0.0,0.0,0.0,0.0,0.0,0.0,0.0,0.0,0.0,0.0,0.0,0.0,0.0,0.0,0.0,0.0,0.0,0.0,0.0,0.0,0.0,0.0,0.0,0.2,8.5,28.0
14:27:10.000,0.2,0.0,0.0,99.8,3787.2,3547.4,89.6,49.5,12.6,79.2,0.0,0.0,1,0,84.8,2.0,0.0,0.0,0.0,0.0,-0.0,-0.0,-0.0,0.0,0.0,0.0,0.0,0.0,0.0,0.0,0.0,0.0,0.0,0.0,0.0,0.0,0.0,0.0,0.0,0.0,0.0,0.0,0.0,0.0,0.0,0.2,8.5,28.0
14:27:11.000,0.0,0.5,0.0,99.5,3787.2,3547.1,89.6,49.5,12.6,79.1,0.0,0.0,1,0,135.4,2.0,0.0,0.0,0.0,0.0,-0.0,-0.0,-0.0,0.0,0.0,0.0,0.0,0.0,0.0,1.0,0.0,1.0,0.0,0.0,0.0,27.9,0.0,27.9,7.0,0.0,7.0,4.0,0.0,4.0,0.0,0.2,8.5,28.0
14:27:12.000,0.0,0.2,0.0,99.8,3787.2,3547.4,89.6,49.5,12.6,79.2,0.0,0.0,1,0,89.8,2.0,0.0,0.0,0.0,0.0,-0.0,-0.0,-0.0,0.0,0.0,0.0,0.0,0.0,0.0,0.0,0.0,0.0,0.0,0.0,0.0,0.0,0.0,0.0,0.0,0.0,0.0,0.0,0.0,0.0,0.0,0.2,8.5,28.0
14:27:13.000,0.0,0.2,0.0,99.8,3787.2,3547.1,89.6,49.5,12.6,79.1,0.0,0.0,1,0,90.8,2.0,0.0,0.0,0.0,0.0,-0.0,-0.0,-0.0,0.0,0.0,0.0,0.0,0.0,0.0,0.0,0.0,0.0,0.0,0.0,0.0,0.0,0.0,0.0,0.0,0.0,0.0,0.0,0.0,0.0,0.0,0.2,8.5,28.0
14:27:14.000,0.0,0.2,0.0,99.8,3787.2,3547.4,89.6,49.5,12.6,79.2,0.0,0.0,1,0,95.8,2.0,0.0,0.0,0.0,0.0,-0.0,-0.0,-0.0,0.0,0.0,0.0,0.0,0.0,0.0,0.0,0.0,0.0,0.0,0.0,0.0,0.0,0.0,0.0,0.0,0.0,0.0,0.0,0.0,0.0,0.0,0.2,8.5,28.0
14:27:15.000,0.0,0.0,0.0,100.0,3787.2,3547.1,89.6,49.5,12.6,79.1,0.0,0.0,1,0,91.8,2.0,0.0,0.0,0.0,0.0,-0.0,-0.0,-0.0,0.0,0.0,0.0,0.0,0.0,0.0,0.0,0.0,0.0,0.0,0.0,0.0,0.0,0.0,0.0,0.0,0.0,0.0,0.0,0.0,0.0,0.0,0.2,8.5,28.0
14:27:16.000,0.0,0.2,0.7,99.0,3787.2,3547.1,89.6,49.5,12.6,79.3,0.0,0.0,1,0,183.3,2.0,0.0,0.0,0.0,0.1,-0.0,-0.0,-0.0,0.0,0.0,1.0,0.0,0.0,0.0,2.0,0.0,2.0,0.0,0.0,0.0,51.8,0.0,51.8,6.5,0.0,6.5,8.0,0.0,8.0,0.0,0.2,8.5,28.0
14:27:17.000,0.0,0.2,0.0,99.8,3787.2,3547.4,89.6,49.5,12.6,79.2,0.0,0.0,1,0,100.8,2.0,0.0,0.0,0.0,0.0,-0.0,-0.0,-0.0,0.0,0.0,0.0,0.0,0.0,0.0,0.0,0.0,0.0,0.0,0.0,0.0,0.0,0.0,0.0,0.0,0.0,0.0,0.0,0.0,0.0,0.0,0.2,8.5,28.0
14:27:18.000,0.2,0.2,0.0,99.5,3787.2,3547.1,89.6,49.5,12.6,79.1,0.0,0.0,1,0,83.8,2.0,0.0,0.0,0.0,0.0,-0.0,-0.0,-0.0,0.0,0.0,0.0,0.0,0.0,0.0,0.0,0.0,0.0,0.0,0.0,0.0,0.0,0.0,0.0,0.0,0.0,0.0,0.0,0.0,0.0,0.0,0.2,8.5,28.0
14:27:19.000,0.0,0.0,0.0,100.0,3787.2,3547.1,89.6,49.5,12.6,79.2,0.0,0.0,1,0,98.8,2.0,0.0,0.0,0.0,0.0,-0.0,-0.0,-0.0,0.0,0.0,0.0,0.0,0.0,0.0,0.0,0.0,0.0,0.0,0.0,0.0,0.0,0.0,0.0,0.0,0.0,0.0,0.0,0.0,0.0,0.0,0.2,8.5,28.0
14:27:20.000,0.0,0.2,0.0,99.8,3787.2,3547.1,89.6,49.5,12.6,79.1,0.0,0.0,1,0,92.8,2.0,0.0,0.0,0.0,0.0,-0.0,-0.0,-0.0,0.0,0.0,0.0,0.0,0.0,0.0,0.0,0.0,0.0,0.0,0.0,0.0,0.0,0.0,0.0,0.0,0.0,0.0,0.0,0.0,0.0,0.0,0.2,8.5,28.0
14:27:21.000,0.0,0.0,0.0,100.0,3787.2,3547.4,89.6,49.5,12.6,79.2,0.0,0.0,1,0,107.7,2.0,0.0,0.0,0.0,0.0,-0.0,-0.0,-0.0,0.0,0.0,0.0,0.0,0.0,0.0,0.0,0.0,0.0,0.0,0.0,0.0,27.9,0.0,27.9,14.0,0.0,14.0,2.0,0.0,2.0,0.0,0.2,8.5,28.0
14:27:22.000,0.0,0.2,0.0,99.8,3787.2,3547.1,89.6,49.5,12.6,79.1,0.0,0.0,1,0,103.7,2.0,0.0,0.0,0.0,0.0,-0.0,-0.0,-0.0,0.0,0.0,0.0,0.0,0.0,0.0,0.0,0.0,1.0,0.0,0.0,0.0,12.0,0.0,12.0,6.0,0.0,6.0,2.0,0.0,2.0,0.0,0.2,8.5,28.0
14:27:23.000,0.2,0.2,0.0,99.5,3787.2,3547.1,89.6,49.5,12.6,79.2,0.0,0.0,1,0,104.7,2.0,0.0,0.0,0.0,0.0,-0.0,-0.0,-0.0,0.0,0.0,0.0,0.0,0.0,0.0,0.0,0.0,0.0,0.0,0.0,0.0,0.0,0.0,0.0,0.0,0.0,0.0,0.0,0.0,0.0,0.0,0.2,8.5,28.0
14:27:24.000,0.0,0.0,0.0,100.0,3787.2,3547.1,89.6,49.5,12.6,79.2,0.0,0.0,1,0,103.8,2.0,0.0,0.0,0.0,0.0,-0.0,-0.0,-0.0,0.0,0.0,0.0,0.0,0.0,0.0,0.0,0.0,0.0,0.0,0.0,0.0,0.0,0.0,0.0,0.0,0.0,0.0,0.0,0.0,0.0,0.0,0.2,8.5,28.0
14:27:25.000,0.0,0.2,0.0,99.8,3787.2,3547.1,89.6,49.5,12.6,79.2,0.0,0.0,1,0,92.8,2.0,0.0,0.0,0.0,0.0,-0.0,-0.0,-0.0,0.0,0.0,0.0,0.0,0.0,0.0,1.0,0.0,0.0,0.0,0.0,0.0,0.0,0.0,0.0,0.0,0.0,0.0,0.0,0.0,0.0,0.0,0.2,8.5,28.0
14:27:26.000,0.0,0.5,0.0,99.5,3787.2,3547.1,89.6,49.5,12.6,79.2,0.0,0.0,1,0,124.7,2.0,0.0,0.0,0.0,0.0,-0.0,-0.0,-0.0,0.0,0.0,0.0,0.0,0.0,0.0,0.0,0.0,0.0,0.0,0.0,0.0,43.9,0.0,43.9,7.3,0.0,7.3,6.0,0.0,6.0,0.0,0.2,8.5,28.0
14:27:27.000,0.0,0.0,0.0,100.0,3787.2,3547.4,89.6,49.5,12.6,79.2,0.0,0.0,1,0,108.7,2.0,0.0,0.0,0.0,0.0,-0.0,-0.0,-0.0,0.0,0.0,0.0,0.0,0.0,0.0,1.0,0.0,1.0,0.0,0.0,0.0,12.0,0.0,12.0,6.0,0.0,6.0,2.0,0.0,2.0,0.0,0.2,8.5,28.0
14:27:28.000,0.2,0.0,0.0,99.8,3787.2,3547.1,89.6,49.5,12.6,79.2,0.0,0.0,1,0,93.8,2.0,0.0,0.0,0.0,0.0,-0.0,-0.0,-0.0,0.0,0.0,0.0,0.0,0.0,0.0,0.0,0.0,0.0,0.0,0.0,0.0,0.0,0.0,0.0,0.0,0.0,0.0,0.0,0.0,0.0,0.0,0.2,8.5,28.0
14:27:29.000,0.0,0.2,0.0,99.8,3787.2,3547.0,89.6,49.5,12.6,79.2,0.0,0.0,1,0,98.8,2.0,0.0,0.0,0.0,0.0,-0.0,-0.0,-0.0,0.0,0.0,0.0,0.0,0.0,0.0,0.0,0.0,0.0,0.0,0.0,0.0,0.0,0.0,0.0,0.0,0.0,0.0,0.0,0.0,0.0,0.0,0.2,8.5,28.0
14:27:30.000,0.0,0.2,0.0,99.8,3787.2,3547.1,89.6,49.5,12.6,79.2,0.0,0.0,1,0,84.8,2.0,0.0,0.0,0.0,0.0,-0.0,-0.0,-0.0,0.0,0.0,0.0,0.0,0.0,0.0,0.0,0.0,0.0,0.0,0.0,0.0,0.0,0.0,0.0,0.0,0.0,0.0,0.0,0.0,0.0,0.0,0.2,8.5,28.0
14:27:31.000,0.0,0.2,0.2,99.5,3787.2,3547.1,89.6,49.5,12.6,79.2,0.0,0.0,1,0,117.7,2.0,0.0,0.0,0.0,0.0,-0.0,-0.0,-0.0,0.0,0.0,0.0,0.0,0.0,0.0,0.0,0.0,0.0,0.0,0.0,0.0,27.9,0.0,27.9,14.0,0.0,14.0,2.0,0.0,2.0,0.0,0.2,8.5,28.0
14:27:32.000,0.0,0.2,0.0,99.8,3787.2,3547.1,89.6,49.5,12.6,79.1,0.0,0.0,1,0,88.8,2.0,0.0,0.0,0.0,0.0,-0.0,-0.0,-0.0,0.0,0.0,0.0,0.0,0.0,0.0,0.0,0.0,0.0,0.0,0.0,0.0,0.0,0.0,0.0,0.0,0.0,0.0,0.0,0.0,0.0,0.0,0.2,8.5,28.0
14:27:33.000,0.2,0.2,0.0,99.5,3787.2,3547.1,89.6,49.5,12.6,79.2,0.0,0.0,1,0,122.7,2.0,0.0,0.0,0.0,0.0,-0.0,-0.0,-0.0,0.0,0.0,0.0,0.0,0.0,0.0,0.0,0.0,1.0,0.0,0.0,0.0,12.0,0.0,12.0,6.0,0.0,6.0,2.0,0.0,2.0,0.0,0.2,8.5,28.0
14:27:34.000,0.0,0.2,0.0,99.8,3787.2,3547.4,89.6,49.5,12.6,79.2,0.0,0.0,1,0,106.7,2.0,0.0,0.0,0.0,0.0,-0.0,-0.0,-0.0,0.0,0.0,0.0,0.0,0.0,0.0,0.0,0.0,0.0,0.0,0.0,0.0,0.0,0.0,0.0,0.0,0.0,0.0,0.0,0.0,0.0,0.0,0.2,8.5,28.0
14:27:35.000,0.0,0.2,0.0,99.8,3787.2,3547.4,89.6,49.5,12.6,79.2,0.0,0.0,1,0,98.8,2.0,0.0,0.0,0.0,0.0,-0.0,-0.0,-0.0,0.0,0.0,0.0,0.0,0.0,0.0,1.0,0.0,0.0,0.0,0.0,0.0,0.0,0.0,0.0,0.0,0.0,0.0,0.0,0.0,0.0,0.0,0.2,8.5,28.0
14:27:36.000,0.0,0.2,0.0,99.8,3787.2,3547.1,89.6,49.5,12.6,79.2,0.0,0.0,1,0,128.7,2.0,0.0,0.0,0.0,0.0,-0.0,-0.0,-0.0,0.0,0.0,0.0,0.0,0.0,0.0,1.0,0.0,1.0,0.0,0.0,0.0,51.9,0.0,51.9,7.4,0.0,7.4,7.0,0.0,7.0,0.0,0.2,8.5,28.0
14:27:37.000,0.0,0.0,0.0,100.0,3787.2,3547.4,89.6,49.5,12.6,79.2,0.0,0.0,1,0,100.8,2.0,0.0,0.0,0.0,0.0,-0.0,-0.0,-0.0,0.0,0.0,0.0,0.0,0.0,0.0,0.0,0.0,0.0,0.0,0.0,0.0,0.0,0.0,0.0,0.0,0.0,0.0,0.0,0.0,0.0,0.0,0.2,8.5,28.0
14:27:38.000,0.0,0.5,0.0,99.5,3787.2,3547.1,89.6,49.5,12.6,79.2,0.0,0.0,1,0,88.8,2.0,0.0,0.0,0.0,0.0,-0.0,-0.0,-0.0,0.0,0.0,0.0,0.0,0.0,0.0,0.0,0.0,0.0,0.0,0.0,0.0,0.0,0.0,0.0,0.0,0.0,0.0,0.0,0.0,0.0,0.0,0.2,8.5,28.0
14:27:39.000,0.0,0.2,0.0,99.8,3787.2,3547.4,89.6,49.5,12.6,79.2,0.0,0.0,1,0,98.8,2.0,0.0,0.0,0.0,0.0,-0.0,-0.0,-0.0,0.0,0.0,0.0,0.0,0.0,0.0,0.0,0.0,0.0,0.0,0.0,0.0,0.0,0.0,0.0,0.0,0.0,0.0,0.0,0.0,0.0,0.0,0.2,8.5,28.0
14:27:40.000,0.0,0.0,0.0,100.0,3787.2,3547.0,89.6,49.5,12.6,79.1,0.0,0.0,1,0,102.8,2.0,0.0,0.0,0.0,0.0,-0.0,-0.0,-0.0,0.0,0.0,0.0,0.0,0.0,0.0,0.0,0.0,0.0,0.0,0.0,0.0,0.0,0.0,0.0,0.0,0.0,0.0,0.0,0.0,0.0,0.0,0.2,8.5,28.0
14:27:41.000,0.0,0.2,0.2,99.5,3787.2,3547.1,89.6,49.5,12.6,79.2,0.0,0.0,1,0,112.6,2.0,0.0,0.0,0.0,0.0,-0.0,-0.0,-0.0,0.0,0.0,0.0,0.0,0.0,0.0,0.0,0.0,0.0,0.0,0.0,0.0,15.9,0.0,15.9,8.0,0.0,8.0,2.0,0.0,2.0,0.0,0.2,8.5,28.0
14:27:42.000,0.2,0.2,0.0,99.5,3787.2,3547.1,89.6,49.5,12.6,79.2,0.0,0.0,1,0,88.8,2.0,0.0,0.0,0.0,0.0,-0.0,-0.0,-0.0,0.0,0.0,0.0,0.0,0.0,0.0,0.0,0.0,0.0,0.0,0.0,0.0,0.0,0.0,0.0,0.0,0.0,0.0,0.0,0.0,0.0,0.0,0.2,8.5,28.0
14:27:43.000,0.0,0.0,0.0,100.0,3787.2,3547.4,89.6,49.5,12.6,79.2,0.0,0.0,1,0,96.8,2.0,0.0,0.0,0.0,0.0,-0.0,-0.0,-0.0,0.0,0.0,0.0,0.0,0.0,0.0,0.0,0.0,0.0,0.0,0.0,0.0,0.0,0.0,0.0,0.0,0.0,0.0,0.0,0.0,0.0,0.0,0.2,8.5,28.0
14:27:44.000,0.0,0.2,0.0,99.8,3787.2,3547.4,89.6,49.5,12.6,79.1,0.0,0.0,1,0,100.8,2.0,0.0,0.0,0.0,0.0,-0.0,-0.0,-0.0,0.0,0.0,0.0,0.0,0.0,0.0,0.0,0.0,0.0,0.0,0.0,0.0,0.0,0.0,0.0,0.0,0.0,0.0,0.0,0.0,0.0,0.0,0.2,8.5,28.0
14:27:45.000,0.0,0.5,0.0,99.5,3787.2,3547.4,89.6,49.5,12.6,79.2,0.0,0.0,1,0,92.8,2.0,0.0,0.0,0.0,0.0,-0.0,-0.0,-0.0,0.0,0.0,0.0,0.0,0.0,0.0,0.0,0.0,0.0,0.0,0.0,0.0,0.0,0.0,0.0,0.0,0.0,0.0,0.0,0.0,0.0,0.0,0.2,8.5,28.0
14:27:46.000,0.0,0.0,0.0,100.0,3787.2,3547.6,89.6,49.5,12.6,79.1,0.0,0.0,1,0,141.5,2.0,0.0,0.0,0.0,0.1,-0.0,-0.0,-0.0,0.0,0.0,1.0,0.0,0.0,0.0,0.0,0.0,1.0,0.0,0.0,0.0,19.9,0.0,19.9,6.7,0.0,6.7,3.0,0.0,3.0,0.0,0.2,8.5,28.0
14:27:47.000,0.0,0.2,0.0,99.8,3787.2,3547.1,89.6,49.5,12.6,79.2,0.0,0.0,1,0,97.8,2.0,0.0,0.0,0.0,0.0,-0.0,-0.0,-0.0,0.0,0.0,0.0,0.0,0.0,0.0,0.0,0.0,0.0,0.0,0.0,0.0,0.0,0.0,0.0,0.0,0.0,0.0,0.0,0.0,0.0,0.0,0.2,8.5,28.0
14:27:48.000,0.0,0.2,0.0,99.8,3787.2,3547.3,89.6,49.5,12.6,79.1,0.0,0.0,1,0,101.7,2.0,0.0,0.0,0.0,0.0,-0.0,-0.0,-0.0,0.0,0.0,0.0,0.0,0.0,0.0,0.0,0.0,0.0,0.0,0.0,0.0,0.0,0.0,0.0,0.0,0.0,0.0,0.0,0.0,0.0,0.0,0.2,8.5,28.0
14:27:49.000,0.2,0.0,0.0,99.8,3787.2,3547.1,89.6,49.5,12.6,79.2,0.0,0.0,1,0,90.8,2.0,0.0,0.0,0.0,0.0,-0.0,-0.0,-0.0,0.0,0.0,0.0,0.0,0.0,0.0,0.0,0.0,0.0,0.0,0.0,0.0,0.0,0.0,0.0,0.0,0.0,0.0,0.0,0.0,0.0,0.0,0.2,8.5,28.0
14:27:50.000,0.2,0.0,0.0,99.8,3787.2,3547.3,89.6,49.6,12.6,79.1,0.0,0.0,1,0,87.8,2.0,0.0,0.0,0.0,0.0,-0.0,-0.0,-0.0,0.0,0.0,0.0,0.0,0.0,0.0,1.0,0.0,0.0,0.0,0.0,0.0,0.0,0.0,0.0,0.0,0.0,0.0,0.0,0.0,0.0,0.0,0.2,8.5,28.0
14:27:51.000,0.0,0.5,0.2,99.3,3787.2,3547.1,89.6,49.6,12.6,79.2,0.0,0.0,1,0,108.6,2.0,0.0,0.0,0.0,0.0,-0.0,-0.0,-0.0,0.0,0.0,0.0,0.0,0.0,0.0,0.0,0.0,0.0,0.0,0.0,0.0,15.9,0.0,15.9,8.0,0.0,8.0,2.0,0.0,2.0,0.0,0.2,8.5,28.0
14:27:52.000,0.0,0.0,0.0,100.0,3787.2,3547.4,89.6,49.6,12.6,79.2,0.0,0.0,1,0,105.7,2.0,0.0,0.0,0.0,0.0,-0.0,-0.0,-0.0,0.0,0.0,0.0,0.0,0.0,0.0,0.0,0.0,0.0,0.0,0.0,0.0,0.0,0.0,0.0,0.0,0.0,0.0,0.0,0.0,0.0,0.0,0.2,8.5,28.0
14:27:53.000,0.0,0.2,0.0,99.8,3787.2,3547.1,89.6,49.6,12.6,79.0,0.0,0.0,1,0,92.8,2.0,0.0,0.0,0.0,0.0,-0.0,-0.0,-0.0,0.0,0.0,0.0,0.0,0.0,0.0,0.0,0.0,0.0,0.0,0.0,0.0,0.0,0.0,0.0,0.0,0.0,0.0,0.0,0.0,0.0,0.0,0.2,8.5,28.0
14:27:54.000,0.0,0.2,0.0,99.8,3787.2,3547.3,89.6,49.6,12.6,79.1,0.0,0.0,1,0,97.8,2.0,0.0,0.0,0.0,0.0,-0.0,-0.0,-0.0,0.0,0.0,0.0,0.0,0.0,0.0,0.0,0.0,0.0,0.0,0.0,0.0,0.0,0.0,0.0,0.0,0.0,0.0,0.0,0.0,0.0,0.0,0.2,8.5,28.0
14:27:55.000,0.0,0.0,0.0,100.0,3787.2,3547.4,89.6,49.6,12.6,79.2,0.0,0.0,1,0,93.8,2.0,0.0,0.0,0.0,0.0,-0.0,-0.0,-0.0,0.0,0.0,0.0,0.0,0.0,0.0,0.0,0.0,0.0,0.0,0.0,0.0,0.0,0.0,0.0,0.0,0.0,0.0,0.0,0.0,0.0,0.0,0.2,8.5,28.0
14:27:56.000,0.0,0.2,0.0,99.8,3787.2,3547.4,89.6,49.6,12.6,79.2,0.0,0.0,1,0,110.7,2.0,0.0,0.0,0.0,0.0,-0.0,-0.0,-0.0,0.0,0.0,0.0,0.0,0.0,0.0,0.0,0.0,0.0,0.0,0.0,0.0,19.9,0.0,19.9,6.7,0.0,6.7,3.0,0.0,3.0,0.0,0.2,8.5,28.0
14:27:57.000,0.2,0.2,0.0,99.5,3787.2,3547.4,89.6,49.6,12.6,79.2,0.0,0.0,1,0,92.8,2.0,0.0,0.0,0.0,0.0,-0.0,-0.0,-0.0,0.0,0.0,0.0,0.0,0.0,0.0,0.0,0.0,0.0,0.0,0.0,0.0,0.0,0.0,0.0,0.0,0.0,0.0,0.0,0.0,0.0,0.0,0.2,8.5,28.0
14:27:58.000,0.0,0.0,0.0,100.0,3787.2,3547.1,89.6,49.6,12.6,79.2,0.0,0.0,1,0,81.8,2.0,0.0,0.0,0.0,0.0,-0.0,-0.0,-0.0,0.0,0.0,0.0,0.0,0.0,0.0,0.0,0.0,0.0,0.0,0.0,0.0,0.0,0.0,0.0,0.0,0.0,0.0,0.0,0.0,0.0,0.0,0.2,8.5,28.0
14:27:59.000,0.0,0.2,0.0,99.8,3787.2,3547.4,89.6,49.6,12.6,79.2,0.0,0.0,1,0,102.8,2.0,0.0,0.0,0.0,0.0,-0.0,-0.0,-0.0,0.0,0.0,0.0,0.0,0.0,0.0,0.0,0.0,0.0,0.0,0.0,0.0,0.0,0.0,0.0,0.0,0.0,0.0,0.0,0.0,0.0,0.0,0.2,8.5,28.0
14:28:00.000,0.0,0.2,0.0,99.8,3787.2,3547.1,89.6,49.6,12.6,79.2,0.0,0.0,1,0,85.8,2.0,0.0,0.0,0.0,0.0,-0.0,-0.0,-0.0,0.0,0.0,0.0,0.0,0.0,0.0,1.0,0.0,1.0,0.0,0.0,0.0,0.0,0.0,0.0,0.0,0.0,0.0,0.0,0.0,0.0,0.0,0.2,8.5,28.0
14:28:01.000,0.7,0.5,0.2,98.5,3787.2,3554.9,89.6,49.6,12.6,74.7,0.0,0.0,1,0,298.3,2.0,0.0,0.0,0.0,0.4,-0.0,-0.0,-0.9,0.0,0.0,7.0,0.0,0.0,6.0,0.0,0.0,0.0,19.9,0.0,19.9,15.9,0.0,15.9,12.0,0.0,12.0,3.0,0.0,3.0,0.0,0.2,8.5,28.0
14:28:02.000,0.0,0.2,0.0,99.8,3787.2,3554.5,89.6,49.6,12.6,74.8,0.0,0.0,1,0,84.8,2.0,0.0,0.0,0.0,0.0,-0.0,-0.0,-0.0,0.0,0.0,0.0,0.0,0.0,0.0,0.0,0.0,0.0,0.0,0.0,0.0,0.0,0.0,0.0,0.0,0.0,0.0,0.0,0.0,0.0,0.0,0.2,8.5,28.0
14:28:03.000,0.0,0.2,0.0,99.8,3787.2,3554.6,89.6,49.6,12.6,74.8,0.0,0.0,1,0,112.7,2.0,0.0,0.0,0.0,0.0,-0.0,-0.0,-0.0,0.0,0.0,0.0,0.0,0.0,0.0,0.0,0.0,1.0,0.0,0.0,0.0,27.9,0.0,27.9,14.0,0.0,14.0,2.0,0.0,2.0,0.0,0.2,8.5,28.0
14:28:04.000,0.0,0.0,0.0,100.0,3787.2,3554.5,89.6,49.6,12.6,74.9,0.0,0.0,1,0,98.8,2.0,0.0,0.0,0.0,0.0,-0.0,-0.0,-0.0,0.0,0.0,0.0,0.0,0.0,0.0,0.0,0.0,0.0,0.0,0.0,0.0,0.0,0.0,0.0,0.0,0.0,0.0,0.0,0.0,0.0,0.0,0.2,8.5,28.0
14:28:05.000,0.0,0.2,0.0,99.8,3787.2,3554.0,89.6,49.6,12.6,74.9,0.0,0.0,1,0,109.7,2.0,0.0,0.0,0.0,0.0,-0.0,-0.0,-0.0,0.0,0.0,0.0,0.0,0.0,0.0,1.0,0.0,0.0,0.0,0.0,0.0,0.0,0.0,0.0,0.0,0.0,0.0,0.0,0.0,0.0,0.0,0.2,8.5,28.0
14:28:06.000,0.0,0.2,0.2,99.5,3787.2,3554.3,89.6,49.6,12.6,75.0,0.0,0.0,1,0,175.3,2.0,0.0,0.0,0.0,0.0,-0.0,-0.0,-0.0,0.0,0.0,1.0,0.0,0.0,1.0,0.0,0.0,0.0,0.0,0.0,0.0,43.8,0.0,43.8,7.3,0.0,7.3,6.0,0.0,6.0,0.0,0.2,8.5,28.0
14:28:07.000,0.0,0.2,0.0,99.8,3787.2,3553.8,89.6,49.6,12.6,74.8,0.0,0.0,1,0,92.8,2.0,0.0,0.0,0.0,0.0,-0.0,-0.0,-0.0,0.0,0.0,0.0,0.0,0.0,0.0,0.0,0.0,0.0,0.0,0.0,0.0,0.0,0.0,0.0,0.0,0.0,0.0,0.0,0.0,0.0,0.0,0.2,8.5,28.0
14:28:08.000,0.2,0.2,0.0,99.5,3787.2,3553.8,89.6,49.6,12.6,74.9,0.0,0.0,1,0,94.8,2.0,0.0,0.0,0.0,0.0,-0.0,-0.0,-0.0,0.0,0.0,0.0,0.0,0.0,0.0,0.0,0.0,0.0,0.0,0.0,0.0,0.0,0.0,0.0,0.0,0.0,0.0,0.0,0.0,0.0,0.0,0.2,8.5,28.0
14:28:09.000,0.2,0.0,0.0,99.8,3787.2,3553.4,89.6,49.6,12.6,74.9,0.0,0.0,1,0,99.8,2.0,0.0,0.0,0.0,0.0,-0.0,-0.0,-0.0,0.0,0.0,0.0,0.0,0.0,0.0,0.0,0.0,0.0,0.0,0.0,0.0,0.0,0.0,0.0,0.0,0.0,0.0,0.0,0.0,0.0,0.0,0.2,8.5,28.0
14:28:10.000,0.0,0.2,0.0,99.8,3787.2,3553.3,89.6,49.6,12.6,74.7,0.0,0.0,1,0,89.8,2.0,0.0,0.0,0.0,0.0,-0.0,-0.0,-0.0,0.0,0.0,0.0,0.0,0.0,0.0,0.0,0.0,0.0,0.0,0.0,0.0,0.0,0.0,0.0,0.0,0.0,0.0,0.0,0.0,0.0,0.0,0.2,8.5,28.0
14:28:11.000,0.0,0.2,0.2,99.5,3787.2,3553.2,89.6,49.6,12.7,74.9,0.0,0.0,1,0,117.6,2.0,0.0,0.0,0.0,0.0,-0.0,-0.0,-0.0,0.0,0.0,0.0,0.0,0.0,0.0,1.0,0.0,1.0,0.0,0.0,0.0,15.9,0.0,15.9,8.0,0.0,8.0,2.0,0.0,2.0,0.0,0.2,8.5,28.0
14:28:12.000,0.0,0.2,0.0,99.8,3787.2,3553.0,89.6,49.6,12.7,74.8,0.0,0.0,1,0,89.8,2.0,0.0,0.0,0.0,0.0,-0.0,-0.0,-0.0,0.0,0.0,0.0,0.0,0.0,0.0,0.0,0.0,0.0,0.0,0.0,0.0,0.0,0.0,0.0,0.0,0.0,0.0,0.0,0.0,0.0,0.0,0.2,8.5,28.0
14:28:13.000,0.0,0.2,0.0,99.8,3787.2,3553.0,89.6,49.6,12.7,74.9,0.0,0.0,1,0,95.8,2.0,0.0,0.0,0.0,0.0,-0.0,-0.0,-0.0,0.0,0.0,0.0,0.0,0.0,0.0,0.0,0.0,0.0,0.0,0.0,0.0,0.0,0.0,0.0,0.0,0.0,0.0,0.0,0.0,0.0,0.0,0.2,8.5,28.0
14:28:14.000,0.0,0.2,0.0,99.8,3787.2,3552.7,89.6,49.6,12.7,74.9,0.0,0.0,1,0,92.8,2.0,0.0,0.0,0.0,0.0,-0.0,-0.0,-0.0,0.0,0.0,0.0,0.0,0.0,0.0,0.0,0.0,0.0,0.0,0.0,0.0,0.0,0.0,0.0,0.0,0.0,0.0,0.0,0.0,0.0,0.0,0.2,8.5,28.0
14:28:15.000,0.0,0.2,0.0,99.8,3787.2,3552.7,89.6,49.6,12.7,74.8,0.0,0.0,1,0,102.7,2.0,0.0,0.0,0.0,0.0,-0.0,-0.0,-0.0,0.0,0.0,0.0,0.0,0.0,0.0,0.0,0.0,0.0,0.0,0.0,0.0,0.0,0.0,0.0,0.0,0.0,0.0,0.0,0.0,0.0,0.0,0.2,8.5,28.0
14:28:16.000,0.0,0.2,0.0,99.8,3787.2,3552.5,89.7,49.6,12.7,74.9,0.0,0.0,1,0,155.4,2.0,0.0,0.0,0.0,0.1,-0.0,-0.0,-0.0,0.0,0.0,1.0,0.0,0.0,0.0,0.0,0.0,1.0,0.0,0.0,0.0,19.9,0.0,19.9,6.7,0.0,6.7,3.0,0.0,3.0,0.0,0.2,8.5,28.0
14:28:17.000,0.0,0.2,0.0,99.8,3787.2,3552.5,89.7,49.6,12.7,75.0,0.0,0.0,1,0,95.8,2.0,0.0,0.0,0.0,0.0,-0.0,-0.0,-0.0,0.0,0.0,0.0,0.0,0.0,0.0,0.0,0.0,0.0,0.0,0.0,0.0,0.0,0.0,0.0,0.0,0.0,0.0,0.0,0.0,0.0,0.0,0.2,8.5,28.0
14:28:18.000,0.0,0.5,0.0,99.5,3787.2,3552.3,89.7,49.6,12.7,74.8,0.0,0.0,1,0,84.8,2.0,0.0,0.0,0.0,0.0,-0.0,-0.0,-0.0,0.0,0.0,0.0,0.0,0.0,0.0,0.0,0.0,0.0,0.0,0.0,0.0,0.0,0.0,0.0,0.0,0.0,0.0,0.0,0.0,0.0,0.0,0.2,8.5,28.0
14:28:19.000,0.0,0.0,0.0,100.0,3787.2,3552.0,89.7,49.6,12.7,74.8,0.0,0.0,1,0,87.8,2.0,0.0,0.0,0.0,0.0,-0.0,-0.0,-0.0,0.0,0.0,0.0,0.0,0.0,0.0,0.0,0.0,0.0,0.0,0.0,0.0,0.0,0.0,0.0,0.0,0.0,0.0,0.0,0.0,0.0,0.0,0.2,8.5,28.0
14:28:20.000,0.0,0.2,0.0,99.8,3787.2,3552.0,89.7,49.6,12.7,74.9,0.0,0.0,1,0,93.8,2.0,0.0,0.0,0.0,0.0,-0.0,-0.0,-0.0,0.0,0.0,0.0,0.0,0.0,0.0,1.0,0.0,0.0,0.0,0.0,0.0,16.0,0.0,16.0,8.0,0.0,8.0,2.0,0.0,2.0,0.0,0.2,8.5,28.0
14:28:21.000,0.0,0.2,0.2,99.5,3787.2,3551.8,89.7,49.6,12.7,74.8,0.0,0.0,1,0,109.2,2.0,0.0,0.0,0.0,0.0,-0.0,-0.0,-0.0,0.0,0.0,0.0,0.0,0.0,0.0,0.0,0.0,0.0,0.0,0.0,0.0,0.0,0.0,0.0,0.0,0.0,0.0,0.0,0.0,0.0,0.0,0.2,8.5,28.0
14:28:22.000,0.0,0.2,0.0,99.8,3787.2,3551.6,89.7,49.6,12.7,74.8,0.0,0.0,1,0,81.8,2.0,0.0,0.0,0.0,0.0,-0.0,-0.0,-0.0,0.0,0.0,0.0,0.0,0.0,0.0,0.0,0.0,0.0,0.0,0.0,0.0,0.0,0.0,0.0,0.0,0.0,0.0,0.0,0.0,0.0,0.0,0.2,8.5,28.0
14:28:23.000,0.0,0.2,0.0,99.8,3787.2,3551.6,89.7,49.6,12.7,74.8,0.0,0.0,1,0,104.8,2.0,0.0,0.0,0.0,0.0,-0.0,-0.0,-0.0,0.0,0.0,0.0,0.0,0.0,0.0,0.0,0.0,0.0,0.0,0.0,0.0,0.0,0.0,0.0,0.0,0.0,0.0,0.0,0.0,0.0,0.0,0.2,8.5,28.0
14:28:24.000,0.2,0.0,0.0,99.8,3787.2,3551.6,89.7,49.6,12.7,74.8,0.0,0.0,1,0,88.8,2.0,0.0,0.0,0.0,0.0,-0.0,-0.0,-0.0,0.0,0.0,0.0,0.0,0.0,0.0,0.0,0.0,0.0,0.0,0.0,0.0,0.0,0.0,0.0,0.0,0.0,0.0,0.0,0.0,0.0,0.0,0.2,8.5,28.0
14:28:25.000,0.0,0.2,0.0,99.8,3787.2,3551.8,89.7,49.6,12.7,74.9,0.0,0.0,1,0,105.7,2.0,0.0,0.0,0.0,0.0,-0.0,-0.0,-0.0,0.0,0.0,0.0,0.0,0.0,0.0,0.0,0.0,0.0,0.0,0.0,0.0,0.0,0.0,0.0,0.0,0.0,0.0,0.0,0.0,0.0,0.0,0.2,8.5,28.0
14:28:26.000,0.0,0.2,0.2,99.5,3787.2,3551.6,89.7,49.6,12.7,74.8,0.0,0.0,1,0,113.6,2.0,0.0,0.0,0.0,0.0,-0.0,-0.0,-0.0,0.0,0.0,0.0,0.0,0.0,0.0,1.0,0.0,1.0,0.0,0.0,0.0,19.9,0.0,19.9,6.7,0.0,6.7,3.0,0.0,3.0,0.0,0.2,8.5,28.0
14:28:27.000,0.0,0.2,0.0,99.8,3787.2,3551.3,89.7,49.6,12.7,74.8,0.0,0.0,1,0,94.8,2.0,0.0,0.0,0.0,0.0,-0.0,-0.0,-0.0,0.0,0.0,0.0,0.0,0.0,0.0,0.0,0.0,0.0,0.0,0.0,0.0,0.0,0.0,0.0,0.0,0.0,0.0,0.0,0.0,0.0,0.0,0.2,8.5,28.0
14:28:28.000,0.0,0.2,0.0,99.8,3787.2,3551.7,89.7,49.6,12.7,74.8,0.0,0.0,1,0,93.8,2.0,0.0,0.0,0.0,0.0,-0.0,-0.0,-0.0,0.0,0.0,0.0,0.0,0.0,0.0,0.0,0.0,0.0,0.0,0.0,0.0,0.0,0.0,0.0,0.0,0.0,0.0,0.0,0.0,0.0,0.0,0.2,8.5,28.0
14:28:29.000,0.0,0.0,0.0,100.0,3787.2,3551.3,89.7,49.6,12.7,74.8,0.0,0.0,1,0,96.8,2.0,0.0,0.0,0.0,0.0,-0.0,-0.0,-0.0,0.0,0.0,0.0,0.0,0.0,0.0,0.0,0.0,0.0,0.0,0.0,0.0,0.0,0.0,0.0,0.0,0.0,0.0,0.0,0.0,0.0,0.0,0.2,8.5,28.0
14:28:30.000,0.2,0.2,0.0,99.5,3787.2,3551.7,89.7,49.6,12.7,74.8,0.0,0.0,1,0,82.8,2.0,0.0,0.0,0.0,0.0,-0.0,-0.0,-0.0,0.0,0.0,0.0,0.0,0.0,0.0,0.0,0.0,0.0,0.0,0.0,0.0,0.0,0.0,0.0,0.0,0.0,0.0,0.0,0.0,0.0,0.0,0.2,8.5,28.0
14:28:31.000,0.0,0.2,0.0,99.8,3787.2,3551.6,89.7,49.6,12.7,74.8,0.0,0.0,1,0,106.6,2.0,0.0,0.0,0.0,0.0,-0.0,-0.0,-0.0,0.0,0.0,0.0,0.0,0.0,0.0,0.0,0.0,0.0,0.0,0.0,0.0,15.9,0.0,15.9,8.0,0.0,8.0,2.0,0.0,2.0,0.0,0.2,8.5,28.0
14:28:32.000,0.0,0.0,0.0,100.0,3787.2,3551.7,89.7,49.6,12.7,74.8,0.0,0.0,1,0,100.8,2.0,0.0,0.0,0.0,0.0,-0.0,-0.0,-0.0,0.0,0.0,0.0,0.0,0.0,0.0,0.0,0.0,0.0,0.0,0.0,0.0,0.0,0.0,0.0,0.0,0.0,0.0,0.0,0.0,0.0,0.0,0.2,8.5,28.0
14:28:33.000,0.0,0.5,0.0,99.5,3787.2,3551.6,89.7,49.6,12.7,74.8,0.0,0.0,1,0,91.8,2.0,0.0,0.0,0.0,0.0,-0.0,-0.0,-0.0,0.0,0.0,0.0,0.0,0.0,0.0,0.0,0.0,0.0,0.0,0.0,0.0,0.0,0.0,0.0,0.0,0.0,0.0,0.0,0.0,0.0,0.0,0.2,8.5,28.0
14:28:34.000,0.0,0.0,0.0,100.0,3787.2,3551.4,89.7,49.6,12.7,74.8,0.0,0.0,1,0,112.7,2.0,0.0,0.0,0.0,0.0,-0.0,-0.0,-0.0,0.0,0.0,0.0,0.0,0.0,0.0,0.0,0.0,1.0,0.0,0.0,0.0,27.9,0.0,27.9,14.0,0.0,14.0,2.0,0.0,2.0,0.0,0.2,8.5,28.0
14:28:35.000,0.0,0.2,0.0,99.8,3787.2,3551.6,89.7,49.6,12.7,74.9,0.0,0.0,1,0,96.8,2.0,0.0,0.0,0.0,0.0,-0.0,-0.0,-0.0,0.0,0.0,0.0,0.0,0.0,0.0,1.0,0.0,0.0,0.0,0.0,0.0,0.0,0.0,0.0,0.0,0.0,0.0,0.0,0.0,0.0,0.0,0.2,8.5,28.0
14:28:36.000,0.0,0.2,0.2,99.5,3787.2,3551.4,89.7,49.6,12.7,74.7,0.0,0.0,1,0,137.4,2.0,0.0,0.0,0.0,0.0,-0.0,-0.0,-0.0,0.0,0.0,0.0,0.0,0.0,0.0,1.0,0.0,1.0,0.0,0.0,0.0,43.8,0.0,43.8,7.3,0.0,7.3,6.0,0.0,6.0,0.0,0.2,8.5,28.0
14:28:37.000,0.2,0.2,0.0,99.5,3787.2,3551.6,89.7,49.6,12.7,74.8,0.0,0.0,1,0,96.8,2.0,0.0,0.0,0.0,0.0,-0.0,-0.0,-0.0,0.0,0.0,0.0,0.0,0.0,0.0,0.0,0.0,0.0,0.0,0.0,0.0,0.0,0.0,0.0,0.0,0.0,0.0,0.0,0.0,0.0,0.0,0.2,8.5,28.0
14:28:38.000,0.0,0.2,0.0,99.8,3787.2,3551.6,89.7,49.6,12.7,74.9,0.0,0.0,1,0,90.8,2.0,0.0,0.0,0.0,0.0,-0.0,-0.0,-0.0,0.0,0.0,0.0,0.0,0.0,0.0,0.0,0.0,0.0,0.0,0.0,0.0,0.0,0.0,0.0,0.0,0.0,0.0,0.0,0.0,0.0,0.0,0.2,8.5,28.0
14:28:39.000,0.0,0.2,0.0,99.8,3787.2,3551.6,89.7,49.6,12.7,74.8,0.0,0.0,1,0,81.8,2.0,0.0,0.0,0.0,0.0,-0.0,-0.0,-0.0,0.0,0.0,0.0,0.0,0.0,0.0,0.0,0.0,0.0,0.0,0.0,0.0,0.0,0.0,0.0,0.0,0.0,0.0,0.0,0.0,0.0,0.0,0.2,8.5,28.0
14:28:40.000,0.0,0.2,0.0,99.8,3787.2,3551.7,89.7,49.6,12.7,74.8,0.0,0.0,1,0,108.7,2.0,0.0,0.0,0.0,0.0,-0.0,-0.0,-0.0,0.0,0.0,0.0,0.0,0.0,0.0,0.0,0.0,0.0,0.0,0.0,0.0,0.0,0.0,0.0,0.0,0.0,0.0,0.0,0.0,0.0,0.0,0.2,8.5,28.0
14:28:41.000,0.2,0.0,0.0,99.8,3787.2,3551.3,89.7,49.6,12.7,74.8,0.0,0.0,1,0,106.7,2.0,0.0,0.0,0.0,0.0,-0.0,-0.0,-0.0,0.0,0.0,0.0,0.0,0.0,0.0,0.0,0.0,0.0,0.0,0.0,0.0,16.0,0.0,16.0,8.0,0.0,8.0,2.0,0.0,2.0,0.0,0.2,8.5,28.0
14:28:42.000,0.0,0.2,0.0,99.8,3787.2,3551.8,89.7,49.6,12.7,74.9,0.0,0.0,1,0,98.8,2.0,0.0,0.0,0.0,0.0,-0.0,-0.0,-0.0,0.0,0.0,0.0,0.0,0.0,0.0,0.0,0.0,0.0,0.0,0.0,0.0,0.0,0.0,0.0,0.0,0.0,0.0,0.0,0.0,0.0,0.0,0.2,8.5,28.0
14:28:43.000,0.0,0.2,0.0,99.8,3787.2,3551.3,89.7,49.6,12.7,74.8,0.0,0.0,1,0,82.8,2.0,0.0,0.0,0.0,0.0,-0.0,-0.0,-0.0,0.0,0.0,0.0,0.0,0.0,0.0,0.0,0.0,0.0,0.0,0.0,0.0,0.0,0.0,0.0,0.0,0.0,0.0,0.0,0.0,0.0,0.0,0.2,8.5,28.0
14:28:44.000,0.0,0.0,0.0,100.0,3787.2,3551.8,89.7,49.6,12.7,74.9,0.0,0.0,1,0,77.8,2.0,0.0,0.0,0.0,0.0,-0.0,-0.0,-0.0,0.0,0.0,0.0,0.0,0.0,0.0,0.0,0.0,0.0,0.0,0.0,0.0,0.0,0.0,0.0,0.0,0.0,0.0,0.0,0.0,0.0,0.0,0.2,8.5,28.0
14:28:45.000,0.0,0.2,0.0,99.8,3787.2,3551.6,89.7,49.6,12.7,74.8,0.0,0.0,1,0,92.8,2.0,0.0,0.0,0.0,0.0,-0.0,-0.0,-0.0,0.0,0.0,0.0,0.0,0.0,0.0,0.0,0.0,0.0,0.0,0.0,0.0,0.0,0.0,0.0,0.0,0.0,0.0,0.0,0.0,0.0,0.0,0.2,8.5,28.0
14:28:46.000,0.0,0.2,0.2,99.5,3787.2,3551.3,89.7,49.6,12.7,74.9,0.0,0.0,1,0,158.4,2.0,0.0,0.0,0.0,0.1,-0.0,-0.0,-0.0,0.0,0.0,1.0,0.0,0.0,0.0,1.0,0.0,1.0,0.0,0.0,0.0,27.9,0.0,27.9,7.0,0.0,7.0,4.0,0.0,4.0,0.0,0.2,8.5,28.0
14:28:47.000,0.0,0.0,0.0,100.0,3787.2,3551.6,89.7,49.6,12.7,74.9,0.0,0.0,1,0,93.8,2.0,0.0,0.0,0.0,0.0,-0.0,-0.0,-0.0,0.0,0.0,0.0,0.0,0.0,0.0,0.0,0.0,0.0,0.0,0.0,0.0,0.0,0.0,0.0,0.0,0.0,0.0,0.0,0.0,0.0,0.0,0.2,8.5,28.0
14:28:48.000,0.2,0.2,0.0,99.5,3787.2,3551.6,89.7,49.6,12.7,74.9,0.0,0.0,1,0,108.7,2.0,0.0,0.0,0.0,0.0,-0.0,-0.0,-0.0,0.0,0.0,0.0,0.0,0.0,0.0,0.0,0.0,0.0,0.0,0.0,0.0,0.0,0.0,0.0,0.0,0.0,0.0,0.0,0.0,0.0,0.0,0.2,8.5,28.0
14:28:49.000,0.0,0.2,0.0,99.8,3787.2,3552.0,89.7,49.6,12.7,74.9,0.0,0.0,1,0,83.8,2.0,0.0,0.0,0.0,0.0,-0.0,-0.0,-0.0,0.0,0.0,0.0,0.0,0.0,0.0,0.0,0.0,0.0,0.0,0.0,0.0,0.0,0.0,0.0,0.0,0.0,0.0,0.0,0.0,0.0,0.0,0.2,8.5,28.0
14:28:50.000,0.0,0.2,0.0,99.8,3787.2,3551.6,89.7,49.6,12.7,74.9,0.0,0.0,1,0,82.8,2.0,0.0,0.0,0.0,0.0,-0.0,-0.0,-0.0,0.0,0.0,0.0,0.0,0.0,0.0,0.0,0.0,0.0,0.0,0.0,0.0,0.0,0.0,0.0,0.0,0.0,0.0,0.0,0.0,0.0,0.0,0.2,8.5,28.0
14:28:51.000,0.0,0.2,0.0,99.8,3787.2,3551.8,89.7,49.7,12.7,74.7,0.0,0.0,1,0,114.6,2.0,0.0,0.0,0.0,0.0,-0.0,-0.0,-0.0,0.0,0.0,0.0,0.0,0.0,0.0,0.0,0.0,0.0,0.0,0.0,0.0,15.9,0.0,15.9,8.0,0.0,8.0,2.0,0.0,2.0,0.0,0.2,8.5,28.0
14:28:52.000,0.0,0.2,0.0,99.8,3787.2,3551.8,89.7,49.7,12.7,75.0,0.0,0.0,1,0,123.7,2.0,0.0,0.0,0.0,0.1,-0.0,-0.0,-0.0,0.0,0.0,1.0,0.0,0.0,0.0,0.0,0.0,0.0,0.0,0.0,0.0,0.0,0.0,0.0,0.0,0.0,0.0,0.0,0.0,0.0,0.0,0.2,8.5,28.0
14:28:53.000,0.0,0.2,0.0,99.8,3787.2,3552.0,89.7,49.7,12.7,74.8,0.0,0.0,1,0,93.8,2.0,0.0,0.0,0.0,0.0,-0.0,-0.0,-0.0,0.0,0.0,0.0,0.0,0.0,0.0,0.0,0.0,0.0,0.0,0.0,0.0,0.0,0.0,0.0,0.0,0.0,0.0,0.0,0.0,0.0,0.0,0.2,8.5,28.0
14:28:54.000,0.0,0.0,0.2,99.8,3787.2,3552.0,89.7,49.7,12.7,74.9,0.0,0.0,1,0,141.6,3.0,0.0,0.0,0.0,0.0,-0.0,-0.0,-0.0,0.0,0.0,0.0,0.0,0.0,0.0,1.0,0.0,1.0,0.0,0.0,0.0,23.9,0.0,23.9,8.0,0.0,8.0,3.0,0.0,3.0,0.0,0.2,8.5,28.0
14:28:55.000,0.0,0.2,0.0,99.8,3787.2,3552.3,89.7,49.7,12.7,74.9,0.0,0.0,1,0,86.8,2.0,0.0,0.0,0.0,0.0,-0.0,-0.0,-0.0,0.0,0.0,0.0,0.0,0.0,0.0,0.0,0.0,0.0,0.0,0.0,0.0,0.0,0.0,0.0,0.0,0.0,0.0,0.0,0.0,0.0,0.0,0.2,8.5,28.0
14:28:56.000,0.0,0.2,0.0,99.8,3787.2,3552.3,89.7,49.7,12.7,74.9,0.0,0.0,1,0,121.7,2.0,0.0,0.0,0.0,0.0,-0.0,-0.0,-0.0,0.0,0.0,0.0,0.0,0.0,0.0,0.0,0.0,0.0,0.0,0.0,0.0,4.0,0.0,4.0,4.0,0.0,4.0,1.0,0.0,1.0,0.0,0.2,8.5,28.0
14:28:57.000,0.0,0.2,0.0,99.8,3787.2,3552.5,89.7,49.7,12.7,74.7,0.0,0.0,1,0,205.5,2.0,0.0,0.0,0.0,0.1,-0.0,-0.0,-0.1,0.0,0.0,2.0,0.0,0.0,1.0,0.0,0.0,0.0,0.0,0.0,0.0,0.0,0.0,0.0,0.0,0.0,0.0,0.0,0.0,0.0,0.0,0.2,8.5,28.0
14:28:58.000,0.0,0.2,0.0,99.8,3787.2,3552.5,89.7,49.7,12.7,74.9,0.0,0.0,1,0,85.8,2.0,0.0,0.0,0.0,0.0,-0.0,-0.0,-0.0,0.0,0.0,0.0,0.0,0.0,0.0,0.0,0.0,0.0,0.0,0.0,0.0,0.0,0.0,0.0,0.0,0.0,0.0,0.0,0.0,0.0,0.0,0.2,8.5,28.0
14:28:59.000,0.2,0.0,0.0,99.8,3787.2,3552.8,89.7,49.7,12.7,74.7,0.0,0.0,1,0,102.7,2.0,0.0,0.0,0.0,0.0,-0.0,-0.0,-0.0,0.0,0.0,0.0,0.0,0.0,0.0,0.0,0.0,0.0,0.0,0.0,0.0,16.0,0.0,16.0,8.0,0.0,8.0,2.0,0.0,2.0,0.0,0.2,8.5,28.0
14:29:00.000,0.0,0.2,0.0,99.8,3787.2,3552.8,89.7,49.7,12.7,74.9,0.0,0.0,1,0,99.7,2.0,0.0,0.0,0.0,0.0,-0.0,-0.0,-0.0,0.0,0.0,0.0,0.0,0.0,0.0,0.0,0.0,0.0,0.0,0.0,0.0,0.0,0.0,0.0,0.0,0.0,0.0,0.0,0.0,0.0,0.0,0.2,8.5,28.0
14:29:01.000,0.0,0.2,0.0,99.8,3787.2,3552.8,89.7,49.7,12.7,74.7,0.0,0.0,1,0,83.8,2.0,0.0,0.0,0.0,0.0,-0.0,-0.0,-0.0,0.0,0.0,0.0,0.0,0.0,0.0,0.0,0.0,0.0,0.0,0.0,0.0,0.0,0.0,0.0,0.0,0.0,0.0,0.0,0.0,0.0,0.0,0.2,8.5,28.0
14:29:02.000,0.0,0.2,0.0,99.8,3787.2,3552.9,89.7,49.7,12.7,74.8,0.0,0.0,1,0,87.8,2.0,0.0,0.0,0.0,0.0,-0.0,-0.0,-0.0,0.0,0.0,0.0,0.0,0.0,0.0,0.0,0.0,0.0,0.0,0.0,0.0,0.0,0.0,0.0,0.0,0.0,0.0,0.0,0.0,0.0,0.0,0.2,8.5,28.0
14:29:03.000,0.2,0.0,0.0,99.8,3787.2,3553.0,89.7,49.7,12.7,74.9,0.0,0.0,1,0,90.8,2.0,0.0,0.0,0.0,0.0,-0.0,-0.0,-0.0,0.0,0.0,0.0,0.0,0.0,0.0,0.0,0.0,0.0,0.0,0.0,0.0,0.0,0.0,0.0,0.0,0.0,0.0,0.0,0.0,0.0,0.0,0.2,8.5,28.0
14:29:04.000,0.0,0.2,0.0,99.8,3787.2,3553.3,89.7,49.7,12.7,74.9,0.0,0.0,1,0,102.7,2.0,0.0,0.0,0.0,0.0,-0.0,-0.0,-0.0,0.0,0.0,0.0,0.0,0.0,0.0,0.0,0.0,1.0,0.0,0.0,0.0,0.0,0.0,0.0,0.0,0.0,0.0,0.0,0.0,0.0,0.0,0.2,8.5,28.0
14:29:05.000,0.0,0.5,0.0,99.5,3787.2,3553.3,89.7,49.7,12.7,74.7,0.0,0.0,1,0,119.5,2.0,0.0,0.0,0.0,0.0,-0.0,-0.0,-0.0,0.0,0.0,0.0,0.0,0.0,0.0,1.0,0.0,0.0,0.0,0.0,0.0,43.8,0.0,43.8,11.0,0.0,11.0,4.0,0.0,4.0,0.0,0.2,8.5,28.0
14:29:06.000,0.0,0.0,0.0,100.0,3787.2,3553.3,89.7,49.7,12.7,74.9,0.0,0.0,1,0,106.7,2.0,0.0,0.0,0.0,0.0,-0.0,-0.0,-0.0,0.0,0.0,0.0,0.0,0.0,0.0,0.0,0.0,0.0,0.0,0.0,0.0,0.0,0.0,0.0,0.0,0.0,0.0,0.0,0.0,0.0,0.0,0.2,8.5,28.0
14:29:07.000,0.0,0.2,0.0,99.8,3787.2,3553.5,89.7,49.7,12.7,74.9,0.0,0.0,1,0,80.8,2.0,0.0,0.0,0.0,0.0,-0.0,-0.0,-0.0,0.0,0.0,0.0,0.0,0.0,0.0,0.0,0.0,0.0,0.0,0.0,0.0,0.0,0.0,0.0,0.0,0.0,0.0,0.0,0.0,0.0,0.0,0.2,8.5,28.0
14:29:08.000,0.0,0.2,0.0,99.8,3787.2,3553.5,89.7,49.7,12.7,75.0,0.0,0.0,1,0,93.8,2.0,0.0,0.0,0.0,0.0,-0.0,-0.0,-0.0,0.0,0.0,0.0,0.0,0.0,0.0,0.0,0.0,0.0,0.0,0.0,0.0,0.0,0.0,0.0,0.0,0.0,0.0,0.0,0.0,0.0,0.0,0.2,8.5,28.0
14:29:09.000,0.2,0.2,0.0,99.5,3787.2,3553.5,89.7,49.7,12.7,74.9,0.0,0.0,1,0,97.8,2.0,0.0,0.0,0.0,0.0,-0.0,-0.0,-0.0,0.0,0.0,0.0,0.0,0.0,0.0,0.0,0.0,0.0,0.0,0.0,0.0,0.0,0.0,0.0,0.0,0.0,0.0,0.0,0.0,0.0,0.0,0.2,8.5,28.0
14:29:10.000,0.0,0.2,0.2,99.5,3787.2,3553.8,89.7,49.7,12.7,74.9,0.0,0.0,1,0,128.5,2.0,0.0,0.0,0.0,0.0,-0.0,-0.0,-0.0,0.0,0.0,0.0,0.0,0.0,0.0,1.0,0.0,1.0,0.0,0.0,0.0,43.8,0.0,43.8,7.3,0.0,7.3,6.0,0.0,6.0,0.0,0.2,8.5,28.0
14:29:11.000,0.0,0.2,0.0,99.8,3787.2,3553.5,89.7,49.7,12.7,74.9,0.0,0.0,1,0,91.8,2.0,0.0,0.0,0.0,0.0,-0.0,-0.0,-0.0,0.0,0.0,0.0,0.0,0.0,0.0,0.0,0.0,0.0,0.0,0.0,0.0,0.0,0.0,0.0,0.0,0.0,0.0,0.0,0.0,0.0,0.0,0.2,8.5,28.0
14:29:12.000,0.0,0.2,0.0,99.8,3787.2,3554.0,89.7,49.7,12.7,74.9,0.0,0.0,1,0,119.7,2.0,0.0,0.0,0.0,0.0,-0.0,-0.0,-0.0,0.0,0.0,0.0,0.0,0.0,0.0,0.0,0.0,0.0,0.0,0.0,0.0,0.0,0.0,0.0,0.0,0.0,0.0,0.0,0.0,0.0,0.0,0.2,8.5,28.0
14:29:13.000,0.0,0.0,0.0,100.0,3787.2,3553.8,89.7,49.7,12.7,74.9,0.0,0.0,1,0,86.8,2.0,0.0,0.0,0.0,0.0,-0.0,-0.0,-0.0,0.0,0.0,0.0,0.0,0.0,0.0,0.0,0.0,0.0,0.0,0.0,0.0,0.0,0.0,0.0,0.0,0.0,0.0,0.0,0.0,0.0,0.0,0.2,8.5,28.0
14:29:14.000,0.0,0.2,0.0,99.8,3787.2,3553.8,89.7,49.7,12.8,74.9,0.0,0.0,1,0,95.8,2.0,0.0,0.0,0.0,0.0,-0.0,-0.0,-0.0,0.0,0.0,0.0,0.0,0.0,0.0,0.0,0.0,0.0,0.0,0.0,0.0,0.0,0.0,0.0,0.0,0.0,0.0,0.0,0.0,0.0,0.0,0.2,8.5,28.0
14:29:15.000,0.0,0.2,0.0,99.8,3787.2,3553.8,89.7,49.7,12.8,74.9,0.0,0.0,1,0,102.7,2.0,0.0,0.0,0.0,0.0,-0.0,-0.0,-0.0,0.0,0.0,0.0,0.0,0.0,0.0,0.0,0.0,0.0,0.0,0.0,0.0,16.0,0.0,16.0,8.0,0.0,8.0,2.0,0.0,2.0,0.0,0.2,8.5,28.0
14:29:16.000,0.0,0.0,0.0,100.0,3787.2,3553.5,89.7,49.7,12.8,74.9,0.0,0.0,1,0,105.7,2.0,0.0,0.0,0.0,0.0,-0.0,-0.0,-0.0,0.0,0.0,0.0,0.0,0.0,0.0,0.0,0.0,0.0,0.0,0.0,0.0,0.0,0.0,0.0,0.0,0.0,0.0,0.0,0.0,0.0,0.0,0.2,8.5,28.0
14:29:17.000,0.0,0.5,0.0,99.5,3787.2,3553.8,89.7,49.7,12.8,74.8,0.0,0.0,1,0,86.8,2.0,0.0,0.0,0.0,0.0,-0.0,-0.0,-0.0,0.0,0.0,0.0,0.0,0.0,0.0,0.0,0.0,0.0,0.0,0.0,0.0,0.0,0.0,0.0,0.0,0.0,0.0,0.0,0.0,0.0,0.0,0.2,8.5,28.0
14:29:18.000,0.0,0.0,0.0,100.0,3787.2,3553.5,89.7,49.7,12.8,74.9,0.0,0.0,1,0,93.8,2.0,0.0,0.0,0.0,0.0,-0.0,-0.0,-0.0,0.0,0.0,0.0,0.0,0.0,0.0,0.0,0.0,0.0,0.0,0.0,0.0,0.0,0.0,0.0,0.0,0.0,0.0,0.0,0.0,0.0,0.0,0.2,8.5,28.0
14:29:19.000,0.0,0.2,0.0,99.8,3787.2,3553.5,89.7,49.7,12.8,74.8,0.0,0.0,1,0,93.8,2.0,0.0,0.0,0.0,0.0,-0.0,-0.0,-0.0,0.0,0.0,0.0,0.0,0.0,0.0,0.0,0.0,1.0,0.0,0.0,0.0,0.0,0.0,0.0,0.0,0.0,0.0,0.0,0.0,0.0,0.0,0.2,8.5,28.0
14:29:20.000,0.2,0.2,0.2,99.3,3787.2,3553.5,89.7,49.7,12.8,74.9,0.0,0.0,1,0,137.5,2.0,0.0,0.0,0.0,0.0,-0.0,-0.0,-0.0,0.0,0.0,0.0,0.0,0.0,0.0,0.0,0.0,0.0,0.0,0.0,0.0,19.9,0.0,19.9,6.7,0.0,6.7,3.0,0.0,3.0,0.0,0.2,8.5,28.0
14:29:21.000,0.0,0.2,0.0,99.8,3787.2,3553.5,89.7,49.7,12.8,74.8,0.0,0.0,1,0,91.8,2.0,0.0,0.0,0.0,0.0,-0.0,-0.0,-0.0,0.0,0.0,0.0,0.0,0.0,0.0,0.0,0.0,0.0,0.0,0.0,0.0,0.0,0.0,0.0,0.0,0.0,0.0,0.0,0.0,0.0,0.0,0.2,8.5,28.0
14:29:22.000,0.0,0.0,0.0,100.0,3787.2,3553.5,89.7,49.7,12.8,74.9,0.0,0.0,1,0,92.8,2.0,0.0,0.0,0.0,0.0,-0.0,-0.0,-0.0,0.0,0.0,0.0,0.0,0.0,0.0,0.0,0.0,0.0,0.0,0.0,0.0,0.0,0.0,0.0,0.0,0.0,0.0,0.0,0.0,0.0,0.0,0.2,8.5,28.0
14:29:23.000,0.2,0.2,0.0,99.5,3787.2,3553.5,89.7,49.7,12.8,74.8,0.0,0.0,1,0,83.8,2.0,0.0,0.0,0.0,0.0,-0.0,-0.0,-0.0,0.0,0.0,0.0,0.0,0.0,0.0,0.0,0.0,0.0,0.0,0.0,0.0,0.0,0.0,0.0,0.0,0.0,0.0,0.0,0.0,0.0,0.0,0.2,8.5,28.0
14:29:24.000,0.0,0.2,0.0,99.8,3787.2,3553.3,89.7,49.7,12.8,74.9,0.0,0.0,1,0,125.7,2.0,0.0,0.0,0.0,0.1,-0.0,-0.0,-0.0,0.0,0.0,1.0,0.0,0.0,0.0,0.0,0.0,0.0,0.0,0.0,0.0,0.0,0.0,0.0,0.0,0.0,0.0,0.0,0.0,0.0,0.0,0.2,8.5,28.0
14:29:25.000,0.0,0.2,0.0,99.8,3787.2,3553.5,89.7,49.7,12.8,74.9,0.0,0.0,1,0,109.6,2.0,0.0,0.0,0.0,0.0,-0.0,-0.0,-0.0,0.0,0.0,0.0,0.0,0.0,0.0,1.0,0.0,0.0,0.0,0.0,0.0,15.9,0.0,15.9,8.0,0.0,8.0,2.0,0.0,2.0,0.0,0.2,8.5,28.0
14:29:26.000,0.0,0.0,0.0,100.0,3787.2,3553.3,89.7,49.7,12.8,74.9,0.0,0.0,1,0,106.7,2.0,0.0,0.0,0.0,0.0,-0.0,-0.0,-0.0,0.0,0.0,0.0,0.0,0.0,0.0,0.0,0.0,0.0,0.0,0.0,0.0,0.0,0.0,0.0,0.0,0.0,0.0,0.0,0.0,0.0,0.0,0.2,8.5,28.0
14:29:27.000,0.0,0.5,0.0,99.5,3787.2,3553.5,89.7,49.7,12.8,74.9,0.0,0.0,1,0,87.8,2.0,0.0,0.0,0.0,0.0,-0.0,-0.0,-0.0,0.0,0.0,0.0,0.0,0.0,0.0,0.0,0.0,0.0,0.0,0.0,0.0,0.0,0.0,0.0,0.0,0.0,0.0,0.0,0.0,0.0,0.0,0.2,8.5,28.0
14:29:28.000,0.2,0.0,0.0,99.8,3787.2,3553.5,89.7,49.7,12.8,74.9,0.0,0.0,1,0,93.8,2.0,0.0,0.0,0.0,0.0,-0.0,-0.0,-0.0,0.0,0.0,0.0,0.0,0.0,0.0,0.0,0.0,0.0,0.0,0.0,0.0,0.0,0.0,0.0,0.0,0.0,0.0,0.0,0.0,0.0,0.0,0.2,8.5,28.0
14:29:29.000,0.0,0.2,0.0,99.8,3787.2,3553.3,89.7,49.7,12.8,74.9,0.0,0.0,1,0,83.8,2.0,0.0,0.0,0.0,0.0,-0.0,-0.0,-0.0,0.0,0.0,0.0,0.0,0.0,0.0,0.0,0.0,0.0,0.0,0.0,0.0,0.0,0.0,0.0,0.0,0.0,0.0,0.0,0.0,0.0,0.0,0.2,8.5,28.0
14:29:30.000,0.0,0.2,0.2,99.5,3787.2,3553.3,89.7,49.7,12.8,74.9,0.0,0.0,1,0,110.6,2.0,0.0,0.0,0.0,0.0,-0.0,-0.0,-0.0,0.0,0.0,0.0,0.0,0.0,0.0,0.0,0.0,0.0,0.0,0.0,0.0,19.9,0.0,19.9,6.7,0.0,6.7,3.0,0.0,3.0,0.0,0.2,8.5,28.0
14:29:31.000,0.0,0.0,0.0,100.0,3787.2,3553.3,89.7,49.7,12.8,74.9,0.0,0.0,1,0,91.8,2.0,0.0,0.0,0.0,0.0,-0.0,-0.0,-0.0,0.0,0.0,0.0,0.0,0.0,0.0,0.0,0.0,0.0,0.0,0.0,0.0,0.0,0.0,0.0,0.0,0.0,0.0,0.0,0.0,0.0,0.0,0.2,8.5,28.0
14:29:32.000,0.0,0.5,0.0,99.5,3787.2,3553.3,89.7,49.7,12.8,74.9,0.0,0.0,1,0,96.8,2.0,0.0,0.0,0.0,0.0,-0.0,-0.0,-0.0,0.0,0.0,0.0,0.0,0.0,0.0,0.0,0.0,0.0,0.0,0.0,0.0,0.0,0.0,0.0,0.0,0.0,0.0,0.0,0.0,0.0,0.0,0.2,8.5,28.0
14:29:33.000,0.2,0.0,0.0,99.8,3787.2,3553.3,89.7,49.7,12.8,74.9,0.0,0.0,1,0,87.8,2.0,0.0,0.0,0.0,0.0,-0.0,-0.0,-0.0,0.0,0.0,0.0,0.0,0.0,0.0,0.0,0.0,0.0,0.0,0.0,0.0,0.0,0.0,0.0,0.0,0.0,0.0,0.0,0.0,0.0,0.0,0.2,8.5,28.0
14:29:34.000,0.0,0.2,0.0,99.8,3787.2,3553.5,89.7,49.7,12.8,74.9,0.0,0.0,1,0,87.8,2.0,0.0,0.0,0.0,0.0,-0.0,-0.0,-0.0,0.0,0.0,0.0,0.0,0.0,0.0,1.0,0.0,1.0,0.0,0.0,0.0,0.0,0.0,0.0,0.0,0.0,0.0,0.0,0.0,0.0,0.0,0.2,8.5,28.0
14:29:35.000,0.0,0.2,0.0,99.8,3787.2,3553.3,89.7,49.7,12.8,74.8,0.0,0.0,1,0,106.6,2.0,0.0,0.0,0.0,0.0,-0.0,-0.0,-0.0,0.0,0.0,0.0,0.0,0.0,0.0,0.0,0.0,0.0,0.0,0.0,0.0,15.9,0.0,15.9,8.0,0.0,8.0,2.0,0.0,2.0,0.0,0.2,8.5,28.0
14:29:36.000,0.0,0.5,0.0,99.5,3787.2,3553.3,89.7,49.7,12.8,74.9,0.0,0.0,1,0,125.7,2.0,0.0,0.0,0.0,0.0,-0.0,-0.0,-0.0,0.0,0.0,0.0,0.0,0.0,0.0,0.0,0.0,0.0,0.0,0.0,0.0,27.9,0.0,27.9,14.0,0.0,14.0,2.0,0.0,2.0,0.0,0.2,8.5,28.0
14:29:37.000,0.0,0.0,0.0,100.0,3787.2,3553.5,89.7,49.7,12.8,74.9,0.0,0.0,1,0,102.8,2.0,0.0,0.0,0.0,0.0,-0.0,-0.0,-0.0,0.0,0.0,0.0,0.0,0.0,0.0,0.0,0.0,0.0,0.0,0.0,0.0,0.0,0.0,0.0,0.0,0.0,0.0,0.0,0.0,0.0,0.0,0.2,8.5,28.0
14:29:38.000,0.0,0.2,0.0,99.8,3787.2,3553.3,89.7,49.7,12.8,74.9,0.0,0.0,1,0,102.7,2.0,0.0,0.0,0.0,0.0,-0.0,-0.0,-0.0,0.0,0.0,0.0,0.0,0.0,0.0,0.0,0.0,0.0,0.0,0.0,0.0,0.0,0.0,0.0,0.0,0.0,0.0,0.0,0.0,0.0,0.0,0.2,8.5,28.0
14:29:39.000,0.0,0.2,0.0,99.8,3787.2,3553.5,89.7,49.7,12.8,74.9,0.0,0.0,1,0,77.8,2.0,0.0,0.0,0.0,0.0,-0.0,-0.0,-0.0,0.0,0.0,0.0,0.0,0.0,0.0,0.0,0.0,0.0,0.0,0.0,0.0,0.0,0.0,0.0,0.0,0.0,0.0,0.0,0.0,0.0,0.0,0.2,8.5,28.0
14:29:40.000,0.0,0.0,0.2,99.8,3787.2,3553.3,89.7,49.7,12.8,74.9,0.0,0.0,1,0,147.6,2.0,0.0,0.0,0.0,0.0,-0.0,-0.0,-0.0,0.0,0.0,0.0,0.0,0.0,0.0,1.0,0.0,1.0,0.0,0.0,0.0,43.9,0.0,43.9,7.3,0.0,7.3,6.0,0.0,6.0,0.0,0.2,8.5,28.0
14:29:41.000,0.2,0.2,0.0,99.5,3787.2,3553.3,89.7,49.7,12.8,74.8,0.0,0.0,1,0,100.8,2.0,0.0,0.0,0.0,0.0,-0.0,-0.0,-0.0,0.0,0.0,0.0,0.0,0.0,0.0,0.0,0.0,0.0,0.0,0.0,0.0,0.0,0.0,0.0,0.0,0.0,0.0,0.0,0.0,0.0,0.0,0.2,8.5,28.0
14:29:42.000,0.0,0.2,0.0,99.8,3787.2,3553.3,89.7,49.7,12.8,74.9,0.0,0.0,1,0,88.8,2.0,0.0,0.0,0.0,0.0,-0.0,-0.0,-0.0,0.0,0.0,0.0,0.0,0.0,0.0,0.0,0.0,0.0,0.0,0.0,0.0,0.0,0.0,0.0,0.0,0.0,0.0,0.0,0.0,0.0,0.0,0.2,8.5,28.0
14:29:43.000,0.0,0.2,0.0,99.8,3787.2,3553.3,89.7,49.7,12.8,74.8,0.0,0.0,1,0,102.8,2.0,0.0,0.0,0.0,0.0,-0.0,-0.0,-0.0,0.0,0.0,0.0,0.0,0.0,0.0,0.0,0.0,0.0,0.0,0.0,0.0,0.0,0.0,0.0,0.0,0.0,0.0,0.0,0.0,0.0,0.0,0.2,8.5,28.0
14:29:44.000,0.0,0.2,0.0,99.8,3787.2,3553.3,89.7,49.7,12.8,74.9,0.0,0.0,1,0,99.7,2.0,0.0,0.0,0.0,0.0,-0.0,-0.0,-0.0,0.0,0.0,0.0,0.0,0.0,0.0,0.0,0.0,0.0,0.0,0.0,0.0,0.0,0.0,0.0,0.0,0.0,0.0,0.0,0.0,0.0,0.0,0.2,8.5,28.0
14:29:45.000,0.0,0.0,0.2,99.8,3787.2,3553.3,89.7,49.7,12.8,74.9,0.0,0.0,1,0,117.5,2.0,0.0,0.0,0.0,0.0,-0.0,-0.0,-0.0,0.0,0.0,0.0,0.0,0.0,0.0,0.0,0.0,0.0,0.0,0.0,0.0,15.9,0.0,15.9,8.0,0.0,8.0,2.0,0.0,2.0,0.0,0.2,8.5,28.0
14:29:46.000,0.0,0.2,0.0,99.8,3787.2,3553.0,89.7,49.7,12.8,74.9,0.0,0.0,1,0,85.8,2.0,0.0,0.0,0.0,0.0,-0.0,-0.0,-0.0,0.0,0.0,0.0,0.0,0.0,0.0,0.0,0.0,0.0,0.0,0.0,0.0,0.0,0.0,0.0,0.0,0.0,0.0,0.0,0.0,0.0,0.0,0.2,8.5,28.0
14:29:47.000,0.2,0.0,0.0,99.8,3787.2,3553.5,89.7,49.7,12.8,74.9,0.0,0.0,1,0,107.7,2.0,0.0,0.0,0.0,0.0,-0.0,-0.0,-0.0,0.0,0.0,0.0,0.0,0.0,0.0,0.0,0.0,0.0,0.0,0.0,0.0,0.0,0.0,0.0,0.0,0.0,0.0,0.0,0.0,0.0,0.0,0.2,8.5,28.0
14:29:48.000,0.0,0.2,0.0,99.8,3787.2,3553.3,89.7,49.7,12.8,74.9,0.0,0.0,1,0,87.8,2.0,0.0,0.0,0.0,0.0,-0.0,-0.0,-0.0,0.0,0.0,0.0,0.0,0.0,0.0,0.0,0.0,0.0,0.0,0.0,0.0,0.0,0.0,0.0,0.0,0.0,0.0,0.0,0.0,0.0,0.0,0.2,8.5,28.0
14:29:49.000,0.0,0.0,0.0,100.0,3787.2,3553.3,89.7,49.7,12.8,74.9,0.0,0.0,1,0,86.8,2.0,0.0,0.0,0.0,0.0,-0.0,-0.0,-0.0,0.0,0.0,0.0,0.0,0.0,0.0,1.0,0.0,1.0,0.0,0.0,0.0,0.0,0.0,0.0,0.0,0.0,0.0,0.0,0.0,0.0,0.0,0.2,8.5,28.0
14:29:50.000,0.0,0.2,0.0,99.8,3787.2,3553.5,89.7,49.8,12.8,74.9,0.0,0.0,1,0,125.5,2.0,0.0,0.0,0.0,0.0,-0.0,-0.0,-0.0,0.0,0.0,0.0,0.0,0.0,0.0,0.0,0.0,0.0,0.0,0.0,0.0,19.9,0.0,19.9,6.7,0.0,6.7,3.0,0.0,3.0,0.0,0.2,8.5,28.0
14:29:51.000,0.0,0.2,0.0,99.8,3787.2,3553.3,89.7,49.8,12.8,75.0,0.0,0.0,1,0,102.7,2.0,0.0,0.0,0.0,0.0,-0.0,-0.0,-0.0,0.0,0.0,0.0,0.0,0.0,0.0,0.0,0.0,0.0,0.0,0.0,0.0,0.0,0.0,0.0,0.0,0.0,0.0,0.0,0.0,0.0,0.0,0.2,8.5,28.0
14:29:52.000,0.0,0.5,0.0,99.5,3787.2,3553.4,89.7,49.8,12.8,74.8,0.0,0.0,1,0,87.8,2.0,0.0,0.0,0.0,0.0,-0.0,-0.0,-0.0,0.0,0.0,0.0,0.0,0.0,0.0,0.0,0.0,0.0,0.0,0.0,0.0,0.0,0.0,0.0,0.0,0.0,0.0,0.0,0.0,0.0,0.0,0.2,8.5,28.0
14:29:53.000,0.2,0.0,0.0,99.8,3787.2,3553.0,89.7,49.8,12.8,74.9,0.0,0.0,1,0,93.8,2.0,0.0,0.0,0.0,0.0,-0.0,-0.0,-0.0,0.0,0.0,0.0,0.0,0.0,0.0,0.0,0.0,0.0,0.0,0.0,0.0,0.0,0.0,0.0,0.0,0.0,0.0,0.0,0.0,0.0,0.0,0.2,8.5,28.0
14:29:54.000,0.0,0.2,0.0,99.8,3787.2,3553.3,89.7,49.8,12.8,74.7,0.0,0.0,1,0,116.7,2.0,0.0,0.0,0.0,0.1,-0.0,-0.0,-0.0,0.0,0.0,1.0,0.0,0.0,0.0,0.0,0.0,0.0,0.0,0.0,0.0,0.0,0.0,0.0,0.0,0.0,0.0,0.0,0.0,0.0,0.0,0.2,8.5,28.0
14:29:55.000,0.0,0.5,0.2,99.3,3787.2,3553.0,89.7,49.8,12.8,74.9,0.0,0.0,1,0,120.5,2.0,0.0,0.0,0.0,0.0,-0.0,-0.0,-0.0,0.0,0.0,0.0,0.0,0.0,0.0,0.0,0.0,0.0,0.0,0.0,0.0,19.9,0.0,19.9,10.0,0.0,10.0,2.0,0.0,2.0,0.0,0.2,8.5,28.0
14:29:56.000,0.0,0.2,0.0,99.8,3787.2,3553.3,89.7,49.8,12.8,74.9,0.0,0.0,1,0,85.8,2.0,0.0,0.0,0.0,0.0,-0.0,-0.0,-0.0,0.0,0.0,0.0,0.0,0.0,0.0,0.0,0.0,0.0,0.0,0.0,0.0,0.0,0.0,0.0,0.0,0.0,0.0,0.0,0.0,0.0,0.0,0.2,8.5,28.0
14:29:57.000,0.0,0.2,0.0,99.8,3787.2,3553.3,89.7,49.8,12.8,74.9,0.0,0.0,1,0,117.7,2.0,0.0,0.0,0.0,0.0,-0.0,-0.0,-0.0,0.0,0.0,0.0,0.0,0.0,0.0,0.0,0.0,0.0,0.0,0.0,0.0,0.0,0.0,0.0,0.0,0.0,0.0,0.0,0.0,0.0,0.0,0.2,8.5,28.0
14:29:58.000,0.0,0.2,0.0,99.8,3787.2,3553.0,89.7,49.8,12.8,74.8,0.0,0.0,1,0,83.8,2.0,0.0,0.0,0.0,0.0,-0.0,-0.0,-0.0,0.0,0.0,0.0,0.0,0.0,0.0,0.0,0.0,0.0,0.0,0.0,0.0,0.0,0.0,0.0,0.0,0.0,0.0,0.0,0.0,0.0,0.0,0.2,8.5,28.0
14:29:59.000,0.0,0.0,0.0,100.0,3787.2,3553.3,89.7,49.8,12.8,74.9,0.0,0.0,1,0,99.8,2.0,0.0,0.0,0.0,0.0,-0.0,-0.0,-0.0,0.0,0.0,0.0,0.0,0.0,0.0,0.0,0.0,0.0,0.0,0.0,0.0,0.0,0.0,0.0,0.0,0.0,0.0,0.0,0.0,0.0,0.0,0.2,8.5,28.0
14:30:00.000,0.0,0.2,0.0,99.8,3787.2,3553.0,89.7,49.8,12.8,74.9,0.0,0.0,1,0,115.6,2.0,0.0,0.0,0.0,0.0,-0.0,-0.0,-0.0,0.0,0.0,0.0,0.0,0.0,0.0,0.0,0.0,1.0,0.0,0.0,0.0,23.9,0.0,23.9,6.0,0.0,6.0,4.0,0.0,4.0,0.0,0.2,8.5,28.0
14:30:01.000,0.2,0.2,0.0,99.5,3787.2,3553.3,89.7,49.8,12.8,74.9,0.0,0.0,1,0,102.7,2.0,0.0,0.0,0.0,0.0,-0.0,-0.0,-0.0,0.0,0.0,0.0,0.0,0.0,0.0,0.0,0.0,0.0,0.0,0.0,0.0,0.0,0.0,0.0,0.0,0.0,0.0,0.0,0.0,0.0,0.0,0.2,8.5,28.0
14:30:02.000,0.0,0.2,0.0,99.8,3787.2,3553.3,89.7,49.8,12.8,74.9,0.0,0.0,1,0,101.7,2.0,0.0,0.0,0.0,0.0,-0.0,-0.0,-0.0,0.0,0.0,0.0,0.0,0.0,0.0,0.0,0.0,0.0,0.0,0.0,0.0,0.0,0.0,0.0,0.0,0.0,0.0,0.0,0.0,0.0,0.0,0.2,8.5,28.0
14:30:03.000,0.0,0.2,0.0,99.8,3787.2,3553.3,89.7,49.8,12.8,74.9,0.0,0.0,1,0,104.7,2.0,0.0,0.0,0.0,0.0,-0.0,-0.0,-0.0,0.0,0.0,0.0,0.0,0.0,0.0,0.0,0.0,0.0,0.0,0.0,0.0,0.0,0.0,0.0,0.0,0.0,0.0,0.0,0.0,0.0,0.0,0.2,8.5,28.0
14:30:04.000,0.0,0.2,0.0,99.8,3787.2,3553.0,89.7,49.8,12.8,74.9,0.0,0.0,1,0,94.8,2.0,0.0,0.0,0.0,0.0,-0.0,-0.0,-0.0,0.0,0.0,0.0,0.0,0.0,0.0,1.0,0.0,0.0,0.0,0.0,0.0,0.0,0.0,0.0,0.0,0.0,0.0,0.0,0.0,0.0,0.0,0.2,8.5,28.0
14:30:05.000,0.0,0.2,0.0,99.8,3787.2,3553.3,89.7,49.8,12.8,74.9,0.0,0.0,1,0,108.7,2.0,0.0,0.0,0.0,0.0,-0.0,-0.0,-0.0,0.0,0.0,0.0,0.0,0.0,0.0,0.0,0.0,0.0,0.0,0.0,0.0,16.0,0.0,16.0,8.0,0.0,8.0,2.0,0.0,2.0,0.0,0.2,8.5,28.0
14:30:06.000,0.0,0.2,0.0,99.8,3787.2,3553.5,89.7,49.8,12.8,74.9,0.0,0.0,1,0,91.8,2.0,0.0,0.0,0.0,0.0,-0.0,-0.0,-0.0,0.0,0.0,0.0,0.0,0.0,0.0,0.0,0.0,0.0,0.0,0.0,0.0,0.0,0.0,0.0,0.0,0.0,0.0,0.0,0.0,0.0,0.0,0.2,8.5,28.0
14:30:07.000,0.2,0.0,0.0,99.8,3787.2,3553.3,89.7,49.8,12.8,74.8,0.0,0.0,1,0,134.7,2.0,0.0,0.0,0.0,0.0,-0.0,-0.0,-0.0,0.0,0.0,0.0,0.0,0.0,0.0,0.0,0.0,0.0,0.0,0.0,0.0,27.9,0.0,27.9,14.0,0.0,14.0,2.0,0.0,2.0,0.0,0.2,8.5,28.0
14:30:08.000,0.0,0.5,0.0,99.5,3787.2,3553.5,89.7,49.8,12.8,74.9,0.0,0.0,1,0,85.8,2.0,0.0,0.0,0.0,0.0,-0.0,-0.0,-0.0,0.0,0.0,0.0,0.0,0.0,0.0,0.0,0.0,0.0,0.0,0.0,0.0,0.0,0.0,0.0,0.0,0.0,0.0,0.0,0.0,0.0,0.0,0.2,8.5,28.0
14:30:09.000,0.0,0.2,0.0,99.8,3787.2,3553.3,89.7,49.8,12.8,74.7,0.0,0.0,1,0,92.8,2.0,0.0,0.0,0.0,0.0,-0.0,-0.0,-0.0,0.0,0.0,0.0,0.0,0.0,0.0,0.0,0.0,0.0,0.0,0.0,0.0,0.0,0.0,0.0,0.0,0.0,0.0,0.0,0.0,0.0,0.0,0.2,8.5,28.0
14:30:10.000,0.2,0.0,0.5,99.3,3787.2,3553.3,89.7,49.8,12.8,74.9,0.0,0.0,1,0,130.8,2.0,0.0,0.0,0.0,0.0,-0.0,-0.0,-0.0,0.0,0.0,0.0,0.0,0.0,0.0,1.0,0.0,2.0,0.0,0.0,0.0,43.6,0.0,43.6,7.3,0.0,7.3,5.9,0.0,5.9,0.0,0.2,8.5,28.0
14:30:11.000,0.0,0.2,0.0,99.8,3787.2,3553.3,89.7,49.8,12.8,75.0,0.0,0.0,1,0,102.8,2.0,0.0,0.0,0.0,0.0,-0.0,-0.0,-0.0,0.0,0.0,0.0,0.0,0.0,0.0,0.0,0.0,0.0,0.0,0.0,0.0,0.0,0.0,0.0,0.0,0.0,0.0,0.0,0.0,0.0,0.0,0.2,8.5,28.0
14:30:12.000,0.0,0.2,0.0,99.8,3787.2,3553.2,89.7,49.8,12.8,75.1,0.0,0.0,1,0,89.8,2.0,0.0,0.0,0.0,0.0,-0.0,-0.0,-0.0,0.0,0.0,0.0,0.0,0.0,0.0,0.0,0.0,0.0,0.0,0.0,0.0,0.0,0.0,0.0,0.0,0.0,0.0,0.0,0.0,0.0,0.0,0.2,8.5,28.0
14:30:13.000,0.0,0.2,0.5,99.3,3787.2,3553.2,89.7,49.8,12.8,74.7,0.0,0.0,1,0,127.7,2.0,0.0,0.0,0.0,0.0,-0.0,-0.0,-0.0,0.0,0.0,0.0,0.0,0.0,0.0,2.0,0.0,1.0,0.0,0.0,0.0,23.9,0.0,23.9,8.0,0.0,8.0,3.0,0.0,3.0,0.0,0.2,8.5,28.0
14:30:14.000,0.0,0.0,0.0,100.0,3787.2,3553.3,89.7,49.8,12.8,74.9,0.0,0.0,1,0,91.8,2.0,0.0,0.0,0.0,0.0,-0.0,-0.0,-0.0,0.0,0.0,0.0,0.0,0.0,0.0,0.0,0.0,0.0,0.0,0.0,0.0,0.0,0.0,0.0,0.0,0.0,0.0,0.0,0.0,0.0,0.0,0.2,8.5,28.0
14:30:15.000,0.0,0.5,0.0,99.5,3787.2,3553.3,89.7,49.8,12.8,74.9,0.0,0.0,1,0,108.7,2.0,0.0,0.0,0.0,0.0,-0.0,-0.0,-0.0,0.0,0.0,0.0,0.0,0.0,0.0,0.0,0.0,0.0,0.0,0.0,0.0,0.0,0.0,0.0,0.0,0.0,0.0,0.0,0.0,0.0,0.0,0.2,8.5,28.0
14:30:16.000,0.0,0.0,0.0,100.0,3787.2,3553.3,89.7,49.8,12.8,74.8,0.0,0.0,1,0,93.8,2.0,0.0,0.0,0.0,0.0,-0.0,-0.0,-0.0,0.0,0.0,0.0,0.0,0.0,0.0,0.0,0.0,0.0,0.0,0.0,0.0,0.0,0.0,0.0,0.0,0.0,0.0,0.0,0.0,0.0,0.0,0.2,8.5,28.0
14:30:17.000,0.2,0.2,0.0,99.5,3787.2,3553.3,89.7,49.8,12.8,75.0,0.0,0.0,1,0,96.8,2.0,0.0,0.0,0.0,0.0,-0.0,-0.0,-0.0,0.0,0.0,0.0,0.0,0.0,0.0,0.0,0.0,0.0,0.0,0.0,0.0,0.0,0.0,0.0,0.0,0.0,0.0,0.0,0.0,0.0,0.0,0.2,8.5,28.0
14:30:18.000,0.0,0.0,0.0,100.0,3787.2,3553.3,89.7,49.8,12.9,74.8,0.0,0.0,1,0,201.5,4.0,0.0,0.0,0.0,0.0,-0.0,-0.0,-0.0,0.0,0.0,0.0,0.0,0.0,0.0,2.0,0.0,2.0,0.0,0.0,0.0,99.8,0.0,99.8,7.1,0.0,7.1,14.0,0.0,14.0,0.0,0.2,8.5,28.0
14:30:19.000,0.0,0.2,0.0,99.8,3787.2,3553.3,89.7,49.8,12.9,74.9,0.0,0.0,1,0,105.7,2.0,0.0,0.0,0.0,0.0,-0.0,-0.0,-0.0,0.0,0.0,0.0,0.0,0.0,0.0,0.0,0.0,0.0,0.0,0.0,0.0,0.0,0.0,0.0,0.0,0.0,0.0,0.0,0.0,0.0,0.0,0.2,8.5,28.0
14:30:20.000,0.2,0.2,0.0,99.5,3787.2,3553.3,89.7,49.8,12.9,74.9,0.0,0.0,1,0,88.8,2.0,0.0,0.0,0.0,0.0,-0.0,-0.0,-0.0,0.0,0.0,0.0,0.0,0.0,0.0,0.0,0.0,0.0,0.0,0.0,0.0,0.0,0.0,0.0,0.0,0.0,0.0,0.0,0.0,0.0,0.0,0.2,8.5,28.0
14:30:21.000,0.0,0.0,0.0,100.0,3787.2,3553.3,89.7,49.8,12.9,74.9,0.0,0.0,1,0,78.8,2.0,0.0,0.0,0.0,0.0,-0.0,-0.0,-0.0,0.0,0.0,0.0,0.0,0.0,0.0,0.0,0.0,0.0,0.0,0.0,0.0,0.0,0.0,0.0,0.0,0.0,0.0,0.0,0.0,0.0,0.0,0.2,8.5,28.0
14:30:22.000,0.0,0.2,0.0,99.8,3787.2,3553.0,89.7,49.8,12.9,74.9,0.0,0.0,1,0,85.8,2.0,0.0,0.0,0.0,0.0,-0.0,-0.0,-0.0,0.0,0.0,0.0,0.0,0.0,0.0,0.0,0.0,0.0,0.0,0.0,0.0,0.0,0.0,0.0,0.0,0.0,0.0,0.0,0.0,0.0,0.0,0.2,8.5,28.0
14:30:23.000,0.2,0.0,0.2,99.5,3787.2,3553.3,89.7,49.8,12.9,74.9,0.0,0.0,1,0,133.7,2.0,0.0,0.0,0.0,0.0,-0.0,-0.0,-0.0,0.0,0.0,0.0,0.0,0.0,0.0,0.0,0.0,1.0,0.0,0.0,0.0,23.9,0.0,23.9,6.0,0.0,6.0,4.0,0.0,4.0,0.0,0.2,8.5,28.0
14:30:24.000,0.0,0.2,0.0,99.8,3787.2,3553.2,89.7,49.8,12.9,75.0,0.0,0.0,1,0,130.7,2.0,0.0,0.0,0.0,0.1,-0.0,-0.0,-0.0,0.0,0.0,1.0,0.0,0.0,0.0,0.0,0.0,0.0,0.0,0.0,0.0,0.0,0.0,0.0,0.0,0.0,0.0,0.0,0.0,0.0,0.0,0.2,8.5,28.0
14:30:25.000,0.2,0.2,0.0,99.5,3787.2,3553.3,89.7,49.8,12.9,74.9,0.0,0.0,1,0,91.8,2.0,0.0,0.0,0.0,0.0,-0.0,-0.0,-0.0,0.0,0.0,0.0,0.0,0.0,0.0,0.0,0.0,0.0,0.0,0.0,0.0,0.0,0.0,0.0,0.0,0.0,0.0,0.0,0.0,0.0,0.0,0.2,8.5,28.0
14:30:26.000,0.0,0.2,0.0,99.8,3787.2,3553.5,89.7,49.8,12.9,74.8,0.0,0.0,1,0,87.8,2.0,0.0,0.0,0.0,0.0,-0.0,-0.0,-0.0,0.0,0.0,0.0,0.0,0.0,0.0,0.0,0.0,0.0,0.0,0.0,0.0,0.0,0.0,0.0,0.0,0.0,0.0,0.0,0.0,0.0,0.0,0.2,8.5,28.0
14:30:27.000,0.0,0.0,0.0,100.0,3787.2,3553.0,89.7,49.8,12.9,74.8,0.0,0.0,1,0,100.8,2.0,0.0,0.0,0.0,0.0,-0.0,-0.0,-0.0,0.0,0.0,0.0,0.0,0.0,0.0,0.0,0.0,0.0,0.0,0.0,0.0,0.0,0.0,0.0,0.0,0.0,0.0,0.0,0.0,0.0,0.0,0.2,8.5,28.0
14:30:28.000,0.0,0.5,0.0,99.5,3787.2,3553.4,89.7,49.8,12.9,75.0,0.0,0.0,1,0,111.7,2.0,0.0,0.0,0.0,0.0,-0.0,-0.0,-0.0,0.0,0.0,0.0,0.0,0.0,0.0,1.0,0.0,0.0,0.0,0.0,0.0,23.9,0.0,23.9,12.0,0.0,12.0,2.0,0.0,2.0,0.0,0.2,8.5,28.0
14:30:29.000,0.0,0.0,0.2,99.8,3787.2,3552.9,89.7,49.8,12.9,75.0,0.0,0.0,1,0,125.7,2.0,0.0,0.0,0.0,0.0,-0.0,-0.0,-0.0,0.0,0.0,0.0,0.0,0.0,0.0,1.0,0.0,1.0,0.0,0.0,0.0,63.8,0.0,63.8,7.1,0.0,7.1,9.0,0.0,9.0,0.0,0.2,8.5,28.0
14:30:30.000,0.0,0.2,0.0,99.8,3787.2,3553.3,89.7,49.8,12.9,75.0,0.0,0.0,1,0,87.8,2.0,0.0,0.0,0.0,0.0,-0.0,-0.0,-0.0,0.0,0.0,0.0,0.0,0.0,0.0,0.0,0.0,0.0,0.0,0.0,0.0,0.0,0.0,0.0,0.0,0.0,0.0,0.0,0.0,0.0,0.0,0.2,8.5,28.0
14:30:31.000,0.0,0.2,0.0,99.8,3787.2,3552.9,89.7,49.8,12.9,74.9,0.0,0.0,1,0,83.8,2.0,0.0,0.0,0.0,0.0,-0.0,-0.0,-0.0,0.0,0.0,0.0,0.0,0.0,0.0,0.0,0.0,0.0,0.0,0.0,0.0,0.0,0.0,0.0,0.0,0.0,0.0,0.0,0.0,0.0,0.0,0.2,8.5,28.0
14:30:32.000,1.2,1.2,0.0,97.5,3787.2,3552.8,89.7,49.8,12.9,75.0,0.0,0.0,1,0,307.3,4.0,0.0,0.0,0.0,0.0,-0.0,-0.0,-0.0,0.0,0.0,0.0,0.0,0.0,0.0,0.0,0.0,0.0,4.0,0.0,4.0,0.0,0.0,0.0,4.0,0.0,4.0,1.0,0.0,1.0,0.0,0.2,8.5,28.0
14:30:33.000,0.0,0.2,0.0,99.8,3787.2,3553.1,89.7,49.8,12.9,74.9,0.0,0.0,1,0,99.8,2.0,0.0,0.0,0.0,0.0,-0.0,-0.0,-0.0,0.0,0.0,0.0,0.0,0.0,0.0,0.0,0.0,0.0,0.0,0.0,0.0,0.0,0.0,0.0,0.0,0.0,0.0,0.0,0.0,0.0,0.0,0.2,8.5,28.0
14:30:34.000,0.2,0.2,0.2,99.3,3787.2,3553.1,89.7,49.8,12.9,75.1,0.0,0.0,1,0,136.4,2.0,0.0,0.0,0.0,0.0,-0.0,-0.0,-0.0,0.0,0.0,0.0,0.0,0.0,0.0,1.0,0.0,1.0,0.0,0.0,0.0,35.8,0.0,35.8,7.2,0.0,7.2,5.0,0.0,5.0,0.0,0.2,8.5,28.0
14:30:35.000,0.0,0.2,0.0,99.8,3787.2,3553.1,89.7,49.8,12.9,75.2,0.0,0.0,1,0,101.8,2.0,0.0,0.0,0.0,0.0,-0.0,-0.0,-0.0,0.0,0.0,0.0,0.0,0.0,0.0,0.0,0.0,0.0,0.0,0.0,0.0,0.0,0.0,0.0,0.0,0.0,0.0,0.0,0.0,0.0,0.0,0.2,8.5,28.0
14:30:36.000,0.0,0.0,0.0,100.0,3787.2,3553.1,89.7,49.8,12.9,75.0,0.0,0.0,1,0,84.8,2.0,0.0,0.0,0.0,0.0,-0.0,-0.0,-0.0,0.0,0.0,0.0,0.0,0.0,0.0,0.0,0.0,0.0,0.0,0.0,0.0,0.0,0.0,0.0,0.0,0.0,0.0,0.0,0.0,0.0,0.0,0.2,8.5,28.0
14:30:37.000,0.0,0.2,0.5,99.2,3787.2,3552.9,89.7,49.8,12.9,75.1,0.0,0.0,1,0,205.6,2.0,0.0,0.0,0.0,0.0,-0.0,-0.0,-0.0,0.0,0.0,0.0,0.0,0.0,0.0,3.0,0.0,3.0,0.0,0.0,0.0,159.7,0.0,159.7,6.7,0.0,6.7,24.0,0.0,24.0,0.0,0.2,8.5,28.0
14:30:38.000,0.0,0.2,0.0,99.8,3787.2,3553.1,89.7,49.8,12.9,75.2,0.0,0.0,2,1,114.8,2.0,0.0,0.0,0.0,0.0,-0.0,-0.0,-0.0,0.0,0.0,0.0,0.0,0.0,0.0,0.0,0.0,1.0,0.0,0.0,0.0,63.9,0.0,63.9,21.3,0.0,21.3,3.0,0.0,3.0,0.0,0.2,8.5,28.0
14:30:39.000,0.2,0.0,0.2,99.5,3787.2,3553.0,89.7,49.8,12.9,75.1,0.0,0.0,2,0,106.6,1.0,0.0,0.0,0.0,0.0,-0.0,-0.0,-0.0,0.0,0.0,0.0,0.0,0.0,0.0,1.0,0.0,0.0,0.0,0.0,0.0,4.0,0.0,4.0,4.0,0.0,4.0,1.0,0.0,1.0,0.0,0.2,8.5,28.0
14:30:40.000,0.0,0.0,0.0,100.0,3787.2,3552.8,89.7,49.8,12.9,75.1,0.0,0.0,1,0,69.9,1.0,0.0,0.0,0.0,0.0,-0.0,-0.0,-0.0,0.0,0.0,0.0,0.0,0.0,0.0,0.0,0.0,0.0,0.0,0.0,0.0,0.0,0.0,0.0,0.0,0.0,0.0,0.0,0.0,0.0,0.0,0.2,8.5,28.0
14:30:41.000,0.0,0.2,0.0,99.8,3787.2,3553.1,89.7,49.8,12.9,75.1,0.0,0.0,1,0,86.8,2.0,0.0,0.0,0.0,0.0,-0.0,-0.0,-0.0,0.0,0.0,0.0,0.0,0.0,0.0,0.0,0.0,0.0,0.0,0.0,0.0,0.0,0.0,0.0,0.0,0.0,0.0,0.0,0.0,0.0,0.0,0.2,8.5,28.0
14:30:42.000,0.0,0.2,0.0,99.8,3787.2,3552.8,89.7,49.8,12.9,75.1,0.0,0.0,1,0,75.8,2.0,0.0,0.0,0.0,0.0,-0.0,-0.0,-0.0,0.0,0.0,0.0,0.0,0.0,0.0,0.0,0.0,0.0,0.0,0.0,0.0,0.0,0.0,0.0,0.0,0.0,0.0,0.0,0.0,0.0,0.0,0.2,8.5,28.0
14:30:43.000,0.2,0.2,0.0,99.5,3787.2,3553.1,89.7,49.8,12.9,75.1,0.0,0.0,1,0,99.8,2.0,0.0,0.0,0.0,0.0,-0.0,-0.0,-0.0,0.0,0.0,0.0,0.0,0.0,0.0,0.0,0.0,0.0,0.0,0.0,0.0,0.0,0.0,0.0,0.0,0.0,0.0,0.0,0.0,0.0,0.0,0.2,8.5,28.0
14:30:44.000,0.0,0.0,0.0,100.0,3787.2,3552.8,89.8,49.8,12.9,75.1,0.0,0.0,1,0,133.5,2.0,0.0,0.0,0.0,0.0,-0.0,-0.0,-0.0,0.0,0.0,0.0,0.0,0.0,0.0,1.0,0.0,1.0,0.0,0.0,0.0,39.8,0.0,39.8,5.0,0.0,5.0,8.0,0.0,8.0,0.0,0.2,8.5,28.0
14:30:45.000,0.0,0.0,0.0,100.0,3787.2,3552.8,89.8,49.8,12.9,75.1,0.0,0.0,1,0,97.8,2.0,0.0,0.0,0.0,0.0,-0.0,-0.0,-0.0,0.0,0.0,0.0,0.0,0.0,0.0,0.0,0.0,0.0,0.0,0.0,0.0,0.0,0.0,0.0,0.0,0.0,0.0,0.0,0.0,0.0,0.0,0.2,8.5,28.0
14:30:46.000,0.0,0.5,0.0,99.5,3787.2,3553.1,89.8,49.8,12.9,75.1,0.0,0.0,1,0,83.8,2.0,0.0,0.0,0.0,0.0,-0.0,-0.0,-0.0,0.0,0.0,0.0,0.0,0.0,0.0,0.0,0.0,0.0,0.0,0.0,0.0,0.0,0.0,0.0,0.0,0.0,0.0,0.0,0.0,0.0,0.0,0.2,8.5,28.0
14:30:47.000,0.0,0.0,0.0,100.0,3787.2,3553.1,89.8,49.8,12.9,75.1,0.0,0.0,1,0,92.8,2.0,0.0,0.0,0.0,0.0,-0.0,-0.0,-0.0,0.0,0.0,0.0,0.0,0.0,0.0,0.0,0.0,0.0,0.0,0.0,0.0,0.0,0.0,0.0,0.0,0.0,0.0,0.0,0.0,0.0,0.0,0.2,8.5,28.0
14:30:48.000,0.0,0.2,0.0,99.8,3787.2,3553.1,89.7,49.8,12.9,75.2,0.0,0.0,1,0,90.8,2.0,0.0,0.0,0.0,0.0,-0.0,-0.0,-0.0,0.0,0.0,0.0,0.0,0.0,0.0,0.0,0.0,0.0,0.0,0.0,0.0,0.0,0.0,0.0,0.0,0.0,0.0,0.0,0.0,0.0,0.0,0.2,8.5,28.0
14:30:49.000,0.2,0.2,0.2,99.3,3787.2,3553.1,89.7,49.8,12.9,75.1,0.0,0.0,1,0,118.5,2.0,0.0,0.0,0.0,0.0,-0.0,-0.0,-0.0,0.0,0.0,0.0,0.0,0.0,0.0,0.0,0.0,1.0,0.0,0.0,0.0,15.9,0.0,15.9,8.0,0.0,8.0,2.0,0.0,2.0,0.0,0.2,8.5,28.0
14:30:50.000,0.0,0.2,0.0,99.8,3787.2,3552.8,89.8,49.8,12.9,75.1,0.0,0.0,1,0,88.8,2.0,0.0,0.0,0.0,0.0,-0.0,-0.0,-0.0,0.0,0.0,0.0,0.0,0.0,0.0,0.0,0.0,0.0,0.0,0.0,0.0,0.0,0.0,0.0,0.0,0.0,0.0,0.0,0.0,0.0,0.0,0.2,8.5,28.0
14:30:51.000,0.0,0.0,0.0,100.0,3787.2,3553.0,89.8,49.8,12.9,75.1,0.0,0.0,1,0,108.7,2.0,0.0,0.0,0.0,0.0,-0.0,-0.0,-0.0,0.0,0.0,0.0,0.0,0.0,0.0,0.0,0.0,0.0,0.0,0.0,0.0,0.0,0.0,0.0,0.0,0.0,0.0,0.0,0.0,0.0,0.0,0.2,8.5,28.0
14:30:52.000,0.2,0.2,0.0,99.5,3787.2,3552.8,89.8,49.8,12.9,75.1,0.0,0.0,1,0,98.8,2.0,0.0,0.0,0.0,0.0,-0.0,-0.0,-0.0,0.0,0.0,0.0,0.0,0.0,0.0,0.0,0.0,0.0,0.0,0.0,0.0,0.0,0.0,0.0,0.0,0.0,0.0,0.0,0.0,0.0,0.0,0.2,8.5,28.0
14:30:53.000,0.0,0.2,0.0,99.8,3787.2,3553.1,89.8,49.8,12.9,75.1,0.0,0.0,1,0,94.8,2.0,0.0,0.0,0.0,0.0,-0.0,-0.0,-0.0,0.0,0.0,0.0,0.0,0.0,0.0,0.0,0.0,0.0,0.0,0.0,0.0,0.0,0.0,0.0,0.0,0.0,0.0,0.0,0.0,0.0,0.0,0.2,8.5,28.0
14:30:54.000,0.0,0.0,0.2,99.8,3787.2,3552.8,89.8,49.9,12.9,75.2,0.0,0.0,1,0,190.5,3.0,0.0,0.0,0.0,0.1,-0.0,-0.0,-0.0,0.0,0.0,1.0,0.0,0.0,0.0,1.0,0.0,1.0,0.0,0.0,0.0,51.9,0.0,51.9,6.5,0.0,6.5,8.0,0.0,8.0,0.0,0.2,8.5,28.0
14:30:55.000,0.2,0.0,0.0,99.8,3787.2,3553.1,89.8,49.9,12.9,75.1,0.0,0.0,1,0,139.7,2.0,0.0,0.0,0.0,0.0,-0.0,-0.0,-0.0,0.0,0.0,0.0,0.0,0.0,0.0,1.0,0.0,1.0,0.0,0.0,0.0,51.9,0.0,51.9,10.4,0.0,10.4,5.0,0.0,5.0,0.0,0.2,8.5,28.0
14:30:56.000,0.2,0.0,0.0,99.8,3787.2,3552.8,89.8,49.9,12.9,75.2,0.0,0.0,1,0,90.8,2.0,0.0,0.0,0.0,0.0,-0.0,-0.0,-0.0,0.0,0.0,0.0,0.0,0.0,0.0,0.0,0.0,0.0,0.0,0.0,0.0,0.0,0.0,0.0,0.0,0.0,0.0,0.0,0.0,0.0,0.0,0.2,8.5,28.0
14:30:57.000,0.0,0.5,0.0,99.5,3787.2,3553.1,89.8,49.9,12.9,75.1,0.0,0.0,1,0,86.8,2.0,0.0,0.0,0.0,0.0,-0.0,-0.0,-0.0,0.0,0.0,0.0,0.0,0.0,0.0,0.0,0.0,0.0,0.0,0.0,0.0,0.0,0.0,0.0,0.0,0.0,0.0,0.0,0.0,0.0,0.0,0.2,8.5,28.0
14:30:58.000,0.0,0.2,0.0,99.8,3787.2,3552.8,89.8,49.9,12.9,75.2,0.0,0.0,1,0,110.7,2.0,0.0,0.0,0.0,0.0,-0.0,-0.0,-0.0,0.0,0.0,0.0,0.0,0.0,0.0,0.0,0.0,0.0,0.0,0.0,0.0,0.0,0.0,0.0,0.0,0.0,0.0,0.0,0.0,0.0,0.0,0.2,8.5,28.0
14:30:59.000,0.0,0.0,0.0,100.0,3787.2,3553.1,89.8,49.9,12.9,75.1,0.0,0.0,1,0,117.6,2.0,0.0,0.0,0.0,0.0,-0.0,-0.0,-0.0,0.0,0.0,0.0,0.0,0.0,0.0,1.0,0.0,0.0,0.0,0.0,0.0,19.9,0.0,19.9,10.0,0.0,10.0,2.0,0.0,2.0,0.0,0.2,8.5,28.0
14:31:00.000,0.2,0.2,0.0,99.5,3787.2,3552.6,89.8,49.9,12.9,75.1,0.0,0.0,1,0,84.8,2.0,0.0,0.0,0.0,0.0,-0.0,-0.0,-0.0,0.0,0.0,0.0,0.0,0.0,0.0,0.0,0.0,0.0,0.0,0.0,0.0,0.0,0.0,0.0,0.0,0.0,0.0,0.0,0.0,0.0,0.0,0.2,8.5,28.0
14:31:01.000,0.0,0.2,0.0,99.8,3787.2,3553.1,89.8,49.9,12.9,75.1,0.0,0.0,1,0,157.6,2.0,0.0,0.0,0.0,0.1,-0.0,-0.0,-0.1,0.0,0.0,2.0,0.0,0.0,1.0,0.0,0.0,0.0,0.0,0.0,0.0,0.0,0.0,0.0,0.0,0.0,0.0,0.0,0.0,0.0,0.0,0.2,8.5,28.0
14:31:02.000,0.2,0.0,0.0,99.8,3787.2,3552.6,89.8,49.9,12.9,75.1,0.0,0.0,1,0,92.8,2.0,0.0,0.0,0.0,0.0,-0.0,-0.0,-0.0,0.0,0.0,0.0,0.0,0.0,0.0,0.0,0.0,0.0,0.0,0.0,0.0,0.0,0.0,0.0,0.0,0.0,0.0,0.0,0.0,0.0,0.0,0.2,8.5,28.0
14:31:03.000,0.0,0.2,0.0,99.8,3787.2,3553.1,89.8,49.9,12.9,75.1,0.0,0.0,1,0,119.7,2.0,0.0,0.0,0.0,0.0,-0.0,-0.0,-0.0,0.0,0.0,0.0,0.0,0.0,0.0,0.0,0.0,0.0,0.0,0.0,0.0,0.0,0.0,0.0,0.0,0.0,0.0,0.0,0.0,0.0,0.0,0.2,8.5,28.0
14:31:04.000,0.2,0.2,0.2,99.3,3787.2,3552.8,89.8,49.9,12.9,75.2,0.0,0.0,1,0,127.5,2.0,0.0,0.0,0.0,0.0,-0.0,-0.0,-0.0,0.0,0.0,0.0,0.0,0.0,0.0,1.0,0.0,1.0,0.0,0.0,0.0,39.8,0.0,39.8,8.0,0.0,8.0,5.0,0.0,5.0,0.0,0.2,8.5,28.0
14:31:05.000,0.0,0.0,0.0,100.0,3787.2,3553.1,89.8,49.9,12.9,75.1,0.0,0.0,1,0,97.8,2.0,0.0,0.0,0.0,0.0,-0.0,-0.0,-0.0,0.0,0.0,0.0,0.0,0.0,0.0,0.0,0.0,0.0,0.0,0.0,0.0,0.0,0.0,0.0,0.0,0.0,0.0,0.0,0.0,0.0,0.0,0.2,8.5,28.0
14:31:06.000,0.2,0.2,0.0,99.5,3787.2,3552.8,89.8,49.9,12.9,75.2,0.0,0.0,1,0,85.8,2.0,0.0,0.0,0.0,0.0,-0.0,-0.0,-0.0,0.0,0.0,0.0,0.0,0.0,0.0,0.0,0.0,0.0,0.0,0.0,0.0,0.0,0.0,0.0,0.0,0.0,0.0,0.0,0.0,0.0,0.0,0.2,8.5,28.0
14:31:07.000,0.0,0.2,0.0,99.8,3787.2,3553.0,89.8,49.9,12.9,75.0,0.0,0.0,1,0,100.8,2.0,0.0,0.0,0.0,0.0,-0.0,-0.0,-0.0,0.0,0.0,0.0,0.0,0.0,0.0,0.0,0.0,0.0,0.0,0.0,0.0,0.0,0.0,0.0,0.0,0.0,0.0,0.0,0.0,0.0,0.0,0.2,8.5,28.0
14:31:08.000,0.0,0.0,0.0,100.0,3787.2,3553.1,89.8,49.9,12.9,75.2,0.0,0.0,1,0,146.6,3.0,0.0,0.0,0.0,0.0,-0.0,-0.0,-0.0,0.0,0.0,0.0,0.0,0.0,0.0,1.0,0.0,2.0,0.0,0.0,0.0,71.8,0.0,71.8,7.2,0.0,7.2,10.0,0.0,10.0,0.0,0.2,8.5,28.0
14:31:09.000,0.2,0.2,0.2,99.3,3787.2,3552.8,89.8,49.9,12.9,75.2,0.0,0.0,1,0,143.5,2.0,0.0,0.0,0.0,0.0,-0.0,-0.0,-0.0,0.0,0.0,0.0,0.0,0.0,0.0,0.0,0.0,0.0,0.0,0.0,0.0,43.8,0.0,43.8,11.0,0.0,11.0,4.0,0.0,4.0,0.0,0.2,8.5,28.0
14:31:10.000,0.0,0.2,0.0,99.8,3787.2,3553.1,89.8,49.9,12.9,75.1,0.0,0.0,1,0,79.8,2.0,0.0,0.0,0.0,0.0,-0.0,-0.0,-0.0,0.0,0.0,0.0,0.0,0.0,0.0,0.0,0.0,0.0,0.0,0.0,0.0,0.0,0.0,0.0,0.0,0.0,0.0,0.0,0.0,0.0,0.0,0.2,8.5,28.0
14:31:11.000,0.2,0.0,0.0,99.8,3787.2,3552.8,89.8,49.9,12.9,75.1,0.0,0.0,1,0,95.8,2.0,0.0,0.0,0.0,0.0,-0.0,-0.0,-0.0,0.0,0.0,0.0,0.0,0.0,0.0,0.0,0.0,0.0,0.0,0.0,0.0,0.0,0.0,0.0,0.0,0.0,0.0,0.0,0.0,0.0,0.0,0.2,8.5,28.0
14:31:12.000,0.0,0.2,0.0,99.8,3787.2,3552.8,89.8,49.9,12.9,75.2,0.0,0.0,1,0,88.8,2.0,0.0,0.0,0.0,0.0,-0.0,-0.0,-0.0,0.0,0.0,0.0,0.0,0.0,0.0,0.0,0.0,0.0,0.0,0.0,0.0,0.0,0.0,0.0,0.0,0.0,0.0,0.0,0.0,0.0,0.0,0.2,8.5,28.0
14:31:13.000,0.2,0.5,0.0,99.2,3787.2,3552.8,89.8,49.9,12.9,75.4,0.0,0.0,1,0,166.6,9.0,0.0,0.0,0.0,0.0,-0.0,-0.0,-0.0,0.0,0.0,0.0,0.0,0.0,0.0,1.0,0.0,1.0,0.0,0.0,0.0,27.9,0.0,27.9,28.0,0.0,28.0,1.0,0.0,1.0,0.0,0.2,8.5,28.0
14:31:14.000,0.0,0.2,0.2,99.5,3787.2,3552.8,89.8,49.9,12.9,75.1,0.0,0.0,1,0,137.1,2.0,0.0,0.0,0.0,0.0,-0.0,-0.0,-0.0,0.0,0.0,0.0,0.0,0.0,0.0,0.0,0.0,0.0,0.0,0.0,0.0,23.8,0.0,23.8,4.0,0.0,4.0,6.0,0.0,6.0,0.0,0.2,8.5,28.0
14:31:15.000,0.0,0.2,0.0,99.8,3787.2,3553.1,89.8,49.9,12.9,75.2,0.0,0.0,1,0,101.7,2.0,0.0,0.0,0.0,0.0,-0.0,-0.0,-0.0,0.0,0.0,0.0,0.0,0.0,0.0,0.0,0.0,0.0,0.0,0.0,0.0,0.0,0.0,0.0,0.0,0.0,0.0,0.0,0.0,0.0,0.0,0.2,8.5,28.0
14:31:16.000,0.2,0.2,0.0,99.5,3787.2,3553.1,89.8,49.9,12.9,75.1,0.0,0.0,1,0,85.8,2.0,0.0,0.0,0.0,0.0,-0.0,-0.0,-0.0,0.0,0.0,0.0,0.0,0.0,0.0,0.0,0.0,0.0,0.0,0.0,0.0,0.0,0.0,0.0,0.0,0.0,0.0,0.0,0.0,0.0,0.0,0.2,8.5,28.0
14:31:17.000,0.0,0.0,0.0,100.0,3787.2,3553.1,89.8,49.9,12.9,75.2,0.0,0.0,1,0,90.8,2.0,0.0,0.0,0.0,0.0,-0.0,-0.0,-0.0,0.0,0.0,0.0,0.0,0.0,0.0,0.0,0.0,0.0,0.0,0.0,0.0,0.0,0.0,0.0,0.0,0.0,0.0,0.0,0.0,0.0,0.0,0.2,8.5,28.0
14:31:18.000,0.0,0.2,0.0,99.8,3787.2,3553.1,89.8,49.9,12.9,75.1,0.0,0.0,1,0,128.7,3.0,0.0,0.0,0.0,0.0,-0.0,-0.0,-0.0,0.0,0.0,0.0,0.0,0.0,0.0,1.0,0.0,1.0,0.0,0.0,0.0,55.9,0.0,55.9,8.0,0.0,8.0,7.0,0.0,7.0,0.0,0.2,8.5,28.0
14:31:19.000,0.2,0.2,0.2,99.3,3787.2,3552.8,89.8,49.9,13.0,75.2,0.0,0.0,1,0,151.7,2.0,0.0,0.0,0.0,0.0,-0.0,-0.0,-0.0,0.0,0.0,0.0,0.0,0.0,0.0,1.0,0.0,1.0,0.0,0.0,0.0,47.9,0.0,47.9,9.6,0.0,9.6,5.0,0.0,5.0,0.0,0.2,8.5,28.0
14:31:20.000,0.0,0.2,0.0,99.8,3787.2,3552.8,89.8,49.9,13.0,75.2,0.0,0.0,1,0,91.8,2.0,0.0,0.0,0.0,0.0,-0.0,-0.0,-0.0,0.0,0.0,0.0,0.0,0.0,0.0,0.0,0.0,0.0,0.0,0.0,0.0,0.0,0.0,0.0,0.0,0.0,0.0,0.0,0.0,0.0,0.0,0.2,8.5,28.0
