Timestamp,CPU Temperature Core #1 (°C),CPU Temperature Core #2 (°C),CPU Temperature Core #3 (°C),CPU Temperature Core #4 (°C),CPU Temperature (°C),CPU Power (W),CPU Power Cores (W),CPU Graphics Power (W),GPU Temperature (°C),Relative Time (s),Mode,Attack Type,Attack,Host,Measurement,Run
04:52:40.000,72.0,74.0,70.0,71.0,74.0,29.3,24.3,0.8,0.0,0.0,Attack,Cryptojacking,CoinIMP (CPU) (50%),ASUS Zenbook UX51VZ,Open Hardware Monitor,1
04:52:42.000,73.0,74.0,70.0,72.0,73.0,22.5,18.1,0.5,0.0,2.0,Attack,Cryptojacking,CoinIMP (CPU) (50%),ASUS Zenbook UX51VZ,Open Hardware Monitor,1
04:52:44.000,68.0,71.0,68.0,69.0,71.0,23.6,19.1,0.5,0.0,4.0,Attack,Cryptojacking,CoinIMP (CPU) (50%),ASUS Zenbook UX51VZ,Open Hardware Monitor,1
04:52:46.000,72.0,75.0,71.0,72.0,75.0,24.3,20.1,0.2,0.0,6.0,Attack,Cryptojacking,CoinIMP (CPU) (50%),ASUS Zenbook UX51VZ,Open Hardware Monitor,1
04:52:48.000,73.0,75.0,72.0,72.0,75.0,24.1,20.2,0.0,0.0,8.0,Attack,Cryptojacking,CoinIMP (CPU) (50%),ASUS Zenbook UX51VZ,Open Hardware Monitor,1
04:52:50.000,68.0,70.0,67.0,68.0,71.0,20.0,16.2,0.0,0.0,10.0,Attack,Cryptojacking,CoinIMP (CPU) (50%),ASUS Zenbook UX51VZ,Open Hardware Monitor,1
04:52:52.000,73.0,74.0,72.0,72.0,74.0,20.7,16.9,0.0,0.0,12.0,Attack,Cryptojacking,CoinIMP (CPU) (50%),ASUS Zenbook UX51VZ,Open Hardware Monitor,1
04:52:54.000,71.0,72.0,69.0,70.0,72.0,23.9,19.6,0.3,0.0,14.0,Attack,Cryptojacking,CoinIMP (CPU) (50%),ASUS Zenbook UX51VZ,Open Hardware Monitor,1
04:52:56.000,74.0,77.0,69.0,73.0,77.0,21.8,17.9,0.0,0.0,16.0,Attack,Cryptojacking,CoinIMP (CPU) (50%),ASUS Zenbook UX51VZ,Open Hardware Monitor,1
04:52:58.000,73.0,76.0,74.0,72.0,76.0,19.8,16.0,0.0,0.0,18.0,Attack,Cryptojacking,CoinIMP (CPU) (50%),ASUS Zenbook UX51VZ,Open Hardware Monitor,1
04:53:00.000,71.0,73.0,73.0,74.0,75.0,18.2,14.6,0.0,0.0,20.0,Attack,Cryptojacking,CoinIMP (CPU) (50%),ASUS Zenbook UX51VZ,Open Hardware Monitor,1
04:53:02.000,69.0,72.0,69.0,73.0,73.0,22.6,18.6,0.0,0.0,22.0,Attack,Cryptojacking,CoinIMP (CPU) (50%),ASUS Zenbook UX51VZ,Open Hardware Monitor,1
04:53:04.000,69.0,69.0,67.0,68.0,72.0,20.5,16.7,0.0,0.0,24.0,Attack,Cryptojacking,CoinIMP (CPU) (50%),ASUS Zenbook UX51VZ,Open Hardware Monitor,1
04:53:06.000,70.0,71.0,67.0,70.0,74.0,22.2,18.4,0.0,0.0,26.0,Attack,Cryptojacking,CoinIMP (CPU) (50%),ASUS Zenbook UX51VZ,Open Hardware Monitor,1
04:53:08.000,76.0,77.0,72.0,73.0,77.0,24.0,20.0,0.0,0.0,28.0,Attack,Cryptojacking,CoinIMP (CPU) (50%),ASUS Zenbook UX51VZ,Open Hardware Monitor,1
04:53:10.000,75.0,77.0,74.0,74.0,77.0,22.4,18.5,0.0,0.0,30.0,Attack,Cryptojacking,CoinIMP (CPU) (50%),ASUS Zenbook UX51VZ,Open Hardware Monitor,1
04:53:12.000,76.0,78.0,75.0,75.0,78.0,21.0,17.1,0.0,0.0,32.0,Attack,Cryptojacking,CoinIMP (CPU) (50%),ASUS Zenbook UX51VZ,Open Hardware Monitor,1
04:53:14.000,73.0,75.0,75.0,72.0,77.0,27.9,23.9,0.0,0.0,34.0,Attack,Cryptojacking,CoinIMP (CPU) (50%),ASUS Zenbook UX51VZ,Open Hardware Monitor,1
04:53:16.000,71.0,72.0,77.0,71.0,77.0,23.2,19.3,0.0,0.0,36.0,Attack,Cryptojacking,CoinIMP (CPU) (50%),ASUS Zenbook UX51VZ,Open Hardware Monitor,1
04:53:18.000,76.0,75.0,74.0,72.0,76.0,24.3,20.3,0.0,0.0,38.0,Attack,Cryptojacking,CoinIMP (CPU) (50%),ASUS Zenbook UX51VZ,Open Hardware Monitor,1
04:53:20.000,76.0,77.0,75.0,75.0,77.0,24.2,20.2,0.0,0.0,40.0,Attack,Cryptojacking,CoinIMP (CPU) (50%),ASUS Zenbook UX51VZ,Open Hardware Monitor,1
04:53:22.000,75.0,75.0,74.0,74.0,75.0,18.7,14.9,0.0,0.0,42.0,Attack,Cryptojacking,CoinIMP (CPU) (50%),ASUS Zenbook UX51VZ,Open Hardware Monitor,1
04:53:24.000,77.0,73.0,71.0,70.0,76.0,17.4,13.7,0.0,0.0,44.0,Attack,Cryptojacking,CoinIMP (CPU) (50%),ASUS Zenbook UX51VZ,Open Hardware Monitor,1
04:53:26.000,71.0,72.0,69.0,70.0,74.0,24.0,20.1,0.0,0.0,46.0,Attack,Cryptojacking,CoinIMP (CPU) (50%),ASUS Zenbook UX51VZ,Open Hardware Monitor,1
04:53:28.000,75.0,74.0,71.0,72.0,76.0,21.9,18.0,0.0,0.0,48.0,Attack,Cryptojacking,CoinIMP (CPU) (50%),ASUS Zenbook UX51VZ,Open Hardware Monitor,1
04:53:30.000,71.0,73.0,70.0,71.0,74.0,19.3,15.5,0.0,0.0,50.0,Attack,Cryptojacking,CoinIMP (CPU) (50%),ASUS Zenbook UX51VZ,Open Hardware Monitor,1
04:53:32.000,78.0,78.0,79.0,77.0,79.0,25.3,21.4,0.0,0.0,52.0,Attack,Cryptojacking,CoinIMP (CPU) (50%),ASUS Zenbook UX51VZ,Open Hardware Monitor,1
04:53:34.000,73.0,73.0,69.0,71.0,75.0,23.6,19.7,0.0,0.0,54.0,Attack,Cryptojacking,CoinIMP (CPU) (50%),ASUS Zenbook UX51VZ,Open Hardware Monitor,1
04:53:36.000,72.0,74.0,71.0,71.0,74.0,22.1,18.2,0.0,0.0,56.0,Attack,Cryptojacking,CoinIMP (CPU) (50%),ASUS Zenbook UX51VZ,Open Hardware Monitor,1
04:53:38.000,77.0,78.0,71.0,74.0,78.0,23.5,19.6,0.0,0.0,58.0,Attack,Cryptojacking,CoinIMP (CPU) (50%),ASUS Zenbook UX51VZ,Open Hardware Monitor,1
04:53:40.000,72.0,72.0,69.0,71.0,72.0,21.3,17.4,0.0,0.0,60.0,Attack,Cryptojacking,CoinIMP (CPU) (50%),ASUS Zenbook UX51VZ,Open Hardware Monitor,1
04:53:42.000,77.0,78.0,78.0,75.0,78.0,23.8,19.8,0.0,0.0,62.0,Attack,Cryptojacking,CoinIMP (CPU) (50%),ASUS Zenbook UX51VZ,Open Hardware Monitor,1
04:53:44.000,76.0,77.0,77.0,76.0,77.0,21.7,17.8,0.0,0.0,64.0,Attack,Cryptojacking,CoinIMP (CPU) (50%),ASUS Zenbook UX51VZ,Open Hardware Monitor,1
04:53:46.000,77.0,78.0,72.0,72.0,78.0,19.1,15.3,0.0,0.0,66.0,Attack,Cryptojacking,CoinIMP (CPU) (50%),ASUS Zenbook UX51VZ,Open Hardware Monitor,1
04:53:48.000,72.0,72.0,71.0,72.0,75.0,21.0,17.2,0.0,0.0,68.0,Attack,Cryptojacking,CoinIMP (CPU) (50%),ASUS Zenbook UX51VZ,Open Hardware Monitor,1
04:53:50.000,76.0,78.0,76.0,76.0,78.0,24.3,20.5,0.0,0.0,70.0,Attack,Cryptojacking,CoinIMP (CPU) (50%),ASUS Zenbook UX51VZ,Open Hardware Monitor,1
04:53:52.000,75.0,77.0,75.0,76.0,78.0,20.4,16.7,0.0,0.0,72.0,Attack,Cryptojacking,CoinIMP (CPU) (50%),ASUS Zenbook UX51VZ,Open Hardware Monitor,1
04:53:54.000,76.0,74.0,78.0,77.0,78.0,22.5,18.7,0.0,0.0,74.0,Attack,Cryptojacking,CoinIMP (CPU) (50%),ASUS Zenbook UX51VZ,Open Hardware Monitor,1
04:53:56.000,72.0,74.0,76.0,73.0,77.0,18.2,14.6,0.0,0.0,76.0,Attack,Cryptojacking,CoinIMP (CPU) (50%),ASUS Zenbook UX51VZ,Open Hardware Monitor,1
04:53:58.000,78.0,79.0,76.0,77.0,79.0,23.6,19.6,0.0,0.0,78.0,Attack,Cryptojacking,CoinIMP (CPU) (50%),ASUS Zenbook UX51VZ,Open Hardware Monitor,1
04:54:00.000,72.0,74.0,73.0,73.0,76.0,22.5,18.7,0.0,0.0,80.0,Attack,Cryptojacking,CoinIMP (CPU) (50%),ASUS Zenbook UX51VZ,Open Hardware Monitor,1
04:54:02.000,75.0,79.0,75.0,76.0,79.0,19.4,15.7,0.0,0.0,82.0,Attack,Cryptojacking,CoinIMP (CPU) (50%),ASUS Zenbook UX51VZ,Open Hardware Monitor,1
04:54:04.000,77.0,78.0,77.0,77.0,78.0,21.5,17.8,0.0,0.0,84.0,Attack,Cryptojacking,CoinIMP (CPU) (50%),ASUS Zenbook UX51VZ,Open Hardware Monitor,1
04:54:06.000,75.0,74.0,78.0,73.0,78.0,21.2,17.4,0.0,0.0,86.0,Attack,Cryptojacking,CoinIMP (CPU) (50%),ASUS Zenbook UX51VZ,Open Hardware Monitor,1
04:54:08.000,70.0,71.0,69.0,71.0,71.0,16.3,12.7,0.0,0.0,88.0,Attack,Cryptojacking,CoinIMP (CPU) (50%),ASUS Zenbook UX51VZ,Open Hardware Monitor,1
04:54:10.000,69.0,71.0,68.0,72.0,74.0,17.5,13.8,0.0,0.0,90.0,Attack,Cryptojacking,CoinIMP (CPU) (50%),ASUS Zenbook UX51VZ,Open Hardware Monitor,1
04:54:12.000,78.0,79.0,78.0,78.0,79.0,23.2,19.3,0.0,0.0,92.0,Attack,Cryptojacking,CoinIMP (CPU) (50%),ASUS Zenbook UX51VZ,Open Hardware Monitor,1
04:54:14.000,73.0,74.0,72.0,73.0,76.0,21.8,18.0,0.0,0.0,94.0,Attack,Cryptojacking,CoinIMP (CPU) (50%),ASUS Zenbook UX51VZ,Open Hardware Monitor,1
04:54:16.000,73.0,75.0,72.0,73.0,76.0,20.7,16.9,0.0,0.0,96.0,Attack,Cryptojacking,CoinIMP (CPU) (50%),ASUS Zenbook UX51VZ,Open Hardware Monitor,1
04:54:18.000,71.0,72.0,68.0,71.0,72.0,18.6,14.9,0.0,0.0,98.0,Attack,Cryptojacking,CoinIMP (CPU) (50%),ASUS Zenbook UX51VZ,Open Hardware Monitor,1
04:54:20.000,74.0,75.0,77.0,77.0,77.0,17.9,14.3,0.0,0.0,100.0,Attack,Cryptojacking,CoinIMP (CPU) (50%),ASUS Zenbook UX51VZ,Open Hardware Monitor,1
04:54:23.000,76.0,78.0,76.0,76.0,78.0,21.4,17.7,0.0,0.0,103.0,Attack,Cryptojacking,CoinIMP (CPU) (50%),ASUS Zenbook UX51VZ,Open Hardware Monitor,1
04:54:25.000,76.0,78.0,71.0,75.0,78.0,19.6,15.9,0.0,0.0,105.0,Attack,Cryptojacking,CoinIMP (CPU) (50%),ASUS Zenbook UX51VZ,Open Hardware Monitor,1
04:54:27.000,78.0,79.0,76.0,77.0,78.0,22.7,18.9,0.0,0.0,107.0,Attack,Cryptojacking,CoinIMP (CPU) (50%),ASUS Zenbook UX51VZ,Open Hardware Monitor,1
04:54:29.000,72.0,73.0,70.0,71.0,73.0,17.9,14.2,0.0,0.0,109.0,Attack,Cryptojacking,CoinIMP (CPU) (50%),ASUS Zenbook UX51VZ,Open Hardware Monitor,1
04:54:31.000,73.0,75.0,72.0,73.0,74.0,13.7,10.2,0.0,0.0,111.0,Attack,Cryptojacking,CoinIMP (CPU) (50%),ASUS Zenbook UX51VZ,Open Hardware Monitor,1
04:54:33.000,77.0,79.0,76.0,76.0,80.0,21.1,17.3,0.0,0.0,113.0,Attack,Cryptojacking,CoinIMP (CPU) (50%),ASUS Zenbook UX51VZ,Open Hardware Monitor,1
04:54:35.000,70.0,74.0,71.0,72.0,73.0,22.7,18.8,0.0,0.0,115.0,Attack,Cryptojacking,CoinIMP (CPU) (50%),ASUS Zenbook UX51VZ,Open Hardware Monitor,1
04:54:37.000,77.0,79.0,76.0,76.0,79.0,22.6,18.7,0.0,0.0,117.0,Attack,Cryptojacking,CoinIMP (CPU) (50%),ASUS Zenbook UX51VZ,Open Hardware Monitor,1
04:54:39.000,72.0,72.0,70.0,72.0,74.0,22.7,18.8,0.0,0.0,119.0,Attack,Cryptojacking,CoinIMP (CPU) (50%),ASUS Zenbook UX51VZ,Open Hardware Monitor,1
04:54:41.000,72.0,73.0,70.0,73.0,75.0,15.0,11.4,0.0,0.0,121.0,Attack,Cryptojacking,CoinIMP (CPU) (50%),ASUS Zenbook UX51VZ,Open Hardware Monitor,1
04:54:43.000,78.0,78.0,75.0,77.0,78.0,21.2,17.3,0.0,0.0,123.0,Attack,Cryptojacking,CoinIMP (CPU) (50%),ASUS Zenbook UX51VZ,Open Hardware Monitor,1
04:54:45.000,70.0,73.0,70.0,71.0,73.0,21.5,17.7,0.0,0.0,125.0,Attack,Cryptojacking,CoinIMP (CPU) (50%),ASUS Zenbook UX51VZ,Open Hardware Monitor,1
04:54:47.000,77.0,79.0,76.0,77.0,79.0,22.9,19.0,0.0,0.0,127.0,Attack,Cryptojacking,CoinIMP (CPU) (50%),ASUS Zenbook UX51VZ,Open Hardware Monitor,1
04:54:49.000,77.0,76.0,73.0,76.0,77.0,23.4,19.5,0.0,0.0,129.0,Attack,Cryptojacking,CoinIMP (CPU) (50%),ASUS Zenbook UX51VZ,Open Hardware Monitor,1
04:54:51.000,76.0,79.0,72.0,75.0,79.0,18.4,14.8,0.0,0.0,131.0,Attack,Cryptojacking,CoinIMP (CPU) (50%),ASUS Zenbook UX51VZ,Open Hardware Monitor,1
04:54:53.000,73.0,74.0,74.0,76.0,77.0,19.2,15.5,0.0,0.0,133.0,Attack,Cryptojacking,CoinIMP (CPU) (50%),ASUS Zenbook UX51VZ,Open Hardware Monitor,1
04:54:55.000,73.0,76.0,74.0,73.0,78.0,25.4,21.4,0.0,0.0,135.0,Attack,Cryptojacking,CoinIMP (CPU) (50%),ASUS Zenbook UX51VZ,Open Hardware Monitor,1
04:54:57.000,75.0,78.0,77.0,76.0,78.0,16.2,12.7,0.0,0.0,137.0,Attack,Cryptojacking,CoinIMP (CPU) (50%),ASUS Zenbook UX51VZ,Open Hardware Monitor,1
04:54:59.000,75.0,77.0,75.0,79.0,79.0,22.2,18.4,0.0,0.0,139.0,Attack,Cryptojacking,CoinIMP (CPU) (50%),ASUS Zenbook UX51VZ,Open Hardware Monitor,1
04:55:01.000,74.0,74.0,74.0,73.0,76.0,25.1,21.0,0.1,0.0,141.0,Attack,Cryptojacking,CoinIMP (CPU) (50%),ASUS Zenbook UX51VZ,Open Hardware Monitor,1
04:55:03.000,75.0,78.0,77.0,76.0,78.0,19.1,15.5,0.0,0.0,143.0,Attack,Cryptojacking,CoinIMP (CPU) (50%),ASUS Zenbook UX51VZ,Open Hardware Monitor,1
04:55:05.000,76.0,77.0,76.0,76.0,77.0,16.8,13.2,0.0,0.0,145.0,Attack,Cryptojacking,CoinIMP (CPU) (50%),ASUS Zenbook UX51VZ,Open Hardware Monitor,1
04:55:07.000,72.0,73.0,72.0,72.0,73.0,21.4,17.7,0.0,0.0,147.0,Attack,Cryptojacking,CoinIMP (CPU) (50%),ASUS Zenbook UX51VZ,Open Hardware Monitor,1
04:55:09.000,74.0,79.0,73.0,72.0,80.0,22.4,18.7,0.0,0.0,149.0,Attack,Cryptojacking,CoinIMP (CPU) (50%),ASUS Zenbook UX51VZ,Open Hardware Monitor,1
04:55:11.000,72.0,73.0,73.0,72.0,74.0,19.1,15.6,0.0,0.0,151.0,Attack,Cryptojacking,CoinIMP (CPU) (50%),ASUS Zenbook UX51VZ,Open Hardware Monitor,1
04:55:13.000,73.0,73.0,73.0,73.0,73.0,20.9,17.3,0.0,0.0,153.0,Attack,Cryptojacking,CoinIMP (CPU) (50%),ASUS Zenbook UX51VZ,Open Hardware Monitor,1
04:55:15.000,79.0,78.0,79.0,74.0,79.0,21.6,17.9,0.0,0.0,155.0,Attack,Cryptojacking,CoinIMP (CPU) (50%),ASUS Zenbook UX51VZ,Open Hardware Monitor,1
04:55:17.000,75.0,75.0,74.0,77.0,77.0,24.0,20.3,0.0,0.0,157.0,Attack,Cryptojacking,CoinIMP (CPU) (50%),ASUS Zenbook UX51VZ,Open Hardware Monitor,1
04:55:19.000,74.0,79.0,75.0,75.0,80.0,24.6,20.8,0.0,0.0,159.0,Attack,Cryptojacking,CoinIMP (CPU) (50%),ASUS Zenbook UX51VZ,Open Hardware Monitor,1
04:55:21.000,77.0,77.0,76.0,74.0,78.0,22.2,18.5,0.0,0.0,161.0,Attack,Cryptojacking,CoinIMP (CPU) (50%),ASUS Zenbook UX51VZ,Open Hardware Monitor,1
04:55:23.000,78.0,79.0,78.0,79.0,79.0,22.7,19.0,0.0,0.0,163.0,Attack,Cryptojacking,CoinIMP (CPU) (50%),ASUS Zenbook UX51VZ,Open Hardware Monitor,1
04:55:25.000,78.0,81.0,80.0,75.0,81.0,24.1,20.3,0.0,0.0,165.0,Attack,Cryptojacking,CoinIMP (CPU) (50%),ASUS Zenbook UX51VZ,Open Hardware Monitor,1
04:55:27.000,74.0,78.0,74.0,75.0,80.0,23.0,19.3,0.0,0.0,167.0,Attack,Cryptojacking,CoinIMP (CPU) (50%),ASUS Zenbook UX51VZ,Open Hardware Monitor,1
04:55:29.000,77.0,80.0,77.0,77.0,79.0,19.2,15.7,0.0,0.0,169.0,Attack,Cryptojacking,CoinIMP (CPU) (50%),ASUS Zenbook UX51VZ,Open Hardware Monitor,1
04:55:31.000,73.0,75.0,72.0,72.0,75.0,17.6,14.0,0.0,0.0,171.0,Attack,Cryptojacking,CoinIMP (CPU) (50%),ASUS Zenbook UX51VZ,Open Hardware Monitor,1
04:55:33.000,76.0,79.0,77.0,76.0,79.0,20.5,16.9,0.0,0.0,173.0,Attack,Cryptojacking,CoinIMP (CPU) (50%),ASUS Zenbook UX51VZ,Open Hardware Monitor,1
04:55:35.000,73.0,75.0,73.0,74.0,77.0,20.3,16.7,0.0,0.0,175.0,Attack,Cryptojacking,CoinIMP (CPU) (50%),ASUS Zenbook UX51VZ,Open Hardware Monitor,1
04:55:37.000,75.0,77.0,75.0,75.0,79.0,20.4,16.8,0.0,0.0,177.0,Attack,Cryptojacking,CoinIMP (CPU) (50%),ASUS Zenbook UX51VZ,Open Hardware Monitor,1
04:55:39.000,74.0,74.0,72.0,74.0,76.0,21.2,17.5,0.0,0.0,179.0,Attack,Cryptojacking,CoinIMP (CPU) (50%),ASUS Zenbook UX51VZ,Open Hardware Monitor,1
04:55:41.000,78.0,80.0,79.0,77.0,80.0,18.6,15.0,0.0,0.0,181.0,Attack,Cryptojacking,CoinIMP (CPU) (50%),ASUS Zenbook UX51VZ,Open Hardware Monitor,1
04:55:43.000,74.0,77.0,74.0,75.0,77.0,19.1,15.4,0.0,0.0,183.0,Attack,Cryptojacking,CoinIMP (CPU) (50%),ASUS Zenbook UX51VZ,Open Hardware Monitor,1
04:55:45.000,78.0,79.0,76.0,77.0,79.0,16.5,12.9,0.0,0.0,185.0,Attack,Cryptojacking,CoinIMP (CPU) (50%),ASUS Zenbook UX51VZ,Open Hardware Monitor,1
04:55:47.000,72.0,73.0,72.0,77.0,77.0,18.1,14.5,0.0,0.0,187.0,Attack,Cryptojacking,CoinIMP (CPU) (50%),ASUS Zenbook UX51VZ,Open Hardware Monitor,1
04:55:49.000,72.0,75.0,73.0,73.0,76.0,20.1,16.5,0.0,0.0,189.0,Attack,Cryptojacking,CoinIMP (CPU) (50%),ASUS Zenbook UX51VZ,Open Hardware Monitor,1
04:55:51.000,72.0,73.0,72.0,72.0,74.0,20.0,16.4,0.0,0.0,191.0,Attack,Cryptojacking,CoinIMP (CPU) (50%),ASUS Zenbook UX51VZ,Open Hardware Monitor,1
04:55:53.000,74.0,75.0,72.0,73.0,77.0,19.3,15.7,0.0,0.0,193.0,Attack,Cryptojacking,CoinIMP (CPU) (50%),ASUS Zenbook UX51VZ,Open Hardware Monitor,1
04:55:55.000,74.0,78.0,73.0,74.0,81.0,19.2,15.6,0.0,0.0,195.0,Attack,Cryptojacking,CoinIMP (CPU) (50%),ASUS Zenbook UX51VZ,Open Hardware Monitor,1
04:55:57.000,74.0,75.0,71.0,74.0,75.0,19.5,15.9,0.0,0.0,197.0,Attack,Cryptojacking,CoinIMP (CPU) (50%),ASUS Zenbook UX51VZ,Open Hardware Monitor,1
04:55:59.000,77.0,79.0,77.0,77.0,79.0,22.4,18.8,0.0,0.0,199.0,Attack,Cryptojacking,CoinIMP (CPU) (50%),ASUS Zenbook UX51VZ,Open Hardware Monitor,1
04:56:01.000,76.0,78.0,76.0,76.0,78.0,19.9,16.3,0.0,0.0,201.0,Attack,Cryptojacking,CoinIMP (CPU) (50%),ASUS Zenbook UX51VZ,Open Hardware Monitor,1
04:56:03.000,74.0,77.0,73.0,76.0,77.0,18.2,14.7,0.0,0.0,203.0,Attack,Cryptojacking,CoinIMP (CPU) (50%),ASUS Zenbook UX51VZ,Open Hardware Monitor,1
04:56:05.000,74.0,77.0,73.0,74.0,79.0,21.1,17.4,0.0,0.0,205.0,Attack,Cryptojacking,CoinIMP (CPU) (50%),ASUS Zenbook UX51VZ,Open Hardware Monitor,1
04:56:07.000,76.0,75.0,73.0,74.0,77.0,19.9,16.3,0.0,0.0,207.0,Attack,Cryptojacking,CoinIMP (CPU) (50%),ASUS Zenbook UX51VZ,Open Hardware Monitor,1
04:56:09.000,73.0,74.0,72.0,74.0,76.0,18.5,14.9,0.0,0.0,209.0,Attack,Cryptojacking,CoinIMP (CPU) (50%),ASUS Zenbook UX51VZ,Open Hardware Monitor,1
04:56:11.000,74.0,74.0,72.0,73.0,74.0,19.1,15.5,0.0,0.0,211.0,Attack,Cryptojacking,CoinIMP (CPU) (50%),ASUS Zenbook UX51VZ,Open Hardware Monitor,1
04:56:13.000,76.0,75.0,74.0,75.0,77.0,21.4,17.8,0.0,0.0,213.0,Attack,Cryptojacking,CoinIMP (CPU) (50%),ASUS Zenbook UX51VZ,Open Hardware Monitor,1
04:56:15.000,74.0,75.0,71.0,77.0,77.0,19.0,15.4,0.0,0.0,215.0,Attack,Cryptojacking,CoinIMP (CPU) (50%),ASUS Zenbook UX51VZ,Open Hardware Monitor,1
04:56:17.000,73.0,74.0,72.0,73.0,74.0,19.0,15.4,0.0,0.0,217.0,Attack,Cryptojacking,CoinIMP (CPU) (50%),ASUS Zenbook UX51VZ,Open Hardware Monitor,1
04:56:19.000,73.0,74.0,72.0,72.0,74.0,18.0,14.4,0.0,0.0,219.0,Attack,Cryptojacking,CoinIMP (CPU) (50%),ASUS Zenbook UX51VZ,Open Hardware Monitor,1
04:56:21.000,79.0,78.0,76.0,76.0,79.0,20.3,16.6,0.0,0.0,221.0,Attack,Cryptojacking,CoinIMP (CPU) (50%),ASUS Zenbook UX51VZ,Open Hardware Monitor,1
04:56:23.000,74.0,77.0,78.0,75.0,78.0,20.8,17.1,0.0,0.0,223.0,Attack,Cryptojacking,CoinIMP (CPU) (50%),ASUS Zenbook UX51VZ,Open Hardware Monitor,1
04:56:25.000,74.0,75.0,72.0,73.0,76.0,18.6,15.0,0.0,0.0,225.0,Attack,Cryptojacking,CoinIMP (CPU) (50%),ASUS Zenbook UX51VZ,Open Hardware Monitor,1
04:56:27.000,78.0,80.0,77.0,78.0,80.0,16.6,13.0,0.0,0.0,227.0,Attack,Cryptojacking,CoinIMP (CPU) (50%),ASUS Zenbook UX51VZ,Open Hardware Monitor,1
04:56:29.000,74.0,75.0,73.0,74.0,77.0,19.2,15.5,0.0,0.0,229.0,Attack,Cryptojacking,CoinIMP (CPU) (50%),ASUS Zenbook UX51VZ,Open Hardware Monitor,1
04:56:32.000,74.0,76.0,77.0,74.0,79.0,17.6,14.0,0.0,0.0,232.0,Attack,Cryptojacking,CoinIMP (CPU) (50%),ASUS Zenbook UX51VZ,Open Hardware Monitor,1
04:56:34.000,73.0,75.0,73.0,78.0,78.0,20.1,16.5,0.0,0.0,234.0,Attack,Cryptojacking,CoinIMP (CPU) (50%),ASUS Zenbook UX51VZ,Open Hardware Monitor,1
04:56:36.000,74.0,75.0,74.0,74.0,75.0,19.2,15.6,0.0,0.0,236.0,Attack,Cryptojacking,CoinIMP (CPU) (50%),ASUS Zenbook UX51VZ,Open Hardware Monitor,1
04:56:38.000,77.0,78.0,77.0,76.0,78.0,16.7,13.2,0.0,0.0,238.0,Attack,Cryptojacking,CoinIMP (CPU) (50%),ASUS Zenbook UX51VZ,Open Hardware Monitor,1
04:56:40.000,79.0,79.0,79.0,76.0,79.0,19.9,16.2,0.0,0.0,240.0,Attack,Cryptojacking,CoinIMP (CPU) (50%),ASUS Zenbook UX51VZ,Open Hardware Monitor,1
04:56:42.000,75.0,77.0,78.0,74.0,79.0,18.4,14.8,0.0,0.0,242.0,Attack,Cryptojacking,CoinIMP (CPU) (50%),ASUS Zenbook UX51VZ,Open Hardware Monitor,1
04:56:44.000,78.0,80.0,78.0,78.0,79.0,16.3,12.8,0.0,0.0,244.0,Attack,Cryptojacking,CoinIMP (CPU) (50%),ASUS Zenbook UX51VZ,Open Hardware Monitor,1
04:56:46.000,74.0,76.0,73.0,73.0,76.0,16.9,13.3,0.0,0.0,246.0,Attack,Cryptojacking,CoinIMP (CPU) (50%),ASUS Zenbook UX51VZ,Open Hardware Monitor,1
04:56:48.000,73.0,75.0,71.0,73.0,76.0,14.9,11.4,0.0,0.0,248.0,Attack,Cryptojacking,CoinIMP (CPU) (50%),ASUS Zenbook UX51VZ,Open Hardware Monitor,1
04:56:50.000,78.0,80.0,80.0,77.0,80.0,18.0,14.3,0.0,0.0,250.0,Attack,Cryptojacking,CoinIMP (CPU) (50%),ASUS Zenbook UX51VZ,Open Hardware Monitor,1
04:56:52.000,74.0,76.0,73.0,73.0,76.0,17.9,14.3,0.0,0.0,252.0,Attack,Cryptojacking,CoinIMP (CPU) (50%),ASUS Zenbook UX51VZ,Open Hardware Monitor,1
04:56:54.000,79.0,80.0,77.0,78.0,80.0,18.5,14.8,0.0,0.0,254.0,Attack,Cryptojacking,CoinIMP (CPU) (50%),ASUS Zenbook UX51VZ,Open Hardware Monitor,1
04:56:56.000,74.0,74.0,73.0,74.0,75.0,16.7,13.1,0.0,0.0,256.0,Attack,Cryptojacking,CoinIMP (CPU) (50%),ASUS Zenbook UX51VZ,Open Hardware Monitor,1
04:56:58.000,73.0,75.0,72.0,78.0,78.0,16.7,13.1,0.0,0.0,258.0,Attack,Cryptojacking,CoinIMP (CPU) (50%),ASUS Zenbook UX51VZ,Open Hardware Monitor,1
04:57:00.000,73.0,80.0,76.0,77.0,80.0,18.5,14.9,0.0,0.0,260.0,Attack,Cryptojacking,CoinIMP (CPU) (50%),ASUS Zenbook UX51VZ,Open Hardware Monitor,1
04:57:02.000,78.0,79.0,77.0,77.0,79.0,20.6,17.0,0.0,0.0,262.0,Attack,Cryptojacking,CoinIMP (CPU) (50%),ASUS Zenbook UX51VZ,Open Hardware Monitor,1
04:57:04.000,73.0,75.0,71.0,72.0,78.0,20.0,16.3,0.0,0.0,264.0,Attack,Cryptojacking,CoinIMP (CPU) (50%),ASUS Zenbook UX51VZ,Open Hardware Monitor,1
04:57:06.000,77.0,79.0,77.0,77.0,79.0,19.6,15.9,0.0,0.0,266.0,Attack,Cryptojacking,CoinIMP (CPU) (50%),ASUS Zenbook UX51VZ,Open Hardware Monitor,1
04:57:08.000,78.0,78.0,76.0,75.0,78.0,18.3,14.8,0.0,0.0,268.0,Attack,Cryptojacking,CoinIMP (CPU) (50%),ASUS Zenbook UX51VZ,Open Hardware Monitor,1
04:57:10.000,76.0,76.0,72.0,74.0,76.0,18.9,15.2,0.0,0.0,270.0,Attack,Cryptojacking,CoinIMP (CPU) (50%),ASUS Zenbook UX51VZ,Open Hardware Monitor,1
04:57:12.000,76.0,76.0,73.0,74.0,76.0,21.3,17.7,0.0,0.0,272.0,Attack,Cryptojacking,CoinIMP (CPU) (50%),ASUS Zenbook UX51VZ,Open Hardware Monitor,1
04:57:14.000,75.0,76.0,75.0,75.0,78.0,17.9,14.3,0.0,0.0,274.0,Attack,Cryptojacking,CoinIMP (CPU) (50%),ASUS Zenbook UX51VZ,Open Hardware Monitor,1
04:57:16.000,79.0,79.0,76.0,78.0,79.0,16.2,12.6,0.0,0.0,276.0,Attack,Cryptojacking,CoinIMP (CPU) (50%),ASUS Zenbook UX51VZ,Open Hardware Monitor,1
04:57:18.000,75.0,77.0,78.0,74.0,79.0,17.8,14.2,0.0,0.0,278.0,Attack,Cryptojacking,CoinIMP (CPU) (50%),ASUS Zenbook UX51VZ,Open Hardware Monitor,1
04:57:20.000,77.0,76.0,76.0,79.0,79.0,18.4,14.8,0.0,0.0,280.0,Attack,Cryptojacking,CoinIMP (CPU) (50%),ASUS Zenbook UX51VZ,Open Hardware Monitor,1
04:57:22.000,75.0,75.0,78.0,78.0,79.0,19.4,15.8,0.0,0.0,282.0,Attack,Cryptojacking,CoinIMP (CPU) (50%),ASUS Zenbook UX51VZ,Open Hardware Monitor,1
04:57:24.000,78.0,80.0,78.0,77.0,80.0,16.3,12.7,0.0,0.0,284.0,Attack,Cryptojacking,CoinIMP (CPU) (50%),ASUS Zenbook UX51VZ,Open Hardware Monitor,1
04:57:26.000,78.0,80.0,78.0,79.0,80.0,21.9,18.2,0.0,0.0,286.0,Attack,Cryptojacking,CoinIMP (CPU) (50%),ASUS Zenbook UX51VZ,Open Hardware Monitor,1
04:57:28.000,72.0,74.0,71.0,73.0,74.0,17.8,14.2,0.0,0.0,288.0,Attack,Cryptojacking,CoinIMP (CPU) (50%),ASUS Zenbook UX51VZ,Open Hardware Monitor,1
04:57:30.000,74.0,75.0,72.0,73.0,75.0,19.6,16.0,0.0,0.0,290.0,Attack,Cryptojacking,CoinIMP (CPU) (50%),ASUS Zenbook UX51VZ,Open Hardware Monitor,1
04:57:32.000,74.0,76.0,72.0,74.0,77.0,18.0,14.4,0.0,0.0,292.0,Attack,Cryptojacking,CoinIMP (CPU) (50%),ASUS Zenbook UX51VZ,Open Hardware Monitor,1
04:57:34.000,77.0,79.0,76.0,78.0,79.0,17.0,13.4,0.0,0.0,294.0,Attack,Cryptojacking,CoinIMP (CPU) (50%),ASUS Zenbook UX51VZ,Open Hardware Monitor,1
04:57:36.000,75.0,75.0,75.0,75.0,77.0,19.7,16.0,0.0,0.0,296.0,Attack,Cryptojacking,CoinIMP (CPU) (50%),ASUS Zenbook UX51VZ,Open Hardware Monitor,1
04:57:38.000,74.0,76.0,72.0,75.0,76.0,16.5,12.9,0.0,0.0,298.0,Attack,Cryptojacking,CoinIMP (CPU) (50%),ASUS Zenbook UX51VZ,Open Hardware Monitor,1
04:57:40.000,77.0,76.0,75.0,75.0,78.0,18.2,14.6,0.0,0.0,300.0,Attack,Cryptojacking,CoinIMP (CPU) (50%),ASUS Zenbook UX51VZ,Open Hardware Monitor,1
04:57:42.000,74.0,75.0,72.0,73.0,76.0,16.4,12.8,0.0,0.0,302.0,Attack,Cryptojacking,CoinIMP (CPU) (50%),ASUS Zenbook UX51VZ,Open Hardware Monitor,1
04:57:44.000,77.0,80.0,78.0,79.0,80.0,18.5,14.9,0.0,0.0,304.0,Attack,Cryptojacking,CoinIMP (CPU) (50%),ASUS Zenbook UX51VZ,Open Hardware Monitor,1
04:57:46.000,78.0,80.0,77.0,79.0,80.0,18.0,14.5,0.0,0.0,306.0,Attack,Cryptojacking,CoinIMP (CPU) (50%),ASUS Zenbook UX51VZ,Open Hardware Monitor,1
04:57:48.000,74.0,76.0,73.0,75.0,77.0,20.8,17.1,0.0,0.0,308.0,Attack,Cryptojacking,CoinIMP (CPU) (50%),ASUS Zenbook UX51VZ,Open Hardware Monitor,1
04:57:50.000,75.0,80.0,78.0,79.0,80.0,19.9,16.3,0.0,0.0,310.0,Attack,Cryptojacking,CoinIMP (CPU) (50%),ASUS Zenbook UX51VZ,Open Hardware Monitor,1
04:57:52.000,72.0,75.0,71.0,73.0,75.0,18.4,14.9,0.0,0.0,312.0,Attack,Cryptojacking,CoinIMP (CPU) (50%),ASUS Zenbook UX51VZ,Open Hardware Monitor,1
04:57:54.000,75.0,76.0,73.0,75.0,77.0,21.1,17.5,0.0,0.0,314.0,Attack,Cryptojacking,CoinIMP (CPU) (50%),ASUS Zenbook UX51VZ,Open Hardware Monitor,1
04:57:56.000,79.0,80.0,77.0,77.0,80.0,20.2,16.6,0.0,0.0,316.0,Attack,Cryptojacking,CoinIMP (CPU) (50%),ASUS Zenbook UX51VZ,Open Hardware Monitor,1
04:57:58.000,73.0,75.0,71.0,72.0,75.0,18.6,15.0,0.0,0.0,318.0,Attack,Cryptojacking,CoinIMP (CPU) (50%),ASUS Zenbook UX51VZ,Open Hardware Monitor,1
04:58:00.000,78.0,81.0,78.0,79.0,81.0,21.0,17.3,0.0,0.0,320.0,Attack,Cryptojacking,CoinIMP (CPU) (50%),ASUS Zenbook UX51VZ,Open Hardware Monitor,1
04:58:02.000,74.0,76.0,74.0,74.0,76.0,17.9,14.3,0.0,0.0,322.0,Attack,Cryptojacking,CoinIMP (CPU) (50%),ASUS Zenbook UX51VZ,Open Hardware Monitor,1
04:58:04.000,73.0,74.0,71.0,73.0,76.0,15.7,12.1,0.0,0.0,324.0,Attack,Cryptojacking,CoinIMP (CPU) (50%),ASUS Zenbook UX51VZ,Open Hardware Monitor,1
04:58:06.000,75.0,79.0,73.0,75.0,80.0,20.6,16.9,0.0,0.0,326.0,Attack,Cryptojacking,CoinIMP (CPU) (50%),ASUS Zenbook UX51VZ,Open Hardware Monitor,1
04:58:08.000,75.0,82.0,75.0,78.0,82.0,19.6,16.0,0.0,0.0,328.0,Attack,Cryptojacking,CoinIMP (CPU) (50%),ASUS Zenbook UX51VZ,Open Hardware Monitor,1
04:58:11.000,73.0,75.0,72.0,72.0,75.0,16.4,12.7,0.0,0.0,331.0,Attack,Cryptojacking,CoinIMP (CPU) (50%),ASUS Zenbook UX51VZ,Open Hardware Monitor,1
04:58:13.000,74.0,77.0,73.0,75.0,77.0,13.7,10.1,0.0,0.0,333.0,Attack,Cryptojacking,CoinIMP (CPU) (50%),ASUS Zenbook UX51VZ,Open Hardware Monitor,1
04:58:15.000,75.0,80.0,78.0,78.0,80.0,18.8,15.2,0.0,0.0,335.0,Attack,Cryptojacking,CoinIMP (CPU) (50%),ASUS Zenbook UX51VZ,Open Hardware Monitor,1
04:58:17.000,79.0,79.0,76.0,77.0,79.0,20.1,16.6,0.0,0.0,337.0,Attack,Cryptojacking,CoinIMP (CPU) (50%),ASUS Zenbook UX51VZ,Open Hardware Monitor,1
04:58:19.000,79.0,80.0,72.0,74.0,80.0,17.0,13.4,0.0,0.0,339.0,Attack,Cryptojacking,CoinIMP (CPU) (50%),ASUS Zenbook UX51VZ,Open Hardware Monitor,1
04:58:21.000,79.0,77.0,73.0,76.0,79.0,18.6,15.0,0.0,0.0,341.0,Attack,Cryptojacking,CoinIMP (CPU) (50%),ASUS Zenbook UX51VZ,Open Hardware Monitor,1
04:58:23.000,75.0,76.0,74.0,77.0,77.0,20.8,17.1,0.0,0.0,343.0,Attack,Cryptojacking,CoinIMP (CPU) (50%),ASUS Zenbook UX51VZ,Open Hardware Monitor,1
04:58:25.000,79.0,81.0,75.0,79.0,81.0,20.1,16.5,0.0,0.0,345.0,Attack,Cryptojacking,CoinIMP (CPU) (50%),ASUS Zenbook UX51VZ,Open Hardware Monitor,1
04:58:27.000,73.0,75.0,72.0,73.0,76.0,18.7,15.0,0.0,0.0,347.0,Attack,Cryptojacking,CoinIMP (CPU) (50%),ASUS Zenbook UX51VZ,Open Hardware Monitor,1
04:58:29.000,75.0,76.0,74.0,74.0,78.0,18.2,14.6,0.0,0.0,349.0,Attack,Cryptojacking,CoinIMP (CPU) (50%),ASUS Zenbook UX51VZ,Open Hardware Monitor,1
04:58:31.000,78.0,80.0,78.0,79.0,80.0,19.3,15.7,0.0,0.0,351.0,Attack,Cryptojacking,CoinIMP (CPU) (50%),ASUS Zenbook UX51VZ,Open Hardware Monitor,1
04:58:33.000,74.0,75.0,72.0,73.0,76.0,18.4,14.7,0.0,0.0,353.0,Attack,Cryptojacking,CoinIMP (CPU) (50%),ASUS Zenbook UX51VZ,Open Hardware Monitor,1
04:58:35.000,74.0,76.0,74.0,74.0,78.0,20.4,16.8,0.0,0.0,355.0,Attack,Cryptojacking,CoinIMP (CPU) (50%),ASUS Zenbook UX51VZ,Open Hardware Monitor,1
04:58:37.000,80.0,82.0,76.0,75.0,80.0,20.6,16.9,0.0,0.0,357.0,Attack,Cryptojacking,CoinIMP (CPU) (50%),ASUS Zenbook UX51VZ,Open Hardware Monitor,1
04:58:39.000,79.0,80.0,78.0,77.0,80.0,20.1,16.5,0.0,0.0,359.0,Attack,Cryptojacking,CoinIMP (CPU) (50%),ASUS Zenbook UX51VZ,Open Hardware Monitor,1
04:58:41.000,75.0,76.0,73.0,75.0,77.0,20.0,16.4,0.0,0.0,361.0,Attack,Cryptojacking,CoinIMP (CPU) (50%),ASUS Zenbook UX51VZ,Open Hardware Monitor,1
04:58:43.000,75.0,76.0,79.0,79.0,79.0,17.2,13.6,0.0,0.0,363.0,Attack,Cryptojacking,CoinIMP (CPU) (50%),ASUS Zenbook UX51VZ,Open Hardware Monitor,1
04:58:45.000,77.0,79.0,74.0,77.0,80.0,21.4,17.8,0.0,0.0,365.0,Attack,Cryptojacking,CoinIMP (CPU) (50%),ASUS Zenbook UX51VZ,Open Hardware Monitor,1
04:58:47.000,77.0,80.0,78.0,78.0,80.0,21.1,17.5,0.0,0.0,367.0,Attack,Cryptojacking,CoinIMP (CPU) (50%),ASUS Zenbook UX51VZ,Open Hardware Monitor,1
04:58:49.000,78.0,81.0,81.0,78.0,81.0,18.5,14.9,0.0,0.0,369.0,Attack,Cryptojacking,CoinIMP (CPU) (50%),ASUS Zenbook UX51VZ,Open Hardware Monitor,1
04:58:51.000,74.0,74.0,71.0,73.0,74.0,12.8,9.2,0.0,0.0,371.0,Attack,Cryptojacking,CoinIMP (CPU) (50%),ASUS Zenbook UX51VZ,Open Hardware Monitor,1
04:58:53.000,74.0,75.0,73.0,73.0,76.0,19.3,15.8,0.0,0.0,373.0,Attack,Cryptojacking,CoinIMP (CPU) (50%),ASUS Zenbook UX51VZ,Open Hardware Monitor,1
04:58:55.000,78.0,79.0,78.0,78.0,79.0,20.7,17.0,0.0,0.0,375.0,Attack,Cryptojacking,CoinIMP (CPU) (50%),ASUS Zenbook UX51VZ,Open Hardware Monitor,1
04:58:57.000,79.0,81.0,79.0,79.0,81.0,20.7,17.1,0.0,0.0,377.0,Attack,Cryptojacking,CoinIMP (CPU) (50%),ASUS Zenbook UX51VZ,Open Hardware Monitor,1
04:58:59.000,76.0,76.0,74.0,75.0,77.0,17.1,13.5,0.0,0.0,379.0,Attack,Cryptojacking,CoinIMP (CPU) (50%),ASUS Zenbook UX51VZ,Open Hardware Monitor,1
04:59:01.000,78.0,78.0,76.0,75.0,80.0,20.3,16.6,0.0,0.0,381.0,Attack,Cryptojacking,CoinIMP (CPU) (50%),ASUS Zenbook UX51VZ,Open Hardware Monitor,1
04:59:03.000,79.0,82.0,82.0,80.0,82.0,25.3,21.7,0.0,0.0,383.0,Attack,Cryptojacking,CoinIMP (CPU) (50%),ASUS Zenbook UX51VZ,Open Hardware Monitor,1
04:59:05.000,76.0,78.0,74.0,74.0,78.0,14.2,10.5,0.0,0.0,385.0,Attack,Cryptojacking,CoinIMP (CPU) (50%),ASUS Zenbook UX51VZ,Open Hardware Monitor,1
04:59:07.000,74.0,74.0,72.0,72.0,75.0,12.8,9.3,0.0,0.0,387.0,Attack,Cryptojacking,CoinIMP (CPU) (50%),ASUS Zenbook UX51VZ,Open Hardware Monitor,1
04:59:09.000,80.0,82.0,83.0,80.0,83.0,25.4,21.7,0.0,0.0,389.0,Attack,Cryptojacking,CoinIMP (CPU) (50%),ASUS Zenbook UX51VZ,Open Hardware Monitor,1
04:59:11.000,76.0,77.0,73.0,75.0,77.0,14.7,11.1,0.0,0.0,391.0,Attack,Cryptojacking,CoinIMP (CPU) (50%),ASUS Zenbook UX51VZ,Open Hardware Monitor,1
04:59:13.000,74.0,75.0,73.0,73.0,75.0,15.0,11.3,0.0,0.0,393.0,Attack,Cryptojacking,CoinIMP (CPU) (50%),ASUS Zenbook UX51VZ,Open Hardware Monitor,1
04:59:15.000,78.0,81.0,79.0,79.0,81.0,23.9,20.3,0.0,0.0,395.0,Attack,Cryptojacking,CoinIMP (CPU) (50%),ASUS Zenbook UX51VZ,Open Hardware Monitor,1
04:59:17.000,75.0,75.0,74.0,74.0,77.0,15.2,11.5,0.0,0.0,397.0,Attack,Cryptojacking,CoinIMP (CPU) (50%),ASUS Zenbook UX51VZ,Open Hardware Monitor,1
04:59:19.000,73.0,75.0,72.0,74.0,75.0,15.0,11.3,0.0,0.0,399.0,Attack,Cryptojacking,CoinIMP (CPU) (50%),ASUS Zenbook UX51VZ,Open Hardware Monitor,1
04:59:21.000,79.0,82.0,80.0,79.0,82.0,24.7,21.1,0.0,0.0,401.0,Attack,Cryptojacking,CoinIMP (CPU) (50%),ASUS Zenbook UX51VZ,Open Hardware Monitor,1
04:59:23.000,73.0,75.0,72.0,73.0,75.0,14.5,10.9,0.0,0.0,403.0,Attack,Cryptojacking,CoinIMP (CPU) (50%),ASUS Zenbook UX51VZ,Open Hardware Monitor,1
04:59:25.000,79.0,79.0,81.0,80.0,81.0,24.2,20.6,0.0,0.0,405.0,Attack,Cryptojacking,CoinIMP (CPU) (50%),ASUS Zenbook UX51VZ,Open Hardware Monitor,1
04:59:27.000,76.0,79.0,77.0,76.0,79.0,23.0,19.4,0.0,0.0,407.0,Attack,Cryptojacking,CoinIMP (CPU) (50%),ASUS Zenbook UX51VZ,Open Hardware Monitor,1
04:59:29.000,75.0,76.0,76.0,75.0,77.0,15.1,11.4,0.0,0.0,409.0,Attack,Cryptojacking,CoinIMP (CPU) (50%),ASUS Zenbook UX51VZ,Open Hardware Monitor,1
04:59:31.000,78.0,80.0,78.0,79.0,79.0,15.5,11.9,0.0,0.0,411.0,Attack,Cryptojacking,CoinIMP (CPU) (50%),ASUS Zenbook UX51VZ,Open Hardware Monitor,1
04:59:33.000,75.0,74.0,73.0,73.0,75.0,18.0,14.4,0.0,0.0,413.0,Attack,Cryptojacking,CoinIMP (CPU) (50%),ASUS Zenbook UX51VZ,Open Hardware Monitor,1
04:59:35.000,75.0,77.0,74.0,75.0,79.0,22.1,18.5,0.0,0.0,415.0,Attack,Cryptojacking,CoinIMP (CPU) (50%),ASUS Zenbook UX51VZ,Open Hardware Monitor,1
04:59:37.000,75.0,77.0,76.0,76.0,77.0,21.1,17.5,0.0,0.0,417.0,Attack,Cryptojacking,CoinIMP (CPU) (50%),ASUS Zenbook UX51VZ,Open Hardware Monitor,1
04:59:39.000,75.0,75.0,73.0,73.0,76.0,18.9,15.3,0.0,0.0,419.0,Attack,Cryptojacking,CoinIMP (CPU) (50%),ASUS Zenbook UX51VZ,Open Hardware Monitor,1
04:59:41.000,74.0,74.0,74.0,74.0,75.0,17.3,13.8,0.0,0.0,421.0,Attack,Cryptojacking,CoinIMP (CPU) (50%),ASUS Zenbook UX51VZ,Open Hardware Monitor,1
04:59:43.000,75.0,75.0,74.0,75.0,78.0,16.8,13.3,0.0,0.0,423.0,Attack,Cryptojacking,CoinIMP (CPU) (50%),ASUS Zenbook UX51VZ,Open Hardware Monitor,1
04:59:45.000,77.0,78.0,77.0,76.0,78.0,19.8,16.1,0.0,0.0,425.0,Attack,Cryptojacking,CoinIMP (CPU) (50%),ASUS Zenbook UX51VZ,Open Hardware Monitor,1
04:59:47.000,74.0,76.0,74.0,75.0,77.0,17.6,14.0,0.0,0.0,427.0,Attack,Cryptojacking,CoinIMP (CPU) (50%),ASUS Zenbook UX51VZ,Open Hardware Monitor,1
04:59:49.000,75.0,76.0,75.0,76.0,76.0,18.6,15.0,0.0,0.0,429.0,Attack,Cryptojacking,CoinIMP (CPU) (50%),ASUS Zenbook UX51VZ,Open Hardware Monitor,1
04:59:51.000,79.0,79.0,81.0,76.0,81.0,20.9,17.2,0.0,0.0,431.0,Attack,Cryptojacking,CoinIMP (CPU) (50%),ASUS Zenbook UX51VZ,Open Hardware Monitor,1
04:59:53.000,75.0,76.0,75.0,75.0,76.0,13.1,9.6,0.0,0.0,433.0,Attack,Cryptojacking,CoinIMP (CPU) (50%),ASUS Zenbook UX51VZ,Open Hardware Monitor,1
04:59:56.000,75.0,77.0,74.0,75.0,77.0,22.0,18.4,0.0,0.0,436.0,Attack,Cryptojacking,CoinIMP (CPU) (50%),ASUS Zenbook UX51VZ,Open Hardware Monitor,1
04:59:58.000,75.0,76.0,75.0,75.0,76.0,18.8,15.2,0.0,0.0,438.0,Attack,Cryptojacking,CoinIMP (CPU) (50%),ASUS Zenbook UX51VZ,Open Hardware Monitor,1
05:00:00.000,80.0,78.0,80.0,80.0,80.0,20.4,16.8,0.0,0.0,440.0,Attack,Cryptojacking,CoinIMP (CPU) (50%),ASUS Zenbook UX51VZ,Open Hardware Monitor,1
05:00:02.000,78.0,80.0,79.0,78.0,80.0,19.1,15.5,0.0,0.0,442.0,Attack,Cryptojacking,CoinIMP (CPU) (50%),ASUS Zenbook UX51VZ,Open Hardware Monitor,1
05:00:04.000,76.0,77.0,77.0,74.0,77.0,19.2,15.6,0.0,0.0,444.0,Attack,Cryptojacking,CoinIMP (CPU) (50%),ASUS Zenbook UX51VZ,Open Hardware Monitor,1
05:00:06.000,76.0,76.0,76.0,75.0,77.0,21.3,17.7,0.0,0.0,446.0,Attack,Cryptojacking,CoinIMP (CPU) (50%),ASUS Zenbook UX51VZ,Open Hardware Monitor,1
05:00:08.000,76.0,78.0,76.0,74.0,80.0,19.9,16.3,0.0,0.0,448.0,Attack,Cryptojacking,CoinIMP (CPU) (50%),ASUS Zenbook UX51VZ,Open Hardware Monitor,1
05:00:10.000,75.0,75.0,76.0,75.0,76.0,14.4,10.7,0.0,0.0,450.0,Attack,Cryptojacking,CoinIMP (CPU) (50%),ASUS Zenbook UX51VZ,Open Hardware Monitor,1
05:00:12.000,78.0,80.0,75.0,75.0,80.0,21.3,17.6,0.0,0.0,452.0,Attack,Cryptojacking,CoinIMP (CPU) (50%),ASUS Zenbook UX51VZ,Open Hardware Monitor,1
05:00:14.000,76.0,79.0,75.0,75.0,80.0,20.7,17.0,0.0,0.0,454.0,Attack,Cryptojacking,CoinIMP (CPU) (50%),ASUS Zenbook UX51VZ,Open Hardware Monitor,1
05:00:16.000,78.0,80.0,81.0,77.0,81.0,20.6,17.0,0.0,0.0,456.0,Attack,Cryptojacking,CoinIMP (CPU) (50%),ASUS Zenbook UX51VZ,Open Hardware Monitor,1
05:00:18.000,78.0,80.0,80.0,78.0,80.0,19.0,15.5,0.0,0.0,458.0,Attack,Cryptojacking,CoinIMP (CPU) (50%),ASUS Zenbook UX51VZ,Open Hardware Monitor,1
05:00:20.000,79.0,81.0,80.0,79.0,81.0,19.2,15.6,0.0,0.0,460.0,Attack,Cryptojacking,CoinIMP (CPU) (50%),ASUS Zenbook UX51VZ,Open Hardware Monitor,1
05:00:22.000,79.0,82.0,81.0,79.0,82.0,17.7,14.2,0.0,0.0,462.0,Attack,Cryptojacking,CoinIMP (CPU) (50%),ASUS Zenbook UX51VZ,Open Hardware Monitor,1
05:00:24.000,75.0,76.0,74.0,74.0,78.0,16.0,12.5,0.0,0.0,464.0,Attack,Cryptojacking,CoinIMP (CPU) (50%),ASUS Zenbook UX51VZ,Open Hardware Monitor,1
05:00:26.000,81.0,82.0,80.0,79.0,81.0,20.0,16.4,0.0,0.0,466.0,Attack,Cryptojacking,CoinIMP (CPU) (50%),ASUS Zenbook UX51VZ,Open Hardware Monitor,1
05:00:28.000,76.0,76.0,73.0,74.0,76.0,13.4,9.8,0.0,0.0,468.0,Attack,Cryptojacking,CoinIMP (CPU) (50%),ASUS Zenbook UX51VZ,Open Hardware Monitor,1
05:00:30.000,76.0,78.0,73.0,74.0,77.0,14.1,10.4,0.0,0.0,470.0,Attack,Cryptojacking,CoinIMP (CPU) (50%),ASUS Zenbook UX51VZ,Open Hardware Monitor,1
05:00:32.000,75.0,77.0,75.0,74.0,77.0,14.5,10.8,0.0,0.0,472.0,Attack,Cryptojacking,CoinIMP (CPU) (50%),ASUS Zenbook UX51VZ,Open Hardware Monitor,1
05:00:34.000,75.0,76.0,75.0,75.0,76.0,12.9,9.4,0.0,0.0,474.0,Attack,Cryptojacking,CoinIMP (CPU) (50%),ASUS Zenbook UX51VZ,Open Hardware Monitor,1
05:00:36.000,74.0,75.0,74.0,74.0,75.0,17.6,14.1,0.0,0.0,476.0,Attack,Cryptojacking,CoinIMP (CPU) (50%),ASUS Zenbook UX51VZ,Open Hardware Monitor,1
05:00:38.000,75.0,76.0,74.0,74.0,77.0,17.3,13.8,0.0,0.0,478.0,Attack,Cryptojacking,CoinIMP (CPU) (50%),ASUS Zenbook UX51VZ,Open Hardware Monitor,1
05:00:40.000,78.0,79.0,78.0,78.0,79.0,19.8,16.2,0.0,0.0,480.0,Attack,Cryptojacking,CoinIMP (CPU) (50%),ASUS Zenbook UX51VZ,Open Hardware Monitor,1
05:00:42.000,74.0,75.0,72.0,74.0,75.0,17.1,13.5,0.0,0.0,482.0,Attack,Cryptojacking,CoinIMP (CPU) (50%),ASUS Zenbook UX51VZ,Open Hardware Monitor,1
05:00:44.000,77.0,77.0,75.0,78.0,79.0,21.0,17.3,0.0,0.0,484.0,Attack,Cryptojacking,CoinIMP (CPU) (50%),ASUS Zenbook UX51VZ,Open Hardware Monitor,1
05:00:46.000,77.0,79.0,75.0,76.0,79.0,20.1,16.5,0.0,0.0,486.0,Attack,Cryptojacking,CoinIMP (CPU) (50%),ASUS Zenbook UX51VZ,Open Hardware Monitor,1
05:00:48.000,76.0,78.0,73.0,75.0,78.0,16.7,13.1,0.0,0.0,488.0,Attack,Cryptojacking,CoinIMP (CPU) (50%),ASUS Zenbook UX51VZ,Open Hardware Monitor,1
05:00:50.000,75.0,77.0,75.0,75.0,77.0,13.7,10.1,0.0,0.0,490.0,Attack,Cryptojacking,CoinIMP (CPU) (50%),ASUS Zenbook UX51VZ,Open Hardware Monitor,1
05:00:52.000,77.0,75.0,74.0,74.0,78.0,17.1,13.5,0.0,0.0,492.0,Attack,Cryptojacking,CoinIMP (CPU) (50%),ASUS Zenbook UX51VZ,Open Hardware Monitor,1
05:00:54.000,79.0,80.0,81.0,78.0,81.0,19.4,15.8,0.0,0.0,494.0,Attack,Cryptojacking,CoinIMP (CPU) (50%),ASUS Zenbook UX51VZ,Open Hardware Monitor,1
05:00:56.000,79.0,82.0,80.0,77.0,82.0,20.0,16.4,0.0,0.0,496.0,Attack,Cryptojacking,CoinIMP (CPU) (50%),ASUS Zenbook UX51VZ,Open Hardware Monitor,1
05:00:58.000,76.0,78.0,75.0,75.0,78.0,15.6,12.0,0.0,0.0,498.0,Attack,Cryptojacking,CoinIMP (CPU) (50%),ASUS Zenbook UX51VZ,Open Hardware Monitor,1
05:01:00.000,75.0,75.0,74.0,74.0,75.0,13.6,9.9,0.0,0.0,500.0,Attack,Cryptojacking,CoinIMP (CPU) (50%),ASUS Zenbook UX51VZ,Open Hardware Monitor,1
05:01:02.000,75.0,78.0,74.0,74.0,78.0,19.6,16.0,0.0,0.0,502.0,Attack,Cryptojacking,CoinIMP (CPU) (50%),ASUS Zenbook UX51VZ,Open Hardware Monitor,1
05:01:04.000,76.0,77.0,75.0,75.0,79.0,18.6,15.0,0.0,0.0,504.0,Attack,Cryptojacking,CoinIMP (CPU) (50%),ASUS Zenbook UX51VZ,Open Hardware Monitor,1
05:01:06.000,74.0,75.0,74.0,73.0,76.0,19.5,15.9,0.0,0.0,506.0,Attack,Cryptojacking,CoinIMP (CPU) (50%),ASUS Zenbook UX51VZ,Open Hardware Monitor,1
05:01:08.000,75.0,77.0,75.0,75.0,78.0,19.0,15.4,0.0,0.0,508.0,Attack,Cryptojacking,CoinIMP (CPU) (50%),ASUS Zenbook UX51VZ,Open Hardware Monitor,1
05:01:10.000,74.0,75.0,73.0,72.0,75.0,14.4,10.7,0.0,0.0,510.0,Attack,Cryptojacking,CoinIMP (CPU) (50%),ASUS Zenbook UX51VZ,Open Hardware Monitor,1
05:01:12.000,75.0,78.0,73.0,75.0,78.0,14.2,10.6,0.0,0.0,512.0,Attack,Cryptojacking,CoinIMP (CPU) (50%),ASUS Zenbook UX51VZ,Open Hardware Monitor,1
05:01:14.000,74.0,74.0,72.0,71.0,74.0,20.2,16.5,0.0,0.0,514.0,Attack,Cryptojacking,CoinIMP (CPU) (50%),ASUS Zenbook UX51VZ,Open Hardware Monitor,1
05:01:16.000,79.0,81.0,79.0,77.0,81.0,21.9,18.2,0.0,0.0,516.0,Attack,Cryptojacking,CoinIMP (CPU) (50%),ASUS Zenbook UX51VZ,Open Hardware Monitor,1
05:01:18.000,79.0,79.0,78.0,77.0,79.0,19.2,15.6,0.0,0.0,518.0,Attack,Cryptojacking,CoinIMP (CPU) (50%),ASUS Zenbook UX51VZ,Open Hardware Monitor,1
05:01:20.000,79.0,81.0,80.0,79.0,81.0,19.6,16.0,0.0,0.0,520.0,Attack,Cryptojacking,CoinIMP (CPU) (50%),ASUS Zenbook UX51VZ,Open Hardware Monitor,1
05:01:22.000,76.0,78.0,76.0,76.0,78.0,19.0,15.4,0.0,0.0,522.0,Attack,Cryptojacking,CoinIMP (CPU) (50%),ASUS Zenbook UX51VZ,Open Hardware Monitor,1
05:01:24.000,74.0,76.0,74.0,75.0,76.0,13.5,9.9,0.0,0.0,524.0,Attack,Cryptojacking,CoinIMP (CPU) (50%),ASUS Zenbook UX51VZ,Open Hardware Monitor,1
05:01:26.000,74.0,77.0,74.0,73.0,77.0,19.2,15.6,0.0,0.0,526.0,Attack,Cryptojacking,CoinIMP (CPU) (50%),ASUS Zenbook UX51VZ,Open Hardware Monitor,1
05:01:28.000,74.0,75.0,73.0,73.0,75.0,20.1,16.5,0.0,0.0,528.0,Attack,Cryptojacking,CoinIMP (CPU) (50%),ASUS Zenbook UX51VZ,Open Hardware Monitor,1
05:01:30.000,73.0,75.0,72.0,73.0,76.0,13.5,9.9,0.0,0.0,530.0,Attack,Cryptojacking,CoinIMP (CPU) (50%),ASUS Zenbook UX51VZ,Open Hardware Monitor,1
05:01:32.000,78.0,79.0,79.0,79.0,79.0,15.3,11.7,0.0,0.0,532.0,Attack,Cryptojacking,CoinIMP (CPU) (50%),ASUS Zenbook UX51VZ,Open Hardware Monitor,1
05:01:34.000,78.0,80.0,77.0,78.0,80.0,20.3,16.7,0.0,0.0,534.0,Attack,Cryptojacking,CoinIMP (CPU) (50%),ASUS Zenbook UX51VZ,Open Hardware Monitor,1
05:01:36.000,74.0,78.0,74.0,74.0,78.0,19.4,15.8,0.0,0.0,536.0,Attack,Cryptojacking,CoinIMP (CPU) (50%),ASUS Zenbook UX51VZ,Open Hardware Monitor,1
05:01:38.000,75.0,76.0,73.0,73.0,76.0,13.6,10.0,0.0,0.0,538.0,Attack,Cryptojacking,CoinIMP (CPU) (50%),ASUS Zenbook UX51VZ,Open Hardware Monitor,1
05:01:40.000,76.0,77.0,72.0,74.0,77.0,17.7,14.2,0.0,0.0,540.0,Attack,Cryptojacking,CoinIMP (CPU) (50%),ASUS Zenbook UX51VZ,Open Hardware Monitor,1
05:01:42.000,78.0,82.0,80.0,74.0,82.0,17.6,14.0,0.0,0.0,542.0,Attack,Cryptojacking,CoinIMP (CPU) (50%),ASUS Zenbook UX51VZ,Open Hardware Monitor,1
05:01:44.000,76.0,77.0,76.0,74.0,77.0,17.9,14.2,0.0,0.0,544.0,Attack,Cryptojacking,CoinIMP (CPU) (50%),ASUS Zenbook UX51VZ,Open Hardware Monitor,1
05:01:47.000,75.0,77.0,73.0,74.0,77.0,13.4,9.8,0.0,0.0,547.0,Attack,Cryptojacking,CoinIMP (CPU) (50%),ASUS Zenbook UX51VZ,Open Hardware Monitor,1
05:01:49.000,77.0,78.0,77.0,79.0,79.0,22.0,18.3,0.0,0.0,549.0,Attack,Cryptojacking,CoinIMP (CPU) (50%),ASUS Zenbook UX51VZ,Open Hardware Monitor,1
05:01:51.000,73.0,77.0,73.0,74.0,77.0,14.9,11.3,0.0,0.0,551.0,Attack,Cryptojacking,CoinIMP (CPU) (50%),ASUS Zenbook UX51VZ,Open Hardware Monitor,1
05:01:53.000,76.0,76.0,74.0,77.0,78.0,18.7,15.1,0.0,0.0,553.0,Attack,Cryptojacking,CoinIMP (CPU) (50%),ASUS Zenbook UX51VZ,Open Hardware Monitor,1
05:01:55.000,74.0,75.0,72.0,73.0,78.0,19.6,16.0,0.0,0.0,555.0,Attack,Cryptojacking,CoinIMP (CPU) (50%),ASUS Zenbook UX51VZ,Open Hardware Monitor,1
05:01:57.000,76.0,78.0,75.0,76.0,78.0,20.8,17.2,0.0,0.0,557.0,Attack,Cryptojacking,CoinIMP (CPU) (50%),ASUS Zenbook UX51VZ,Open Hardware Monitor,1
05:01:59.000,76.0,78.0,74.0,75.0,78.0,20.9,17.3,0.0,0.0,559.0,Attack,Cryptojacking,CoinIMP (CPU) (50%),ASUS Zenbook UX51VZ,Open Hardware Monitor,1
05:02:01.000,73.0,76.0,72.0,73.0,75.0,15.0,11.4,0.0,0.0,561.0,Attack,Cryptojacking,CoinIMP (CPU) (50%),ASUS Zenbook UX51VZ,Open Hardware Monitor,1
05:02:03.000,74.0,75.0,72.0,73.0,75.0,14.1,10.4,0.0,0.0,563.0,Attack,Cryptojacking,CoinIMP (CPU) (50%),ASUS Zenbook UX51VZ,Open Hardware Monitor,1
05:02:05.000,78.0,80.0,78.0,78.0,80.0,20.6,17.0,0.0,0.0,565.0,Attack,Cryptojacking,CoinIMP (CPU) (50%),ASUS Zenbook UX51VZ,Open Hardware Monitor,1
05:02:07.000,76.0,76.0,74.0,74.0,76.0,21.7,18.0,0.0,0.0,567.0,Attack,Cryptojacking,CoinIMP (CPU) (50%),ASUS Zenbook UX51VZ,Open Hardware Monitor,1
05:02:09.000,75.0,77.0,74.0,74.0,77.0,13.4,9.8,0.0,0.0,569.0,Attack,Cryptojacking,CoinIMP (CPU) (50%),ASUS Zenbook UX51VZ,Open Hardware Monitor,1
05:02:11.000,76.0,76.0,74.0,74.0,77.0,13.6,10.0,0.0,0.0,571.0,Attack,Cryptojacking,CoinIMP (CPU) (50%),ASUS Zenbook UX51VZ,Open Hardware Monitor,1
05:02:13.000,75.0,75.0,73.0,72.0,75.0,14.0,10.4,0.0,0.0,573.0,Attack,Cryptojacking,CoinIMP (CPU) (50%),ASUS Zenbook UX51VZ,Open Hardware Monitor,1
05:02:15.000,74.0,75.0,72.0,72.0,75.0,13.2,9.7,0.0,0.0,575.0,Attack,Cryptojacking,CoinIMP (CPU) (50%),ASUS Zenbook UX51VZ,Open Hardware Monitor,1
05:02:17.000,78.0,79.0,78.0,77.0,79.0,19.0,15.4,0.0,0.0,577.0,Attack,Cryptojacking,CoinIMP (CPU) (50%),ASUS Zenbook UX51VZ,Open Hardware Monitor,1
05:02:19.000,76.0,76.0,75.0,74.0,77.0,19.3,15.7,0.0,0.0,579.0,Attack,Cryptojacking,CoinIMP (CPU) (50%),ASUS Zenbook UX51VZ,Open Hardware Monitor,1
05:02:21.000,76.0,77.0,74.0,74.0,78.0,22.2,18.5,0.0,0.0,581.0,Attack,Cryptojacking,CoinIMP (CPU) (50%),ASUS Zenbook UX51VZ,Open Hardware Monitor,1
05:02:23.000,78.0,81.0,79.0,79.0,81.0,19.5,15.9,0.0,0.0,583.0,Attack,Cryptojacking,CoinIMP (CPU) (50%),ASUS Zenbook UX51VZ,Open Hardware Monitor,1
05:02:25.000,76.0,78.0,76.0,75.0,78.0,19.5,15.9,0.0,0.0,585.0,Attack,Cryptojacking,CoinIMP (CPU) (50%),ASUS Zenbook UX51VZ,Open Hardware Monitor,1
05:02:27.000,78.0,80.0,79.0,77.0,80.0,16.5,12.9,0.0,0.0,587.0,Attack,Cryptojacking,CoinIMP (CPU) (50%),ASUS Zenbook UX51VZ,Open Hardware Monitor,1
05:02:29.000,74.0,76.0,73.0,74.0,75.0,20.2,16.6,0.0,0.0,589.0,Attack,Cryptojacking,CoinIMP (CPU) (50%),ASUS Zenbook UX51VZ,Open Hardware Monitor,1
05:02:31.000,75.0,77.0,75.0,75.0,77.0,14.3,10.6,0.0,0.0,591.0,Attack,Cryptojacking,CoinIMP (CPU) (50%),ASUS Zenbook UX51VZ,Open Hardware Monitor,1
05:02:33.000,75.0,77.0,75.0,75.0,78.0,15.7,12.1,0.0,0.0,593.0,Attack,Cryptojacking,CoinIMP (CPU) (50%),ASUS Zenbook UX51VZ,Open Hardware Monitor,1
05:02:35.000,78.0,78.0,75.0,75.0,78.0,20.8,17.1,0.0,0.0,595.0,Attack,Cryptojacking,CoinIMP (CPU) (50%),ASUS Zenbook UX51VZ,Open Hardware Monitor,1
05:02:37.000,79.0,81.0,80.0,78.0,81.0,19.5,15.9,0.0,0.0,597.0,Attack,Cryptojacking,CoinIMP (CPU) (50%),ASUS Zenbook UX51VZ,Open Hardware Monitor,1
05:02:39.000,74.0,75.0,73.0,73.0,75.0,17.6,14.0,0.0,0.0,599.0,Attack,Cryptojacking,CoinIMP (CPU) (50%),ASUS Zenbook UX51VZ,Open Hardware Monitor,1
05:02:41.000,75.0,76.0,72.0,73.0,76.0,13.6,10.0,0.0,0.0,601.0,Attack,Cryptojacking,CoinIMP (CPU) (50%),ASUS Zenbook UX51VZ,Open Hardware Monitor,1
05:02:43.000,75.0,77.0,75.0,74.0,77.0,14.0,10.4,0.0,0.0,603.0,Attack,Cryptojacking,CoinIMP (CPU) (50%),ASUS Zenbook UX51VZ,Open Hardware Monitor,1
05:02:45.000,74.0,74.0,73.0,73.0,75.0,17.1,13.5,0.0,0.0,605.0,Attack,Cryptojacking,CoinIMP (CPU) (50%),ASUS Zenbook UX51VZ,Open Hardware Monitor,1
05:02:47.000,75.0,77.0,74.0,75.0,77.0,17.9,14.3,0.0,0.0,607.0,Attack,Cryptojacking,CoinIMP (CPU) (50%),ASUS Zenbook UX51VZ,Open Hardware Monitor,1
05:02:49.000,76.0,78.0,75.0,74.0,78.0,17.1,13.5,0.0,0.0,609.0,Attack,Cryptojacking,CoinIMP (CPU) (50%),ASUS Zenbook UX51VZ,Open Hardware Monitor,1
05:02:51.000,74.0,77.0,75.0,75.0,77.0,13.3,9.7,0.0,0.0,611.0,Attack,Cryptojacking,CoinIMP (CPU) (50%),ASUS Zenbook UX51VZ,Open Hardware Monitor,1
05:02:53.000,75.0,78.0,74.0,74.0,78.0,13.2,9.6,0.0,0.0,613.0,Attack,Cryptojacking,CoinIMP (CPU) (50%),ASUS Zenbook UX51VZ,Open Hardware Monitor,1
05:02:55.000,74.0,76.0,75.0,74.0,79.0,18.0,14.4,0.0,0.0,615.0,Attack,Cryptojacking,CoinIMP (CPU) (50%),ASUS Zenbook UX51VZ,Open Hardware Monitor,1
05:02:57.000,74.0,76.0,74.0,73.0,76.0,18.4,14.9,0.0,0.0,617.0,Attack,Cryptojacking,CoinIMP (CPU) (50%),ASUS Zenbook UX51VZ,Open Hardware Monitor,1
05:02:59.000,74.0,77.0,77.0,74.0,78.0,21.2,17.5,0.0,0.0,619.0,Attack,Cryptojacking,CoinIMP (CPU) (50%),ASUS Zenbook UX51VZ,Open Hardware Monitor,1
05:03:01.000,78.0,80.0,78.0,77.0,80.0,21.0,17.3,0.0,0.0,621.0,Attack,Cryptojacking,CoinIMP (CPU) (50%),ASUS Zenbook UX51VZ,Open Hardware Monitor,1
05:03:03.000,76.0,77.0,73.0,73.0,78.0,18.6,15.0,0.0,0.0,623.0,Attack,Cryptojacking,CoinIMP (CPU) (50%),ASUS Zenbook UX51VZ,Open Hardware Monitor,1
05:03:05.000,75.0,78.0,75.0,74.0,78.0,22.7,19.1,0.0,0.0,625.0,Attack,Cryptojacking,CoinIMP (CPU) (50%),ASUS Zenbook UX51VZ,Open Hardware Monitor,1
05:03:07.000,72.0,75.0,71.0,73.0,75.0,12.9,9.4,0.0,0.0,627.0,Attack,Cryptojacking,CoinIMP (CPU) (50%),ASUS Zenbook UX51VZ,Open Hardware Monitor,1
05:03:09.000,74.0,76.0,72.0,72.0,76.0,14.1,10.5,0.0,0.0,629.0,Attack,Cryptojacking,CoinIMP (CPU) (50%),ASUS Zenbook UX51VZ,Open Hardware Monitor,1
05:03:11.000,75.0,77.0,74.0,73.0,77.0,14.0,10.4,0.0,0.0,631.0,Attack,Cryptojacking,CoinIMP (CPU) (50%),ASUS Zenbook UX51VZ,Open Hardware Monitor,1
05:03:13.000,74.0,76.0,73.0,78.0,78.0,20.2,16.6,0.0,0.0,633.0,Attack,Cryptojacking,CoinIMP (CPU) (50%),ASUS Zenbook UX51VZ,Open Hardware Monitor,1
05:03:15.000,78.0,80.0,79.0,78.0,80.0,21.1,17.5,0.0,0.0,635.0,Attack,Cryptojacking,CoinIMP (CPU) (50%),ASUS Zenbook UX51VZ,Open Hardware Monitor,1
05:03:17.000,79.0,81.0,76.0,78.0,81.0,21.8,18.2,0.0,0.0,637.0,Attack,Cryptojacking,CoinIMP (CPU) (50%),ASUS Zenbook UX51VZ,Open Hardware Monitor,1
05:03:19.000,80.0,81.0,80.0,79.0,81.0,20.7,17.0,0.0,0.0,639.0,Attack,Cryptojacking,CoinIMP (CPU) (50%),ASUS Zenbook UX51VZ,Open Hardware Monitor,1
05:03:21.000,75.0,76.0,75.0,74.0,76.0,13.9,10.3,0.0,0.0,641.0,Attack,Cryptojacking,CoinIMP (CPU) (50%),ASUS Zenbook UX51VZ,Open Hardware Monitor,1
05:03:23.000,76.0,76.0,72.0,72.0,76.0,14.6,10.9,0.0,0.0,643.0,Attack,Cryptojacking,CoinIMP (CPU) (50%),ASUS Zenbook UX51VZ,Open Hardware Monitor,1
05:03:25.000,75.0,78.0,73.0,74.0,78.0,16.4,12.8,0.0,0.0,645.0,Attack,Cryptojacking,CoinIMP (CPU) (50%),ASUS Zenbook UX51VZ,Open Hardware Monitor,1
05:03:27.000,75.0,82.0,78.0,79.0,82.0,19.6,16.1,0.0,0.0,647.0,Attack,Cryptojacking,CoinIMP (CPU) (50%),ASUS Zenbook UX51VZ,Open Hardware Monitor,1
05:03:29.000,75.0,76.0,71.0,73.0,76.0,12.4,8.9,0.0,0.0,649.0,Attack,Cryptojacking,CoinIMP (CPU) (50%),ASUS Zenbook UX51VZ,Open Hardware Monitor,1
05:03:31.000,79.0,82.0,75.0,76.0,82.0,24.0,20.2,0.0,0.0,651.0,Attack,Cryptojacking,CoinIMP (CPU) (50%),ASUS Zenbook UX51VZ,Open Hardware Monitor,1
05:03:33.000,74.0,76.0,76.0,75.0,77.0,14.7,11.0,0.0,0.0,653.0,Attack,Cryptojacking,CoinIMP (CPU) (50%),ASUS Zenbook UX51VZ,Open Hardware Monitor,1
05:03:35.000,76.0,78.0,76.0,75.0,80.0,17.8,14.2,0.0,0.0,655.0,Attack,Cryptojacking,CoinIMP (CPU) (50%),ASUS Zenbook UX51VZ,Open Hardware Monitor,1
05:03:38.000,75.0,75.0,72.0,74.0,75.0,17.1,13.5,0.0,0.0,658.0,Attack,Cryptojacking,CoinIMP (CPU) (50%),ASUS Zenbook UX51VZ,Open Hardware Monitor,1
05:03:40.000,77.0,77.0,76.0,76.0,77.0,15.8,12.2,0.0,0.0,660.0,Attack,Cryptojacking,CoinIMP (CPU) (50%),ASUS Zenbook UX51VZ,Open Hardware Monitor,1
05:03:42.000,74.0,78.0,75.0,75.0,79.0,18.9,15.3,0.0,0.0,662.0,Attack,Cryptojacking,CoinIMP (CPU) (50%),ASUS Zenbook UX51VZ,Open Hardware Monitor,1
05:03:44.000,75.0,77.0,75.0,74.0,77.0,18.4,14.8,0.0,0.0,664.0,Attack,Cryptojacking,CoinIMP (CPU) (50%),ASUS Zenbook UX51VZ,Open Hardware Monitor,1
05:03:46.000,73.0,76.0,72.0,72.0,76.0,18.7,15.1,0.0,0.0,666.0,Attack,Cryptojacking,CoinIMP (CPU) (50%),ASUS Zenbook UX51VZ,Open Hardware Monitor,1
05:03:48.000,75.0,77.0,75.0,76.0,79.0,21.4,17.7,0.0,0.0,668.0,Attack,Cryptojacking,CoinIMP (CPU) (50%),ASUS Zenbook UX51VZ,Open Hardware Monitor,1
05:03:50.000,73.0,76.0,73.0,73.0,76.0,13.9,10.3,0.0,0.0,670.0,Attack,Cryptojacking,CoinIMP (CPU) (50%),ASUS Zenbook UX51VZ,Open Hardware Monitor,1
05:03:52.000,76.0,78.0,76.0,75.0,79.0,17.8,14.2,0.0,0.0,672.0,Attack,Cryptojacking,CoinIMP (CPU) (50%),ASUS Zenbook UX51VZ,Open Hardware Monitor,1
05:03:54.000,79.0,80.0,78.0,79.0,81.0,19.2,15.6,0.0,0.0,674.0,Attack,Cryptojacking,CoinIMP (CPU) (50%),ASUS Zenbook UX51VZ,Open Hardware Monitor,1
05:03:56.000,74.0,76.0,73.0,74.0,77.0,19.7,16.1,0.0,0.0,676.0,Attack,Cryptojacking,CoinIMP (CPU) (50%),ASUS Zenbook UX51VZ,Open Hardware Monitor,1
05:03:58.000,80.0,82.0,78.0,77.0,81.0,20.7,17.1,0.0,0.0,678.0,Attack,Cryptojacking,CoinIMP (CPU) (50%),ASUS Zenbook UX51VZ,Open Hardware Monitor,1
05:04:00.000,77.0,79.0,74.0,77.0,80.0,20.3,16.7,0.0,0.0,680.0,Attack,Cryptojacking,CoinIMP (CPU) (50%),ASUS Zenbook UX51VZ,Open Hardware Monitor,1
05:04:02.000,74.0,74.0,72.0,74.0,74.0,14.6,10.9,0.0,0.0,682.0,Attack,Cryptojacking,CoinIMP (CPU) (50%),ASUS Zenbook UX51VZ,Open Hardware Monitor,1
05:04:04.000,75.0,75.0,74.0,73.0,75.0,13.7,10.1,0.0,0.0,684.0,Attack,Cryptojacking,CoinIMP (CPU) (50%),ASUS Zenbook UX51VZ,Open Hardware Monitor,1
05:04:06.000,74.0,75.0,73.0,74.0,75.0,14.6,11.0,0.0,0.0,686.0,Attack,Cryptojacking,CoinIMP (CPU) (50%),ASUS Zenbook UX51VZ,Open Hardware Monitor,1
05:04:08.000,80.0,82.0,80.0,79.0,82.0,21.6,18.0,0.0,0.0,688.0,Attack,Cryptojacking,CoinIMP (CPU) (50%),ASUS Zenbook UX51VZ,Open Hardware Monitor,1
05:04:10.000,75.0,75.0,72.0,73.0,75.0,13.7,10.1,0.0,0.0,690.0,Attack,Cryptojacking,CoinIMP (CPU) (50%),ASUS Zenbook UX51VZ,Open Hardware Monitor,1
05:04:12.000,73.0,75.0,71.0,73.0,75.0,13.3,9.7,0.0,0.0,692.0,Attack,Cryptojacking,CoinIMP (CPU) (50%),ASUS Zenbook UX51VZ,Open Hardware Monitor,1
05:04:14.000,72.0,75.0,71.0,72.0,75.0,14.5,10.8,0.0,0.0,694.0,Attack,Cryptojacking,CoinIMP (CPU) (50%),ASUS Zenbook UX51VZ,Open Hardware Monitor,1
05:04:16.000,79.0,80.0,78.0,77.0,80.0,20.1,16.5,0.0,0.0,696.0,Attack,Cryptojacking,CoinIMP (CPU) (50%),ASUS Zenbook UX51VZ,Open Hardware Monitor,1
05:04:18.000,75.0,78.0,74.0,75.0,78.0,20.3,16.7,0.0,0.0,698.0,Attack,Cryptojacking,CoinIMP (CPU) (50%),ASUS Zenbook UX51VZ,Open Hardware Monitor,1
05:04:20.000,79.0,78.0,75.0,76.0,79.0,19.0,15.4,0.0,0.0,700.0,Attack,Cryptojacking,CoinIMP (CPU) (50%),ASUS Zenbook UX51VZ,Open Hardware Monitor,1
05:04:22.000,74.0,76.0,72.0,72.0,76.0,18.2,14.5,0.0,0.0,702.0,Attack,Cryptojacking,CoinIMP (CPU) (50%),ASUS Zenbook UX51VZ,Open Hardware Monitor,1
05:04:24.000,74.0,75.0,71.0,73.0,75.0,13.7,10.2,0.0,0.0,704.0,Attack,Cryptojacking,CoinIMP (CPU) (50%),ASUS Zenbook UX51VZ,Open Hardware Monitor,1
05:04:26.000,79.0,78.0,80.0,76.0,80.0,20.4,16.7,0.0,0.0,706.0,Attack,Cryptojacking,CoinIMP (CPU) (50%),ASUS Zenbook UX51VZ,Open Hardware Monitor,1
05:04:28.000,75.0,76.0,73.0,75.0,76.0,17.0,13.5,0.0,0.0,708.0,Attack,Cryptojacking,CoinIMP (CPU) (50%),ASUS Zenbook UX51VZ,Open Hardware Monitor,1
05:04:30.000,76.0,77.0,74.0,74.0,77.0,17.1,13.5,0.0,0.0,710.0,Attack,Cryptojacking,CoinIMP (CPU) (50%),ASUS Zenbook UX51VZ,Open Hardware Monitor,1
05:04:32.000,73.0,75.0,74.0,73.0,75.0,15.4,11.7,0.0,0.0,712.0,Attack,Cryptojacking,CoinIMP (CPU) (50%),ASUS Zenbook UX51VZ,Open Hardware Monitor,1
05:04:34.000,72.0,73.0,72.0,75.0,75.0,13.5,9.9,0.0,0.0,714.0,Attack,Cryptojacking,CoinIMP (CPU) (50%),ASUS Zenbook UX51VZ,Open Hardware Monitor,1
05:04:36.000,75.0,77.0,74.0,74.0,78.0,20.6,16.9,0.0,0.0,716.0,Attack,Cryptojacking,CoinIMP (CPU) (50%),ASUS Zenbook UX51VZ,Open Hardware Monitor,1
05:04:38.000,79.0,81.0,80.0,79.0,81.0,22.5,18.8,0.0,0.0,718.0,Attack,Cryptojacking,CoinIMP (CPU) (50%),ASUS Zenbook UX51VZ,Open Hardware Monitor,1
05:04:40.000,74.0,76.0,74.0,75.0,76.0,16.6,13.0,0.0,0.0,720.0,Attack,Cryptojacking,CoinIMP (CPU) (50%),ASUS Zenbook UX51VZ,Open Hardware Monitor,1
05:04:42.000,74.0,75.0,72.0,73.0,75.0,13.9,10.3,0.0,0.0,722.0,Attack,Cryptojacking,CoinIMP (CPU) (50%),ASUS Zenbook UX51VZ,Open Hardware Monitor,1
05:04:44.000,78.0,80.0,77.0,78.0,80.0,17.4,13.8,0.0,0.0,724.0,Attack,Cryptojacking,CoinIMP (CPU) (50%),ASUS Zenbook UX51VZ,Open Hardware Monitor,1
05:04:46.000,74.0,76.0,75.0,73.0,78.0,19.5,15.9,0.0,0.0,726.0,Attack,Cryptojacking,CoinIMP (CPU) (50%),ASUS Zenbook UX51VZ,Open Hardware Monitor,1
05:04:48.000,75.0,78.0,75.0,74.0,79.0,19.0,15.4,0.0,0.0,728.0,Attack,Cryptojacking,CoinIMP (CPU) (50%),ASUS Zenbook UX51VZ,Open Hardware Monitor,1
05:04:50.000,76.0,77.0,75.0,74.0,77.0,15.4,11.7,0.0,0.0,730.0,Attack,Cryptojacking,CoinIMP (CPU) (50%),ASUS Zenbook UX51VZ,Open Hardware Monitor,1
05:04:52.000,73.0,75.0,71.0,73.0,75.0,13.2,9.6,0.0,0.0,732.0,Attack,Cryptojacking,CoinIMP (CPU) (50%),ASUS Zenbook UX51VZ,Open Hardware Monitor,1
05:04:54.000,73.0,76.0,72.0,74.0,78.0,18.6,15.0,0.0,0.0,734.0,Attack,Cryptojacking,CoinIMP (CPU) (50%),ASUS Zenbook UX51VZ,Open Hardware Monitor,1
05:04:56.000,78.0,81.0,79.0,78.0,81.0,19.1,15.5,0.0,0.0,736.0,Attack,Cryptojacking,CoinIMP (CPU) (50%),ASUS Zenbook UX51VZ,Open Hardware Monitor,1
05:04:58.000,74.0,75.0,73.0,74.0,77.0,20.1,16.5,0.0,0.0,738.0,Attack,Cryptojacking,CoinIMP (CPU) (50%),ASUS Zenbook UX51VZ,Open Hardware Monitor,1
05:05:00.000,75.0,77.0,73.0,74.0,77.0,21.6,17.9,0.0,0.0,740.0,Attack,Cryptojacking,CoinIMP (CPU) (50%),ASUS Zenbook UX51VZ,Open Hardware Monitor,1
05:05:02.000,75.0,77.0,73.0,75.0,77.0,13.9,10.3,0.0,0.0,742.0,Attack,Cryptojacking,CoinIMP (CPU) (50%),ASUS Zenbook UX51VZ,Open Hardware Monitor,1
05:05:04.000,74.0,75.0,73.0,72.0,76.0,12.9,9.4,0.0,0.0,744.0,Attack,Cryptojacking,CoinIMP (CPU) (50%),ASUS Zenbook UX51VZ,Open Hardware Monitor,1
05:05:06.000,79.0,81.0,79.0,79.0,81.0,19.5,15.9,0.0,0.0,746.0,Attack,Cryptojacking,CoinIMP (CPU) (50%),ASUS Zenbook UX51VZ,Open Hardware Monitor,1
05:05:08.000,79.0,81.0,79.0,79.0,81.0,18.7,15.1,0.0,0.0,748.0,Attack,Cryptojacking,CoinIMP (CPU) (50%),ASUS Zenbook UX51VZ,Open Hardware Monitor,1
05:05:10.000,76.0,78.0,74.0,75.0,78.0,20.5,16.8,0.0,0.0,750.0,Attack,Cryptojacking,CoinIMP (CPU) (50%),ASUS Zenbook UX51VZ,Open Hardware Monitor,1
05:05:12.000,76.0,78.0,75.0,75.0,78.0,21.3,17.6,0.0,0.0,752.0,Attack,Cryptojacking,CoinIMP (CPU) (50%),ASUS Zenbook UX51VZ,Open Hardware Monitor,1
05:05:14.000,78.0,79.0,77.0,80.0,81.0,19.2,15.6,0.0,0.0,754.0,Attack,Cryptojacking,CoinIMP (CPU) (50%),ASUS Zenbook UX51VZ,Open Hardware Monitor,1
05:05:16.000,76.0,76.0,74.0,73.0,76.0,14.2,10.6,0.0,0.0,756.0,Attack,Cryptojacking,CoinIMP (CPU) (50%),ASUS Zenbook UX51VZ,Open Hardware Monitor,1
05:05:18.000,76.0,77.0,74.0,76.0,77.0,13.8,10.2,0.0,0.0,758.0,Attack,Cryptojacking,CoinIMP (CPU) (50%),ASUS Zenbook UX51VZ,Open Hardware Monitor,1
05:05:20.000,79.0,77.0,75.0,79.0,79.0,20.2,16.5,0.0,0.0,760.0,Attack,Cryptojacking,CoinIMP (CPU) (50%),ASUS Zenbook UX51VZ,Open Hardware Monitor,1
05:05:22.000,78.0,81.0,80.0,80.0,81.0,20.2,16.6,0.0,0.0,762.0,Attack,Cryptojacking,CoinIMP (CPU) (50%),ASUS Zenbook UX51VZ,Open Hardware Monitor,1
05:05:24.000,72.0,76.0,72.0,74.0,76.0,16.2,12.7,0.0,0.0,764.0,Attack,Cryptojacking,CoinIMP (CPU) (50%),ASUS Zenbook UX51VZ,Open Hardware Monitor,1
05:05:26.000,76.0,77.0,75.0,75.0,77.0,13.5,9.8,0.0,0.0,766.0,Attack,Cryptojacking,CoinIMP (CPU) (50%),ASUS Zenbook UX51VZ,Open Hardware Monitor,1
05:05:28.000,74.0,75.0,72.0,73.0,75.0,14.2,10.5,0.0,0.0,768.0,Attack,Cryptojacking,CoinIMP (CPU) (50%),ASUS Zenbook UX51VZ,Open Hardware Monitor,1
05:05:30.000,79.0,80.0,78.0,79.0,80.0,17.3,13.8,0.0,0.0,770.0,Attack,Cryptojacking,CoinIMP (CPU) (50%),ASUS Zenbook UX51VZ,Open Hardware Monitor,1
05:05:32.000,79.0,81.0,80.0,80.0,81.0,19.5,15.9,0.0,0.0,772.0,Attack,Cryptojacking,CoinIMP (CPU) (50%),ASUS Zenbook UX51VZ,Open Hardware Monitor,1
05:05:34.000,76.0,77.0,74.0,75.0,77.0,16.7,13.0,0.0,0.0,774.0,Attack,Cryptojacking,CoinIMP (CPU) (50%),ASUS Zenbook UX51VZ,Open Hardware Monitor,1
05:05:37.000,79.0,82.0,80.0,76.0,82.0,16.8,13.2,0.0,0.0,777.0,Attack,Cryptojacking,CoinIMP (CPU) (50%),ASUS Zenbook UX51VZ,Open Hardware Monitor,1
05:05:39.000,76.0,76.0,75.0,73.0,76.0,16.0,12.4,0.0,0.0,779.0,Attack,Cryptojacking,CoinIMP (CPU) (50%),ASUS Zenbook UX51VZ,Open Hardware Monitor,1
05:05:41.000,74.0,76.0,72.0,73.0,76.0,13.5,9.9,0.0,0.0,781.0,Attack,Cryptojacking,CoinIMP (CPU) (50%),ASUS Zenbook UX51VZ,Open Hardware Monitor,1
05:05:43.000,73.0,75.0,72.0,72.0,75.0,12.2,8.7,0.0,0.0,783.0,Attack,Cryptojacking,CoinIMP (CPU) (50%),ASUS Zenbook UX51VZ,Open Hardware Monitor,1
05:05:45.000,75.0,77.0,74.0,75.0,77.0,20.9,17.2,0.0,0.0,785.0,Attack,Cryptojacking,CoinIMP (CPU) (50%),ASUS Zenbook UX51VZ,Open Hardware Monitor,1
05:05:47.000,79.0,78.0,75.0,75.0,79.0,21.2,17.5,0.0,0.0,787.0,Attack,Cryptojacking,CoinIMP (CPU) (50%),ASUS Zenbook UX51VZ,Open Hardware Monitor,1
05:05:49.000,76.0,75.0,74.0,73.0,75.0,14.0,10.4,0.0,0.0,789.0,Attack,Cryptojacking,CoinIMP (CPU) (50%),ASUS Zenbook UX51VZ,Open Hardware Monitor,1
05:05:51.000,78.0,79.0,76.0,78.0,79.0,20.9,17.3,0.0,0.0,791.0,Attack,Cryptojacking,CoinIMP (CPU) (50%),ASUS Zenbook UX51VZ,Open Hardware Monitor,1
05:05:53.000,78.0,78.0,76.0,75.0,78.0,20.7,17.1,0.0,0.0,793.0,Attack,Cryptojacking,CoinIMP (CPU) (50%),ASUS Zenbook UX51VZ,Open Hardware Monitor,1
05:05:55.000,75.0,77.0,75.0,75.0,77.0,13.7,10.1,0.0,0.0,795.0,Attack,Cryptojacking,CoinIMP (CPU) (50%),ASUS Zenbook UX51VZ,Open Hardware Monitor,1
05:05:57.000,75.0,77.0,76.0,74.0,77.0,20.3,16.7,0.0,0.0,797.0,Attack,Cryptojacking,CoinIMP (CPU) (50%),ASUS Zenbook UX51VZ,Open Hardware Monitor,1
05:05:59.000,79.0,77.0,75.0,79.0,79.0,20.3,16.7,0.0,0.0,799.0,Attack,Cryptojacking,CoinIMP (CPU) (50%),ASUS Zenbook UX51VZ,Open Hardware Monitor,1
05:06:01.000,77.0,77.0,76.0,77.0,77.0,22.3,18.6,0.0,0.0,801.0,Attack,Cryptojacking,CoinIMP (CPU) (50%),ASUS Zenbook UX51VZ,Open Hardware Monitor,1
05:06:03.000,77.0,80.0,79.0,78.0,80.0,15.0,11.4,0.0,0.0,803.0,Attack,Cryptojacking,CoinIMP (CPU) (50%),ASUS Zenbook UX51VZ,Open Hardware Monitor,1
05:06:05.000,79.0,82.0,80.0,79.0,82.0,21.6,17.9,0.0,0.0,805.0,Attack,Cryptojacking,CoinIMP (CPU) (50%),ASUS Zenbook UX51VZ,Open Hardware Monitor,1
05:06:07.000,76.0,79.0,77.0,75.0,80.0,20.4,16.8,0.0,0.0,807.0,Attack,Cryptojacking,CoinIMP (CPU) (50%),ASUS Zenbook UX51VZ,Open Hardware Monitor,1
05:06:09.000,78.0,79.0,80.0,80.0,80.0,21.3,17.6,0.0,0.0,809.0,Attack,Cryptojacking,CoinIMP (CPU) (50%),ASUS Zenbook UX51VZ,Open Hardware Monitor,1
05:06:11.000,73.0,76.0,75.0,74.0,76.0,13.8,10.2,0.0,0.0,811.0,Attack,Cryptojacking,CoinIMP (CPU) (50%),ASUS Zenbook UX51VZ,Open Hardware Monitor,1
05:06:13.000,74.0,77.0,74.0,76.0,77.0,13.9,10.3,0.0,0.0,813.0,Attack,Cryptojacking,CoinIMP (CPU) (50%),ASUS Zenbook UX51VZ,Open Hardware Monitor,1
05:06:15.000,73.0,74.0,72.0,73.0,74.0,13.3,9.7,0.0,0.0,815.0,Attack,Cryptojacking,CoinIMP (CPU) (50%),ASUS Zenbook UX51VZ,Open Hardware Monitor,1
05:06:17.000,77.0,79.0,76.0,75.0,81.0,22.6,18.9,0.0,0.0,817.0,Attack,Cryptojacking,CoinIMP (CPU) (50%),ASUS Zenbook UX51VZ,Open Hardware Monitor,1
05:06:19.000,74.0,75.0,73.0,75.0,75.0,13.7,10.1,0.0,0.0,819.0,Attack,Cryptojacking,CoinIMP (CPU) (50%),ASUS Zenbook UX51VZ,Open Hardware Monitor,1
05:06:21.000,74.0,75.0,74.0,74.0,75.0,19.0,15.4,0.0,0.0,821.0,Attack,Cryptojacking,CoinIMP (CPU) (50%),ASUS Zenbook UX51VZ,Open Hardware Monitor,1
05:06:23.000,77.0,77.0,79.0,77.0,79.0,19.6,15.9,0.0,0.0,823.0,Attack,Cryptojacking,CoinIMP (CPU) (50%),ASUS Zenbook UX51VZ,Open Hardware Monitor,1
05:06:25.000,76.0,77.0,76.0,75.0,78.0,20.1,16.4,0.0,0.0,825.0,Attack,Cryptojacking,CoinIMP (CPU) (50%),ASUS Zenbook UX51VZ,Open Hardware Monitor,1
05:06:27.000,74.0,74.0,74.0,75.0,75.0,14.3,10.6,0.0,0.0,827.0,Attack,Cryptojacking,CoinIMP (CPU) (50%),ASUS Zenbook UX51VZ,Open Hardware Monitor,1
05:06:29.000,73.0,76.0,73.0,74.0,76.0,14.2,10.6,0.0,0.0,829.0,Attack,Cryptojacking,CoinIMP (CPU) (50%),ASUS Zenbook UX51VZ,Open Hardware Monitor,1
05:06:31.000,76.0,77.0,76.0,74.0,77.0,13.8,10.2,0.0,0.0,831.0,Attack,Cryptojacking,CoinIMP (CPU) (50%),ASUS Zenbook UX51VZ,Open Hardware Monitor,1
05:06:33.000,75.0,79.0,81.0,79.0,81.0,20.1,16.5,0.0,0.0,833.0,Attack,Cryptojacking,CoinIMP (CPU) (50%),ASUS Zenbook UX51VZ,Open Hardware Monitor,1
05:06:35.000,80.0,81.0,79.0,79.0,81.0,23.8,20.1,0.0,0.0,835.0,Attack,Cryptojacking,CoinIMP (CPU) (50%),ASUS Zenbook UX51VZ,Open Hardware Monitor,1
05:06:37.000,73.0,74.0,73.0,73.0,75.0,14.0,10.4,0.0,0.0,837.0,Attack,Cryptojacking,CoinIMP (CPU) (50%),ASUS Zenbook UX51VZ,Open Hardware Monitor,1
05:06:39.000,74.0,76.0,77.0,77.0,77.0,19.9,16.3,0.0,0.0,839.0,Attack,Cryptojacking,CoinIMP (CPU) (50%),ASUS Zenbook UX51VZ,Open Hardware Monitor,1
05:06:41.000,76.0,79.0,76.0,75.0,80.0,19.2,15.6,0.0,0.0,841.0,Attack,Cryptojacking,CoinIMP (CPU) (50%),ASUS Zenbook UX51VZ,Open Hardware Monitor,1
05:06:43.000,73.0,75.0,72.0,73.0,76.0,13.6,10.0,0.0,0.0,843.0,Attack,Cryptojacking,CoinIMP (CPU) (50%),ASUS Zenbook UX51VZ,Open Hardware Monitor,1
05:06:45.000,73.0,75.0,73.0,73.0,75.0,13.6,9.9,0.0,0.0,845.0,Attack,Cryptojacking,CoinIMP (CPU) (50%),ASUS Zenbook UX51VZ,Open Hardware Monitor,1
05:06:47.000,74.0,75.0,78.0,79.0,79.0,20.9,17.3,0.0,0.0,847.0,Attack,Cryptojacking,CoinIMP (CPU) (50%),ASUS Zenbook UX51VZ,Open Hardware Monitor,1
05:06:49.000,75.0,77.0,75.0,75.0,78.0,19.4,15.7,0.0,0.0,849.0,Attack,Cryptojacking,CoinIMP (CPU) (50%),ASUS Zenbook UX51VZ,Open Hardware Monitor,1
05:06:51.000,75.0,77.0,75.0,73.0,77.0,14.7,11.0,0.0,0.0,851.0,Attack,Cryptojacking,CoinIMP (CPU) (50%),ASUS Zenbook UX51VZ,Open Hardware Monitor,1
05:06:53.000,75.0,74.0,73.0,76.0,76.0,14.0,10.3,0.0,0.0,853.0,Attack,Cryptojacking,CoinIMP (CPU) (50%),ASUS Zenbook UX51VZ,Open Hardware Monitor,1
05:06:55.000,78.0,81.0,79.0,78.0,81.0,18.3,14.7,0.0,0.0,855.0,Attack,Cryptojacking,CoinIMP (CPU) (50%),ASUS Zenbook UX51VZ,Open Hardware Monitor,1
05:06:57.000,79.0,81.0,79.0,80.0,81.0,18.4,14.8,0.0,0.0,857.0,Attack,Cryptojacking,CoinIMP (CPU) (50%),ASUS Zenbook UX51VZ,Open Hardware Monitor,1
05:06:59.000,76.0,77.0,77.0,78.0,81.0,22.5,18.8,0.0,0.0,859.0,Attack,Cryptojacking,CoinIMP (CPU) (50%),ASUS Zenbook UX51VZ,Open Hardware Monitor,1
05:07:01.000,75.0,77.0,75.0,76.0,79.0,18.7,15.0,0.0,0.0,861.0,Attack,Cryptojacking,CoinIMP (CPU) (50%),ASUS Zenbook UX51VZ,Open Hardware Monitor,1
05:07:03.000,74.0,75.0,74.0,75.0,76.0,19.6,16.0,0.0,0.0,863.0,Attack,Cryptojacking,CoinIMP (CPU) (50%),ASUS Zenbook UX51VZ,Open Hardware Monitor,1
05:07:05.000,73.0,74.0,74.0,73.0,74.0,13.9,10.3,0.0,0.0,865.0,Attack,Cryptojacking,CoinIMP (CPU) (50%),ASUS Zenbook UX51VZ,Open Hardware Monitor,1
05:07:07.000,79.0,80.0,80.0,77.0,80.0,20.5,16.8,0.0,0.0,867.0,Attack,Cryptojacking,CoinIMP (CPU) (50%),ASUS Zenbook UX51VZ,Open Hardware Monitor,1
05:07:09.000,75.0,77.0,73.0,75.0,77.0,13.7,10.1,0.0,0.0,869.0,Attack,Cryptojacking,CoinIMP (CPU) (50%),ASUS Zenbook UX51VZ,Open Hardware Monitor,1
05:07:11.000,75.0,78.0,72.0,75.0,78.0,14.1,10.4,0.0,0.0,871.0,Attack,Cryptojacking,CoinIMP (CPU) (50%),ASUS Zenbook UX51VZ,Open Hardware Monitor,1
05:07:13.000,73.0,75.0,71.0,74.0,75.0,14.4,10.8,0.0,0.0,873.0,Attack,Cryptojacking,CoinIMP (CPU) (50%),ASUS Zenbook UX51VZ,Open Hardware Monitor,1
05:07:15.000,74.0,78.0,77.0,76.0,80.0,22.4,18.7,0.0,0.0,875.0,Attack,Cryptojacking,CoinIMP (CPU) (50%),ASUS Zenbook UX51VZ,Open Hardware Monitor,1
05:07:17.000,74.0,76.0,73.0,75.0,79.0,17.4,13.8,0.0,0.0,877.0,Attack,Cryptojacking,CoinIMP (CPU) (50%),ASUS Zenbook UX51VZ,Open Hardware Monitor,1
05:07:19.000,73.0,78.0,74.0,76.0,78.0,12.6,9.1,0.0,0.0,879.0,Attack,Cryptojacking,CoinIMP (CPU) (50%),ASUS Zenbook UX51VZ,Open Hardware Monitor,1
05:07:21.000,75.0,78.0,74.0,76.0,78.0,12.7,9.1,0.0,0.0,881.0,Attack,Cryptojacking,CoinIMP (CPU) (50%),ASUS Zenbook UX51VZ,Open Hardware Monitor,1
05:07:23.000,76.0,79.0,75.0,74.0,79.0,13.9,10.2,0.0,0.0,883.0,Attack,Cryptojacking,CoinIMP (CPU) (50%),ASUS Zenbook UX51VZ,Open Hardware Monitor,1
05:07:25.000,79.0,79.0,78.0,76.0,80.0,18.4,14.8,0.0,0.0,885.0,Attack,Cryptojacking,CoinIMP (CPU) (50%),ASUS Zenbook UX51VZ,Open Hardware Monitor,1
05:07:27.000,74.0,77.0,75.0,76.0,77.0,16.9,13.3,0.0,0.0,887.0,Attack,Cryptojacking,CoinIMP (CPU) (50%),ASUS Zenbook UX51VZ,Open Hardware Monitor,1
05:07:29.000,74.0,75.0,72.0,73.0,75.0,18.3,14.6,0.0,0.0,889.0,Attack,Cryptojacking,CoinIMP (CPU) (50%),ASUS Zenbook UX51VZ,Open Hardware Monitor,1
05:07:31.000,75.0,76.0,74.0,76.0,76.0,18.0,14.5,0.0,0.0,891.0,Attack,Cryptojacking,CoinIMP (CPU) (50%),ASUS Zenbook UX51VZ,Open Hardware Monitor,1
05:07:34.000,78.0,80.0,78.0,78.0,80.0,21.4,17.8,0.0,0.0,894.0,Attack,Cryptojacking,CoinIMP (CPU) (50%),ASUS Zenbook UX51VZ,Open Hardware Monitor,1
05:07:36.000,78.0,79.0,78.0,78.0,79.0,23.1,19.4,0.0,0.0,896.0,Attack,Cryptojacking,CoinIMP (CPU) (50%),ASUS Zenbook UX51VZ,Open Hardware Monitor,1
05:07:38.000,74.0,77.0,74.0,75.0,77.0,20.7,17.1,0.0,0.0,898.0,Attack,Cryptojacking,CoinIMP (CPU) (50%),ASUS Zenbook UX51VZ,Open Hardware Monitor,1
05:07:40.000,79.0,82.0,79.0,77.0,81.0,20.7,17.0,0.0,0.0,900.0,Attack,Cryptojacking,CoinIMP (CPU) (50%),ASUS Zenbook UX51VZ,Open Hardware Monitor,1
05:07:42.000,76.0,74.0,73.0,74.0,76.0,14.4,10.7,0.0,0.0,902.0,Attack,Cryptojacking,CoinIMP (CPU) (50%),ASUS Zenbook UX51VZ,Open Hardware Monitor,1
05:07:44.000,79.0,79.0,82.0,77.0,81.0,19.6,16.0,0.0,0.0,904.0,Attack,Cryptojacking,CoinIMP (CPU) (50%),ASUS Zenbook UX51VZ,Open Hardware Monitor,1
05:07:46.000,73.0,75.0,74.0,74.0,75.0,13.8,10.2,0.0,0.0,906.0,Attack,Cryptojacking,CoinIMP (CPU) (50%),ASUS Zenbook UX51VZ,Open Hardware Monitor,1
05:07:48.000,73.0,74.0,74.0,74.0,74.0,12.7,9.2,0.0,0.0,908.0,Attack,Cryptojacking,CoinIMP (CPU) (50%),ASUS Zenbook UX51VZ,Open Hardware Monitor,1
05:07:50.000,73.0,74.0,71.0,73.0,75.0,13.6,10.0,0.0,0.0,910.0,Attack,Cryptojacking,CoinIMP (CPU) (50%),ASUS Zenbook UX51VZ,Open Hardware Monitor,1
05:07:52.000,75.0,77.0,75.0,76.0,79.0,17.5,14.0,0.0,0.0,912.0,Attack,Cryptojacking,CoinIMP (CPU) (50%),ASUS Zenbook UX51VZ,Open Hardware Monitor,1
05:07:54.000,75.0,79.0,80.0,77.0,81.0,17.4,13.8,0.0,0.0,914.0,Attack,Cryptojacking,CoinIMP (CPU) (50%),ASUS Zenbook UX51VZ,Open Hardware Monitor,1
05:07:56.000,73.0,76.0,73.0,75.0,78.0,21.6,17.9,0.0,0.0,916.0,Attack,Cryptojacking,CoinIMP (CPU) (50%),ASUS Zenbook UX51VZ,Open Hardware Monitor,1
05:07:58.000,74.0,75.0,72.0,73.0,76.0,18.4,14.8,0.0,0.0,918.0,Attack,Cryptojacking,CoinIMP (CPU) (50%),ASUS Zenbook UX51VZ,Open Hardware Monitor,1
05:08:00.000,74.0,76.0,71.0,73.0,76.0,13.4,9.8,0.0,0.0,920.0,Attack,Cryptojacking,CoinIMP (CPU) (50%),ASUS Zenbook UX51VZ,Open Hardware Monitor,1
05:08:02.000,74.0,76.0,74.0,74.0,76.0,13.5,9.9,0.0,0.0,922.0,Attack,Cryptojacking,CoinIMP (CPU) (50%),ASUS Zenbook UX51VZ,Open Hardware Monitor,1
05:08:04.000,75.0,76.0,74.0,73.0,78.0,15.3,11.7,0.0,0.0,924.0,Attack,Cryptojacking,CoinIMP (CPU) (50%),ASUS Zenbook UX51VZ,Open Hardware Monitor,1
05:08:06.000,76.0,79.0,76.0,77.0,80.0,18.4,14.7,0.0,0.0,926.0,Attack,Cryptojacking,CoinIMP (CPU) (50%),ASUS Zenbook UX51VZ,Open Hardware Monitor,1
05:08:08.000,74.0,77.0,75.0,75.0,77.0,18.9,15.3,0.0,0.0,928.0,Attack,Cryptojacking,CoinIMP (CPU) (50%),ASUS Zenbook UX51VZ,Open Hardware Monitor,1
05:08:10.000,75.0,78.0,75.0,76.0,78.0,19.9,16.2,0.0,0.0,930.0,Attack,Cryptojacking,CoinIMP (CPU) (50%),ASUS Zenbook UX51VZ,Open Hardware Monitor,1
05:08:12.000,75.0,77.0,76.0,75.0,77.0,14.3,10.6,0.0,0.0,932.0,Attack,Cryptojacking,CoinIMP (CPU) (50%),ASUS Zenbook UX51VZ,Open Hardware Monitor,1
05:08:14.000,74.0,74.0,72.0,74.0,74.0,13.8,10.2,0.0,0.0,934.0,Attack,Cryptojacking,CoinIMP (CPU) (50%),ASUS Zenbook UX51VZ,Open Hardware Monitor,1
05:08:16.000,79.0,81.0,79.0,79.0,81.0,16.9,13.4,0.0,0.0,936.0,Attack,Cryptojacking,CoinIMP (CPU) (50%),ASUS Zenbook UX51VZ,Open Hardware Monitor,1
05:08:18.000,80.0,78.0,81.0,80.0,81.0,20.3,16.7,0.0,0.0,938.0,Attack,Cryptojacking,CoinIMP (CPU) (50%),ASUS Zenbook UX51VZ,Open Hardware Monitor,1
05:08:20.000,79.0,79.0,80.0,79.0,80.0,20.5,16.9,0.0,0.0,940.0,Attack,Cryptojacking,CoinIMP (CPU) (50%),ASUS Zenbook UX51VZ,Open Hardware Monitor,1
05:08:22.000,73.0,75.0,72.0,74.0,75.0,13.7,10.1,0.0,0.0,942.0,Attack,Cryptojacking,CoinIMP (CPU) (50%),ASUS Zenbook UX51VZ,Open Hardware Monitor,1
05:08:24.000,73.0,78.0,75.0,75.0,78.0,14.1,10.4,0.0,0.0,944.0,Attack,Cryptojacking,CoinIMP (CPU) (50%),ASUS Zenbook UX51VZ,Open Hardware Monitor,1
05:08:26.000,74.0,76.0,74.0,74.0,77.0,17.5,14.0,0.0,0.0,946.0,Attack,Cryptojacking,CoinIMP (CPU) (50%),ASUS Zenbook UX51VZ,Open Hardware Monitor,1
05:08:28.000,74.0,76.0,75.0,74.0,77.0,18.8,15.2,0.0,0.0,948.0,Attack,Cryptojacking,CoinIMP (CPU) (50%),ASUS Zenbook UX51VZ,Open Hardware Monitor,1
05:08:30.000,74.0,76.0,74.0,74.0,76.0,16.2,12.6,0.0,0.0,950.0,Attack,Cryptojacking,CoinIMP (CPU) (50%),ASUS Zenbook UX51VZ,Open Hardware Monitor,1
05:08:32.000,75.0,78.0,75.0,74.0,78.0,17.9,14.3,0.0,0.0,952.0,Attack,Cryptojacking,CoinIMP (CPU) (50%),ASUS Zenbook UX51VZ,Open Hardware Monitor,1
05:08:34.000,78.0,81.0,79.0,78.0,81.0,19.6,16.0,0.0,0.0,954.0,Attack,Cryptojacking,CoinIMP (CPU) (50%),ASUS Zenbook UX51VZ,Open Hardware Monitor,1
05:08:36.000,77.0,81.0,81.0,78.0,81.0,20.4,16.8,0.0,0.0,956.0,Attack,Cryptojacking,CoinIMP (CPU) (50%),ASUS Zenbook UX51VZ,Open Hardware Monitor,1
05:08:38.000,75.0,78.0,76.0,76.0,78.0,14.3,10.7,0.0,0.0,958.0,Attack,Cryptojacking,CoinIMP (CPU) (50%),ASUS Zenbook UX51VZ,Open Hardware Monitor,1
05:08:40.000,76.0,75.0,73.0,74.0,76.0,13.5,9.9,0.0,0.0,960.0,Attack,Cryptojacking,CoinIMP (CPU) (50%),ASUS Zenbook UX51VZ,Open Hardware Monitor,1
05:08:42.000,76.0,76.0,75.0,75.0,77.0,14.0,10.4,0.0,0.0,962.0,Attack,Cryptojacking,CoinIMP (CPU) (50%),ASUS Zenbook UX51VZ,Open Hardware Monitor,1
05:08:44.000,76.0,77.0,73.0,76.0,77.0,12.8,9.2,0.0,0.0,964.0,Attack,Cryptojacking,CoinIMP (CPU) (50%),ASUS Zenbook UX51VZ,Open Hardware Monitor,1
05:08:46.000,79.0,81.0,79.0,78.0,81.0,18.6,15.0,0.0,0.0,966.0,Attack,Cryptojacking,CoinIMP (CPU) (50%),ASUS Zenbook UX51VZ,Open Hardware Monitor,1
05:08:48.000,76.0,82.0,80.0,80.0,82.0,19.7,16.0,0.0,0.0,968.0,Attack,Cryptojacking,CoinIMP (CPU) (50%),ASUS Zenbook UX51VZ,Open Hardware Monitor,1
05:08:50.000,76.0,78.0,75.0,75.0,78.0,21.4,17.7,0.0,0.0,970.0,Attack,Cryptojacking,CoinIMP (CPU) (50%),ASUS Zenbook UX51VZ,Open Hardware Monitor,1
05:08:52.000,75.0,75.0,72.0,74.0,76.0,14.4,10.7,0.0,0.0,972.0,Attack,Cryptojacking,CoinIMP (CPU) (50%),ASUS Zenbook UX51VZ,Open Hardware Monitor,1
05:08:54.000,76.0,79.0,81.0,79.0,81.0,22.9,19.2,0.0,0.0,974.0,Attack,Cryptojacking,CoinIMP (CPU) (50%),ASUS Zenbook UX51VZ,Open Hardware Monitor,1
05:08:56.000,75.0,78.0,74.0,74.0,78.0,14.0,10.3,0.0,0.0,976.0,Attack,Cryptojacking,CoinIMP (CPU) (50%),ASUS Zenbook UX51VZ,Open Hardware Monitor,1
05:08:58.000,75.0,77.0,74.0,74.0,78.0,20.6,16.9,0.0,0.0,978.0,Attack,Cryptojacking,CoinIMP (CPU) (50%),ASUS Zenbook UX51VZ,Open Hardware Monitor,1
05:09:00.000,75.0,77.0,74.0,74.0,77.0,21.3,17.6,0.0,0.0,980.0,Attack,Cryptojacking,CoinIMP (CPU) (50%),ASUS Zenbook UX51VZ,Open Hardware Monitor,1
05:09:02.000,77.0,82.0,77.0,77.0,82.0,20.7,17.0,0.0,0.0,982.0,Attack,Cryptojacking,CoinIMP (CPU) (50%),ASUS Zenbook UX51VZ,Open Hardware Monitor,1
05:09:04.000,76.0,77.0,74.0,75.0,77.0,13.6,10.1,0.0,0.0,984.0,Attack,Cryptojacking,CoinIMP (CPU) (50%),ASUS Zenbook UX51VZ,Open Hardware Monitor,1
05:09:06.000,77.0,81.0,80.0,79.0,81.0,21.8,18.2,0.0,0.0,986.0,Attack,Cryptojacking,CoinIMP (CPU) (50%),ASUS Zenbook UX51VZ,Open Hardware Monitor,1
05:09:08.000,77.0,79.0,77.0,76.0,81.0,19.3,15.7,0.0,0.0,988.0,Attack,Cryptojacking,CoinIMP (CPU) (50%),ASUS Zenbook UX51VZ,Open Hardware Monitor,1
05:09:10.000,75.0,77.0,74.0,75.0,78.0,20.8,17.1,0.0,0.0,990.0,Attack,Cryptojacking,CoinIMP (CPU) (50%),ASUS Zenbook UX51VZ,Open Hardware Monitor,1
05:09:12.000,75.0,78.0,75.0,75.0,78.0,13.5,9.9,0.0,0.0,992.0,Attack,Cryptojacking,CoinIMP (CPU) (50%),ASUS Zenbook UX51VZ,Open Hardware Monitor,1
05:09:14.000,74.0,76.0,73.0,74.0,76.0,14.7,11.0,0.0,0.0,994.0,Attack,Cryptojacking,CoinIMP (CPU) (50%),ASUS Zenbook UX51VZ,Open Hardware Monitor,1
05:09:16.000,78.0,79.0,79.0,77.0,79.0,18.5,14.9,0.0,0.0,996.0,Attack,Cryptojacking,CoinIMP (CPU) (50%),ASUS Zenbook UX51VZ,Open Hardware Monitor,1
05:09:18.000,74.0,75.0,76.0,73.0,76.0,17.2,13.6,0.0,0.0,998.0,Attack,Cryptojacking,CoinIMP (CPU) (50%),ASUS Zenbook UX51VZ,Open Hardware Monitor,1
05:09:20.000,74.0,75.0,72.0,74.0,75.0,13.6,10.0,0.0,0.0,1000.0,Attack,Cryptojacking,CoinIMP (CPU) (50%),ASUS Zenbook UX51VZ,Open Hardware Monitor,1
05:09:22.000,77.0,79.0,75.0,76.0,79.0,16.6,13.0,0.0,0.0,1002.0,Attack,Cryptojacking,CoinIMP (CPU) (50%),ASUS Zenbook UX51VZ,Open Hardware Monitor,1
05:09:24.000,73.0,75.0,73.0,74.0,75.0,16.8,13.2,0.0,0.0,1004.0,Attack,Cryptojacking,CoinIMP (CPU) (50%),ASUS Zenbook UX51VZ,Open Hardware Monitor,1
05:09:26.000,74.0,77.0,74.0,75.0,78.0,19.5,15.8,0.0,0.0,1006.0,Attack,Cryptojacking,CoinIMP (CPU) (50%),ASUS Zenbook UX51VZ,Open Hardware Monitor,1
05:09:29.000,74.0,75.0,73.0,73.0,75.0,18.8,15.2,0.0,0.0,1009.0,Attack,Cryptojacking,CoinIMP (CPU) (50%),ASUS Zenbook UX51VZ,Open Hardware Monitor,1
05:09:31.000,79.0,80.0,79.0,79.0,80.0,19.0,15.4,0.0,0.0,1011.0,Attack,Cryptojacking,CoinIMP (CPU) (50%),ASUS Zenbook UX51VZ,Open Hardware Monitor,1
05:09:33.000,75.0,78.0,76.0,79.0,79.0,22.3,18.6,0.0,0.0,1013.0,Attack,Cryptojacking,CoinIMP (CPU) (50%),ASUS Zenbook UX51VZ,Open Hardware Monitor,1
05:09:35.000,73.0,74.0,73.0,73.0,75.0,14.1,10.4,0.0,0.0,1015.0,Attack,Cryptojacking,CoinIMP (CPU) (50%),ASUS Zenbook UX51VZ,Open Hardware Monitor,1
05:09:37.000,74.0,78.0,75.0,75.0,78.0,13.5,9.8,0.0,0.0,1017.0,Attack,Cryptojacking,CoinIMP (CPU) (50%),ASUS Zenbook UX51VZ,Open Hardware Monitor,1
05:09:39.000,74.0,77.0,74.0,75.0,76.0,13.7,10.1,0.0,0.0,1019.0,Attack,Cryptojacking,CoinIMP (CPU) (50%),ASUS Zenbook UX51VZ,Open Hardware Monitor,1
05:09:41.000,75.0,75.0,75.0,73.0,76.0,13.3,9.7,0.0,0.0,1021.0,Attack,Cryptojacking,CoinIMP (CPU) (50%),ASUS Zenbook UX51VZ,Open Hardware Monitor,1
05:09:43.000,75.0,78.0,75.0,76.0,79.0,20.7,17.0,0.0,0.0,1023.0,Attack,Cryptojacking,CoinIMP (CPU) (50%),ASUS Zenbook UX51VZ,Open Hardware Monitor,1
05:09:45.000,74.0,75.0,73.0,74.0,75.0,20.8,17.1,0.0,0.0,1025.0,Attack,Cryptojacking,CoinIMP (CPU) (50%),ASUS Zenbook UX51VZ,Open Hardware Monitor,1
05:09:47.000,73.0,75.0,72.0,73.0,75.0,13.2,9.6,0.0,0.0,1027.0,Attack,Cryptojacking,CoinIMP (CPU) (50%),ASUS Zenbook UX51VZ,Open Hardware Monitor,1
05:09:49.000,75.0,78.0,76.0,76.0,80.0,21.9,18.2,0.0,0.0,1029.0,Attack,Cryptojacking,CoinIMP (CPU) (50%),ASUS Zenbook UX51VZ,Open Hardware Monitor,1
05:09:51.000,73.0,76.0,72.0,74.0,76.0,13.6,10.0,0.0,0.0,1031.0,Attack,Cryptojacking,CoinIMP (CPU) (50%),ASUS Zenbook UX51VZ,Open Hardware Monitor,1
05:09:53.000,79.0,80.0,77.0,79.0,81.0,21.9,18.2,0.0,0.0,1033.0,Attack,Cryptojacking,CoinIMP (CPU) (50%),ASUS Zenbook UX51VZ,Open Hardware Monitor,1
05:09:55.000,74.0,75.0,74.0,74.0,75.0,13.8,10.2,0.0,0.0,1035.0,Attack,Cryptojacking,CoinIMP (CPU) (50%),ASUS Zenbook UX51VZ,Open Hardware Monitor,1
05:09:57.000,75.0,78.0,75.0,74.0,78.0,13.8,10.2,0.0,0.0,1037.0,Attack,Cryptojacking,CoinIMP (CPU) (50%),ASUS Zenbook UX51VZ,Open Hardware Monitor,1
05:09:59.000,75.0,78.0,73.0,75.0,78.0,14.0,10.4,0.0,0.0,1039.0,Attack,Cryptojacking,CoinIMP (CPU) (50%),ASUS Zenbook UX51VZ,Open Hardware Monitor,1
05:10:01.000,78.0,78.0,80.0,75.0,80.0,15.5,11.9,0.0,0.0,1041.0,Attack,Cryptojacking,CoinIMP (CPU) (50%),ASUS Zenbook UX51VZ,Open Hardware Monitor,1
05:10:03.000,75.0,74.0,73.0,75.0,75.0,13.6,10.1,0.0,0.0,1043.0,Attack,Cryptojacking,CoinIMP (CPU) (50%),ASUS Zenbook UX51VZ,Open Hardware Monitor,1
05:10:05.000,75.0,79.0,79.0,80.0,80.0,19.8,16.3,0.0,0.0,1045.0,Attack,Cryptojacking,CoinIMP (CPU) (50%),ASUS Zenbook UX51VZ,Open Hardware Monitor,1
05:10:07.000,79.0,79.0,79.0,76.0,80.0,18.4,14.8,0.0,0.0,1047.0,Attack,Cryptojacking,CoinIMP (CPU) (50%),ASUS Zenbook UX51VZ,Open Hardware Monitor,1
05:10:09.000,75.0,75.0,73.0,74.0,77.0,19.3,15.7,0.0,0.0,1049.0,Attack,Cryptojacking,CoinIMP (CPU) (50%),ASUS Zenbook UX51VZ,Open Hardware Monitor,1
05:10:11.000,75.0,75.0,73.0,75.0,77.0,18.8,15.2,0.0,0.0,1051.0,Attack,Cryptojacking,CoinIMP (CPU) (50%),ASUS Zenbook UX51VZ,Open Hardware Monitor,1
05:10:13.000,75.0,78.0,75.0,75.0,78.0,23.1,19.3,0.0,0.0,1053.0,Attack,Cryptojacking,CoinIMP (CPU) (50%),ASUS Zenbook UX51VZ,Open Hardware Monitor,1
05:10:15.000,78.0,78.0,78.0,79.0,79.0,22.6,19.0,0.0,0.0,1055.0,Attack,Cryptojacking,CoinIMP (CPU) (50%),ASUS Zenbook UX51VZ,Open Hardware Monitor,1
05:10:17.000,73.0,74.0,72.0,73.0,75.0,14.0,10.4,0.0,0.0,1057.0,Attack,Cryptojacking,CoinIMP (CPU) (50%),ASUS Zenbook UX51VZ,Open Hardware Monitor,1
05:10:19.000,73.0,75.0,71.0,74.0,75.0,13.9,10.3,0.0,0.0,1059.0,Attack,Cryptojacking,CoinIMP (CPU) (50%),ASUS Zenbook UX51VZ,Open Hardware Monitor,1
05:10:21.000,75.0,77.0,75.0,75.0,77.0,16.8,13.2,0.0,0.0,1061.0,Attack,Cryptojacking,CoinIMP (CPU) (50%),ASUS Zenbook UX51VZ,Open Hardware Monitor,1
05:10:23.000,75.0,76.0,73.0,75.0,77.0,18.3,14.6,0.0,0.0,1063.0,Attack,Cryptojacking,CoinIMP (CPU) (50%),ASUS Zenbook UX51VZ,Open Hardware Monitor,1
05:10:25.000,75.0,76.0,73.0,74.0,76.0,20.3,16.7,0.0,0.0,1065.0,Attack,Cryptojacking,CoinIMP (CPU) (50%),ASUS Zenbook UX51VZ,Open Hardware Monitor,1
05:10:27.000,75.0,75.0,74.0,76.0,76.0,21.6,17.6,0.0,67.0,1067.0,Attack,Cryptojacking,CoinIMP (CPU) (50%),ASUS Zenbook UX51VZ,Open Hardware Monitor,1
05:10:29.000,75.0,76.0,73.0,75.0,76.0,14.5,10.5,0.0,77.0,1069.0,Attack,Cryptojacking,CoinIMP (CPU) (50%),ASUS Zenbook UX51VZ,Open Hardware Monitor,1
05:10:31.000,76.0,78.0,75.0,77.0,78.0,15.3,11.1,0.0,73.0,1071.0,Attack,Cryptojacking,CoinIMP (CPU) (50%),ASUS Zenbook UX51VZ,Open Hardware Monitor,1
05:10:33.000,76.0,78.0,75.0,74.0,78.0,14.0,9.9,0.0,0.0,1073.0,Attack,Cryptojacking,CoinIMP (CPU) (50%),ASUS Zenbook UX51VZ,Open Hardware Monitor,1
05:10:35.000,75.0,78.0,73.0,74.0,77.0,13.3,9.7,0.0,0.0,1075.0,Attack,Cryptojacking,CoinIMP (CPU) (50%),ASUS Zenbook UX51VZ,Open Hardware Monitor,1
05:10:37.000,76.0,78.0,74.0,76.0,78.0,17.9,14.3,0.0,0.0,1077.0,Attack,Cryptojacking,CoinIMP (CPU) (50%),ASUS Zenbook UX51VZ,Open Hardware Monitor,1
05:10:39.000,75.0,76.0,73.0,75.0,76.0,13.8,10.2,0.0,0.0,1079.0,Attack,Cryptojacking,CoinIMP (CPU) (50%),ASUS Zenbook UX51VZ,Open Hardware Monitor,1
05:10:41.000,76.0,77.0,75.0,75.0,77.0,14.2,10.6,0.0,0.0,1081.0,Attack,Cryptojacking,CoinIMP (CPU) (50%),ASUS Zenbook UX51VZ,Open Hardware Monitor,1
05:10:43.000,78.0,81.0,78.0,79.0,81.0,15.8,12.3,0.0,0.0,1083.0,Attack,Cryptojacking,CoinIMP (CPU) (50%),ASUS Zenbook UX51VZ,Open Hardware Monitor,1
05:10:45.000,77.0,78.0,75.0,77.0,80.0,17.3,13.7,0.0,0.0,1085.0,Attack,Cryptojacking,CoinIMP (CPU) (50%),ASUS Zenbook UX51VZ,Open Hardware Monitor,1
05:10:47.000,74.0,75.0,72.0,72.0,75.0,14.7,11.1,0.0,0.0,1087.0,Attack,Cryptojacking,CoinIMP (CPU) (50%),ASUS Zenbook UX51VZ,Open Hardware Monitor,1
05:10:49.000,75.0,77.0,74.0,75.0,77.0,13.3,9.7,0.0,0.0,1089.0,Attack,Cryptojacking,CoinIMP (CPU) (50%),ASUS Zenbook UX51VZ,Open Hardware Monitor,1
05:10:51.000,75.0,76.0,72.0,76.0,76.0,14.1,10.4,0.0,0.0,1091.0,Attack,Cryptojacking,CoinIMP (CPU) (50%),ASUS Zenbook UX51VZ,Open Hardware Monitor,1
05:10:53.000,75.0,78.0,75.0,76.0,79.0,19.0,15.3,0.0,0.0,1093.0,Attack,Cryptojacking,CoinIMP (CPU) (50%),ASUS Zenbook UX51VZ,Open Hardware Monitor,1
05:10:55.000,74.0,75.0,75.0,72.0,75.0,16.2,12.5,0.0,0.0,1095.0,Attack,Cryptojacking,CoinIMP (CPU) (50%),ASUS Zenbook UX51VZ,Open Hardware Monitor,1
05:10:57.000,74.0,75.0,73.0,73.0,75.0,13.8,10.2,0.0,0.0,1097.0,Attack,Cryptojacking,CoinIMP (CPU) (50%),ASUS Zenbook UX51VZ,Open Hardware Monitor,1
05:10:59.000,74.0,78.0,73.0,73.0,79.0,18.8,15.2,0.0,0.0,1099.0,Attack,Cryptojacking,CoinIMP (CPU) (50%),ASUS Zenbook UX51VZ,Open Hardware Monitor,1
05:11:01.000,79.0,81.0,78.0,77.0,81.0,19.1,15.5,0.0,0.0,1101.0,Attack,Cryptojacking,CoinIMP (CPU) (50%),ASUS Zenbook UX51VZ,Open Hardware Monitor,1
05:11:03.000,77.0,77.0,73.0,75.0,77.0,15.6,11.9,0.0,0.0,1103.0,Attack,Cryptojacking,CoinIMP (CPU) (50%),ASUS Zenbook UX51VZ,Open Hardware Monitor,1
05:11:05.000,75.0,76.0,74.0,75.0,76.0,14.9,11.2,0.0,0.0,1105.0,Attack,Cryptojacking,CoinIMP (CPU) (50%),ASUS Zenbook UX51VZ,Open Hardware Monitor,1
05:11:07.000,75.0,74.0,72.0,75.0,75.0,13.2,9.7,0.0,0.0,1107.0,Attack,Cryptojacking,CoinIMP (CPU) (50%),ASUS Zenbook UX51VZ,Open Hardware Monitor,1
05:11:09.000,74.0,74.0,72.0,73.0,76.0,18.9,15.3,0.0,0.0,1109.0,Attack,Cryptojacking,CoinIMP (CPU) (50%),ASUS Zenbook UX51VZ,Open Hardware Monitor,1
05:11:11.000,77.0,77.0,75.0,78.0,79.0,20.2,16.5,0.0,0.0,1111.0,Attack,Cryptojacking,CoinIMP (CPU) (50%),ASUS Zenbook UX51VZ,Open Hardware Monitor,1
05:11:13.000,74.0,75.0,72.0,73.0,75.0,20.2,16.6,0.0,0.0,1113.0,Attack,Cryptojacking,CoinIMP (CPU) (50%),ASUS Zenbook UX51VZ,Open Hardware Monitor,1
05:11:15.000,73.0,74.0,72.0,72.0,74.0,13.3,9.7,0.0,0.0,1115.0,Attack,Cryptojacking,CoinIMP (CPU) (50%),ASUS Zenbook UX51VZ,Open Hardware Monitor,1
05:11:17.000,74.0,75.0,73.0,75.0,75.0,20.5,16.9,0.0,0.0,1117.0,Attack,Cryptojacking,CoinIMP (CPU) (50%),ASUS Zenbook UX51VZ,Open Hardware Monitor,1
05:11:19.000,78.0,79.0,79.0,76.0,80.0,21.0,17.4,0.0,0.0,1119.0,Attack,Cryptojacking,CoinIMP (CPU) (50%),ASUS Zenbook UX51VZ,Open Hardware Monitor,1
05:11:21.000,79.0,81.0,80.0,80.0,81.0,19.7,16.1,0.0,0.0,1121.0,Attack,Cryptojacking,CoinIMP (CPU) (50%),ASUS Zenbook UX51VZ,Open Hardware Monitor,1
05:11:23.000,73.0,75.0,72.0,72.0,75.0,13.5,9.9,0.0,0.0,1123.0,Attack,Cryptojacking,CoinIMP (CPU) (50%),ASUS Zenbook UX51VZ,Open Hardware Monitor,1
05:11:25.000,75.0,77.0,75.0,74.0,79.0,15.0,11.4,0.0,0.0,1125.0,Attack,Cryptojacking,CoinIMP (CPU) (50%),ASUS Zenbook UX51VZ,Open Hardware Monitor,1
05:11:27.000,76.0,78.0,75.0,75.0,78.0,17.7,14.1,0.0,0.0,1127.0,Attack,Cryptojacking,CoinIMP (CPU) (50%),ASUS Zenbook UX51VZ,Open Hardware Monitor,1
05:11:30.000,74.0,75.0,73.0,75.0,76.0,20.3,16.5,0.0,0.0,1130.0,Attack,Cryptojacking,CoinIMP (CPU) (50%),ASUS Zenbook UX51VZ,Open Hardware Monitor,1
05:11:32.000,76.0,78.0,74.0,75.0,78.0,14.1,10.5,0.0,0.0,1132.0,Attack,Cryptojacking,CoinIMP (CPU) (50%),ASUS Zenbook UX51VZ,Open Hardware Monitor,1
05:11:34.000,75.0,77.0,73.0,73.0,77.0,12.9,9.4,0.0,0.0,1134.0,Attack,Cryptojacking,CoinIMP (CPU) (50%),ASUS Zenbook UX51VZ,Open Hardware Monitor,1
05:11:36.000,72.0,74.0,71.0,73.0,74.0,12.9,9.4,0.0,0.0,1136.0,Attack,Cryptojacking,CoinIMP (CPU) (50%),ASUS Zenbook UX51VZ,Open Hardware Monitor,1
05:11:38.000,75.0,78.0,74.0,75.0,80.0,21.2,17.5,0.0,0.0,1138.0,Attack,Cryptojacking,CoinIMP (CPU) (50%),ASUS Zenbook UX51VZ,Open Hardware Monitor,1
05:11:40.000,75.0,76.0,73.0,75.0,76.0,17.8,14.3,0.0,0.0,1140.0,Attack,Cryptojacking,CoinIMP (CPU) (50%),ASUS Zenbook UX51VZ,Open Hardware Monitor,1
05:11:42.000,79.0,81.0,79.0,80.0,81.0,18.8,15.2,0.0,0.0,1142.0,Attack,Cryptojacking,CoinIMP (CPU) (50%),ASUS Zenbook UX51VZ,Open Hardware Monitor,1
05:11:44.000,79.0,82.0,80.0,77.0,82.0,21.9,18.2,0.0,0.0,1144.0,Attack,Cryptojacking,CoinIMP (CPU) (50%),ASUS Zenbook UX51VZ,Open Hardware Monitor,1
05:11:46.000,74.0,75.0,73.0,73.0,75.0,14.4,10.7,0.0,0.0,1146.0,Attack,Cryptojacking,CoinIMP (CPU) (50%),ASUS Zenbook UX51VZ,Open Hardware Monitor,1
05:11:48.000,75.0,75.0,72.0,76.0,76.0,13.4,9.8,0.0,0.0,1148.0,Attack,Cryptojacking,CoinIMP (CPU) (50%),ASUS Zenbook UX51VZ,Open Hardware Monitor,1
05:11:50.000,74.0,77.0,75.0,75.0,77.0,12.8,9.2,0.0,0.0,1150.0,Attack,Cryptojacking,CoinIMP (CPU) (50%),ASUS Zenbook UX51VZ,Open Hardware Monitor,1
05:11:52.000,73.0,78.0,73.0,73.0,78.0,13.5,9.9,0.0,0.0,1152.0,Attack,Cryptojacking,CoinIMP (CPU) (50%),ASUS Zenbook UX51VZ,Open Hardware Monitor,1
05:11:54.000,72.0,75.0,73.0,73.0,76.0,13.5,9.9,0.0,0.0,1154.0,Attack,Cryptojacking,CoinIMP (CPU) (50%),ASUS Zenbook UX51VZ,Open Hardware Monitor,1
05:11:56.000,75.0,80.0,73.0,73.0,81.0,19.0,15.4,0.0,0.0,1156.0,Attack,Cryptojacking,CoinIMP (CPU) (50%),ASUS Zenbook UX51VZ,Open Hardware Monitor,1
05:11:58.000,78.0,79.0,78.0,77.0,79.0,21.5,17.8,0.0,0.0,1158.0,Attack,Cryptojacking,CoinIMP (CPU) (50%),ASUS Zenbook UX51VZ,Open Hardware Monitor,1
05:12:00.000,75.0,79.0,79.0,77.0,79.0,19.1,15.4,0.0,0.0,1160.0,Attack,Cryptojacking,CoinIMP (CPU) (50%),ASUS Zenbook UX51VZ,Open Hardware Monitor,1
05:12:02.000,76.0,77.0,77.0,76.0,79.0,21.1,17.4,0.0,0.0,1162.0,Attack,Cryptojacking,CoinIMP (CPU) (50%),ASUS Zenbook UX51VZ,Open Hardware Monitor,1
05:12:04.000,74.0,78.0,73.0,75.0,78.0,22.2,18.5,0.0,0.0,1164.0,Attack,Cryptojacking,CoinIMP (CPU) (50%),ASUS Zenbook UX51VZ,Open Hardware Monitor,1
05:12:06.000,75.0,75.0,71.0,74.0,75.0,13.5,9.9,0.0,0.0,1166.0,Attack,Cryptojacking,CoinIMP (CPU) (50%),ASUS Zenbook UX51VZ,Open Hardware Monitor,1
05:12:08.000,74.0,76.0,72.0,74.0,77.0,14.8,11.1,0.0,0.0,1168.0,Attack,Cryptojacking,CoinIMP (CPU) (50%),ASUS Zenbook UX51VZ,Open Hardware Monitor,1
05:12:10.000,73.0,75.0,74.0,72.0,75.0,14.0,10.4,0.0,0.0,1170.0,Attack,Cryptojacking,CoinIMP (CPU) (50%),ASUS Zenbook UX51VZ,Open Hardware Monitor,1
05:12:12.000,75.0,76.0,72.0,72.0,76.0,13.7,10.1,0.0,0.0,1172.0,Attack,Cryptojacking,CoinIMP (CPU) (50%),ASUS Zenbook UX51VZ,Open Hardware Monitor,1
05:12:14.000,75.0,76.0,73.0,76.0,78.0,19.2,15.6,0.0,0.0,1174.0,Attack,Cryptojacking,CoinIMP (CPU) (50%),ASUS Zenbook UX51VZ,Open Hardware Monitor,1
05:12:16.000,75.0,77.0,75.0,73.0,77.0,22.6,18.8,0.0,0.0,1176.0,Attack,Cryptojacking,CoinIMP (CPU) (50%),ASUS Zenbook UX51VZ,Open Hardware Monitor,1
05:12:18.000,79.0,81.0,78.0,78.0,81.0,18.1,14.5,0.0,0.0,1178.0,Attack,Cryptojacking,CoinIMP (CPU) (50%),ASUS Zenbook UX51VZ,Open Hardware Monitor,1
05:12:20.000,74.0,75.0,73.0,73.0,76.0,19.9,16.3,0.0,0.0,1180.0,Attack,Cryptojacking,CoinIMP (CPU) (50%),ASUS Zenbook UX51VZ,Open Hardware Monitor,1
05:12:22.000,76.0,78.0,74.0,75.0,78.0,14.4,10.7,0.0,0.0,1182.0,Attack,Cryptojacking,CoinIMP (CPU) (50%),ASUS Zenbook UX51VZ,Open Hardware Monitor,1
05:12:24.000,73.0,78.0,74.0,74.0,78.0,13.8,10.1,0.0,0.0,1184.0,Attack,Cryptojacking,CoinIMP (CPU) (50%),ASUS Zenbook UX51VZ,Open Hardware Monitor,1
05:12:26.000,73.0,75.0,73.0,72.0,75.0,12.8,9.3,0.0,0.0,1186.0,Attack,Cryptojacking,CoinIMP (CPU) (50%),ASUS Zenbook UX51VZ,Open Hardware Monitor,1
05:12:28.000,78.0,80.0,74.0,78.0,80.0,14.6,11.1,0.0,0.0,1188.0,Attack,Cryptojacking,CoinIMP (CPU) (50%),ASUS Zenbook UX51VZ,Open Hardware Monitor,1
05:12:30.000,73.0,77.0,75.0,73.0,77.0,19.1,15.5,0.0,0.0,1190.0,Attack,Cryptojacking,CoinIMP (CPU) (50%),ASUS Zenbook UX51VZ,Open Hardware Monitor,1
05:12:32.000,75.0,75.0,73.0,73.0,75.0,14.1,10.5,0.0,0.0,1192.0,Attack,Cryptojacking,CoinIMP (CPU) (50%),ASUS Zenbook UX51VZ,Open Hardware Monitor,1
05:12:34.000,78.0,79.0,77.0,78.0,79.0,18.7,15.1,0.0,0.0,1194.0,Attack,Cryptojacking,CoinIMP (CPU) (50%),ASUS Zenbook UX51VZ,Open Hardware Monitor,1
05:12:36.000,75.0,76.0,73.0,75.0,76.0,17.1,13.5,0.0,0.0,1196.0,Attack,Cryptojacking,CoinIMP (CPU) (50%),ASUS Zenbook UX51VZ,Open Hardware Monitor,1
05:12:38.000,74.0,77.0,74.0,75.0,79.0,18.7,15.1,0.0,0.0,1198.0,Attack,Cryptojacking,CoinIMP (CPU) (50%),ASUS Zenbook UX51VZ,Open Hardware Monitor,1
05:12:40.000,79.0,81.0,76.0,80.0,81.0,19.4,15.7,0.0,0.0,1200.0,Attack,Cryptojacking,CoinIMP (CPU) (50%),ASUS Zenbook UX51VZ,Open Hardware Monitor,1
05:12:42.000,78.0,80.0,78.0,77.0,80.0,20.1,16.5,0.0,0.0,1202.0,Attack,Cryptojacking,CoinIMP (CPU) (50%),ASUS Zenbook UX51VZ,Open Hardware Monitor,1
05:12:44.000,72.0,74.0,72.0,72.0,74.0,19.4,15.8,0.0,0.0,1204.0,Attack,Cryptojacking,CoinIMP (CPU) (50%),ASUS Zenbook UX51VZ,Open Hardware Monitor,1
05:12:46.000,76.0,78.0,75.0,75.0,77.0,18.5,14.8,0.0,0.0,1206.0,Attack,Cryptojacking,CoinIMP (CPU) (50%),ASUS Zenbook UX51VZ,Open Hardware Monitor,1
05:12:48.000,74.0,77.0,74.0,75.0,79.0,16.5,12.9,0.0,0.0,1208.0,Attack,Cryptojacking,CoinIMP (CPU) (50%),ASUS Zenbook UX51VZ,Open Hardware Monitor,1
05:12:50.000,74.0,76.0,75.0,74.0,76.0,19.7,16.1,0.0,0.0,1210.0,Attack,Cryptojacking,CoinIMP (CPU) (50%),ASUS Zenbook UX51VZ,Open Hardware Monitor,1
05:12:52.000,74.0,75.0,72.0,76.0,76.0,16.6,13.1,0.0,0.0,1212.0,Attack,Cryptojacking,CoinIMP (CPU) (50%),ASUS Zenbook UX51VZ,Open Hardware Monitor,1
05:12:54.000,73.0,74.0,72.0,74.0,74.0,13.7,10.1,0.0,0.0,1214.0,Attack,Cryptojacking,CoinIMP (CPU) (50%),ASUS Zenbook UX51VZ,Open Hardware Monitor,1
05:12:56.000,75.0,78.0,76.0,75.0,78.0,16.1,12.5,0.0,0.0,1216.0,Attack,Cryptojacking,CoinIMP (CPU) (50%),ASUS Zenbook UX51VZ,Open Hardware Monitor,1
05:12:58.000,75.0,78.0,76.0,75.0,81.0,19.7,16.1,0.0,0.0,1218.0,Attack,Cryptojacking,CoinIMP (CPU) (50%),ASUS Zenbook UX51VZ,Open Hardware Monitor,1
05:13:00.000,75.0,78.0,74.0,75.0,79.0,18.7,15.1,0.0,0.0,1220.0,Attack,Cryptojacking,CoinIMP (CPU) (50%),ASUS Zenbook UX51VZ,Open Hardware Monitor,1
05:13:02.000,75.0,78.0,75.0,76.0,80.0,17.8,14.2,0.0,0.0,1222.0,Attack,Cryptojacking,CoinIMP (CPU) (50%),ASUS Zenbook UX51VZ,Open Hardware Monitor,1
05:13:04.000,75.0,79.0,77.0,76.0,79.0,18.9,15.3,0.0,0.0,1224.0,Attack,Cryptojacking,CoinIMP (CPU) (50%),ASUS Zenbook UX51VZ,Open Hardware Monitor,1
05:13:06.000,74.0,79.0,73.0,74.0,79.0,14.1,10.4,0.0,0.0,1226.0,Attack,Cryptojacking,CoinIMP (CPU) (50%),ASUS Zenbook UX51VZ,Open Hardware Monitor,1
05:13:08.000,74.0,76.0,73.0,73.0,76.0,12.8,9.2,0.0,0.0,1228.0,Attack,Cryptojacking,CoinIMP (CPU) (50%),ASUS Zenbook UX51VZ,Open Hardware Monitor,1
05:13:10.000,73.0,73.0,72.0,74.0,74.0,14.3,10.7,0.0,0.0,1230.0,Attack,Cryptojacking,CoinIMP (CPU) (50%),ASUS Zenbook UX51VZ,Open Hardware Monitor,1
05:13:12.000,78.0,81.0,80.0,78.0,80.0,20.6,16.9,0.0,0.0,1232.0,Attack,Cryptojacking,CoinIMP (CPU) (50%),ASUS Zenbook UX51VZ,Open Hardware Monitor,1
05:13:14.000,75.0,76.0,73.0,73.0,76.0,18.9,15.3,0.0,0.0,1234.0,Attack,Cryptojacking,CoinIMP (CPU) (50%),ASUS Zenbook UX51VZ,Open Hardware Monitor,1
05:13:16.000,76.0,76.0,74.0,74.0,78.0,18.0,14.4,0.0,0.0,1236.0,Attack,Cryptojacking,CoinIMP (CPU) (50%),ASUS Zenbook UX51VZ,Open Hardware Monitor,1
05:13:18.000,79.0,80.0,79.0,80.0,80.0,20.8,17.1,0.0,0.0,1238.0,Attack,Cryptojacking,CoinIMP (CPU) (50%),ASUS Zenbook UX51VZ,Open Hardware Monitor,1
05:13:20.000,75.0,76.0,73.0,75.0,77.0,13.1,9.6,0.0,0.0,1240.0,Attack,Cryptojacking,CoinIMP (CPU) (50%),ASUS Zenbook UX51VZ,Open Hardware Monitor,1
05:13:22.000,73.0,74.0,71.0,73.0,76.0,13.8,10.2,0.0,0.0,1242.0,Attack,Cryptojacking,CoinIMP (CPU) (50%),ASUS Zenbook UX51VZ,Open Hardware Monitor,1
05:13:24.000,73.0,75.0,71.0,74.0,75.0,13.4,9.8,0.0,0.0,1244.0,Attack,Cryptojacking,CoinIMP (CPU) (50%),ASUS Zenbook UX51VZ,Open Hardware Monitor,1
05:13:26.000,75.0,75.0,73.0,75.0,75.0,19.8,16.2,0.0,0.0,1246.0,Attack,Cryptojacking,CoinIMP (CPU) (50%),ASUS Zenbook UX51VZ,Open Hardware Monitor,1
05:13:28.000,77.0,79.0,76.0,74.0,79.0,21.1,17.4,0.0,0.0,1248.0,Attack,Cryptojacking,CoinIMP (CPU) (50%),ASUS Zenbook UX51VZ,Open Hardware Monitor,1
05:13:30.000,75.0,76.0,74.0,74.0,76.0,14.8,11.2,0.0,0.0,1250.0,Attack,Cryptojacking,CoinIMP (CPU) (50%),ASUS Zenbook UX51VZ,Open Hardware Monitor,1
05:13:32.000,74.0,77.0,78.0,79.0,78.0,20.1,16.4,0.0,0.0,1252.0,Attack,Cryptojacking,CoinIMP (CPU) (50%),ASUS Zenbook UX51VZ,Open Hardware Monitor,1
05:13:34.000,75.0,78.0,75.0,76.0,78.0,18.8,15.2,0.0,0.0,1254.0,Attack,Cryptojacking,CoinIMP (CPU) (50%),ASUS Zenbook UX51VZ,Open Hardware Monitor,1
05:13:37.000,79.0,80.0,77.0,79.0,80.0,15.6,12.0,0.0,0.0,1257.0,Attack,Cryptojacking,CoinIMP (CPU) (50%),ASUS Zenbook UX51VZ,Open Hardware Monitor,1
05:13:39.000,74.0,75.0,73.0,74.0,75.0,18.3,14.7,0.0,0.0,1259.0,Attack,Cryptojacking,CoinIMP (CPU) (50%),ASUS Zenbook UX51VZ,Open Hardware Monitor,1
05:13:41.000,74.0,75.0,72.0,74.0,75.0,19.4,15.8,0.0,0.0,1261.0,Attack,Cryptojacking,CoinIMP (CPU) (50%),ASUS Zenbook UX51VZ,Open Hardware Monitor,1
05:13:43.000,75.0,77.0,74.0,76.0,77.0,13.7,10.1,0.0,0.0,1263.0,Attack,Cryptojacking,CoinIMP (CPU) (50%),ASUS Zenbook UX51VZ,Open Hardware Monitor,1
05:13:45.000,79.0,81.0,78.0,79.0,81.0,17.4,13.7,0.0,0.0,1265.0,Attack,Cryptojacking,CoinIMP (CPU) (50%),ASUS Zenbook UX51VZ,Open Hardware Monitor,1
05:13:47.000,75.0,78.0,77.0,77.0,80.0,19.8,16.2,0.0,0.0,1267.0,Attack,Cryptojacking,CoinIMP (CPU) (50%),ASUS Zenbook UX51VZ,Open Hardware Monitor,1
05:13:49.000,76.0,79.0,75.0,76.0,79.0,20.1,16.4,0.0,0.0,1269.0,Attack,Cryptojacking,CoinIMP (CPU) (50%),ASUS Zenbook UX51VZ,Open Hardware Monitor,1
05:13:51.000,74.0,76.0,75.0,75.0,78.0,20.8,17.2,0.0,0.0,1271.0,Attack,Cryptojacking,CoinIMP (CPU) (50%),ASUS Zenbook UX51VZ,Open Hardware Monitor,1
05:13:53.000,80.0,82.0,81.0,79.0,82.0,20.3,16.7,0.0,0.0,1273.0,Attack,Cryptojacking,CoinIMP (CPU) (50%),ASUS Zenbook UX51VZ,Open Hardware Monitor,1
05:13:55.000,79.0,79.0,77.0,76.0,81.0,22.3,18.6,0.0,0.0,1275.0,Attack,Cryptojacking,CoinIMP (CPU) (50%),ASUS Zenbook UX51VZ,Open Hardware Monitor,1
05:13:57.000,74.0,77.0,76.0,76.0,77.0,13.4,9.8,0.0,0.0,1277.0,Attack,Cryptojacking,CoinIMP (CPU) (50%),ASUS Zenbook UX51VZ,Open Hardware Monitor,1
05:13:59.000,74.0,77.0,74.0,73.0,77.0,13.7,10.1,0.0,0.0,1279.0,Attack,Cryptojacking,CoinIMP (CPU) (50%),ASUS Zenbook UX51VZ,Open Hardware Monitor,1
05:14:01.000,76.0,77.0,74.0,74.0,77.0,13.3,9.7,0.0,0.0,1281.0,Attack,Cryptojacking,CoinIMP (CPU) (50%),ASUS Zenbook UX51VZ,Open Hardware Monitor,1
05:14:03.000,77.0,76.0,73.0,73.0,78.0,18.8,15.2,0.0,0.0,1283.0,Attack,Cryptojacking,CoinIMP (CPU) (50%),ASUS Zenbook UX51VZ,Open Hardware Monitor,1
05:14:05.000,79.0,81.0,80.0,79.0,81.0,20.2,16.5,0.0,0.0,1285.0,Attack,Cryptojacking,CoinIMP (CPU) (50%),ASUS Zenbook UX51VZ,Open Hardware Monitor,1
05:14:07.000,80.0,81.0,80.0,80.0,81.0,21.1,17.4,0.0,0.0,1287.0,Attack,Cryptojacking,CoinIMP (CPU) (50%),ASUS Zenbook UX51VZ,Open Hardware Monitor,1
05:14:09.000,76.0,77.0,75.0,76.0,78.0,21.6,17.9,0.0,0.0,1289.0,Attack,Cryptojacking,CoinIMP (CPU) (50%),ASUS Zenbook UX51VZ,Open Hardware Monitor,1
05:14:11.000,75.0,76.0,75.0,75.0,76.0,13.3,9.7,0.0,0.0,1291.0,Attack,Cryptojacking,CoinIMP (CPU) (50%),ASUS Zenbook UX51VZ,Open Hardware Monitor,1
05:14:13.000,78.0,78.0,75.0,77.0,80.0,21.7,17.9,0.0,0.0,1293.0,Attack,Cryptojacking,CoinIMP (CPU) (50%),ASUS Zenbook UX51VZ,Open Hardware Monitor,1
05:14:15.000,77.0,78.0,77.0,78.0,80.0,18.7,15.1,0.0,0.0,1295.0,Attack,Cryptojacking,CoinIMP (CPU) (50%),ASUS Zenbook UX51VZ,Open Hardware Monitor,1
05:14:17.000,79.0,79.0,78.0,79.0,79.0,20.1,16.4,0.0,0.0,1297.0,Attack,Cryptojacking,CoinIMP (CPU) (50%),ASUS Zenbook UX51VZ,Open Hardware Monitor,1
05:14:19.000,76.0,75.0,72.0,74.0,76.0,12.8,9.2,0.0,0.0,1299.0,Attack,Cryptojacking,CoinIMP (CPU) (50%),ASUS Zenbook UX51VZ,Open Hardware Monitor,1
05:14:21.000,74.0,76.0,73.0,74.0,75.0,20.8,17.1,0.0,0.0,1301.0,Attack,Cryptojacking,CoinIMP (CPU) (50%),ASUS Zenbook UX51VZ,Open Hardware Monitor,1
05:14:23.000,73.0,75.0,72.0,75.0,76.0,13.8,10.2,0.0,0.0,1303.0,Attack,Cryptojacking,CoinIMP (CPU) (50%),ASUS Zenbook UX51VZ,Open Hardware Monitor,1
05:14:25.000,74.0,77.0,73.0,75.0,79.0,17.8,14.2,0.0,0.0,1305.0,Attack,Cryptojacking,CoinIMP (CPU) (50%),ASUS Zenbook UX51VZ,Open Hardware Monitor,1
05:14:27.000,75.0,76.0,73.0,75.0,78.0,17.8,14.2,0.0,0.0,1307.0,Attack,Cryptojacking,CoinIMP (CPU) (50%),ASUS Zenbook UX51VZ,Open Hardware Monitor,1
05:14:29.000,74.0,76.0,74.0,75.0,76.0,20.6,16.9,0.0,0.0,1309.0,Attack,Cryptojacking,CoinIMP (CPU) (50%),ASUS Zenbook UX51VZ,Open Hardware Monitor,1
05:14:31.000,74.0,76.0,73.0,77.0,77.0,14.7,10.9,0.0,0.0,1311.0,Attack,Cryptojacking,CoinIMP (CPU) (50%),ASUS Zenbook UX51VZ,Open Hardware Monitor,1
05:14:33.000,73.0,75.0,75.0,76.0,76.0,14.4,10.7,0.0,0.0,1313.0,Attack,Cryptojacking,CoinIMP (CPU) (50%),ASUS Zenbook UX51VZ,Open Hardware Monitor,1
05:14:35.000,75.0,82.0,76.0,76.0,82.0,19.6,16.0,0.0,0.0,1315.0,Attack,Cryptojacking,CoinIMP (CPU) (50%),ASUS Zenbook UX51VZ,Open Hardware Monitor,1
05:14:37.000,76.0,77.0,75.0,77.0,77.0,19.6,16.0,0.0,0.0,1317.0,Attack,Cryptojacking,CoinIMP (CPU) (50%),ASUS Zenbook UX51VZ,Open Hardware Monitor,1
05:14:39.000,73.0,74.0,73.0,77.0,75.0,14.1,10.5,0.0,0.0,1319.0,Attack,Cryptojacking,CoinIMP (CPU) (50%),ASUS Zenbook UX51VZ,Open Hardware Monitor,1
05:14:41.000,75.0,77.0,74.0,75.0,77.0,21.0,17.4,0.0,0.0,1321.0,Attack,Cryptojacking,CoinIMP (CPU) (50%),ASUS Zenbook UX51VZ,Open Hardware Monitor,1
05:14:43.000,76.0,77.0,75.0,75.0,80.0,21.0,17.2,0.0,0.0,1323.0,Attack,Cryptojacking,CoinIMP (CPU) (50%),ASUS Zenbook UX51VZ,Open Hardware Monitor,1
05:14:45.000,75.0,76.0,75.0,75.0,77.0,19.4,15.8,0.0,0.0,1325.0,Attack,Cryptojacking,CoinIMP (CPU) (50%),ASUS Zenbook UX51VZ,Open Hardware Monitor,1
05:14:47.000,77.0,76.0,73.0,75.0,76.0,17.3,13.7,0.0,0.0,1327.0,Attack,Cryptojacking,CoinIMP (CPU) (50%),ASUS Zenbook UX51VZ,Open Hardware Monitor,1
05:14:49.000,74.0,76.0,73.0,74.0,76.0,13.6,10.0,0.0,0.0,1329.0,Attack,Cryptojacking,CoinIMP (CPU) (50%),ASUS Zenbook UX51VZ,Open Hardware Monitor,1
05:14:51.000,74.0,76.0,73.0,74.0,76.0,13.7,10.1,0.0,0.0,1331.0,Attack,Cryptojacking,CoinIMP (CPU) (50%),ASUS Zenbook UX51VZ,Open Hardware Monitor,1
05:14:53.000,75.0,77.0,74.0,75.0,77.0,15.4,11.8,0.0,0.0,1333.0,Attack,Cryptojacking,CoinIMP (CPU) (50%),ASUS Zenbook UX51VZ,Open Hardware Monitor,1
05:14:55.000,75.0,75.0,72.0,73.0,76.0,15.6,12.0,0.0,0.0,1335.0,Attack,Cryptojacking,CoinIMP (CPU) (50%),ASUS Zenbook UX51VZ,Open Hardware Monitor,1
05:14:57.000,76.0,78.0,75.0,76.0,78.0,18.8,15.1,0.0,0.0,1337.0,Attack,Cryptojacking,CoinIMP (CPU) (50%),ASUS Zenbook UX51VZ,Open Hardware Monitor,1
05:14:59.000,80.0,78.0,80.0,79.0,80.0,20.3,16.6,0.0,0.0,1339.0,Attack,Cryptojacking,CoinIMP (CPU) (50%),ASUS Zenbook UX51VZ,Open Hardware Monitor,1
05:15:01.000,74.0,75.0,73.0,73.0,76.0,15.7,12.1,0.0,0.0,1341.0,Attack,Cryptojacking,CoinIMP (CPU) (50%),ASUS Zenbook UX51VZ,Open Hardware Monitor,1
05:15:03.000,73.0,75.0,72.0,73.0,75.0,13.4,9.8,0.0,0.0,1343.0,Attack,Cryptojacking,CoinIMP (CPU) (50%),ASUS Zenbook UX51VZ,Open Hardware Monitor,1
05:15:05.000,76.0,78.0,77.0,76.0,80.0,19.8,16.3,0.0,0.0,1345.0,Attack,Cryptojacking,CoinIMP (CPU) (50%),ASUS Zenbook UX51VZ,Open Hardware Monitor,1
05:15:07.000,78.0,80.0,79.0,78.0,81.0,19.5,15.9,0.0,0.0,1347.0,Attack,Cryptojacking,CoinIMP (CPU) (50%),ASUS Zenbook UX51VZ,Open Hardware Monitor,1
05:15:09.000,75.0,76.0,75.0,74.0,76.0,19.6,16.0,0.0,0.0,1349.0,Attack,Cryptojacking,CoinIMP (CPU) (50%),ASUS Zenbook UX51VZ,Open Hardware Monitor,1
05:15:11.000,74.0,76.0,73.0,73.0,76.0,14.9,11.1,0.0,0.0,1351.0,Attack,Cryptojacking,CoinIMP (CPU) (50%),ASUS Zenbook UX51VZ,Open Hardware Monitor,1
05:15:13.000,75.0,77.0,76.0,74.0,77.0,13.4,9.8,0.0,0.0,1353.0,Attack,Cryptojacking,CoinIMP (CPU) (50%),ASUS Zenbook UX51VZ,Open Hardware Monitor,1
05:15:15.000,75.0,77.0,75.0,76.0,80.0,18.1,14.5,0.0,0.0,1355.0,Attack,Cryptojacking,CoinIMP (CPU) (50%),ASUS Zenbook UX51VZ,Open Hardware Monitor,1
05:15:17.000,76.0,75.0,72.0,72.0,75.0,13.1,9.5,0.0,0.0,1357.0,Attack,Cryptojacking,CoinIMP (CPU) (50%),ASUS Zenbook UX51VZ,Open Hardware Monitor,1
05:15:19.000,73.0,75.0,73.0,73.0,75.0,13.9,10.3,0.0,0.0,1359.0,Attack,Cryptojacking,CoinIMP (CPU) (50%),ASUS Zenbook UX51VZ,Open Hardware Monitor,1
05:15:21.000,76.0,81.0,77.0,75.0,81.0,22.6,19.0,0.0,0.0,1361.0,Attack,Cryptojacking,CoinIMP (CPU) (50%),ASUS Zenbook UX51VZ,Open Hardware Monitor,1
05:15:23.000,76.0,76.0,73.0,75.0,77.0,15.7,12.1,0.0,0.0,1363.0,Attack,Cryptojacking,CoinIMP (CPU) (50%),ASUS Zenbook UX51VZ,Open Hardware Monitor,1
05:15:25.000,72.0,75.0,73.0,73.0,75.0,13.0,9.5,0.0,0.0,1365.0,Attack,Cryptojacking,CoinIMP (CPU) (50%),ASUS Zenbook UX51VZ,Open Hardware Monitor,1
05:15:27.000,74.0,75.0,72.0,74.0,75.0,20.3,16.6,0.0,0.0,1367.0,Attack,Cryptojacking,CoinIMP (CPU) (50%),ASUS Zenbook UX51VZ,Open Hardware Monitor,1
05:15:29.000,76.0,75.0,74.0,72.0,76.0,20.5,16.8,0.0,0.0,1369.0,Attack,Cryptojacking,CoinIMP (CPU) (50%),ASUS Zenbook UX51VZ,Open Hardware Monitor,1
05:15:31.000,74.0,75.0,72.0,72.0,75.0,14.0,10.4,0.0,0.0,1371.0,Attack,Cryptojacking,CoinIMP (CPU) (50%),ASUS Zenbook UX51VZ,Open Hardware Monitor,1
05:15:33.000,77.0,76.0,73.0,74.0,78.0,20.9,17.3,0.0,0.0,1373.0,Attack,Cryptojacking,CoinIMP (CPU) (50%),ASUS Zenbook UX51VZ,Open Hardware Monitor,1
05:15:35.000,75.0,77.0,73.0,74.0,78.0,19.3,15.6,0.0,0.0,1375.0,Attack,Cryptojacking,CoinIMP (CPU) (50%),ASUS Zenbook UX51VZ,Open Hardware Monitor,1
05:15:37.000,74.0,74.0,74.0,75.0,76.0,18.3,14.7,0.0,0.0,1377.0,Attack,Cryptojacking,CoinIMP (CPU) (50%),ASUS Zenbook UX51VZ,Open Hardware Monitor,1
05:15:40.000,74.0,76.0,73.0,73.0,76.0,14.2,10.6,0.0,0.0,1380.0,Attack,Cryptojacking,CoinIMP (CPU) (50%),ASUS Zenbook UX51VZ,Open Hardware Monitor,1
05:15:42.000,79.0,81.0,81.0,79.0,81.0,18.2,14.6,0.0,0.0,1382.0,Attack,Cryptojacking,CoinIMP (CPU) (50%),ASUS Zenbook UX51VZ,Open Hardware Monitor,1
05:15:44.000,73.0,76.0,73.0,73.0,76.0,17.1,13.6,0.0,0.0,1384.0,Attack,Cryptojacking,CoinIMP (CPU) (50%),ASUS Zenbook UX51VZ,Open Hardware Monitor,1
05:15:46.000,74.0,75.0,73.0,73.0,75.0,13.8,10.2,0.0,0.0,1386.0,Attack,Cryptojacking,CoinIMP (CPU) (50%),ASUS Zenbook UX51VZ,Open Hardware Monitor,1
05:15:48.000,73.0,76.0,73.0,76.0,76.0,14.0,10.4,0.0,0.0,1388.0,Attack,Cryptojacking,CoinIMP (CPU) (50%),ASUS Zenbook UX51VZ,Open Hardware Monitor,1
05:15:50.000,75.0,78.0,81.0,76.0,81.0,21.8,18.1,0.0,0.0,1390.0,Attack,Cryptojacking,CoinIMP (CPU) (50%),ASUS Zenbook UX51VZ,Open Hardware Monitor,1
05:15:52.000,75.0,77.0,74.0,75.0,77.0,16.9,13.3,0.0,0.0,1392.0,Attack,Cryptojacking,CoinIMP (CPU) (50%),ASUS Zenbook UX51VZ,Open Hardware Monitor,1
05:15:54.000,73.0,78.0,75.0,73.0,78.0,13.7,10.1,0.0,0.0,1394.0,Attack,Cryptojacking,CoinIMP (CPU) (50%),ASUS Zenbook UX51VZ,Open Hardware Monitor,1
05:15:56.000,74.0,76.0,73.0,74.0,76.0,13.8,10.3,0.0,0.0,1396.0,Attack,Cryptojacking,CoinIMP (CPU) (50%),ASUS Zenbook UX51VZ,Open Hardware Monitor,1
05:15:58.000,79.0,81.0,75.0,74.0,81.0,21.0,17.3,0.0,0.0,1398.0,Attack,Cryptojacking,CoinIMP (CPU) (50%),ASUS Zenbook UX51VZ,Open Hardware Monitor,1
05:16:00.000,76.0,77.0,74.0,72.0,77.0,15.7,12.1,0.0,0.0,1400.0,Attack,Cryptojacking,CoinIMP (CPU) (50%),ASUS Zenbook UX51VZ,Open Hardware Monitor,1
05:16:02.000,74.0,75.0,73.0,74.0,75.0,13.4,9.8,0.0,0.0,1402.0,Attack,Cryptojacking,CoinIMP (CPU) (50%),ASUS Zenbook UX51VZ,Open Hardware Monitor,1
05:16:04.000,77.0,79.0,81.0,80.0,80.0,19.8,16.2,0.0,0.0,1404.0,Attack,Cryptojacking,CoinIMP (CPU) (50%),ASUS Zenbook UX51VZ,Open Hardware Monitor,1
05:16:06.000,74.0,76.0,73.0,74.0,80.0,19.6,16.0,0.0,0.0,1406.0,Attack,Cryptojacking,CoinIMP (CPU) (50%),ASUS Zenbook UX51VZ,Open Hardware Monitor,1
05:16:08.000,75.0,78.0,75.0,74.0,78.0,14.1,10.6,0.0,0.0,1408.0,Attack,Cryptojacking,CoinIMP (CPU) (50%),ASUS Zenbook UX51VZ,Open Hardware Monitor,1
05:16:10.000,76.0,76.0,75.0,76.0,79.0,18.9,15.3,0.0,0.0,1410.0,Attack,Cryptojacking,CoinIMP (CPU) (50%),ASUS Zenbook UX51VZ,Open Hardware Monitor,1
05:16:12.000,78.0,80.0,75.0,80.0,80.0,19.3,15.7,0.0,0.0,1412.0,Attack,Cryptojacking,CoinIMP (CPU) (50%),ASUS Zenbook UX51VZ,Open Hardware Monitor,1
05:16:14.000,74.0,76.0,75.0,75.0,79.0,17.4,13.7,0.0,0.0,1414.0,Attack,Cryptojacking,CoinIMP (CPU) (50%),ASUS Zenbook UX51VZ,Open Hardware Monitor,1
05:16:16.000,74.0,75.0,74.0,73.0,75.0,13.3,9.7,0.0,0.0,1416.0,Attack,Cryptojacking,CoinIMP (CPU) (50%),ASUS Zenbook UX51VZ,Open Hardware Monitor,1
05:16:18.000,74.0,76.0,74.0,75.0,76.0,14.2,10.6,0.0,0.0,1418.0,Attack,Cryptojacking,CoinIMP (CPU) (50%),ASUS Zenbook UX51VZ,Open Hardware Monitor,1
05:16:20.000,75.0,77.0,74.0,75.0,77.0,14.1,10.4,0.0,0.0,1420.0,Attack,Cryptojacking,CoinIMP (CPU) (50%),ASUS Zenbook UX51VZ,Open Hardware Monitor,1
05:16:22.000,77.0,79.0,78.0,78.0,79.0,13.5,9.9,0.0,0.0,1422.0,Attack,Cryptojacking,CoinIMP (CPU) (50%),ASUS Zenbook UX51VZ,Open Hardware Monitor,1
05:16:24.000,79.0,80.0,78.0,80.0,80.0,21.7,18.0,0.0,0.0,1424.0,Attack,Cryptojacking,CoinIMP (CPU) (50%),ASUS Zenbook UX51VZ,Open Hardware Monitor,1
05:16:26.000,78.0,80.0,79.0,78.0,80.0,19.4,15.8,0.0,0.0,1426.0,Attack,Cryptojacking,CoinIMP (CPU) (50%),ASUS Zenbook UX51VZ,Open Hardware Monitor,1
05:16:28.000,82.0,79.0,77.0,77.0,82.0,19.4,15.8,0.0,0.0,1428.0,Attack,Cryptojacking,CoinIMP (CPU) (50%),ASUS Zenbook UX51VZ,Open Hardware Monitor,1
05:16:30.000,75.0,77.0,75.0,75.0,77.0,13.6,10.0,0.0,0.0,1430.0,Attack,Cryptojacking,CoinIMP (CPU) (50%),ASUS Zenbook UX51VZ,Open Hardware Monitor,1
05:16:32.000,75.0,76.0,74.0,74.0,76.0,13.1,9.5,0.0,0.0,1432.0,Attack,Cryptojacking,CoinIMP (CPU) (50%),ASUS Zenbook UX51VZ,Open Hardware Monitor,1
05:16:34.000,75.0,76.0,74.0,75.0,76.0,13.5,9.9,0.0,0.0,1434.0,Attack,Cryptojacking,CoinIMP (CPU) (50%),ASUS Zenbook UX51VZ,Open Hardware Monitor,1
05:16:36.000,74.0,76.0,73.0,73.0,76.0,19.9,16.3,0.0,0.0,1436.0,Attack,Cryptojacking,CoinIMP (CPU) (50%),ASUS Zenbook UX51VZ,Open Hardware Monitor,1
05:16:38.000,74.0,75.0,73.0,75.0,75.0,17.4,13.8,0.0,0.0,1438.0,Attack,Cryptojacking,CoinIMP (CPU) (50%),ASUS Zenbook UX51VZ,Open Hardware Monitor,1
05:16:40.000,74.0,75.0,75.0,75.0,75.0,17.0,13.4,0.0,0.0,1440.0,Attack,Cryptojacking,CoinIMP (CPU) (50%),ASUS Zenbook UX51VZ,Open Hardware Monitor,1
05:16:42.000,75.0,77.0,74.0,74.0,78.0,20.1,16.4,0.0,0.0,1442.0,Attack,Cryptojacking,CoinIMP (CPU) (50%),ASUS Zenbook UX51VZ,Open Hardware Monitor,1
05:16:44.000,78.0,82.0,81.0,79.0,82.0,22.2,18.5,0.0,0.0,1444.0,Attack,Cryptojacking,CoinIMP (CPU) (50%),ASUS Zenbook UX51VZ,Open Hardware Monitor,1
05:16:46.000,79.0,76.0,74.0,78.0,78.0,19.1,15.5,0.0,0.0,1446.0,Attack,Cryptojacking,CoinIMP (CPU) (50%),ASUS Zenbook UX51VZ,Open Hardware Monitor,1
05:16:48.000,77.0,78.0,77.0,75.0,78.0,19.6,16.0,0.0,0.0,1448.0,Attack,Cryptojacking,CoinIMP (CPU) (50%),ASUS Zenbook UX51VZ,Open Hardware Monitor,1
05:16:50.000,75.0,76.0,73.0,74.0,76.0,17.7,14.1,0.0,0.0,1450.0,Attack,Cryptojacking,CoinIMP (CPU) (50%),ASUS Zenbook UX51VZ,Open Hardware Monitor,1
05:16:52.000,76.0,76.0,75.0,75.0,76.0,14.1,10.5,0.0,0.0,1452.0,Attack,Cryptojacking,CoinIMP (CPU) (50%),ASUS Zenbook UX51VZ,Open Hardware Monitor,1
05:16:54.000,75.0,76.0,75.0,75.0,77.0,13.4,9.8,0.0,0.0,1454.0,Attack,Cryptojacking,CoinIMP (CPU) (50%),ASUS Zenbook UX51VZ,Open Hardware Monitor,1
05:16:56.000,73.0,75.0,72.0,74.0,75.0,14.0,10.4,0.0,0.0,1456.0,Attack,Cryptojacking,CoinIMP (CPU) (50%),ASUS Zenbook UX51VZ,Open Hardware Monitor,1
05:16:58.000,73.0,74.0,71.0,73.0,75.0,13.5,9.9,0.0,0.0,1458.0,Attack,Cryptojacking,CoinIMP (CPU) (50%),ASUS Zenbook UX51VZ,Open Hardware Monitor,1
05:17:00.000,75.0,78.0,74.0,76.0,78.0,14.8,11.2,0.0,0.0,1460.0,Attack,Cryptojacking,CoinIMP (CPU) (50%),ASUS Zenbook UX51VZ,Open Hardware Monitor,1
05:17:02.000,73.0,76.0,74.0,74.0,76.0,13.8,10.2,0.0,0.0,1462.0,Attack,Cryptojacking,CoinIMP (CPU) (50%),ASUS Zenbook UX51VZ,Open Hardware Monitor,1
05:17:04.000,79.0,81.0,81.0,80.0,81.0,19.6,16.0,0.0,0.0,1464.0,Attack,Cryptojacking,CoinIMP (CPU) (50%),ASUS Zenbook UX51VZ,Open Hardware Monitor,1
05:17:06.000,76.0,78.0,76.0,81.0,81.0,19.0,15.3,0.0,0.0,1466.0,Attack,Cryptojacking,CoinIMP (CPU) (50%),ASUS Zenbook UX51VZ,Open Hardware Monitor,1
05:17:08.000,75.0,76.0,74.0,75.0,76.0,13.6,10.0,0.0,0.0,1468.0,Attack,Cryptojacking,CoinIMP (CPU) (50%),ASUS Zenbook UX51VZ,Open Hardware Monitor,1
05:17:10.000,74.0,76.0,74.0,75.0,76.0,14.0,10.4,0.0,0.0,1470.0,Attack,Cryptojacking,CoinIMP (CPU) (50%),ASUS Zenbook UX51VZ,Open Hardware Monitor,1
05:17:12.000,74.0,74.0,73.0,74.0,74.0,13.9,10.3,0.0,0.0,1472.0,Attack,Cryptojacking,CoinIMP (CPU) (50%),ASUS Zenbook UX51VZ,Open Hardware Monitor,1
05:17:14.000,75.0,76.0,74.0,75.0,76.0,20.4,16.8,0.0,0.0,1474.0,Attack,Cryptojacking,CoinIMP (CPU) (50%),ASUS Zenbook UX51VZ,Open Hardware Monitor,1
05:17:16.000,78.0,79.0,78.0,78.0,80.0,18.2,14.6,0.0,0.0,1476.0,Attack,Cryptojacking,CoinIMP (CPU) (50%),ASUS Zenbook UX51VZ,Open Hardware Monitor,1
05:17:18.000,75.0,77.0,73.0,75.0,79.0,20.2,16.6,0.0,0.0,1478.0,Attack,Cryptojacking,CoinIMP (CPU) (50%),ASUS Zenbook UX51VZ,Open Hardware Monitor,1
05:17:20.000,75.0,77.0,74.0,75.0,77.0,14.1,10.5,0.0,0.0,1480.0,Attack,Cryptojacking,CoinIMP (CPU) (50%),ASUS Zenbook UX51VZ,Open Hardware Monitor,1
05:17:22.000,74.0,76.0,73.0,75.0,77.0,14.9,11.3,0.0,0.0,1482.0,Attack,Cryptojacking,CoinIMP (CPU) (50%),ASUS Zenbook UX51VZ,Open Hardware Monitor,1
05:17:24.000,78.0,81.0,79.0,80.0,81.0,20.3,16.7,0.0,0.0,1484.0,Attack,Cryptojacking,CoinIMP (CPU) (50%),ASUS Zenbook UX51VZ,Open Hardware Monitor,1
05:17:26.000,73.0,75.0,75.0,80.0,80.0,21.2,17.6,0.0,0.0,1486.0,Attack,Cryptojacking,CoinIMP (CPU) (50%),ASUS Zenbook UX51VZ,Open Hardware Monitor,1
05:17:28.000,74.0,76.0,72.0,75.0,76.0,16.5,12.9,0.0,0.0,1488.0,Attack,Cryptojacking,CoinIMP (CPU) (50%),ASUS Zenbook UX51VZ,Open Hardware Monitor,1
05:17:30.000,75.0,77.0,76.0,76.0,78.0,20.4,16.7,0.0,0.0,1490.0,Attack,Cryptojacking,CoinIMP (CPU) (50%),ASUS Zenbook UX51VZ,Open Hardware Monitor,1
05:17:32.000,75.0,75.0,73.0,73.0,75.0,13.5,10.0,0.0,0.0,1492.0,Attack,Cryptojacking,CoinIMP (CPU) (50%),ASUS Zenbook UX51VZ,Open Hardware Monitor,1
05:17:34.000,75.0,77.0,75.0,75.0,77.0,13.8,10.2,0.0,0.0,1494.0,Attack,Cryptojacking,CoinIMP (CPU) (50%),ASUS Zenbook UX51VZ,Open Hardware Monitor,1
05:17:36.000,73.0,74.0,73.0,73.0,75.0,14.1,10.5,0.0,0.0,1496.0,Attack,Cryptojacking,CoinIMP (CPU) (50%),ASUS Zenbook UX51VZ,Open Hardware Monitor,1
05:17:38.000,75.0,75.0,73.0,74.0,76.0,13.9,10.2,0.0,0.0,1498.0,Attack,Cryptojacking,CoinIMP (CPU) (50%),ASUS Zenbook UX51VZ,Open Hardware Monitor,1
05:17:40.000,73.0,76.0,72.0,73.0,76.0,13.3,9.7,0.0,0.0,1500.0,Attack,Cryptojacking,CoinIMP (CPU) (50%),ASUS Zenbook UX51VZ,Open Hardware Monitor,1
05:17:42.000,78.0,81.0,80.0,80.0,81.0,23.1,19.5,0.0,0.0,1502.0,Attack,Cryptojacking,CoinIMP (CPU) (50%),ASUS Zenbook UX51VZ,Open Hardware Monitor,1
05:17:45.000,72.0,75.0,73.0,73.0,75.0,14.2,10.5,0.0,0.0,1505.0,Attack,Cryptojacking,CoinIMP (CPU) (50%),ASUS Zenbook UX51VZ,Open Hardware Monitor,1
05:17:47.000,73.0,74.0,74.0,74.0,74.0,17.1,13.5,0.0,0.0,1507.0,Attack,Cryptojacking,CoinIMP (CPU) (50%),ASUS Zenbook UX51VZ,Open Hardware Monitor,1
05:17:49.000,77.0,78.0,77.0,77.0,78.0,15.4,11.9,0.0,0.0,1509.0,Attack,Cryptojacking,CoinIMP (CPU) (50%),ASUS Zenbook UX51VZ,Open Hardware Monitor,1
05:17:51.000,73.0,75.0,74.0,74.0,78.0,17.2,13.6,0.0,0.0,1511.0,Attack,Cryptojacking,CoinIMP (CPU) (50%),ASUS Zenbook UX51VZ,Open Hardware Monitor,1
05:17:53.000,75.0,77.0,78.0,75.0,80.0,20.2,16.6,0.0,0.0,1513.0,Attack,Cryptojacking,CoinIMP (CPU) (50%),ASUS Zenbook UX51VZ,Open Hardware Monitor,1
05:17:55.000,74.0,76.0,73.0,73.0,76.0,18.5,14.9,0.0,0.0,1515.0,Attack,Cryptojacking,CoinIMP (CPU) (50%),ASUS Zenbook UX51VZ,Open Hardware Monitor,1
05:17:57.000,74.0,77.0,75.0,75.0,77.0,20.4,16.7,0.0,0.0,1517.0,Attack,Cryptojacking,CoinIMP (CPU) (50%),ASUS Zenbook UX51VZ,Open Hardware Monitor,1
05:17:59.000,76.0,76.0,76.0,74.0,76.0,14.4,10.8,0.0,0.0,1519.0,Attack,Cryptojacking,CoinIMP (CPU) (50%),ASUS Zenbook UX51VZ,Open Hardware Monitor,1
05:18:01.000,75.0,78.0,75.0,75.0,77.0,14.4,10.7,0.0,0.0,1521.0,Attack,Cryptojacking,CoinIMP (CPU) (50%),ASUS Zenbook UX51VZ,Open Hardware Monitor,1
05:18:03.000,75.0,76.0,73.0,74.0,76.0,13.9,10.3,0.0,0.0,1523.0,Attack,Cryptojacking,CoinIMP (CPU) (50%),ASUS Zenbook UX51VZ,Open Hardware Monitor,1
05:18:05.000,75.0,77.0,74.0,74.0,77.0,13.1,9.5,0.0,0.0,1525.0,Attack,Cryptojacking,CoinIMP (CPU) (50%),ASUS Zenbook UX51VZ,Open Hardware Monitor,1
05:18:07.000,78.0,81.0,80.0,78.0,81.0,19.2,15.7,0.0,0.0,1527.0,Attack,Cryptojacking,CoinIMP (CPU) (50%),ASUS Zenbook UX51VZ,Open Hardware Monitor,1
05:18:09.000,74.0,82.0,80.0,78.0,82.0,21.6,17.9,0.0,0.0,1529.0,Attack,Cryptojacking,CoinIMP (CPU) (50%),ASUS Zenbook UX51VZ,Open Hardware Monitor,1
05:18:11.000,78.0,81.0,80.0,79.0,81.0,20.7,17.1,0.0,0.0,1531.0,Attack,Cryptojacking,CoinIMP (CPU) (50%),ASUS Zenbook UX51VZ,Open Hardware Monitor,1
05:18:13.000,78.0,81.0,80.0,79.0,81.0,20.1,16.5,0.0,0.0,1533.0,Attack,Cryptojacking,CoinIMP (CPU) (50%),ASUS Zenbook UX51VZ,Open Hardware Monitor,1
05:18:15.000,72.0,75.0,73.0,73.0,76.0,14.3,10.7,0.0,0.0,1535.0,Attack,Cryptojacking,CoinIMP (CPU) (50%),ASUS Zenbook UX51VZ,Open Hardware Monitor,1
05:18:17.000,75.0,77.0,74.0,75.0,77.0,13.5,9.9,0.0,0.0,1537.0,Attack,Cryptojacking,CoinIMP (CPU) (50%),ASUS Zenbook UX51VZ,Open Hardware Monitor,1
05:18:19.000,73.0,76.0,72.0,72.0,77.0,12.8,9.3,0.0,0.0,1539.0,Attack,Cryptojacking,CoinIMP (CPU) (50%),ASUS Zenbook UX51VZ,Open Hardware Monitor,1
05:18:21.000,74.0,76.0,73.0,74.0,76.0,14.1,10.4,0.0,0.0,1541.0,Attack,Cryptojacking,CoinIMP (CPU) (50%),ASUS Zenbook UX51VZ,Open Hardware Monitor,1
05:18:23.000,75.0,76.0,74.0,74.0,78.0,14.5,10.9,0.0,0.0,1543.0,Attack,Cryptojacking,CoinIMP (CPU) (50%),ASUS Zenbook UX51VZ,Open Hardware Monitor,1
05:18:25.000,76.0,78.0,74.0,76.0,78.0,19.9,16.2,0.0,0.0,1545.0,Attack,Cryptojacking,CoinIMP (CPU) (50%),ASUS Zenbook UX51VZ,Open Hardware Monitor,1
05:18:27.000,75.0,77.0,75.0,75.0,77.0,14.8,11.0,0.0,0.0,1547.0,Attack,Cryptojacking,CoinIMP (CPU) (50%),ASUS Zenbook UX51VZ,Open Hardware Monitor,1
05:18:29.000,75.0,77.0,76.0,76.0,80.0,16.9,13.3,0.0,0.0,1549.0,Attack,Cryptojacking,CoinIMP (CPU) (50%),ASUS Zenbook UX51VZ,Open Hardware Monitor,1
05:18:31.000,79.0,81.0,76.0,79.0,81.0,22.7,19.0,0.0,0.0,1551.0,Attack,Cryptojacking,CoinIMP (CPU) (50%),ASUS Zenbook UX51VZ,Open Hardware Monitor,1
05:18:33.000,76.0,78.0,80.0,80.0,80.0,21.3,17.7,0.0,0.0,1553.0,Attack,Cryptojacking,CoinIMP (CPU) (50%),ASUS Zenbook UX51VZ,Open Hardware Monitor,1
05:18:35.000,76.0,77.0,76.0,76.0,78.0,21.4,17.7,0.0,0.0,1555.0,Attack,Cryptojacking,CoinIMP (CPU) (50%),ASUS Zenbook UX51VZ,Open Hardware Monitor,1
05:18:37.000,74.0,75.0,74.0,74.0,75.0,17.2,13.7,0.0,0.0,1557.0,Attack,Cryptojacking,CoinIMP (CPU) (50%),ASUS Zenbook UX51VZ,Open Hardware Monitor,1
05:18:39.000,75.0,76.0,75.0,74.0,76.0,13.5,9.9,0.0,0.0,1559.0,Attack,Cryptojacking,CoinIMP (CPU) (50%),ASUS Zenbook UX51VZ,Open Hardware Monitor,1
05:18:41.000,75.0,76.0,74.0,75.0,77.0,15.7,12.1,0.0,0.0,1561.0,Attack,Cryptojacking,CoinIMP (CPU) (50%),ASUS Zenbook UX51VZ,Open Hardware Monitor,1
05:18:43.000,78.0,80.0,78.0,78.0,80.0,17.3,13.7,0.0,0.0,1563.0,Attack,Cryptojacking,CoinIMP (CPU) (50%),ASUS Zenbook UX51VZ,Open Hardware Monitor,1
05:18:45.000,76.0,78.0,76.0,75.0,79.0,20.1,16.4,0.0,0.0,1565.0,Attack,Cryptojacking,CoinIMP (CPU) (50%),ASUS Zenbook UX51VZ,Open Hardware Monitor,1
05:18:47.000,78.0,82.0,81.0,79.0,82.0,21.8,18.1,0.0,0.0,1567.0,Attack,Cryptojacking,CoinIMP (CPU) (50%),ASUS Zenbook UX51VZ,Open Hardware Monitor,1
05:18:49.000,74.0,75.0,73.0,73.0,75.0,14.4,10.7,0.0,0.0,1569.0,Attack,Cryptojacking,CoinIMP (CPU) (50%),ASUS Zenbook UX51VZ,Open Hardware Monitor,1
05:18:51.000,75.0,77.0,75.0,75.0,80.0,18.7,15.0,0.0,0.0,1571.0,Attack,Cryptojacking,CoinIMP (CPU) (50%),ASUS Zenbook UX51VZ,Open Hardware Monitor,1
05:18:53.000,76.0,77.0,77.0,75.0,77.0,15.6,12.0,0.0,0.0,1573.0,Attack,Cryptojacking,CoinIMP (CPU) (50%),ASUS Zenbook UX51VZ,Open Hardware Monitor,1
05:18:55.000,75.0,77.0,74.0,76.0,77.0,13.6,10.0,0.0,0.0,1575.0,Attack,Cryptojacking,CoinIMP (CPU) (50%),ASUS Zenbook UX51VZ,Open Hardware Monitor,1
05:18:57.000,78.0,79.0,78.0,79.0,79.0,19.3,15.8,0.0,0.0,1577.0,Attack,Cryptojacking,CoinIMP (CPU) (50%),ASUS Zenbook UX51VZ,Open Hardware Monitor,1
05:18:59.000,77.0,79.0,78.0,81.0,81.0,23.3,19.7,0.0,0.0,1579.0,Attack,Cryptojacking,CoinIMP (CPU) (50%),ASUS Zenbook UX51VZ,Open Hardware Monitor,1
05:19:01.000,74.0,78.0,74.0,75.0,78.0,14.2,10.5,0.0,0.0,1581.0,Attack,Cryptojacking,CoinIMP (CPU) (50%),ASUS Zenbook UX51VZ,Open Hardware Monitor,1
05:19:03.000,74.0,81.0,76.0,75.0,81.0,18.4,14.9,0.0,0.0,1583.0,Attack,Cryptojacking,CoinIMP (CPU) (50%),ASUS Zenbook UX51VZ,Open Hardware Monitor,1
05:19:05.000,77.0,76.0,76.0,75.0,78.0,22.5,18.7,0.0,0.0,1585.0,Attack,Cryptojacking,CoinIMP (CPU) (50%),ASUS Zenbook UX51VZ,Open Hardware Monitor,1
05:19:07.000,74.0,76.0,75.0,73.0,76.0,13.2,9.6,0.0,0.0,1587.0,Attack,Cryptojacking,CoinIMP (CPU) (50%),ASUS Zenbook UX51VZ,Open Hardware Monitor,1
05:19:09.000,79.0,78.0,80.0,79.0,81.0,21.0,17.4,0.0,0.0,1589.0,Attack,Cryptojacking,CoinIMP (CPU) (50%),ASUS Zenbook UX51VZ,Open Hardware Monitor,1
05:19:11.000,75.0,76.0,73.0,74.0,76.0,17.4,13.8,0.0,0.0,1591.0,Attack,Cryptojacking,CoinIMP (CPU) (50%),ASUS Zenbook UX51VZ,Open Hardware Monitor,1
05:19:13.000,75.0,77.0,75.0,75.0,77.0,19.2,15.6,0.0,0.0,1593.0,Attack,Cryptojacking,CoinIMP (CPU) (50%),ASUS Zenbook UX51VZ,Open Hardware Monitor,1
05:19:15.000,75.0,78.0,75.0,75.0,78.0,14.1,10.4,0.0,0.0,1595.0,Attack,Cryptojacking,CoinIMP (CPU) (50%),ASUS Zenbook UX51VZ,Open Hardware Monitor,1
05:19:17.000,80.0,81.0,80.0,78.0,81.0,20.7,17.0,0.0,0.0,1597.0,Attack,Cryptojacking,CoinIMP (CPU) (50%),ASUS Zenbook UX51VZ,Open Hardware Monitor,1
05:19:19.000,74.0,76.0,73.0,73.0,76.0,13.5,9.9,0.0,0.0,1599.0,Attack,Cryptojacking,CoinIMP (CPU) (50%),ASUS Zenbook UX51VZ,Open Hardware Monitor,1
05:19:21.000,78.0,80.0,79.0,78.0,80.0,19.3,15.7,0.0,0.0,1601.0,Attack,Cryptojacking,CoinIMP (CPU) (50%),ASUS Zenbook UX51VZ,Open Hardware Monitor,1
05:19:23.000,75.0,78.0,76.0,76.0,78.0,19.3,15.7,0.0,0.0,1603.0,Attack,Cryptojacking,CoinIMP (CPU) (50%),ASUS Zenbook UX51VZ,Open Hardware Monitor,1
05:19:25.000,75.0,77.0,73.0,75.0,77.0,13.7,10.2,0.0,0.0,1605.0,Attack,Cryptojacking,CoinIMP (CPU) (50%),ASUS Zenbook UX51VZ,Open Hardware Monitor,1
05:19:27.000,78.0,80.0,73.0,77.0,80.0,18.4,14.7,0.0,0.0,1607.0,Attack,Cryptojacking,CoinIMP (CPU) (50%),ASUS Zenbook UX51VZ,Open Hardware Monitor,1
05:19:29.000,74.0,74.0,72.0,74.0,74.0,18.7,15.1,0.0,0.0,1609.0,Attack,Cryptojacking,CoinIMP (CPU) (50%),ASUS Zenbook UX51VZ,Open Hardware Monitor,1
05:19:31.000,74.0,74.0,71.0,73.0,74.0,13.6,10.0,0.0,0.0,1611.0,Attack,Cryptojacking,CoinIMP (CPU) (50%),ASUS Zenbook UX51VZ,Open Hardware Monitor,1
05:19:33.000,79.0,79.0,80.0,77.0,80.0,21.0,17.3,0.0,0.0,1613.0,Attack,Cryptojacking,CoinIMP (CPU) (50%),ASUS Zenbook UX51VZ,Open Hardware Monitor,1
05:19:35.000,75.0,77.0,74.0,74.0,78.0,20.3,16.6,0.0,0.0,1615.0,Attack,Cryptojacking,CoinIMP (CPU) (50%),ASUS Zenbook UX51VZ,Open Hardware Monitor,1
05:19:37.000,78.0,81.0,79.0,78.0,81.0,20.9,17.3,0.0,0.0,1617.0,Attack,Cryptojacking,CoinIMP (CPU) (50%),ASUS Zenbook UX51VZ,Open Hardware Monitor,1
05:19:39.000,75.0,76.0,75.0,75.0,78.0,17.3,13.7,0.0,0.0,1619.0,Attack,Cryptojacking,CoinIMP (CPU) (50%),ASUS Zenbook UX51VZ,Open Hardware Monitor,1
05:19:41.000,79.0,81.0,79.0,79.0,81.0,21.3,17.7,0.0,0.0,1621.0,Attack,Cryptojacking,CoinIMP (CPU) (50%),ASUS Zenbook UX51VZ,Open Hardware Monitor,1
05:19:43.000,79.0,80.0,80.0,77.0,80.0,18.4,14.8,0.0,0.0,1623.0,Attack,Cryptojacking,CoinIMP (CPU) (50%),ASUS Zenbook UX51VZ,Open Hardware Monitor,1
05:19:46.000,75.0,78.0,76.0,75.0,78.0,14.4,10.9,0.0,0.0,1626.0,Attack,Cryptojacking,CoinIMP (CPU) (50%),ASUS Zenbook UX51VZ,Open Hardware Monitor,1
05:19:48.000,75.0,78.0,76.0,76.0,78.0,13.9,10.2,0.0,0.0,1628.0,Attack,Cryptojacking,CoinIMP (CPU) (50%),ASUS Zenbook UX51VZ,Open Hardware Monitor,1
05:19:50.000,76.0,76.0,73.0,73.0,76.0,14.1,10.5,0.0,0.0,1630.0,Attack,Cryptojacking,CoinIMP (CPU) (50%),ASUS Zenbook UX51VZ,Open Hardware Monitor,1
05:19:52.000,73.0,76.0,74.0,73.0,76.0,13.6,9.9,0.0,0.0,1632.0,Attack,Cryptojacking,CoinIMP (CPU) (50%),ASUS Zenbook UX51VZ,Open Hardware Monitor,1
05:19:54.000,78.0,79.0,79.0,79.0,79.0,19.3,15.7,0.0,0.0,1634.0,Attack,Cryptojacking,CoinIMP (CPU) (50%),ASUS Zenbook UX51VZ,Open Hardware Monitor,1
05:19:56.000,79.0,82.0,78.0,79.0,82.0,17.9,14.3,0.0,0.0,1636.0,Attack,Cryptojacking,CoinIMP (CPU) (50%),ASUS Zenbook UX51VZ,Open Hardware Monitor,1
05:19:58.000,75.0,76.0,76.0,76.0,76.0,19.2,15.5,0.0,0.0,1638.0,Attack,Cryptojacking,CoinIMP (CPU) (50%),ASUS Zenbook UX51VZ,Open Hardware Monitor,1
05:20:00.000,75.0,78.0,75.0,76.0,78.0,21.0,17.3,0.0,0.0,1640.0,Attack,Cryptojacking,CoinIMP (CPU) (50%),ASUS Zenbook UX51VZ,Open Hardware Monitor,1
05:20:02.000,75.0,77.0,73.0,75.0,77.0,20.7,17.1,0.0,0.0,1642.0,Attack,Cryptojacking,CoinIMP (CPU) (50%),ASUS Zenbook UX51VZ,Open Hardware Monitor,1
05:20:04.000,76.0,78.0,75.0,76.0,78.0,23.1,19.3,0.0,0.0,1644.0,Attack,Cryptojacking,CoinIMP (CPU) (50%),ASUS Zenbook UX51VZ,Open Hardware Monitor,1
05:20:06.000,74.0,76.0,72.0,74.0,76.0,13.6,9.9,0.0,0.0,1646.0,Attack,Cryptojacking,CoinIMP (CPU) (50%),ASUS Zenbook UX51VZ,Open Hardware Monitor,1
05:20:08.000,76.0,75.0,74.0,73.0,75.0,13.6,10.0,0.0,0.0,1648.0,Attack,Cryptojacking,CoinIMP (CPU) (50%),ASUS Zenbook UX51VZ,Open Hardware Monitor,1
05:20:10.000,74.0,75.0,73.0,73.0,77.0,13.7,10.1,0.0,0.0,1650.0,Attack,Cryptojacking,CoinIMP (CPU) (50%),ASUS Zenbook UX51VZ,Open Hardware Monitor,1
05:20:12.000,72.0,74.0,72.0,73.0,74.0,12.8,9.3,0.0,0.0,1652.0,Attack,Cryptojacking,CoinIMP (CPU) (50%),ASUS Zenbook UX51VZ,Open Hardware Monitor,1
05:20:14.000,72.0,78.0,76.0,73.0,78.0,14.7,10.9,0.0,0.0,1654.0,Attack,Cryptojacking,CoinIMP (CPU) (50%),ASUS Zenbook UX51VZ,Open Hardware Monitor,1
05:20:16.000,74.0,77.0,74.0,75.0,77.0,18.2,14.6,0.0,0.0,1656.0,Attack,Cryptojacking,CoinIMP (CPU) (50%),ASUS Zenbook UX51VZ,Open Hardware Monitor,1
05:20:18.000,74.0,78.0,76.0,75.0,81.0,20.4,16.8,0.0,0.0,1658.0,Attack,Cryptojacking,CoinIMP (CPU) (50%),ASUS Zenbook UX51VZ,Open Hardware Monitor,1
05:20:20.000,76.0,81.0,81.0,76.0,81.0,19.8,16.2,0.0,0.0,1660.0,Attack,Cryptojacking,CoinIMP (CPU) (50%),ASUS Zenbook UX51VZ,Open Hardware Monitor,1
05:20:22.000,75.0,75.0,76.0,74.0,76.0,18.0,14.4,0.0,0.0,1662.0,Attack,Cryptojacking,CoinIMP (CPU) (50%),ASUS Zenbook UX51VZ,Open Hardware Monitor,1
05:20:24.000,75.0,76.0,72.0,73.0,76.0,13.9,10.3,0.0,0.0,1664.0,Attack,Cryptojacking,CoinIMP (CPU) (50%),ASUS Zenbook UX51VZ,Open Hardware Monitor,1
05:20:26.000,74.0,75.0,73.0,72.0,75.0,15.5,11.8,0.0,0.0,1666.0,Attack,Cryptojacking,CoinIMP (CPU) (50%),ASUS Zenbook UX51VZ,Open Hardware Monitor,1
05:20:28.000,79.0,82.0,80.0,79.0,81.0,22.3,18.6,0.0,0.0,1668.0,Attack,Cryptojacking,CoinIMP (CPU) (50%),ASUS Zenbook UX51VZ,Open Hardware Monitor,1
05:20:30.000,74.0,75.0,73.0,74.0,75.0,14.0,10.4,0.0,0.0,1670.0,Attack,Cryptojacking,CoinIMP (CPU) (50%),ASUS Zenbook UX51VZ,Open Hardware Monitor,1
05:20:32.000,74.0,75.0,73.0,73.0,75.0,15.0,11.4,0.0,0.0,1672.0,Attack,Cryptojacking,CoinIMP (CPU) (50%),ASUS Zenbook UX51VZ,Open Hardware Monitor,1
05:20:34.000,74.0,75.0,73.0,74.0,76.0,20.3,16.7,0.0,0.0,1674.0,Attack,Cryptojacking,CoinIMP (CPU) (50%),ASUS Zenbook UX51VZ,Open Hardware Monitor,1
05:20:36.000,77.0,82.0,81.0,77.0,82.0,21.7,18.1,0.0,0.0,1676.0,Attack,Cryptojacking,CoinIMP (CPU) (50%),ASUS Zenbook UX51VZ,Open Hardware Monitor,1
05:20:38.000,73.0,75.0,72.0,73.0,75.0,13.6,10.0,0.0,0.0,1678.0,Attack,Cryptojacking,CoinIMP (CPU) (50%),ASUS Zenbook UX51VZ,Open Hardware Monitor,1
05:20:40.000,75.0,76.0,74.0,74.0,78.0,18.3,14.7,0.0,0.0,1680.0,Attack,Cryptojacking,CoinIMP (CPU) (50%),ASUS Zenbook UX51VZ,Open Hardware Monitor,1
05:20:42.000,80.0,81.0,79.0,80.0,81.0,23.6,19.8,0.0,0.0,1682.0,Attack,Cryptojacking,CoinIMP (CPU) (50%),ASUS Zenbook UX51VZ,Open Hardware Monitor,1
05:20:44.000,76.0,78.0,74.0,73.0,78.0,13.7,10.1,0.0,0.0,1684.0,Attack,Cryptojacking,CoinIMP (CPU) (50%),ASUS Zenbook UX51VZ,Open Hardware Monitor,1
05:20:46.000,74.0,78.0,73.0,75.0,78.0,13.7,10.1,0.0,0.0,1686.0,Attack,Cryptojacking,CoinIMP (CPU) (50%),ASUS Zenbook UX51VZ,Open Hardware Monitor,1
05:20:48.000,76.0,75.0,74.0,75.0,77.0,13.8,10.2,0.0,0.0,1688.0,Attack,Cryptojacking,CoinIMP (CPU) (50%),ASUS Zenbook UX51VZ,Open Hardware Monitor,1
05:20:50.000,75.0,75.0,73.0,74.0,76.0,18.7,15.0,0.0,0.0,1690.0,Attack,Cryptojacking,CoinIMP (CPU) (50%),ASUS Zenbook UX51VZ,Open Hardware Monitor,1
05:20:52.000,75.0,75.0,73.0,73.0,75.0,19.1,15.5,0.0,0.0,1692.0,Attack,Cryptojacking,CoinIMP (CPU) (50%),ASUS Zenbook UX51VZ,Open Hardware Monitor,1
05:20:54.000,73.0,75.0,73.0,75.0,75.0,19.0,15.4,0.0,0.0,1694.0,Attack,Cryptojacking,CoinIMP (CPU) (50%),ASUS Zenbook UX51VZ,Open Hardware Monitor,1
05:20:56.000,74.0,76.0,74.0,73.0,77.0,19.8,16.1,0.0,0.0,1696.0,Attack,Cryptojacking,CoinIMP (CPU) (50%),ASUS Zenbook UX51VZ,Open Hardware Monitor,1
05:20:58.000,72.0,73.0,73.0,72.0,73.0,12.2,8.7,0.0,0.0,1698.0,Attack,Cryptojacking,CoinIMP (CPU) (50%),ASUS Zenbook UX51VZ,Open Hardware Monitor,1
05:21:00.000,78.0,80.0,80.0,79.0,80.0,19.9,16.2,0.0,0.0,1700.0,Attack,Cryptojacking,CoinIMP (CPU) (50%),ASUS Zenbook UX51VZ,Open Hardware Monitor,1
05:21:02.000,74.0,77.0,73.0,74.0,78.0,19.2,15.5,0.0,0.0,1702.0,Attack,Cryptojacking,CoinIMP (CPU) (50%),ASUS Zenbook UX51VZ,Open Hardware Monitor,1
05:21:04.000,74.0,77.0,73.0,74.0,77.0,20.7,17.1,0.0,0.0,1704.0,Attack,Cryptojacking,CoinIMP (CPU) (50%),ASUS Zenbook UX51VZ,Open Hardware Monitor,1
05:21:06.000,75.0,76.0,74.0,75.0,76.0,13.4,9.8,0.0,0.0,1706.0,Attack,Cryptojacking,CoinIMP (CPU) (50%),ASUS Zenbook UX51VZ,Open Hardware Monitor,1
05:21:08.000,75.0,76.0,76.0,74.0,77.0,22.8,19.1,0.0,0.0,1708.0,Attack,Cryptojacking,CoinIMP (CPU) (50%),ASUS Zenbook UX51VZ,Open Hardware Monitor,1
05:21:10.000,75.0,77.0,74.0,74.0,78.0,14.1,10.4,0.0,0.0,1710.0,Attack,Cryptojacking,CoinIMP (CPU) (50%),ASUS Zenbook UX51VZ,Open Hardware Monitor,1
05:21:12.000,75.0,77.0,73.0,74.0,77.0,13.3,9.7,0.0,0.0,1712.0,Attack,Cryptojacking,CoinIMP (CPU) (50%),ASUS Zenbook UX51VZ,Open Hardware Monitor,1
05:21:14.000,73.0,75.0,73.0,73.0,75.0,14.0,10.4,0.0,0.0,1714.0,Attack,Cryptojacking,CoinIMP (CPU) (50%),ASUS Zenbook UX51VZ,Open Hardware Monitor,1
05:21:16.000,78.0,80.0,76.0,79.0,80.0,21.3,17.6,0.0,0.0,1716.0,Attack,Cryptojacking,CoinIMP (CPU) (50%),ASUS Zenbook UX51VZ,Open Hardware Monitor,1
05:21:18.000,75.0,78.0,76.0,76.0,78.0,19.0,15.4,0.0,0.0,1718.0,Attack,Cryptojacking,CoinIMP (CPU) (50%),ASUS Zenbook UX51VZ,Open Hardware Monitor,1
05:21:20.000,74.0,76.0,73.0,73.0,76.0,20.2,16.6,0.0,0.0,1720.0,Attack,Cryptojacking,CoinIMP (CPU) (50%),ASUS Zenbook UX51VZ,Open Hardware Monitor,1
05:21:22.000,75.0,75.0,73.0,74.0,76.0,13.6,10.0,0.0,0.0,1722.0,Attack,Cryptojacking,CoinIMP (CPU) (50%),ASUS Zenbook UX51VZ,Open Hardware Monitor,1
05:21:24.000,77.0,79.0,78.0,78.0,79.0,17.1,13.4,0.0,0.0,1724.0,Attack,Cryptojacking,CoinIMP (CPU) (50%),ASUS Zenbook UX51VZ,Open Hardware Monitor,1
05:21:26.000,73.0,75.0,73.0,74.0,75.0,18.6,15.1,0.0,0.0,1726.0,Attack,Cryptojacking,CoinIMP (CPU) (50%),ASUS Zenbook UX51VZ,Open Hardware Monitor,1
05:21:28.000,74.0,76.0,74.0,75.0,76.0,22.2,17.9,0.1,74.0,1728.0,Attack,Cryptojacking,CoinIMP (CPU) (50%),ASUS Zenbook UX51VZ,Open Hardware Monitor,1
05:21:30.000,74.0,76.0,76.0,74.0,76.0,15.6,11.1,0.4,0.0,1730.0,Attack,Cryptojacking,CoinIMP (CPU) (50%),ASUS Zenbook UX51VZ,Open Hardware Monitor,1
