Timestamp,CPU Temperature Core #1 (°C),CPU Temperature Core #2 (°C),CPU Temperature Core #3 (°C),CPU Temperature Core #4 (°C),CPU Temperature (°C),CPU Power (W),CPU Power Cores (W),CPU Graphics Power (W),GPU Temperature (°C),Relative Time (s),Mode,Attack Type,Attack,Host,Measurement,Run
09:42:33.000,76.0,80.0,79.0,75.0,80.0,21.4,16.7,0.5,0.0,0.0,Attack,Cryptojacking,CoinIMP (CPU) (100%),ASUS Zenbook UX51VZ,Open Hardware Monitor,1
09:42:36.000,77.0,80.0,80.0,77.0,80.0,21.2,16.5,0.5,0.0,3.0,Attack,Cryptojacking,CoinIMP (CPU) (100%),ASUS Zenbook UX51VZ,Open Hardware Monitor,1
09:42:39.000,77.0,80.0,80.0,77.0,80.0,22.2,17.6,0.4,0.0,6.0,Attack,Cryptojacking,CoinIMP (CPU) (100%),ASUS Zenbook UX51VZ,Open Hardware Monitor,1
09:42:42.000,73.0,75.0,74.0,73.0,75.0,18.4,13.8,0.4,0.0,9.0,Attack,Cryptojacking,CoinIMP (CPU) (100%),ASUS Zenbook UX51VZ,Open Hardware Monitor,1
09:42:45.000,74.0,76.0,74.0,73.0,76.0,18.8,14.0,0.6,0.0,12.0,Attack,Cryptojacking,CoinIMP (CPU) (100%),ASUS Zenbook UX51VZ,Open Hardware Monitor,1
09:42:48.000,75.0,76.0,76.0,73.0,76.0,18.7,13.9,0.1,72.0,15.0,Attack,Cryptojacking,CoinIMP (CPU) (100%),ASUS Zenbook UX51VZ,Open Hardware Monitor,1
09:42:51.000,74.0,76.0,76.0,74.0,76.0,18.2,13.8,0.2,0.0,18.0,Attack,Cryptojacking,CoinIMP (CPU) (100%),ASUS Zenbook UX51VZ,Open Hardware Monitor,1
09:42:54.000,74.0,76.0,74.0,74.0,76.0,18.3,13.8,0.4,0.0,21.0,Attack,Cryptojacking,CoinIMP (CPU) (100%),ASUS Zenbook UX51VZ,Open Hardware Monitor,1
09:42:57.000,78.0,80.0,80.0,78.0,80.0,24.2,20.0,0.0,0.0,24.0,Attack,Cryptojacking,CoinIMP (CPU) (100%),ASUS Zenbook UX51VZ,Open Hardware Monitor,1
09:43:00.000,78.0,81.0,81.0,78.0,81.0,24.5,20.4,0.0,0.0,27.0,Attack,Cryptojacking,CoinIMP (CPU) (100%),ASUS Zenbook UX51VZ,Open Hardware Monitor,1
09:43:03.000,79.0,81.0,81.0,79.0,81.0,25.0,20.8,0.0,0.0,30.0,Attack,Cryptojacking,CoinIMP (CPU) (100%),ASUS Zenbook UX51VZ,Open Hardware Monitor,1
09:43:06.000,74.0,77.0,75.0,73.0,77.0,18.0,13.9,0.0,0.0,33.0,Attack,Cryptojacking,CoinIMP (CPU) (100%),ASUS Zenbook UX51VZ,Open Hardware Monitor,1
09:43:09.000,79.0,82.0,81.0,78.0,82.0,26.4,21.0,1.2,0.0,36.0,Attack,Cryptojacking,CoinIMP (CPU) (100%),ASUS Zenbook UX51VZ,Open Hardware Monitor,1
09:43:12.000,76.0,76.0,76.0,74.0,76.0,18.4,13.7,0.5,0.0,39.0,Attack,Cryptojacking,CoinIMP (CPU) (100%),ASUS Zenbook UX51VZ,Open Hardware Monitor,1
09:43:15.000,75.0,76.0,74.0,73.0,76.0,18.6,13.7,0.6,0.0,42.0,Attack,Cryptojacking,CoinIMP (CPU) (100%),ASUS Zenbook UX51VZ,Open Hardware Monitor,1
09:43:19.000,75.0,76.0,74.0,73.0,76.0,18.6,13.6,0.7,0.0,46.0,Attack,Cryptojacking,CoinIMP (CPU) (100%),ASUS Zenbook UX51VZ,Open Hardware Monitor,1
09:43:22.000,74.0,77.0,75.0,73.0,77.0,18.0,13.8,0.0,0.0,49.0,Attack,Cryptojacking,CoinIMP (CPU) (100%),ASUS Zenbook UX51VZ,Open Hardware Monitor,1
09:43:25.000,75.0,76.0,74.0,73.0,76.0,18.0,13.8,0.1,0.0,52.0,Attack,Cryptojacking,CoinIMP (CPU) (100%),ASUS Zenbook UX51VZ,Open Hardware Monitor,1
09:43:28.000,74.0,76.0,74.0,73.0,76.0,18.1,13.9,0.0,0.0,55.0,Attack,Cryptojacking,CoinIMP (CPU) (100%),ASUS Zenbook UX51VZ,Open Hardware Monitor,1
09:43:31.000,75.0,75.0,75.0,73.0,75.0,18.1,13.9,0.0,0.0,58.0,Attack,Cryptojacking,CoinIMP (CPU) (100%),ASUS Zenbook UX51VZ,Open Hardware Monitor,1
09:43:34.000,73.0,76.0,75.0,73.0,76.0,18.3,13.8,0.3,0.0,61.0,Attack,Cryptojacking,CoinIMP (CPU) (100%),ASUS Zenbook UX51VZ,Open Hardware Monitor,1
09:43:37.000,74.0,75.0,75.0,74.0,75.0,19.8,14.8,0.8,0.0,64.0,Attack,Cryptojacking,CoinIMP (CPU) (100%),ASUS Zenbook UX51VZ,Open Hardware Monitor,1
09:43:40.000,74.0,77.0,76.0,74.0,77.0,18.1,13.9,0.0,0.0,67.0,Attack,Cryptojacking,CoinIMP (CPU) (100%),ASUS Zenbook UX51VZ,Open Hardware Monitor,1
09:43:43.000,75.0,77.0,75.0,73.0,77.0,18.1,13.9,0.0,0.0,70.0,Attack,Cryptojacking,CoinIMP (CPU) (100%),ASUS Zenbook UX51VZ,Open Hardware Monitor,1
09:43:46.000,75.0,76.0,76.0,73.0,76.0,18.1,13.9,0.0,0.0,73.0,Attack,Cryptojacking,CoinIMP (CPU) (100%),ASUS Zenbook UX51VZ,Open Hardware Monitor,1
09:43:49.000,74.0,76.0,74.0,73.0,76.0,18.2,13.9,0.2,0.0,76.0,Attack,Cryptojacking,CoinIMP (CPU) (100%),ASUS Zenbook UX51VZ,Open Hardware Monitor,1
09:43:52.000,75.0,76.0,76.0,74.0,76.0,18.1,13.9,0.0,0.0,79.0,Attack,Cryptojacking,CoinIMP (CPU) (100%),ASUS Zenbook UX51VZ,Open Hardware Monitor,1
09:43:55.000,75.0,77.0,75.0,72.0,77.0,18.1,13.9,0.0,0.0,82.0,Attack,Cryptojacking,CoinIMP (CPU) (100%),ASUS Zenbook UX51VZ,Open Hardware Monitor,1
09:43:58.000,74.0,76.0,75.0,74.0,76.0,18.7,13.6,0.9,0.0,85.0,Attack,Cryptojacking,CoinIMP (CPU) (100%),ASUS Zenbook UX51VZ,Open Hardware Monitor,1
09:44:01.000,74.0,77.0,76.0,74.0,77.0,18.1,13.9,0.0,0.0,88.0,Attack,Cryptojacking,CoinIMP (CPU) (100%),ASUS Zenbook UX51VZ,Open Hardware Monitor,1
09:44:04.000,75.0,77.0,75.0,74.0,77.0,18.0,13.9,0.0,0.0,91.0,Attack,Cryptojacking,CoinIMP (CPU) (100%),ASUS Zenbook UX51VZ,Open Hardware Monitor,1
09:44:07.000,75.0,77.0,76.0,75.0,77.0,26.3,22.2,0.0,0.0,94.0,Attack,Cryptojacking,CoinIMP (CPU) (100%),ASUS Zenbook UX51VZ,Open Hardware Monitor,1
09:44:10.000,75.0,76.0,75.0,75.0,76.0,18.0,13.9,0.0,0.0,97.0,Attack,Cryptojacking,CoinIMP (CPU) (100%),ASUS Zenbook UX51VZ,Open Hardware Monitor,1
09:44:13.000,74.0,76.0,76.0,75.0,76.0,18.1,13.9,0.0,0.0,100.0,Attack,Cryptojacking,CoinIMP (CPU) (100%),ASUS Zenbook UX51VZ,Open Hardware Monitor,1
09:44:16.000,75.0,77.0,74.0,74.0,77.0,18.2,14.0,0.0,0.0,103.0,Attack,Cryptojacking,CoinIMP (CPU) (100%),ASUS Zenbook UX51VZ,Open Hardware Monitor,1
09:44:19.000,74.0,76.0,76.0,74.0,76.0,18.1,13.9,0.0,0.0,106.0,Attack,Cryptojacking,CoinIMP (CPU) (100%),ASUS Zenbook UX51VZ,Open Hardware Monitor,1
09:44:22.000,75.0,76.0,75.0,74.0,76.0,18.0,13.9,0.0,0.0,109.0,Attack,Cryptojacking,CoinIMP (CPU) (100%),ASUS Zenbook UX51VZ,Open Hardware Monitor,1
09:44:25.000,74.0,76.0,77.0,73.0,77.0,17.3,13.3,0.0,0.0,112.0,Attack,Cryptojacking,CoinIMP (CPU) (100%),ASUS Zenbook UX51VZ,Open Hardware Monitor,1
09:44:28.000,74.0,76.0,74.0,73.0,76.0,17.3,13.3,0.0,0.0,115.0,Attack,Cryptojacking,CoinIMP (CPU) (100%),ASUS Zenbook UX51VZ,Open Hardware Monitor,1
09:44:31.000,79.0,81.0,80.0,77.0,81.0,24.9,20.9,0.0,0.0,118.0,Attack,Cryptojacking,CoinIMP (CPU) (100%),ASUS Zenbook UX51VZ,Open Hardware Monitor,1
09:44:34.000,74.0,77.0,73.0,73.0,77.0,17.4,13.4,0.0,0.0,121.0,Attack,Cryptojacking,CoinIMP (CPU) (100%),ASUS Zenbook UX51VZ,Open Hardware Monitor,1
09:44:37.000,75.0,77.0,75.0,73.0,77.0,17.4,13.4,0.0,0.0,124.0,Attack,Cryptojacking,CoinIMP (CPU) (100%),ASUS Zenbook UX51VZ,Open Hardware Monitor,1
09:44:40.000,74.0,76.0,75.0,73.0,76.0,17.4,13.4,0.0,0.0,127.0,Attack,Cryptojacking,CoinIMP (CPU) (100%),ASUS Zenbook UX51VZ,Open Hardware Monitor,1
09:44:43.000,79.0,81.0,80.0,79.0,81.0,27.1,23.1,0.0,0.0,130.0,Attack,Cryptojacking,CoinIMP (CPU) (100%),ASUS Zenbook UX51VZ,Open Hardware Monitor,1
09:44:46.000,75.0,76.0,75.0,75.0,76.0,17.3,13.4,0.0,0.0,133.0,Attack,Cryptojacking,CoinIMP (CPU) (100%),ASUS Zenbook UX51VZ,Open Hardware Monitor,1
09:44:49.000,75.0,77.0,74.0,74.0,77.0,17.4,13.4,0.0,0.0,136.0,Attack,Cryptojacking,CoinIMP (CPU) (100%),ASUS Zenbook UX51VZ,Open Hardware Monitor,1
09:44:52.000,74.0,76.0,75.0,74.0,76.0,17.3,13.3,0.0,0.0,139.0,Attack,Cryptojacking,CoinIMP (CPU) (100%),ASUS Zenbook UX51VZ,Open Hardware Monitor,1
09:44:55.000,79.0,82.0,80.0,79.0,82.0,28.9,24.9,0.0,0.0,142.0,Attack,Cryptojacking,CoinIMP (CPU) (100%),ASUS Zenbook UX51VZ,Open Hardware Monitor,1
09:44:58.000,75.0,77.0,75.0,75.0,77.0,17.3,13.3,0.0,0.0,145.0,Attack,Cryptojacking,CoinIMP (CPU) (100%),ASUS Zenbook UX51VZ,Open Hardware Monitor,1
09:45:01.000,76.0,77.0,74.0,74.0,77.0,17.7,13.7,0.0,0.0,148.0,Attack,Cryptojacking,CoinIMP (CPU) (100%),ASUS Zenbook UX51VZ,Open Hardware Monitor,1
09:45:04.000,74.0,76.0,74.0,74.0,76.0,17.3,13.3,0.0,0.0,151.0,Attack,Cryptojacking,CoinIMP (CPU) (100%),ASUS Zenbook UX51VZ,Open Hardware Monitor,1
09:45:07.000,76.0,76.0,75.0,74.0,76.0,17.3,13.4,0.0,0.0,154.0,Attack,Cryptojacking,CoinIMP (CPU) (100%),ASUS Zenbook UX51VZ,Open Hardware Monitor,1
09:45:10.000,75.0,76.0,75.0,73.0,76.0,17.3,13.3,0.0,0.0,157.0,Attack,Cryptojacking,CoinIMP (CPU) (100%),ASUS Zenbook UX51VZ,Open Hardware Monitor,1
09:45:13.000,75.0,76.0,75.0,73.0,76.0,17.4,13.4,0.0,0.0,160.0,Attack,Cryptojacking,CoinIMP (CPU) (100%),ASUS Zenbook UX51VZ,Open Hardware Monitor,1
09:45:16.000,75.0,76.0,75.0,74.0,76.0,17.3,13.3,0.0,0.0,163.0,Attack,Cryptojacking,CoinIMP (CPU) (100%),ASUS Zenbook UX51VZ,Open Hardware Monitor,1
09:45:19.000,75.0,77.0,74.0,75.0,77.0,17.3,13.4,0.0,0.0,166.0,Attack,Cryptojacking,CoinIMP (CPU) (100%),ASUS Zenbook UX51VZ,Open Hardware Monitor,1
09:45:22.000,74.0,77.0,75.0,74.0,77.0,17.4,13.4,0.0,0.0,169.0,Attack,Cryptojacking,CoinIMP (CPU) (100%),ASUS Zenbook UX51VZ,Open Hardware Monitor,1
09:45:25.000,79.0,79.0,81.0,78.0,81.0,20.4,16.5,0.0,0.0,172.0,Attack,Cryptojacking,CoinIMP (CPU) (100%),ASUS Zenbook UX51VZ,Open Hardware Monitor,1
09:45:28.000,75.0,76.0,75.0,73.0,76.0,17.3,13.4,0.0,0.0,175.0,Attack,Cryptojacking,CoinIMP (CPU) (100%),ASUS Zenbook UX51VZ,Open Hardware Monitor,1
09:45:31.000,75.0,76.0,75.0,74.0,76.0,17.5,13.5,0.0,0.0,178.0,Attack,Cryptojacking,CoinIMP (CPU) (100%),ASUS Zenbook UX51VZ,Open Hardware Monitor,1
09:45:34.000,75.0,76.0,75.0,74.0,76.0,17.3,13.4,0.0,0.0,181.0,Attack,Cryptojacking,CoinIMP (CPU) (100%),ASUS Zenbook UX51VZ,Open Hardware Monitor,1
09:45:37.000,76.0,77.0,76.0,74.0,77.0,17.4,13.4,0.0,0.0,184.0,Attack,Cryptojacking,CoinIMP (CPU) (100%),ASUS Zenbook UX51VZ,Open Hardware Monitor,1
09:45:40.000,75.0,77.0,76.0,74.0,77.0,17.3,13.3,0.0,0.0,187.0,Attack,Cryptojacking,CoinIMP (CPU) (100%),ASUS Zenbook UX51VZ,Open Hardware Monitor,1
09:45:43.000,75.0,76.0,75.0,74.0,76.0,17.3,13.4,0.0,0.0,190.0,Attack,Cryptojacking,CoinIMP (CPU) (100%),ASUS Zenbook UX51VZ,Open Hardware Monitor,1
09:45:47.000,75.0,76.0,75.0,73.0,76.0,17.3,13.3,0.0,0.0,194.0,Attack,Cryptojacking,CoinIMP (CPU) (100%),ASUS Zenbook UX51VZ,Open Hardware Monitor,1
09:45:50.000,76.0,76.0,74.0,74.0,76.0,17.3,13.4,0.0,0.0,197.0,Attack,Cryptojacking,CoinIMP (CPU) (100%),ASUS Zenbook UX51VZ,Open Hardware Monitor,1
09:45:53.000,75.0,78.0,76.0,74.0,78.0,17.4,13.4,0.0,0.0,200.0,Attack,Cryptojacking,CoinIMP (CPU) (100%),ASUS Zenbook UX51VZ,Open Hardware Monitor,1
09:45:56.000,75.0,77.0,75.0,74.0,77.0,17.4,13.4,0.0,0.0,203.0,Attack,Cryptojacking,CoinIMP (CPU) (100%),ASUS Zenbook UX51VZ,Open Hardware Monitor,1
09:45:59.000,75.0,77.0,75.0,74.0,77.0,17.3,13.4,0.0,0.0,206.0,Attack,Cryptojacking,CoinIMP (CPU) (100%),ASUS Zenbook UX51VZ,Open Hardware Monitor,1
09:46:02.000,75.0,75.0,75.0,75.0,76.0,17.5,13.5,0.0,0.0,209.0,Attack,Cryptojacking,CoinIMP (CPU) (100%),ASUS Zenbook UX51VZ,Open Hardware Monitor,1
09:46:05.000,75.0,77.0,76.0,73.0,77.0,17.4,13.4,0.0,0.0,212.0,Attack,Cryptojacking,CoinIMP (CPU) (100%),ASUS Zenbook UX51VZ,Open Hardware Monitor,1
09:46:08.000,76.0,78.0,76.0,74.0,78.0,17.3,13.4,0.0,0.0,215.0,Attack,Cryptojacking,CoinIMP (CPU) (100%),ASUS Zenbook UX51VZ,Open Hardware Monitor,1
09:46:11.000,75.0,77.0,76.0,74.0,77.0,17.4,13.4,0.0,0.0,218.0,Attack,Cryptojacking,CoinIMP (CPU) (100%),ASUS Zenbook UX51VZ,Open Hardware Monitor,1
09:46:14.000,75.0,77.0,75.0,74.0,77.0,17.5,13.5,0.0,0.0,221.0,Attack,Cryptojacking,CoinIMP (CPU) (100%),ASUS Zenbook UX51VZ,Open Hardware Monitor,1
09:46:17.000,75.0,76.0,75.0,74.0,76.0,17.3,13.3,0.0,0.0,224.0,Attack,Cryptojacking,CoinIMP (CPU) (100%),ASUS Zenbook UX51VZ,Open Hardware Monitor,1
09:46:20.000,75.0,76.0,75.0,73.0,76.0,17.4,13.4,0.0,0.0,227.0,Attack,Cryptojacking,CoinIMP (CPU) (100%),ASUS Zenbook UX51VZ,Open Hardware Monitor,1
09:46:23.000,75.0,76.0,76.0,74.0,76.0,17.4,13.4,0.0,0.0,230.0,Attack,Cryptojacking,CoinIMP (CPU) (100%),ASUS Zenbook UX51VZ,Open Hardware Monitor,1
09:46:26.000,75.0,77.0,76.0,73.0,77.0,17.5,13.5,0.0,0.0,233.0,Attack,Cryptojacking,CoinIMP (CPU) (100%),ASUS Zenbook UX51VZ,Open Hardware Monitor,1
09:46:29.000,76.0,77.0,77.0,74.0,77.0,17.4,13.4,0.0,0.0,236.0,Attack,Cryptojacking,CoinIMP (CPU) (100%),ASUS Zenbook UX51VZ,Open Hardware Monitor,1
09:46:32.000,76.0,76.0,76.0,74.0,76.0,17.4,13.4,0.0,0.0,239.0,Attack,Cryptojacking,CoinIMP (CPU) (100%),ASUS Zenbook UX51VZ,Open Hardware Monitor,1
09:46:35.000,76.0,76.0,75.0,74.0,76.0,17.4,13.4,0.0,0.0,242.0,Attack,Cryptojacking,CoinIMP (CPU) (100%),ASUS Zenbook UX51VZ,Open Hardware Monitor,1
09:46:38.000,76.0,77.0,75.0,74.0,77.0,17.3,13.3,0.0,0.0,245.0,Attack,Cryptojacking,CoinIMP (CPU) (100%),ASUS Zenbook UX51VZ,Open Hardware Monitor,1
09:46:41.000,76.0,77.0,76.0,75.0,77.0,17.4,13.4,0.0,0.0,248.0,Attack,Cryptojacking,CoinIMP (CPU) (100%),ASUS Zenbook UX51VZ,Open Hardware Monitor,1
09:46:44.000,76.0,76.0,75.0,75.0,76.0,17.3,13.3,0.0,0.0,251.0,Attack,Cryptojacking,CoinIMP (CPU) (100%),ASUS Zenbook UX51VZ,Open Hardware Monitor,1
09:46:47.000,75.0,76.0,75.0,74.0,76.0,17.3,13.3,0.0,0.0,254.0,Attack,Cryptojacking,CoinIMP (CPU) (100%),ASUS Zenbook UX51VZ,Open Hardware Monitor,1
09:46:50.000,76.0,76.0,76.0,75.0,77.0,17.4,13.4,0.0,0.0,257.0,Attack,Cryptojacking,CoinIMP (CPU) (100%),ASUS Zenbook UX51VZ,Open Hardware Monitor,1
09:46:53.000,76.0,77.0,76.0,75.0,77.0,17.4,13.4,0.0,0.0,260.0,Attack,Cryptojacking,CoinIMP (CPU) (100%),ASUS Zenbook UX51VZ,Open Hardware Monitor,1
09:46:56.000,76.0,77.0,76.0,74.0,77.0,17.4,13.4,0.0,0.0,263.0,Attack,Cryptojacking,CoinIMP (CPU) (100%),ASUS Zenbook UX51VZ,Open Hardware Monitor,1
09:46:59.000,76.0,76.0,76.0,74.0,77.0,17.4,13.4,0.0,0.0,266.0,Attack,Cryptojacking,CoinIMP (CPU) (100%),ASUS Zenbook UX51VZ,Open Hardware Monitor,1
09:47:02.000,75.0,77.0,74.0,75.0,76.0,17.4,13.4,0.0,0.0,269.0,Attack,Cryptojacking,CoinIMP (CPU) (100%),ASUS Zenbook UX51VZ,Open Hardware Monitor,1
09:47:05.000,75.0,77.0,76.0,74.0,77.0,17.3,13.3,0.0,0.0,272.0,Attack,Cryptojacking,CoinIMP (CPU) (100%),ASUS Zenbook UX51VZ,Open Hardware Monitor,1
09:47:08.000,75.0,76.0,75.0,75.0,76.0,17.2,13.3,0.0,0.0,275.0,Attack,Cryptojacking,CoinIMP (CPU) (100%),ASUS Zenbook UX51VZ,Open Hardware Monitor,1
09:47:11.000,76.0,76.0,75.0,75.0,76.0,17.4,13.4,0.0,0.0,278.0,Attack,Cryptojacking,CoinIMP (CPU) (100%),ASUS Zenbook UX51VZ,Open Hardware Monitor,1
09:47:14.000,76.0,75.0,77.0,75.0,77.0,17.4,13.4,0.0,0.0,281.0,Attack,Cryptojacking,CoinIMP (CPU) (100%),ASUS Zenbook UX51VZ,Open Hardware Monitor,1
09:47:17.000,76.0,78.0,77.0,74.0,78.0,17.3,13.4,0.0,0.0,284.0,Attack,Cryptojacking,CoinIMP (CPU) (100%),ASUS Zenbook UX51VZ,Open Hardware Monitor,1
09:47:20.000,75.0,75.0,76.0,74.0,76.0,17.4,13.4,0.0,0.0,287.0,Attack,Cryptojacking,CoinIMP (CPU) (100%),ASUS Zenbook UX51VZ,Open Hardware Monitor,1
09:47:23.000,76.0,77.0,76.0,74.0,77.0,17.3,13.4,0.0,0.0,290.0,Attack,Cryptojacking,CoinIMP (CPU) (100%),ASUS Zenbook UX51VZ,Open Hardware Monitor,1
09:47:26.000,76.0,76.0,76.0,75.0,76.0,17.3,13.3,0.0,0.0,293.0,Attack,Cryptojacking,CoinIMP (CPU) (100%),ASUS Zenbook UX51VZ,Open Hardware Monitor,1
09:47:29.000,76.0,77.0,76.0,74.0,77.0,17.4,13.4,0.0,0.0,296.0,Attack,Cryptojacking,CoinIMP (CPU) (100%),ASUS Zenbook UX51VZ,Open Hardware Monitor,1
09:47:32.000,75.0,77.0,76.0,76.0,77.0,17.3,13.3,0.0,0.0,299.0,Attack,Cryptojacking,CoinIMP (CPU) (100%),ASUS Zenbook UX51VZ,Open Hardware Monitor,1
09:47:35.000,76.0,77.0,78.0,74.0,78.0,17.5,13.5,0.0,0.0,302.0,Attack,Cryptojacking,CoinIMP (CPU) (100%),ASUS Zenbook UX51VZ,Open Hardware Monitor,1
09:47:38.000,76.0,76.0,76.0,76.0,76.0,17.4,13.4,0.0,0.0,305.0,Attack,Cryptojacking,CoinIMP (CPU) (100%),ASUS Zenbook UX51VZ,Open Hardware Monitor,1
09:47:41.000,76.0,77.0,76.0,75.0,77.0,17.4,13.4,0.0,0.0,308.0,Attack,Cryptojacking,CoinIMP (CPU) (100%),ASUS Zenbook UX51VZ,Open Hardware Monitor,1
09:47:44.000,76.0,76.0,75.0,74.0,76.0,17.3,13.4,0.0,0.0,311.0,Attack,Cryptojacking,CoinIMP (CPU) (100%),ASUS Zenbook UX51VZ,Open Hardware Monitor,1
09:47:47.000,76.0,78.0,77.0,74.0,78.0,17.4,13.5,0.0,0.0,314.0,Attack,Cryptojacking,CoinIMP (CPU) (100%),ASUS Zenbook UX51VZ,Open Hardware Monitor,1
09:47:50.000,76.0,78.0,76.0,75.0,78.0,17.4,13.4,0.0,0.0,317.0,Attack,Cryptojacking,CoinIMP (CPU) (100%),ASUS Zenbook UX51VZ,Open Hardware Monitor,1
09:47:53.000,76.0,78.0,77.0,76.0,78.0,17.4,13.4,0.0,0.0,320.0,Attack,Cryptojacking,CoinIMP (CPU) (100%),ASUS Zenbook UX51VZ,Open Hardware Monitor,1
09:47:56.000,76.0,77.0,76.0,75.0,77.0,17.4,13.4,0.0,0.0,323.0,Attack,Cryptojacking,CoinIMP (CPU) (100%),ASUS Zenbook UX51VZ,Open Hardware Monitor,1
09:47:59.000,77.0,76.0,77.0,74.0,77.0,17.4,13.4,0.0,0.0,326.0,Attack,Cryptojacking,CoinIMP (CPU) (100%),ASUS Zenbook UX51VZ,Open Hardware Monitor,1
09:48:02.000,76.0,76.0,75.0,76.0,76.0,17.6,13.6,0.0,0.0,329.0,Attack,Cryptojacking,CoinIMP (CPU) (100%),ASUS Zenbook UX51VZ,Open Hardware Monitor,1
09:48:05.000,76.0,78.0,77.0,75.0,78.0,17.4,13.4,0.0,0.0,332.0,Attack,Cryptojacking,CoinIMP (CPU) (100%),ASUS Zenbook UX51VZ,Open Hardware Monitor,1
09:48:09.000,77.0,77.0,76.0,74.0,77.0,17.4,13.5,0.0,0.0,336.0,Attack,Cryptojacking,CoinIMP (CPU) (100%),ASUS Zenbook UX51VZ,Open Hardware Monitor,1
09:48:12.000,76.0,77.0,77.0,74.0,77.0,17.5,13.5,0.0,0.0,339.0,Attack,Cryptojacking,CoinIMP (CPU) (100%),ASUS Zenbook UX51VZ,Open Hardware Monitor,1
09:48:15.000,76.0,77.0,77.0,75.0,77.0,17.3,13.4,0.0,0.0,342.0,Attack,Cryptojacking,CoinIMP (CPU) (100%),ASUS Zenbook UX51VZ,Open Hardware Monitor,1
09:48:18.000,76.0,77.0,77.0,74.0,77.0,17.4,13.4,0.0,0.0,345.0,Attack,Cryptojacking,CoinIMP (CPU) (100%),ASUS Zenbook UX51VZ,Open Hardware Monitor,1
09:48:21.000,76.0,77.0,77.0,75.0,77.0,17.5,13.5,0.0,0.0,348.0,Attack,Cryptojacking,CoinIMP (CPU) (100%),ASUS Zenbook UX51VZ,Open Hardware Monitor,1
09:48:24.000,77.0,77.0,78.0,75.0,78.0,17.3,13.4,0.0,0.0,351.0,Attack,Cryptojacking,CoinIMP (CPU) (100%),ASUS Zenbook UX51VZ,Open Hardware Monitor,1
09:48:27.000,76.0,77.0,77.0,75.0,77.0,17.4,13.4,0.0,0.0,354.0,Attack,Cryptojacking,CoinIMP (CPU) (100%),ASUS Zenbook UX51VZ,Open Hardware Monitor,1
09:48:30.000,76.0,78.0,77.0,75.0,78.0,17.5,13.5,0.0,0.0,357.0,Attack,Cryptojacking,CoinIMP (CPU) (100%),ASUS Zenbook UX51VZ,Open Hardware Monitor,1
09:48:33.000,75.0,77.0,76.0,75.0,77.0,17.3,13.4,0.0,0.0,360.0,Attack,Cryptojacking,CoinIMP (CPU) (100%),ASUS Zenbook UX51VZ,Open Hardware Monitor,1
09:48:36.000,77.0,78.0,75.0,75.0,78.0,17.4,13.5,0.0,0.0,363.0,Attack,Cryptojacking,CoinIMP (CPU) (100%),ASUS Zenbook UX51VZ,Open Hardware Monitor,1
09:48:39.000,76.0,77.0,76.0,75.0,77.0,17.4,13.4,0.0,0.0,366.0,Attack,Cryptojacking,CoinIMP (CPU) (100%),ASUS Zenbook UX51VZ,Open Hardware Monitor,1
09:48:42.000,76.0,78.0,76.0,76.0,78.0,17.4,13.4,0.0,0.0,369.0,Attack,Cryptojacking,CoinIMP (CPU) (100%),ASUS Zenbook UX51VZ,Open Hardware Monitor,1
09:48:45.000,76.0,77.0,76.0,74.0,77.0,17.4,13.4,0.0,0.0,372.0,Attack,Cryptojacking,CoinIMP (CPU) (100%),ASUS Zenbook UX51VZ,Open Hardware Monitor,1
09:48:48.000,76.0,78.0,76.0,76.0,78.0,17.5,13.5,0.0,0.0,375.0,Attack,Cryptojacking,CoinIMP (CPU) (100%),ASUS Zenbook UX51VZ,Open Hardware Monitor,1
09:48:51.000,76.0,78.0,77.0,76.0,78.0,17.4,13.4,0.0,0.0,378.0,Attack,Cryptojacking,CoinIMP (CPU) (100%),ASUS Zenbook UX51VZ,Open Hardware Monitor,1
09:48:54.000,76.0,78.0,76.0,75.0,78.0,17.4,13.4,0.0,0.0,381.0,Attack,Cryptojacking,CoinIMP (CPU) (100%),ASUS Zenbook UX51VZ,Open Hardware Monitor,1
09:48:57.000,75.0,77.0,76.0,75.0,77.0,17.4,13.5,0.0,0.0,384.0,Attack,Cryptojacking,CoinIMP (CPU) (100%),ASUS Zenbook UX51VZ,Open Hardware Monitor,1
09:49:00.000,76.0,77.0,75.0,75.0,77.0,17.4,13.4,0.0,0.0,387.0,Attack,Cryptojacking,CoinIMP (CPU) (100%),ASUS Zenbook UX51VZ,Open Hardware Monitor,1
09:49:03.000,75.0,78.0,76.0,75.0,78.0,17.4,13.5,0.0,0.0,390.0,Attack,Cryptojacking,CoinIMP (CPU) (100%),ASUS Zenbook UX51VZ,Open Hardware Monitor,1
09:49:06.000,76.0,78.0,76.0,75.0,78.0,17.6,13.6,0.0,0.0,393.0,Attack,Cryptojacking,CoinIMP (CPU) (100%),ASUS Zenbook UX51VZ,Open Hardware Monitor,1
09:49:09.000,76.0,78.0,77.0,75.0,78.0,17.4,13.4,0.0,0.0,396.0,Attack,Cryptojacking,CoinIMP (CPU) (100%),ASUS Zenbook UX51VZ,Open Hardware Monitor,1
09:49:12.000,76.0,78.0,76.0,76.0,78.0,17.5,13.5,0.0,0.0,399.0,Attack,Cryptojacking,CoinIMP (CPU) (100%),ASUS Zenbook UX51VZ,Open Hardware Monitor,1
09:49:15.000,77.0,78.0,77.0,76.0,78.0,17.5,13.5,0.0,0.0,402.0,Attack,Cryptojacking,CoinIMP (CPU) (100%),ASUS Zenbook UX51VZ,Open Hardware Monitor,1
09:49:18.000,76.0,79.0,77.0,75.0,78.0,17.4,13.4,0.0,0.0,405.0,Attack,Cryptojacking,CoinIMP (CPU) (100%),ASUS Zenbook UX51VZ,Open Hardware Monitor,1
09:49:21.000,77.0,78.0,76.0,75.0,79.0,17.5,13.5,0.0,0.0,408.0,Attack,Cryptojacking,CoinIMP (CPU) (100%),ASUS Zenbook UX51VZ,Open Hardware Monitor,1
09:49:24.000,76.0,77.0,77.0,75.0,77.0,17.4,13.4,0.0,0.0,411.0,Attack,Cryptojacking,CoinIMP (CPU) (100%),ASUS Zenbook UX51VZ,Open Hardware Monitor,1
09:49:27.000,77.0,79.0,76.0,74.0,79.0,17.5,13.5,0.0,0.0,414.0,Attack,Cryptojacking,CoinIMP (CPU) (100%),ASUS Zenbook UX51VZ,Open Hardware Monitor,1
09:49:30.000,76.0,79.0,76.0,75.0,79.0,17.4,13.4,0.0,0.0,417.0,Attack,Cryptojacking,CoinIMP (CPU) (100%),ASUS Zenbook UX51VZ,Open Hardware Monitor,1
09:49:33.000,77.0,78.0,76.0,75.0,78.0,17.5,13.5,0.0,0.0,420.0,Attack,Cryptojacking,CoinIMP (CPU) (100%),ASUS Zenbook UX51VZ,Open Hardware Monitor,1
09:49:36.000,76.0,78.0,77.0,75.0,78.0,17.5,13.5,0.0,0.0,423.0,Attack,Cryptojacking,CoinIMP (CPU) (100%),ASUS Zenbook UX51VZ,Open Hardware Monitor,1
09:49:39.000,76.0,78.0,76.0,75.0,78.0,17.4,13.4,0.0,0.0,426.0,Attack,Cryptojacking,CoinIMP (CPU) (100%),ASUS Zenbook UX51VZ,Open Hardware Monitor,1
09:49:42.000,76.0,78.0,77.0,75.0,78.0,17.4,13.5,0.0,0.0,429.0,Attack,Cryptojacking,CoinIMP (CPU) (100%),ASUS Zenbook UX51VZ,Open Hardware Monitor,1
09:49:45.000,77.0,78.0,77.0,75.0,78.0,17.5,13.5,0.0,0.0,432.0,Attack,Cryptojacking,CoinIMP (CPU) (100%),ASUS Zenbook UX51VZ,Open Hardware Monitor,1
09:49:48.000,77.0,79.0,77.0,75.0,79.0,17.5,13.5,0.0,0.0,435.0,Attack,Cryptojacking,CoinIMP (CPU) (100%),ASUS Zenbook UX51VZ,Open Hardware Monitor,1
09:49:51.000,77.0,79.0,77.0,75.0,79.0,17.7,13.6,0.0,0.0,438.0,Attack,Cryptojacking,CoinIMP (CPU) (100%),ASUS Zenbook UX51VZ,Open Hardware Monitor,1
09:49:54.000,77.0,78.0,77.0,75.0,78.0,17.5,13.5,0.0,0.0,441.0,Attack,Cryptojacking,CoinIMP (CPU) (100%),ASUS Zenbook UX51VZ,Open Hardware Monitor,1
09:49:57.000,77.0,77.0,76.0,76.0,78.0,17.5,13.5,0.0,0.0,444.0,Attack,Cryptojacking,CoinIMP (CPU) (100%),ASUS Zenbook UX51VZ,Open Hardware Monitor,1
09:50:00.000,78.0,78.0,77.0,76.0,78.0,17.4,13.5,0.0,0.0,447.0,Attack,Cryptojacking,CoinIMP (CPU) (100%),ASUS Zenbook UX51VZ,Open Hardware Monitor,1
09:50:03.000,77.0,78.0,77.0,76.0,78.0,17.5,13.5,0.0,0.0,450.0,Attack,Cryptojacking,CoinIMP (CPU) (100%),ASUS Zenbook UX51VZ,Open Hardware Monitor,1
09:50:06.000,77.0,78.0,77.0,76.0,78.0,17.6,13.6,0.0,0.0,453.0,Attack,Cryptojacking,CoinIMP (CPU) (100%),ASUS Zenbook UX51VZ,Open Hardware Monitor,1
09:50:09.000,76.0,79.0,77.0,75.0,79.0,17.6,13.6,0.0,0.0,456.0,Attack,Cryptojacking,CoinIMP (CPU) (100%),ASUS Zenbook UX51VZ,Open Hardware Monitor,1
09:50:12.000,76.0,78.0,79.0,76.0,79.0,17.5,13.5,0.0,0.0,459.0,Attack,Cryptojacking,CoinIMP (CPU) (100%),ASUS Zenbook UX51VZ,Open Hardware Monitor,1
09:50:15.000,76.0,78.0,78.0,76.0,78.0,17.4,13.5,0.0,0.0,462.0,Attack,Cryptojacking,CoinIMP (CPU) (100%),ASUS Zenbook UX51VZ,Open Hardware Monitor,1
09:50:18.000,77.0,79.0,78.0,76.0,79.0,17.5,13.5,0.0,0.0,465.0,Attack,Cryptojacking,CoinIMP (CPU) (100%),ASUS Zenbook UX51VZ,Open Hardware Monitor,1
09:50:21.000,77.0,79.0,78.0,76.0,79.0,17.5,13.5,0.0,0.0,468.0,Attack,Cryptojacking,CoinIMP (CPU) (100%),ASUS Zenbook UX51VZ,Open Hardware Monitor,1
09:50:24.000,77.0,78.0,78.0,75.0,78.0,17.5,13.5,0.0,0.0,471.0,Attack,Cryptojacking,CoinIMP (CPU) (100%),ASUS Zenbook UX51VZ,Open Hardware Monitor,1
09:50:27.000,77.0,79.0,77.0,76.0,79.0,17.5,13.5,0.0,0.0,474.0,Attack,Cryptojacking,CoinIMP (CPU) (100%),ASUS Zenbook UX51VZ,Open Hardware Monitor,1
09:50:31.000,77.0,78.0,76.0,76.0,78.0,17.5,13.5,0.0,0.0,478.0,Attack,Cryptojacking,CoinIMP (CPU) (100%),ASUS Zenbook UX51VZ,Open Hardware Monitor,1
09:50:34.000,76.0,79.0,77.0,76.0,78.0,17.5,13.5,0.0,0.0,481.0,Attack,Cryptojacking,CoinIMP (CPU) (100%),ASUS Zenbook UX51VZ,Open Hardware Monitor,1
09:50:37.000,78.0,78.0,77.0,76.0,78.0,17.5,13.5,0.0,0.0,484.0,Attack,Cryptojacking,CoinIMP (CPU) (100%),ASUS Zenbook UX51VZ,Open Hardware Monitor,1
09:50:40.000,78.0,78.0,77.0,76.0,78.0,17.5,13.6,0.0,0.0,487.0,Attack,Cryptojacking,CoinIMP (CPU) (100%),ASUS Zenbook UX51VZ,Open Hardware Monitor,1
09:50:43.000,76.0,78.0,76.0,76.0,78.0,17.5,13.5,0.0,0.0,490.0,Attack,Cryptojacking,CoinIMP (CPU) (100%),ASUS Zenbook UX51VZ,Open Hardware Monitor,1
09:50:46.000,76.0,79.0,77.0,76.0,79.0,17.5,13.5,0.0,0.0,493.0,Attack,Cryptojacking,CoinIMP (CPU) (100%),ASUS Zenbook UX51VZ,Open Hardware Monitor,1
09:50:49.000,77.0,79.0,78.0,76.0,79.0,17.6,13.6,0.0,0.0,496.0,Attack,Cryptojacking,CoinIMP (CPU) (100%),ASUS Zenbook UX51VZ,Open Hardware Monitor,1
09:50:52.000,77.0,78.0,78.0,76.0,78.0,17.4,13.4,0.0,0.0,499.0,Attack,Cryptojacking,CoinIMP (CPU) (100%),ASUS Zenbook UX51VZ,Open Hardware Monitor,1
09:50:55.000,76.0,79.0,78.0,77.0,79.0,17.6,13.6,0.0,0.0,502.0,Attack,Cryptojacking,CoinIMP (CPU) (100%),ASUS Zenbook UX51VZ,Open Hardware Monitor,1
09:50:58.000,76.0,79.0,77.0,76.0,79.0,17.5,13.5,0.0,0.0,505.0,Attack,Cryptojacking,CoinIMP (CPU) (100%),ASUS Zenbook UX51VZ,Open Hardware Monitor,1
09:51:01.000,77.0,78.0,77.0,76.0,78.0,17.4,13.4,0.0,0.0,508.0,Attack,Cryptojacking,CoinIMP (CPU) (100%),ASUS Zenbook UX51VZ,Open Hardware Monitor,1
09:51:04.000,78.0,79.0,77.0,77.0,79.0,17.5,13.5,0.0,0.0,511.0,Attack,Cryptojacking,CoinIMP (CPU) (100%),ASUS Zenbook UX51VZ,Open Hardware Monitor,1
09:51:07.000,76.0,78.0,77.0,76.0,78.0,17.5,13.5,0.0,0.0,514.0,Attack,Cryptojacking,CoinIMP (CPU) (100%),ASUS Zenbook UX51VZ,Open Hardware Monitor,1
09:51:10.000,77.0,79.0,76.0,76.0,79.0,17.6,13.6,0.0,0.0,517.0,Attack,Cryptojacking,CoinIMP (CPU) (100%),ASUS Zenbook UX51VZ,Open Hardware Monitor,1
09:51:13.000,77.0,78.0,77.0,76.0,78.0,17.5,13.5,0.0,0.0,520.0,Attack,Cryptojacking,CoinIMP (CPU) (100%),ASUS Zenbook UX51VZ,Open Hardware Monitor,1
09:51:16.000,77.0,78.0,77.0,77.0,78.0,17.5,13.5,0.0,0.0,523.0,Attack,Cryptojacking,CoinIMP (CPU) (100%),ASUS Zenbook UX51VZ,Open Hardware Monitor,1
09:51:19.000,77.0,79.0,77.0,77.0,79.0,17.6,13.6,0.0,0.0,526.0,Attack,Cryptojacking,CoinIMP (CPU) (100%),ASUS Zenbook UX51VZ,Open Hardware Monitor,1
09:51:22.000,78.0,78.0,77.0,76.0,78.0,17.5,13.5,0.0,0.0,529.0,Attack,Cryptojacking,CoinIMP (CPU) (100%),ASUS Zenbook UX51VZ,Open Hardware Monitor,1
09:51:25.000,77.0,78.0,78.0,76.0,78.0,17.5,13.5,0.0,0.0,532.0,Attack,Cryptojacking,CoinIMP (CPU) (100%),ASUS Zenbook UX51VZ,Open Hardware Monitor,1
09:51:28.000,77.0,78.0,77.0,76.0,78.0,17.5,13.5,0.0,0.0,535.0,Attack,Cryptojacking,CoinIMP (CPU) (100%),ASUS Zenbook UX51VZ,Open Hardware Monitor,1
09:51:31.000,78.0,78.0,77.0,76.0,78.0,17.5,13.5,0.0,0.0,538.0,Attack,Cryptojacking,CoinIMP (CPU) (100%),ASUS Zenbook UX51VZ,Open Hardware Monitor,1
09:51:34.000,77.0,78.0,76.0,76.0,79.0,17.4,13.4,0.0,0.0,541.0,Attack,Cryptojacking,CoinIMP (CPU) (100%),ASUS Zenbook UX51VZ,Open Hardware Monitor,1
09:51:37.000,77.0,78.0,78.0,76.0,78.0,17.5,13.5,0.0,0.0,544.0,Attack,Cryptojacking,CoinIMP (CPU) (100%),ASUS Zenbook UX51VZ,Open Hardware Monitor,1
09:51:40.000,78.0,78.0,77.0,76.0,78.0,17.5,13.5,0.0,0.0,547.0,Attack,Cryptojacking,CoinIMP (CPU) (100%),ASUS Zenbook UX51VZ,Open Hardware Monitor,1
09:51:43.000,78.0,79.0,78.0,76.0,79.0,17.5,13.5,0.0,0.0,550.0,Attack,Cryptojacking,CoinIMP (CPU) (100%),ASUS Zenbook UX51VZ,Open Hardware Monitor,1
09:51:46.000,77.0,78.0,77.0,75.0,78.0,17.5,13.5,0.0,0.0,553.0,Attack,Cryptojacking,CoinIMP (CPU) (100%),ASUS Zenbook UX51VZ,Open Hardware Monitor,1
09:51:49.000,77.0,78.0,78.0,76.0,78.0,17.6,13.6,0.0,0.0,556.0,Attack,Cryptojacking,CoinIMP (CPU) (100%),ASUS Zenbook UX51VZ,Open Hardware Monitor,1
09:51:52.000,77.0,79.0,77.0,77.0,79.0,17.4,13.4,0.0,0.0,559.0,Attack,Cryptojacking,CoinIMP (CPU) (100%),ASUS Zenbook UX51VZ,Open Hardware Monitor,1
09:51:55.000,77.0,78.0,77.0,77.0,78.0,17.6,13.6,0.0,0.0,562.0,Attack,Cryptojacking,CoinIMP (CPU) (100%),ASUS Zenbook UX51VZ,Open Hardware Monitor,1
09:51:58.000,77.0,79.0,77.0,76.0,79.0,17.4,13.4,0.0,0.0,565.0,Attack,Cryptojacking,CoinIMP (CPU) (100%),ASUS Zenbook UX51VZ,Open Hardware Monitor,1
09:52:01.000,78.0,78.0,77.0,76.0,78.0,17.6,13.5,0.0,0.0,568.0,Attack,Cryptojacking,CoinIMP (CPU) (100%),ASUS Zenbook UX51VZ,Open Hardware Monitor,1
09:52:04.000,77.0,79.0,77.0,76.0,79.0,17.4,13.5,0.0,0.0,571.0,Attack,Cryptojacking,CoinIMP (CPU) (100%),ASUS Zenbook UX51VZ,Open Hardware Monitor,1
09:52:07.000,77.0,78.0,78.0,76.0,78.0,17.4,13.4,0.0,0.0,574.0,Attack,Cryptojacking,CoinIMP (CPU) (100%),ASUS Zenbook UX51VZ,Open Hardware Monitor,1
09:52:10.000,78.0,78.0,77.0,76.0,78.0,17.5,13.5,0.0,0.0,577.0,Attack,Cryptojacking,CoinIMP (CPU) (100%),ASUS Zenbook UX51VZ,Open Hardware Monitor,1
09:52:13.000,77.0,79.0,78.0,77.0,78.0,17.5,13.5,0.0,0.0,580.0,Attack,Cryptojacking,CoinIMP (CPU) (100%),ASUS Zenbook UX51VZ,Open Hardware Monitor,1
09:52:16.000,78.0,78.0,78.0,77.0,78.0,17.4,13.4,0.0,0.0,583.0,Attack,Cryptojacking,CoinIMP (CPU) (100%),ASUS Zenbook UX51VZ,Open Hardware Monitor,1
09:52:19.000,78.0,78.0,77.0,77.0,78.0,17.5,13.5,0.0,0.0,586.0,Attack,Cryptojacking,CoinIMP (CPU) (100%),ASUS Zenbook UX51VZ,Open Hardware Monitor,1
09:52:22.000,77.0,80.0,78.0,76.0,80.0,17.4,13.5,0.0,0.0,589.0,Attack,Cryptojacking,CoinIMP (CPU) (100%),ASUS Zenbook UX51VZ,Open Hardware Monitor,1
09:52:25.000,78.0,78.0,78.0,76.0,78.0,17.4,13.4,0.0,0.0,592.0,Attack,Cryptojacking,CoinIMP (CPU) (100%),ASUS Zenbook UX51VZ,Open Hardware Monitor,1
09:52:28.000,78.0,79.0,77.0,76.0,79.0,17.6,13.6,0.0,0.0,595.0,Attack,Cryptojacking,CoinIMP (CPU) (100%),ASUS Zenbook UX51VZ,Open Hardware Monitor,1
09:52:31.000,76.0,78.0,77.0,77.0,78.0,17.4,13.4,0.0,0.0,598.0,Attack,Cryptojacking,CoinIMP (CPU) (100%),ASUS Zenbook UX51VZ,Open Hardware Monitor,1
09:52:34.000,77.0,78.0,78.0,77.0,79.0,17.4,13.4,0.0,0.0,601.0,Attack,Cryptojacking,CoinIMP (CPU) (100%),ASUS Zenbook UX51VZ,Open Hardware Monitor,1
09:52:37.000,77.0,78.0,77.0,76.0,78.0,17.3,13.4,0.0,0.0,604.0,Attack,Cryptojacking,CoinIMP (CPU) (100%),ASUS Zenbook UX51VZ,Open Hardware Monitor,1
09:52:40.000,78.0,79.0,78.0,78.0,79.0,17.3,13.4,0.0,0.0,607.0,Attack,Cryptojacking,CoinIMP (CPU) (100%),ASUS Zenbook UX51VZ,Open Hardware Monitor,1
09:52:43.000,78.0,79.0,78.0,76.0,79.0,17.5,13.5,0.0,0.0,610.0,Attack,Cryptojacking,CoinIMP (CPU) (100%),ASUS Zenbook UX51VZ,Open Hardware Monitor,1
09:52:46.000,77.0,78.0,77.0,76.0,79.0,17.6,13.5,0.0,0.0,613.0,Attack,Cryptojacking,CoinIMP (CPU) (100%),ASUS Zenbook UX51VZ,Open Hardware Monitor,1
09:52:49.000,77.0,79.0,78.0,77.0,79.0,17.4,13.4,0.0,0.0,616.0,Attack,Cryptojacking,CoinIMP (CPU) (100%),ASUS Zenbook UX51VZ,Open Hardware Monitor,1
09:52:52.000,77.0,79.0,78.0,77.0,79.0,17.5,13.5,0.0,0.0,619.0,Attack,Cryptojacking,CoinIMP (CPU) (100%),ASUS Zenbook UX51VZ,Open Hardware Monitor,1
09:52:56.000,78.0,79.0,78.0,77.0,79.0,17.6,13.5,0.0,0.0,623.0,Attack,Cryptojacking,CoinIMP (CPU) (100%),ASUS Zenbook UX51VZ,Open Hardware Monitor,1
09:52:59.000,77.0,79.0,78.0,76.0,79.0,17.6,13.6,0.0,0.0,626.0,Attack,Cryptojacking,CoinIMP (CPU) (100%),ASUS Zenbook UX51VZ,Open Hardware Monitor,1
09:53:02.000,77.0,79.0,77.0,76.0,79.0,17.6,13.6,0.0,0.0,629.0,Attack,Cryptojacking,CoinIMP (CPU) (100%),ASUS Zenbook UX51VZ,Open Hardware Monitor,1
09:53:05.000,77.0,79.0,77.0,75.0,79.0,17.5,13.5,0.0,0.0,632.0,Attack,Cryptojacking,CoinIMP (CPU) (100%),ASUS Zenbook UX51VZ,Open Hardware Monitor,1
09:53:08.000,78.0,79.0,77.0,75.0,79.0,17.7,13.6,0.0,0.0,635.0,Attack,Cryptojacking,CoinIMP (CPU) (100%),ASUS Zenbook UX51VZ,Open Hardware Monitor,1
09:53:11.000,78.0,78.0,78.0,77.0,78.0,17.5,13.5,0.0,0.0,638.0,Attack,Cryptojacking,CoinIMP (CPU) (100%),ASUS Zenbook UX51VZ,Open Hardware Monitor,1
09:53:14.000,78.0,79.0,78.0,76.0,79.0,17.5,13.5,0.0,0.0,641.0,Attack,Cryptojacking,CoinIMP (CPU) (100%),ASUS Zenbook UX51VZ,Open Hardware Monitor,1
09:53:17.000,78.0,79.0,77.0,76.0,79.0,17.5,13.5,0.0,0.0,644.0,Attack,Cryptojacking,CoinIMP (CPU) (100%),ASUS Zenbook UX51VZ,Open Hardware Monitor,1
09:53:20.000,78.0,79.0,78.0,76.0,79.0,17.5,13.5,0.0,0.0,647.0,Attack,Cryptojacking,CoinIMP (CPU) (100%),ASUS Zenbook UX51VZ,Open Hardware Monitor,1
09:53:23.000,78.0,79.0,78.0,77.0,79.0,17.5,13.5,0.0,0.0,650.0,Attack,Cryptojacking,CoinIMP (CPU) (100%),ASUS Zenbook UX51VZ,Open Hardware Monitor,1
09:53:26.000,77.0,79.0,77.0,77.0,79.0,17.6,13.6,0.0,0.0,653.0,Attack,Cryptojacking,CoinIMP (CPU) (100%),ASUS Zenbook UX51VZ,Open Hardware Monitor,1
09:53:29.000,78.0,79.0,78.0,76.0,79.0,17.9,13.9,0.0,0.0,656.0,Attack,Cryptojacking,CoinIMP (CPU) (100%),ASUS Zenbook UX51VZ,Open Hardware Monitor,1
09:53:32.000,78.0,79.0,77.0,76.0,79.0,17.5,13.5,0.0,0.0,659.0,Attack,Cryptojacking,CoinIMP (CPU) (100%),ASUS Zenbook UX51VZ,Open Hardware Monitor,1
09:53:35.000,77.0,80.0,79.0,76.0,80.0,17.5,13.5,0.0,0.0,662.0,Attack,Cryptojacking,CoinIMP (CPU) (100%),ASUS Zenbook UX51VZ,Open Hardware Monitor,1
09:53:38.000,78.0,79.0,78.0,76.0,79.0,17.5,13.5,0.0,0.0,665.0,Attack,Cryptojacking,CoinIMP (CPU) (100%),ASUS Zenbook UX51VZ,Open Hardware Monitor,1
09:53:41.000,78.0,79.0,77.0,77.0,79.0,17.4,13.4,0.0,0.0,668.0,Attack,Cryptojacking,CoinIMP (CPU) (100%),ASUS Zenbook UX51VZ,Open Hardware Monitor,1
09:53:44.000,78.0,79.0,78.0,77.0,78.0,17.3,13.3,0.0,0.0,671.0,Attack,Cryptojacking,CoinIMP (CPU) (100%),ASUS Zenbook UX51VZ,Open Hardware Monitor,1
09:53:47.000,78.0,79.0,79.0,76.0,79.0,17.6,13.6,0.0,0.0,674.0,Attack,Cryptojacking,CoinIMP (CPU) (100%),ASUS Zenbook UX51VZ,Open Hardware Monitor,1
09:53:50.000,77.0,79.0,79.0,77.0,79.0,17.5,13.5,0.0,0.0,677.0,Attack,Cryptojacking,CoinIMP (CPU) (100%),ASUS Zenbook UX51VZ,Open Hardware Monitor,1
09:53:53.000,78.0,79.0,78.0,77.0,79.0,17.3,13.3,0.0,0.0,680.0,Attack,Cryptojacking,CoinIMP (CPU) (100%),ASUS Zenbook UX51VZ,Open Hardware Monitor,1
09:53:56.000,79.0,79.0,78.0,77.0,79.0,17.5,13.5,0.0,0.0,683.0,Attack,Cryptojacking,CoinIMP (CPU) (100%),ASUS Zenbook UX51VZ,Open Hardware Monitor,1
09:53:59.000,78.0,78.0,78.0,76.0,78.0,17.5,13.5,0.0,0.0,686.0,Attack,Cryptojacking,CoinIMP (CPU) (100%),ASUS Zenbook UX51VZ,Open Hardware Monitor,1
09:54:02.000,77.0,79.0,78.0,78.0,79.0,17.5,13.5,0.0,0.0,689.0,Attack,Cryptojacking,CoinIMP (CPU) (100%),ASUS Zenbook UX51VZ,Open Hardware Monitor,1
09:54:05.000,77.0,80.0,79.0,77.0,80.0,17.5,13.5,0.0,0.0,692.0,Attack,Cryptojacking,CoinIMP (CPU) (100%),ASUS Zenbook UX51VZ,Open Hardware Monitor,1
09:54:08.000,77.0,79.0,78.0,77.0,79.0,17.5,13.5,0.0,0.0,695.0,Attack,Cryptojacking,CoinIMP (CPU) (100%),ASUS Zenbook UX51VZ,Open Hardware Monitor,1
09:54:11.000,79.0,79.0,78.0,77.0,79.0,17.3,13.3,0.0,0.0,698.0,Attack,Cryptojacking,CoinIMP (CPU) (100%),ASUS Zenbook UX51VZ,Open Hardware Monitor,1
09:54:14.000,77.0,79.0,78.0,77.0,79.0,17.5,13.5,0.0,0.0,701.0,Attack,Cryptojacking,CoinIMP (CPU) (100%),ASUS Zenbook UX51VZ,Open Hardware Monitor,1
09:54:17.000,78.0,79.0,78.0,76.0,79.0,17.4,13.4,0.0,0.0,704.0,Attack,Cryptojacking,CoinIMP (CPU) (100%),ASUS Zenbook UX51VZ,Open Hardware Monitor,1
09:54:20.000,78.0,78.0,79.0,76.0,79.0,17.4,13.4,0.0,0.0,707.0,Attack,Cryptojacking,CoinIMP (CPU) (100%),ASUS Zenbook UX51VZ,Open Hardware Monitor,1
09:54:23.000,78.0,79.0,78.0,77.0,79.0,17.4,13.4,0.0,0.0,710.0,Attack,Cryptojacking,CoinIMP (CPU) (100%),ASUS Zenbook UX51VZ,Open Hardware Monitor,1
09:54:26.000,77.0,78.0,77.0,78.0,78.0,17.5,13.4,0.0,0.0,713.0,Attack,Cryptojacking,CoinIMP (CPU) (100%),ASUS Zenbook UX51VZ,Open Hardware Monitor,1
09:54:29.000,78.0,79.0,79.0,76.0,79.0,17.5,13.5,0.0,0.0,716.0,Attack,Cryptojacking,CoinIMP (CPU) (100%),ASUS Zenbook UX51VZ,Open Hardware Monitor,1
09:54:32.000,78.0,79.0,78.0,78.0,79.0,17.4,13.4,0.0,0.0,719.0,Attack,Cryptojacking,CoinIMP (CPU) (100%),ASUS Zenbook UX51VZ,Open Hardware Monitor,1
09:54:35.000,77.0,80.0,79.0,77.0,80.0,17.3,13.3,0.0,0.0,722.0,Attack,Cryptojacking,CoinIMP (CPU) (100%),ASUS Zenbook UX51VZ,Open Hardware Monitor,1
09:54:38.000,76.0,79.0,77.0,77.0,79.0,17.3,13.3,0.0,0.0,725.0,Attack,Cryptojacking,CoinIMP (CPU) (100%),ASUS Zenbook UX51VZ,Open Hardware Monitor,1
09:54:41.000,78.0,78.0,77.0,78.0,78.0,17.4,13.4,0.0,0.0,728.0,Attack,Cryptojacking,CoinIMP (CPU) (100%),ASUS Zenbook UX51VZ,Open Hardware Monitor,1
09:54:44.000,77.0,79.0,77.0,78.0,79.0,17.4,13.4,0.0,0.0,731.0,Attack,Cryptojacking,CoinIMP (CPU) (100%),ASUS Zenbook UX51VZ,Open Hardware Monitor,1
09:54:47.000,77.0,79.0,77.0,77.0,79.0,17.4,13.4,0.0,0.0,734.0,Attack,Cryptojacking,CoinIMP (CPU) (100%),ASUS Zenbook UX51VZ,Open Hardware Monitor,1
09:54:50.000,77.0,78.0,79.0,77.0,79.0,17.4,13.4,0.0,0.0,737.0,Attack,Cryptojacking,CoinIMP (CPU) (100%),ASUS Zenbook UX51VZ,Open Hardware Monitor,1
09:54:53.000,78.0,80.0,78.0,77.0,80.0,17.4,13.4,0.0,0.0,740.0,Attack,Cryptojacking,CoinIMP (CPU) (100%),ASUS Zenbook UX51VZ,Open Hardware Monitor,1
09:54:56.000,77.0,79.0,78.0,78.0,79.0,17.3,13.3,0.0,0.0,743.0,Attack,Cryptojacking,CoinIMP (CPU) (100%),ASUS Zenbook UX51VZ,Open Hardware Monitor,1
09:54:59.000,77.0,79.0,78.0,77.0,79.0,17.3,13.3,0.0,0.0,746.0,Attack,Cryptojacking,CoinIMP (CPU) (100%),ASUS Zenbook UX51VZ,Open Hardware Monitor,1
09:55:02.000,77.0,79.0,78.0,78.0,79.0,17.4,13.4,0.0,0.0,749.0,Attack,Cryptojacking,CoinIMP (CPU) (100%),ASUS Zenbook UX51VZ,Open Hardware Monitor,1
09:55:05.000,78.0,80.0,79.0,78.0,80.0,17.4,13.4,0.0,0.0,752.0,Attack,Cryptojacking,CoinIMP (CPU) (100%),ASUS Zenbook UX51VZ,Open Hardware Monitor,1
09:55:08.000,78.0,79.0,78.0,76.0,79.0,17.4,13.4,0.0,0.0,755.0,Attack,Cryptojacking,CoinIMP (CPU) (100%),ASUS Zenbook UX51VZ,Open Hardware Monitor,1
09:55:11.000,77.0,79.0,79.0,77.0,79.0,17.4,13.4,0.0,0.0,758.0,Attack,Cryptojacking,CoinIMP (CPU) (100%),ASUS Zenbook UX51VZ,Open Hardware Monitor,1
09:55:15.000,78.0,79.0,77.0,78.0,79.0,17.5,13.5,0.0,0.0,762.0,Attack,Cryptojacking,CoinIMP (CPU) (100%),ASUS Zenbook UX51VZ,Open Hardware Monitor,1
09:55:18.000,78.0,80.0,78.0,77.0,80.0,17.5,13.5,0.0,0.0,765.0,Attack,Cryptojacking,CoinIMP (CPU) (100%),ASUS Zenbook UX51VZ,Open Hardware Monitor,1
09:55:21.000,77.0,79.0,78.0,77.0,79.0,17.3,13.3,0.0,0.0,768.0,Attack,Cryptojacking,CoinIMP (CPU) (100%),ASUS Zenbook UX51VZ,Open Hardware Monitor,1
09:55:24.000,77.0,79.0,78.0,78.0,79.0,17.3,13.3,0.0,0.0,771.0,Attack,Cryptojacking,CoinIMP (CPU) (100%),ASUS Zenbook UX51VZ,Open Hardware Monitor,1
09:55:27.000,77.0,79.0,79.0,77.0,79.0,17.5,13.5,0.0,0.0,774.0,Attack,Cryptojacking,CoinIMP (CPU) (100%),ASUS Zenbook UX51VZ,Open Hardware Monitor,1
09:55:30.000,78.0,79.0,78.0,77.0,79.0,17.4,13.4,0.0,0.0,777.0,Attack,Cryptojacking,CoinIMP (CPU) (100%),ASUS Zenbook UX51VZ,Open Hardware Monitor,1
09:55:33.000,78.0,79.0,79.0,77.0,80.0,17.4,13.4,0.0,0.0,780.0,Attack,Cryptojacking,CoinIMP (CPU) (100%),ASUS Zenbook UX51VZ,Open Hardware Monitor,1
09:55:36.000,79.0,79.0,79.0,78.0,79.0,17.5,13.5,0.0,0.0,783.0,Attack,Cryptojacking,CoinIMP (CPU) (100%),ASUS Zenbook UX51VZ,Open Hardware Monitor,1
09:55:39.000,78.0,80.0,79.0,78.0,80.0,17.4,13.4,0.0,0.0,786.0,Attack,Cryptojacking,CoinIMP (CPU) (100%),ASUS Zenbook UX51VZ,Open Hardware Monitor,1
09:55:42.000,78.0,79.0,80.0,78.0,80.0,17.5,13.5,0.0,0.0,789.0,Attack,Cryptojacking,CoinIMP (CPU) (100%),ASUS Zenbook UX51VZ,Open Hardware Monitor,1
09:55:45.000,78.0,79.0,78.0,79.0,79.0,17.4,13.4,0.0,0.0,792.0,Attack,Cryptojacking,CoinIMP (CPU) (100%),ASUS Zenbook UX51VZ,Open Hardware Monitor,1
09:55:48.000,79.0,79.0,79.0,77.0,79.0,17.3,13.4,0.0,0.0,795.0,Attack,Cryptojacking,CoinIMP (CPU) (100%),ASUS Zenbook UX51VZ,Open Hardware Monitor,1
09:55:51.000,78.0,79.0,79.0,78.0,79.0,17.5,13.5,0.0,0.0,798.0,Attack,Cryptojacking,CoinIMP (CPU) (100%),ASUS Zenbook UX51VZ,Open Hardware Monitor,1
09:55:54.000,79.0,80.0,79.0,78.0,80.0,17.5,13.5,0.0,0.0,801.0,Attack,Cryptojacking,CoinIMP (CPU) (100%),ASUS Zenbook UX51VZ,Open Hardware Monitor,1
09:55:57.000,78.0,80.0,78.0,77.0,80.0,17.4,13.4,0.0,0.0,804.0,Attack,Cryptojacking,CoinIMP (CPU) (100%),ASUS Zenbook UX51VZ,Open Hardware Monitor,1
09:56:00.000,77.0,79.0,79.0,79.0,79.0,17.5,13.5,0.0,0.0,807.0,Attack,Cryptojacking,CoinIMP (CPU) (100%),ASUS Zenbook UX51VZ,Open Hardware Monitor,1
09:56:03.000,77.0,80.0,78.0,79.0,80.0,17.4,13.4,0.0,0.0,810.0,Attack,Cryptojacking,CoinIMP (CPU) (100%),ASUS Zenbook UX51VZ,Open Hardware Monitor,1
09:56:06.000,78.0,79.0,79.0,78.0,80.0,17.5,13.5,0.0,0.0,813.0,Attack,Cryptojacking,CoinIMP (CPU) (100%),ASUS Zenbook UX51VZ,Open Hardware Monitor,1
09:56:09.000,78.0,79.0,79.0,78.0,79.0,17.4,13.4,0.0,0.0,816.0,Attack,Cryptojacking,CoinIMP (CPU) (100%),ASUS Zenbook UX51VZ,Open Hardware Monitor,1
09:56:12.000,77.0,79.0,79.0,79.0,79.0,17.4,13.4,0.0,0.0,819.0,Attack,Cryptojacking,CoinIMP (CPU) (100%),ASUS Zenbook UX51VZ,Open Hardware Monitor,1
09:56:15.000,78.0,79.0,79.0,78.0,79.0,17.4,13.4,0.0,0.0,822.0,Attack,Cryptojacking,CoinIMP (CPU) (100%),ASUS Zenbook UX51VZ,Open Hardware Monitor,1
09:56:18.000,79.0,80.0,79.0,77.0,80.0,17.4,13.4,0.0,0.0,825.0,Attack,Cryptojacking,CoinIMP (CPU) (100%),ASUS Zenbook UX51VZ,Open Hardware Monitor,1
09:56:21.000,79.0,78.0,79.0,78.0,79.0,17.4,13.4,0.0,0.0,828.0,Attack,Cryptojacking,CoinIMP (CPU) (100%),ASUS Zenbook UX51VZ,Open Hardware Monitor,1
09:56:24.000,79.0,79.0,79.0,78.0,79.0,17.5,13.5,0.0,0.0,831.0,Attack,Cryptojacking,CoinIMP (CPU) (100%),ASUS Zenbook UX51VZ,Open Hardware Monitor,1
09:56:27.000,78.0,79.0,79.0,77.0,79.0,17.4,13.4,0.0,0.0,834.0,Attack,Cryptojacking,CoinIMP (CPU) (100%),ASUS Zenbook UX51VZ,Open Hardware Monitor,1
09:56:30.000,79.0,79.0,79.0,77.0,79.0,17.4,13.4,0.0,0.0,837.0,Attack,Cryptojacking,CoinIMP (CPU) (100%),ASUS Zenbook UX51VZ,Open Hardware Monitor,1
09:56:33.000,78.0,79.0,79.0,77.0,79.0,17.3,13.4,0.0,0.0,840.0,Attack,Cryptojacking,CoinIMP (CPU) (100%),ASUS Zenbook UX51VZ,Open Hardware Monitor,1
09:56:36.000,78.0,79.0,78.0,78.0,79.0,17.4,13.4,0.0,0.0,843.0,Attack,Cryptojacking,CoinIMP (CPU) (100%),ASUS Zenbook UX51VZ,Open Hardware Monitor,1
09:56:39.000,77.0,79.0,78.0,78.0,79.0,17.4,13.4,0.0,0.0,846.0,Attack,Cryptojacking,CoinIMP (CPU) (100%),ASUS Zenbook UX51VZ,Open Hardware Monitor,1
09:56:42.000,78.0,79.0,79.0,77.0,79.0,17.4,13.4,0.0,0.0,849.0,Attack,Cryptojacking,CoinIMP (CPU) (100%),ASUS Zenbook UX51VZ,Open Hardware Monitor,1
09:56:45.000,78.0,79.0,80.0,77.0,80.0,17.4,13.4,0.0,0.0,852.0,Attack,Cryptojacking,CoinIMP (CPU) (100%),ASUS Zenbook UX51VZ,Open Hardware Monitor,1
09:56:48.000,78.0,78.0,78.0,77.0,78.0,17.5,13.5,0.0,0.0,855.0,Attack,Cryptojacking,CoinIMP (CPU) (100%),ASUS Zenbook UX51VZ,Open Hardware Monitor,1
09:56:51.000,78.0,79.0,80.0,78.0,80.0,17.4,13.4,0.0,0.0,858.0,Attack,Cryptojacking,CoinIMP (CPU) (100%),ASUS Zenbook UX51VZ,Open Hardware Monitor,1
09:56:54.000,77.0,79.0,79.0,77.0,79.0,17.5,13.5,0.0,0.0,861.0,Attack,Cryptojacking,CoinIMP (CPU) (100%),ASUS Zenbook UX51VZ,Open Hardware Monitor,1
09:56:57.000,77.0,79.0,79.0,79.0,79.0,17.4,13.4,0.0,0.0,864.0,Attack,Cryptojacking,CoinIMP (CPU) (100%),ASUS Zenbook UX51VZ,Open Hardware Monitor,1
09:57:00.000,79.0,78.0,80.0,77.0,80.0,17.5,13.5,0.0,0.0,867.0,Attack,Cryptojacking,CoinIMP (CPU) (100%),ASUS Zenbook UX51VZ,Open Hardware Monitor,1
09:57:03.000,78.0,79.0,79.0,78.0,79.0,17.3,13.3,0.0,0.0,870.0,Attack,Cryptojacking,CoinIMP (CPU) (100%),ASUS Zenbook UX51VZ,Open Hardware Monitor,1
09:57:06.000,79.0,79.0,79.0,78.0,79.0,17.4,13.4,0.0,0.0,873.0,Attack,Cryptojacking,CoinIMP (CPU) (100%),ASUS Zenbook UX51VZ,Open Hardware Monitor,1
09:57:09.000,79.0,79.0,79.0,78.0,79.0,17.4,13.4,0.0,0.0,876.0,Attack,Cryptojacking,CoinIMP (CPU) (100%),ASUS Zenbook UX51VZ,Open Hardware Monitor,1
09:57:12.000,78.0,79.0,78.0,78.0,79.0,17.5,13.5,0.0,0.0,879.0,Attack,Cryptojacking,CoinIMP (CPU) (100%),ASUS Zenbook UX51VZ,Open Hardware Monitor,1
09:57:15.000,78.0,79.0,80.0,78.0,80.0,17.5,13.4,0.0,0.0,882.0,Attack,Cryptojacking,CoinIMP (CPU) (100%),ASUS Zenbook UX51VZ,Open Hardware Monitor,1
09:57:18.000,78.0,79.0,80.0,78.0,80.0,17.4,13.4,0.0,0.0,885.0,Attack,Cryptojacking,CoinIMP (CPU) (100%),ASUS Zenbook UX51VZ,Open Hardware Monitor,1
09:57:21.000,79.0,79.0,80.0,78.0,80.0,17.4,13.4,0.0,0.0,888.0,Attack,Cryptojacking,CoinIMP (CPU) (100%),ASUS Zenbook UX51VZ,Open Hardware Monitor,1
09:57:24.000,78.0,79.0,78.0,79.0,79.0,17.3,13.3,0.0,0.0,891.0,Attack,Cryptojacking,CoinIMP (CPU) (100%),ASUS Zenbook UX51VZ,Open Hardware Monitor,1
09:57:27.000,78.0,81.0,79.0,78.0,81.0,17.5,13.5,0.0,0.0,894.0,Attack,Cryptojacking,CoinIMP (CPU) (100%),ASUS Zenbook UX51VZ,Open Hardware Monitor,1
09:57:30.000,79.0,80.0,79.0,77.0,80.0,17.5,13.5,0.0,0.0,897.0,Attack,Cryptojacking,CoinIMP (CPU) (100%),ASUS Zenbook UX51VZ,Open Hardware Monitor,1
09:57:33.000,78.0,79.0,79.0,78.0,79.0,17.4,13.4,0.0,0.0,900.0,Attack,Cryptojacking,CoinIMP (CPU) (100%),ASUS Zenbook UX51VZ,Open Hardware Monitor,1
09:57:37.000,78.0,80.0,78.0,77.0,80.0,17.5,13.5,0.0,0.0,904.0,Attack,Cryptojacking,CoinIMP (CPU) (100%),ASUS Zenbook UX51VZ,Open Hardware Monitor,1
09:57:40.000,79.0,80.0,78.0,77.0,80.0,17.3,13.4,0.0,0.0,907.0,Attack,Cryptojacking,CoinIMP (CPU) (100%),ASUS Zenbook UX51VZ,Open Hardware Monitor,1
09:57:43.000,78.0,80.0,78.0,78.0,80.0,17.5,13.5,0.0,0.0,910.0,Attack,Cryptojacking,CoinIMP (CPU) (100%),ASUS Zenbook UX51VZ,Open Hardware Monitor,1
09:57:46.000,76.0,79.0,78.0,77.0,79.0,17.5,13.5,0.0,0.0,913.0,Attack,Cryptojacking,CoinIMP (CPU) (100%),ASUS Zenbook UX51VZ,Open Hardware Monitor,1
09:57:49.000,79.0,79.0,79.0,78.0,79.0,17.4,13.4,0.0,0.0,916.0,Attack,Cryptojacking,CoinIMP (CPU) (100%),ASUS Zenbook UX51VZ,Open Hardware Monitor,1
09:57:52.000,78.0,79.0,79.0,78.0,80.0,17.4,13.4,0.0,0.0,919.0,Attack,Cryptojacking,CoinIMP (CPU) (100%),ASUS Zenbook UX51VZ,Open Hardware Monitor,1
09:57:55.000,78.0,79.0,79.0,78.0,79.0,17.5,13.5,0.0,0.0,922.0,Attack,Cryptojacking,CoinIMP (CPU) (100%),ASUS Zenbook UX51VZ,Open Hardware Monitor,1
09:57:58.000,78.0,80.0,80.0,77.0,80.0,17.5,13.5,0.0,0.0,925.0,Attack,Cryptojacking,CoinIMP (CPU) (100%),ASUS Zenbook UX51VZ,Open Hardware Monitor,1
09:58:01.000,78.0,80.0,80.0,78.0,80.0,17.5,13.4,0.0,0.0,928.0,Attack,Cryptojacking,CoinIMP (CPU) (100%),ASUS Zenbook UX51VZ,Open Hardware Monitor,1
09:58:04.000,79.0,79.0,80.0,79.0,79.0,17.3,13.3,0.0,0.0,931.0,Attack,Cryptojacking,CoinIMP (CPU) (100%),ASUS Zenbook UX51VZ,Open Hardware Monitor,1
09:58:07.000,77.0,80.0,80.0,77.0,80.0,17.4,13.4,0.0,0.0,934.0,Attack,Cryptojacking,CoinIMP (CPU) (100%),ASUS Zenbook UX51VZ,Open Hardware Monitor,1
09:58:10.000,78.0,80.0,79.0,78.0,80.0,17.5,13.5,0.0,0.0,937.0,Attack,Cryptojacking,CoinIMP (CPU) (100%),ASUS Zenbook UX51VZ,Open Hardware Monitor,1
09:58:13.000,78.0,80.0,79.0,78.0,80.0,17.5,13.5,0.0,0.0,940.0,Attack,Cryptojacking,CoinIMP (CPU) (100%),ASUS Zenbook UX51VZ,Open Hardware Monitor,1
09:58:16.000,78.0,79.0,79.0,79.0,79.0,17.4,13.4,0.0,0.0,943.0,Attack,Cryptojacking,CoinIMP (CPU) (100%),ASUS Zenbook UX51VZ,Open Hardware Monitor,1
09:58:19.000,78.0,80.0,78.0,78.0,80.0,17.4,13.4,0.0,0.0,946.0,Attack,Cryptojacking,CoinIMP (CPU) (100%),ASUS Zenbook UX51VZ,Open Hardware Monitor,1
09:58:22.000,78.0,79.0,80.0,77.0,80.0,17.5,13.5,0.0,0.0,949.0,Attack,Cryptojacking,CoinIMP (CPU) (100%),ASUS Zenbook UX51VZ,Open Hardware Monitor,1
09:58:25.000,79.0,79.0,79.0,77.0,80.0,17.5,13.5,0.0,0.0,952.0,Attack,Cryptojacking,CoinIMP (CPU) (100%),ASUS Zenbook UX51VZ,Open Hardware Monitor,1
09:58:28.000,78.0,79.0,78.0,77.0,79.0,17.5,13.5,0.0,0.0,955.0,Attack,Cryptojacking,CoinIMP (CPU) (100%),ASUS Zenbook UX51VZ,Open Hardware Monitor,1
09:58:31.000,78.0,80.0,79.0,78.0,80.0,17.3,13.4,0.0,0.0,958.0,Attack,Cryptojacking,CoinIMP (CPU) (100%),ASUS Zenbook UX51VZ,Open Hardware Monitor,1
09:58:34.000,78.0,79.0,80.0,79.0,80.0,17.5,13.5,0.0,0.0,961.0,Attack,Cryptojacking,CoinIMP (CPU) (100%),ASUS Zenbook UX51VZ,Open Hardware Monitor,1
09:58:37.000,78.0,79.0,79.0,78.0,79.0,17.4,13.4,0.0,0.0,964.0,Attack,Cryptojacking,CoinIMP (CPU) (100%),ASUS Zenbook UX51VZ,Open Hardware Monitor,1
09:58:40.000,78.0,80.0,79.0,79.0,80.0,17.5,13.5,0.0,0.0,967.0,Attack,Cryptojacking,CoinIMP (CPU) (100%),ASUS Zenbook UX51VZ,Open Hardware Monitor,1
09:58:43.000,78.0,79.0,81.0,77.0,81.0,17.5,13.5,0.0,0.0,970.0,Attack,Cryptojacking,CoinIMP (CPU) (100%),ASUS Zenbook UX51VZ,Open Hardware Monitor,1
09:58:46.000,79.0,79.0,79.0,79.0,79.0,17.4,13.4,0.0,0.0,973.0,Attack,Cryptojacking,CoinIMP (CPU) (100%),ASUS Zenbook UX51VZ,Open Hardware Monitor,1
09:58:49.000,78.0,80.0,79.0,79.0,80.0,17.5,13.5,0.0,0.0,976.0,Attack,Cryptojacking,CoinIMP (CPU) (100%),ASUS Zenbook UX51VZ,Open Hardware Monitor,1
09:58:52.000,78.0,80.0,79.0,78.0,80.0,17.4,13.5,0.0,0.0,979.0,Attack,Cryptojacking,CoinIMP (CPU) (100%),ASUS Zenbook UX51VZ,Open Hardware Monitor,1
09:58:55.000,79.0,80.0,80.0,79.0,80.0,17.6,13.6,0.0,0.0,982.0,Attack,Cryptojacking,CoinIMP (CPU) (100%),ASUS Zenbook UX51VZ,Open Hardware Monitor,1
09:58:58.000,78.0,80.0,79.0,78.0,80.0,17.5,13.5,0.0,0.0,985.0,Attack,Cryptojacking,CoinIMP (CPU) (100%),ASUS Zenbook UX51VZ,Open Hardware Monitor,1
09:59:01.000,78.0,79.0,80.0,79.0,80.0,17.5,13.5,0.0,0.0,988.0,Attack,Cryptojacking,CoinIMP (CPU) (100%),ASUS Zenbook UX51VZ,Open Hardware Monitor,1
09:59:04.000,79.0,80.0,79.0,80.0,80.0,17.5,13.5,0.0,0.0,991.0,Attack,Cryptojacking,CoinIMP (CPU) (100%),ASUS Zenbook UX51VZ,Open Hardware Monitor,1
09:59:07.000,79.0,80.0,79.0,79.0,80.0,17.5,13.5,0.0,0.0,994.0,Attack,Cryptojacking,CoinIMP (CPU) (100%),ASUS Zenbook UX51VZ,Open Hardware Monitor,1
09:59:10.000,78.0,79.0,80.0,78.0,80.0,17.4,13.4,0.0,0.0,997.0,Attack,Cryptojacking,CoinIMP (CPU) (100%),ASUS Zenbook UX51VZ,Open Hardware Monitor,1
09:59:13.000,78.0,79.0,79.0,78.0,79.0,17.4,13.4,0.0,0.0,1000.0,Attack,Cryptojacking,CoinIMP (CPU) (100%),ASUS Zenbook UX51VZ,Open Hardware Monitor,1
09:59:16.000,77.0,79.0,79.0,78.0,79.0,17.4,13.5,0.0,0.0,1003.0,Attack,Cryptojacking,CoinIMP (CPU) (100%),ASUS Zenbook UX51VZ,Open Hardware Monitor,1
09:59:19.000,78.0,80.0,79.0,79.0,80.0,17.4,13.4,0.0,0.0,1006.0,Attack,Cryptojacking,CoinIMP (CPU) (100%),ASUS Zenbook UX51VZ,Open Hardware Monitor,1
09:59:22.000,79.0,80.0,79.0,79.0,80.0,17.5,13.5,0.0,0.0,1009.0,Attack,Cryptojacking,CoinIMP (CPU) (100%),ASUS Zenbook UX51VZ,Open Hardware Monitor,1
09:59:25.000,78.0,80.0,80.0,78.0,81.0,17.9,13.4,0.0,80.0,1012.0,Attack,Cryptojacking,CoinIMP (CPU) (100%),ASUS Zenbook UX51VZ,Open Hardware Monitor,1
09:59:28.000,77.0,81.0,80.0,79.0,81.0,18.1,13.6,0.0,75.0,1015.0,Attack,Cryptojacking,CoinIMP (CPU) (100%),ASUS Zenbook UX51VZ,Open Hardware Monitor,1
09:59:31.000,79.0,80.0,80.0,79.0,80.0,17.4,13.4,0.0,0.0,1018.0,Attack,Cryptojacking,CoinIMP (CPU) (100%),ASUS Zenbook UX51VZ,Open Hardware Monitor,1
09:59:34.000,79.0,81.0,80.0,79.0,81.0,17.5,13.5,0.0,0.0,1021.0,Attack,Cryptojacking,CoinIMP (CPU) (100%),ASUS Zenbook UX51VZ,Open Hardware Monitor,1
09:59:37.000,79.0,80.0,80.0,79.0,80.0,17.5,13.5,0.0,0.0,1024.0,Attack,Cryptojacking,CoinIMP (CPU) (100%),ASUS Zenbook UX51VZ,Open Hardware Monitor,1
09:59:40.000,79.0,81.0,79.0,79.0,81.0,17.6,13.6,0.0,0.0,1027.0,Attack,Cryptojacking,CoinIMP (CPU) (100%),ASUS Zenbook UX51VZ,Open Hardware Monitor,1
09:59:43.000,79.0,81.0,80.0,78.0,81.0,17.6,13.6,0.0,0.0,1030.0,Attack,Cryptojacking,CoinIMP (CPU) (100%),ASUS Zenbook UX51VZ,Open Hardware Monitor,1
09:59:46.000,78.0,81.0,79.0,79.0,80.0,17.5,13.5,0.0,0.0,1033.0,Attack,Cryptojacking,CoinIMP (CPU) (100%),ASUS Zenbook UX51VZ,Open Hardware Monitor,1
09:59:49.000,79.0,81.0,78.0,78.0,81.0,17.5,13.5,0.0,0.0,1036.0,Attack,Cryptojacking,CoinIMP (CPU) (100%),ASUS Zenbook UX51VZ,Open Hardware Monitor,1
09:59:52.000,79.0,81.0,81.0,79.0,81.0,17.5,13.5,0.0,0.0,1039.0,Attack,Cryptojacking,CoinIMP (CPU) (100%),ASUS Zenbook UX51VZ,Open Hardware Monitor,1
09:59:55.000,79.0,80.0,79.0,79.0,80.0,17.5,13.5,0.0,0.0,1042.0,Attack,Cryptojacking,CoinIMP (CPU) (100%),ASUS Zenbook UX51VZ,Open Hardware Monitor,1
09:59:59.000,79.0,80.0,79.0,79.0,80.0,17.5,13.5,0.0,0.0,1046.0,Attack,Cryptojacking,CoinIMP (CPU) (100%),ASUS Zenbook UX51VZ,Open Hardware Monitor,1
10:00:02.000,79.0,81.0,80.0,78.0,81.0,17.6,13.6,0.0,0.0,1049.0,Attack,Cryptojacking,CoinIMP (CPU) (100%),ASUS Zenbook UX51VZ,Open Hardware Monitor,1
10:00:05.000,79.0,81.0,80.0,78.0,81.0,17.5,13.5,0.0,0.0,1052.0,Attack,Cryptojacking,CoinIMP (CPU) (100%),ASUS Zenbook UX51VZ,Open Hardware Monitor,1
10:00:08.000,79.0,81.0,79.0,79.0,81.0,17.5,13.5,0.0,0.0,1055.0,Attack,Cryptojacking,CoinIMP (CPU) (100%),ASUS Zenbook UX51VZ,Open Hardware Monitor,1
10:00:11.000,79.0,80.0,79.0,79.0,80.0,17.6,13.6,0.0,0.0,1058.0,Attack,Cryptojacking,CoinIMP (CPU) (100%),ASUS Zenbook UX51VZ,Open Hardware Monitor,1
10:00:14.000,78.0,81.0,79.0,79.0,81.0,17.4,13.5,0.0,0.0,1061.0,Attack,Cryptojacking,CoinIMP (CPU) (100%),ASUS Zenbook UX51VZ,Open Hardware Monitor,1
10:00:17.000,78.0,80.0,79.0,79.0,80.0,17.5,13.5,0.0,0.0,1064.0,Attack,Cryptojacking,CoinIMP (CPU) (100%),ASUS Zenbook UX51VZ,Open Hardware Monitor,1
10:00:20.000,79.0,80.0,80.0,78.0,80.0,17.6,13.6,0.0,0.0,1067.0,Attack,Cryptojacking,CoinIMP (CPU) (100%),ASUS Zenbook UX51VZ,Open Hardware Monitor,1
10:00:23.000,78.0,81.0,80.0,78.0,81.0,17.6,13.6,0.0,0.0,1070.0,Attack,Cryptojacking,CoinIMP (CPU) (100%),ASUS Zenbook UX51VZ,Open Hardware Monitor,1
10:00:26.000,78.0,80.0,79.0,79.0,80.0,17.6,13.6,0.0,0.0,1073.0,Attack,Cryptojacking,CoinIMP (CPU) (100%),ASUS Zenbook UX51VZ,Open Hardware Monitor,1
10:00:29.000,78.0,81.0,80.0,79.0,81.0,17.6,13.6,0.0,0.0,1076.0,Attack,Cryptojacking,CoinIMP (CPU) (100%),ASUS Zenbook UX51VZ,Open Hardware Monitor,1
10:00:32.000,79.0,81.0,80.0,78.0,81.0,17.5,13.5,0.0,0.0,1079.0,Attack,Cryptojacking,CoinIMP (CPU) (100%),ASUS Zenbook UX51VZ,Open Hardware Monitor,1
10:00:35.000,79.0,81.0,81.0,78.0,81.0,17.5,13.5,0.0,0.0,1082.0,Attack,Cryptojacking,CoinIMP (CPU) (100%),ASUS Zenbook UX51VZ,Open Hardware Monitor,1
10:00:38.000,80.0,80.0,81.0,78.0,81.0,17.5,13.5,0.0,0.0,1085.0,Attack,Cryptojacking,CoinIMP (CPU) (100%),ASUS Zenbook UX51VZ,Open Hardware Monitor,1
10:00:41.000,79.0,80.0,79.0,78.0,80.0,17.4,13.4,0.0,0.0,1088.0,Attack,Cryptojacking,CoinIMP (CPU) (100%),ASUS Zenbook UX51VZ,Open Hardware Monitor,1
10:00:44.000,79.0,80.0,80.0,78.0,80.0,17.4,13.4,0.0,0.0,1091.0,Attack,Cryptojacking,CoinIMP (CPU) (100%),ASUS Zenbook UX51VZ,Open Hardware Monitor,1
10:00:47.000,79.0,80.0,80.0,78.0,80.0,17.5,13.5,0.0,0.0,1094.0,Attack,Cryptojacking,CoinIMP (CPU) (100%),ASUS Zenbook UX51VZ,Open Hardware Monitor,1
10:00:50.000,79.0,81.0,81.0,79.0,81.0,17.6,13.6,0.0,0.0,1097.0,Attack,Cryptojacking,CoinIMP (CPU) (100%),ASUS Zenbook UX51VZ,Open Hardware Monitor,1
10:00:53.000,80.0,80.0,80.0,79.0,80.0,17.6,13.6,0.0,0.0,1100.0,Attack,Cryptojacking,CoinIMP (CPU) (100%),ASUS Zenbook UX51VZ,Open Hardware Monitor,1
10:00:56.000,78.0,80.0,80.0,79.0,80.0,17.6,13.5,0.0,0.0,1103.0,Attack,Cryptojacking,CoinIMP (CPU) (100%),ASUS Zenbook UX51VZ,Open Hardware Monitor,1
10:00:59.000,79.0,81.0,80.0,79.0,81.0,17.5,13.5,0.0,0.0,1106.0,Attack,Cryptojacking,CoinIMP (CPU) (100%),ASUS Zenbook UX51VZ,Open Hardware Monitor,1
10:01:02.000,79.0,80.0,80.0,78.0,80.0,17.5,13.5,0.0,0.0,1109.0,Attack,Cryptojacking,CoinIMP (CPU) (100%),ASUS Zenbook UX51VZ,Open Hardware Monitor,1
10:01:05.000,79.0,80.0,80.0,79.0,80.0,17.6,13.6,0.0,0.0,1112.0,Attack,Cryptojacking,CoinIMP (CPU) (100%),ASUS Zenbook UX51VZ,Open Hardware Monitor,1
10:01:08.000,79.0,81.0,80.0,78.0,81.0,17.6,13.6,0.0,0.0,1115.0,Attack,Cryptojacking,CoinIMP (CPU) (100%),ASUS Zenbook UX51VZ,Open Hardware Monitor,1
10:01:11.000,79.0,81.0,79.0,80.0,81.0,17.4,13.5,0.0,0.0,1118.0,Attack,Cryptojacking,CoinIMP (CPU) (100%),ASUS Zenbook UX51VZ,Open Hardware Monitor,1
10:01:14.000,79.0,81.0,80.0,79.0,81.0,17.4,13.4,0.0,0.0,1121.0,Attack,Cryptojacking,CoinIMP (CPU) (100%),ASUS Zenbook UX51VZ,Open Hardware Monitor,1
10:01:17.000,79.0,80.0,80.0,79.0,80.0,17.5,13.5,0.0,0.0,1124.0,Attack,Cryptojacking,CoinIMP (CPU) (100%),ASUS Zenbook UX51VZ,Open Hardware Monitor,1
10:01:20.000,79.0,81.0,80.0,78.0,81.0,17.4,13.4,0.0,0.0,1127.0,Attack,Cryptojacking,CoinIMP (CPU) (100%),ASUS Zenbook UX51VZ,Open Hardware Monitor,1
10:01:23.000,79.0,80.0,80.0,78.0,80.0,17.6,13.6,0.0,0.0,1130.0,Attack,Cryptojacking,CoinIMP (CPU) (100%),ASUS Zenbook UX51VZ,Open Hardware Monitor,1
10:01:26.000,79.0,81.0,80.0,79.0,81.0,17.6,13.6,0.0,0.0,1133.0,Attack,Cryptojacking,CoinIMP (CPU) (100%),ASUS Zenbook UX51VZ,Open Hardware Monitor,1
10:01:29.000,79.0,80.0,80.0,79.0,80.0,17.5,13.5,0.0,0.0,1136.0,Attack,Cryptojacking,CoinIMP (CPU) (100%),ASUS Zenbook UX51VZ,Open Hardware Monitor,1
10:01:32.000,79.0,80.0,80.0,77.0,80.0,17.6,13.6,0.0,0.0,1139.0,Attack,Cryptojacking,CoinIMP (CPU) (100%),ASUS Zenbook UX51VZ,Open Hardware Monitor,1
10:01:35.000,78.0,80.0,80.0,78.0,80.0,17.4,13.4,0.0,0.0,1142.0,Attack,Cryptojacking,CoinIMP (CPU) (100%),ASUS Zenbook UX51VZ,Open Hardware Monitor,1
10:01:38.000,79.0,81.0,79.0,78.0,81.0,17.6,13.7,0.0,0.0,1145.0,Attack,Cryptojacking,CoinIMP (CPU) (100%),ASUS Zenbook UX51VZ,Open Hardware Monitor,1
10:01:41.000,78.0,81.0,80.0,78.0,81.0,17.5,13.5,0.0,0.0,1148.0,Attack,Cryptojacking,CoinIMP (CPU) (100%),ASUS Zenbook UX51VZ,Open Hardware Monitor,1
10:01:44.000,79.0,81.0,80.0,79.0,81.0,17.5,13.5,0.0,0.0,1151.0,Attack,Cryptojacking,CoinIMP (CPU) (100%),ASUS Zenbook UX51VZ,Open Hardware Monitor,1
10:01:47.000,78.0,80.0,80.0,78.0,80.0,17.5,13.5,0.0,0.0,1154.0,Attack,Cryptojacking,CoinIMP (CPU) (100%),ASUS Zenbook UX51VZ,Open Hardware Monitor,1
10:01:50.000,78.0,80.0,81.0,77.0,81.0,17.6,13.6,0.0,0.0,1157.0,Attack,Cryptojacking,CoinIMP (CPU) (100%),ASUS Zenbook UX51VZ,Open Hardware Monitor,1
10:01:53.000,79.0,81.0,80.0,78.0,81.0,17.4,13.4,0.0,0.0,1160.0,Attack,Cryptojacking,CoinIMP (CPU) (100%),ASUS Zenbook UX51VZ,Open Hardware Monitor,1
10:01:56.000,78.0,80.0,80.0,78.0,80.0,17.4,13.4,0.0,0.0,1163.0,Attack,Cryptojacking,CoinIMP (CPU) (100%),ASUS Zenbook UX51VZ,Open Hardware Monitor,1
10:01:59.000,79.0,80.0,80.0,79.0,80.0,17.6,13.6,0.0,0.0,1166.0,Attack,Cryptojacking,CoinIMP (CPU) (100%),ASUS Zenbook UX51VZ,Open Hardware Monitor,1
10:02:02.000,79.0,81.0,80.0,79.0,81.0,17.6,13.5,0.0,0.0,1169.0,Attack,Cryptojacking,CoinIMP (CPU) (100%),ASUS Zenbook UX51VZ,Open Hardware Monitor,1
10:02:05.000,79.0,80.0,80.0,77.0,81.0,17.5,13.5,0.0,0.0,1172.0,Attack,Cryptojacking,CoinIMP (CPU) (100%),ASUS Zenbook UX51VZ,Open Hardware Monitor,1
10:02:08.000,79.0,80.0,80.0,79.0,80.0,17.5,13.5,0.0,0.0,1175.0,Attack,Cryptojacking,CoinIMP (CPU) (100%),ASUS Zenbook UX51VZ,Open Hardware Monitor,1
10:02:11.000,79.0,79.0,80.0,78.0,80.0,17.5,13.5,0.0,0.0,1178.0,Attack,Cryptojacking,CoinIMP (CPU) (100%),ASUS Zenbook UX51VZ,Open Hardware Monitor,1
10:02:14.000,79.0,80.0,80.0,78.0,80.0,17.6,13.6,0.0,0.0,1181.0,Attack,Cryptojacking,CoinIMP (CPU) (100%),ASUS Zenbook UX51VZ,Open Hardware Monitor,1
10:02:17.000,79.0,80.0,79.0,78.0,80.0,17.5,13.5,0.0,0.0,1184.0,Attack,Cryptojacking,CoinIMP (CPU) (100%),ASUS Zenbook UX51VZ,Open Hardware Monitor,1
10:02:21.000,78.0,79.0,80.0,79.0,80.0,17.5,13.5,0.0,0.0,1188.0,Attack,Cryptojacking,CoinIMP (CPU) (100%),ASUS Zenbook UX51VZ,Open Hardware Monitor,1
10:02:24.000,79.0,80.0,80.0,79.0,80.0,17.6,13.6,0.0,0.0,1191.0,Attack,Cryptojacking,CoinIMP (CPU) (100%),ASUS Zenbook UX51VZ,Open Hardware Monitor,1
10:02:27.000,79.0,80.0,80.0,79.0,80.0,17.5,13.5,0.0,0.0,1194.0,Attack,Cryptojacking,CoinIMP (CPU) (100%),ASUS Zenbook UX51VZ,Open Hardware Monitor,1
10:02:30.000,79.0,80.0,79.0,79.0,80.0,17.4,13.5,0.0,0.0,1197.0,Attack,Cryptojacking,CoinIMP (CPU) (100%),ASUS Zenbook UX51VZ,Open Hardware Monitor,1
10:02:33.000,79.0,80.0,80.0,79.0,80.0,17.6,13.6,0.0,0.0,1200.0,Attack,Cryptojacking,CoinIMP (CPU) (100%),ASUS Zenbook UX51VZ,Open Hardware Monitor,1
10:02:36.000,79.0,79.0,80.0,79.0,80.0,17.6,13.6,0.0,0.0,1203.0,Attack,Cryptojacking,CoinIMP (CPU) (100%),ASUS Zenbook UX51VZ,Open Hardware Monitor,1
10:02:39.000,79.0,80.0,80.0,79.0,81.0,17.4,13.5,0.0,0.0,1206.0,Attack,Cryptojacking,CoinIMP (CPU) (100%),ASUS Zenbook UX51VZ,Open Hardware Monitor,1
10:02:42.000,79.0,80.0,80.0,79.0,80.0,17.4,13.5,0.0,0.0,1209.0,Attack,Cryptojacking,CoinIMP (CPU) (100%),ASUS Zenbook UX51VZ,Open Hardware Monitor,1
10:02:45.000,79.0,81.0,80.0,79.0,81.0,17.5,13.5,0.0,0.0,1212.0,Attack,Cryptojacking,CoinIMP (CPU) (100%),ASUS Zenbook UX51VZ,Open Hardware Monitor,1
10:02:48.000,78.0,80.0,80.0,79.0,80.0,17.5,13.5,0.0,0.0,1215.0,Attack,Cryptojacking,CoinIMP (CPU) (100%),ASUS Zenbook UX51VZ,Open Hardware Monitor,1
10:02:51.000,79.0,82.0,79.0,79.0,82.0,17.6,13.6,0.0,0.0,1218.0,Attack,Cryptojacking,CoinIMP (CPU) (100%),ASUS Zenbook UX51VZ,Open Hardware Monitor,1
10:02:54.000,79.0,80.0,81.0,79.0,81.0,17.6,13.6,0.0,0.0,1221.0,Attack,Cryptojacking,CoinIMP (CPU) (100%),ASUS Zenbook UX51VZ,Open Hardware Monitor,1
10:02:57.000,79.0,80.0,79.0,79.0,80.0,17.5,13.5,0.0,0.0,1224.0,Attack,Cryptojacking,CoinIMP (CPU) (100%),ASUS Zenbook UX51VZ,Open Hardware Monitor,1
10:03:00.000,79.0,81.0,80.0,79.0,81.0,17.4,13.5,0.0,0.0,1227.0,Attack,Cryptojacking,CoinIMP (CPU) (100%),ASUS Zenbook UX51VZ,Open Hardware Monitor,1
10:03:03.000,78.0,80.0,80.0,79.0,80.0,17.5,13.5,0.0,0.0,1230.0,Attack,Cryptojacking,CoinIMP (CPU) (100%),ASUS Zenbook UX51VZ,Open Hardware Monitor,1
10:03:06.000,78.0,80.0,80.0,79.0,80.0,17.5,13.5,0.0,0.0,1233.0,Attack,Cryptojacking,CoinIMP (CPU) (100%),ASUS Zenbook UX51VZ,Open Hardware Monitor,1
10:03:09.000,79.0,79.0,79.0,79.0,79.0,17.5,13.5,0.0,0.0,1236.0,Attack,Cryptojacking,CoinIMP (CPU) (100%),ASUS Zenbook UX51VZ,Open Hardware Monitor,1
10:03:12.000,79.0,80.0,80.0,78.0,80.0,17.5,13.5,0.0,0.0,1239.0,Attack,Cryptojacking,CoinIMP (CPU) (100%),ASUS Zenbook UX51VZ,Open Hardware Monitor,1
10:03:15.000,78.0,80.0,80.0,78.0,80.0,17.5,13.5,0.0,0.0,1242.0,Attack,Cryptojacking,CoinIMP (CPU) (100%),ASUS Zenbook UX51VZ,Open Hardware Monitor,1
10:03:18.000,79.0,79.0,81.0,78.0,81.0,17.5,13.5,0.0,0.0,1245.0,Attack,Cryptojacking,CoinIMP (CPU) (100%),ASUS Zenbook UX51VZ,Open Hardware Monitor,1
10:03:21.000,79.0,81.0,80.0,78.0,81.0,17.5,13.5,0.0,0.0,1248.0,Attack,Cryptojacking,CoinIMP (CPU) (100%),ASUS Zenbook UX51VZ,Open Hardware Monitor,1
10:03:24.000,79.0,79.0,80.0,79.0,80.0,17.5,13.5,0.0,0.0,1251.0,Attack,Cryptojacking,CoinIMP (CPU) (100%),ASUS Zenbook UX51VZ,Open Hardware Monitor,1
10:03:27.000,79.0,81.0,79.0,79.0,81.0,17.5,13.5,0.0,0.0,1254.0,Attack,Cryptojacking,CoinIMP (CPU) (100%),ASUS Zenbook UX51VZ,Open Hardware Monitor,1
10:03:30.000,79.0,80.0,79.0,79.0,80.0,17.5,13.5,0.0,0.0,1257.0,Attack,Cryptojacking,CoinIMP (CPU) (100%),ASUS Zenbook UX51VZ,Open Hardware Monitor,1
10:03:33.000,79.0,80.0,80.0,78.0,80.0,17.5,13.5,0.0,0.0,1260.0,Attack,Cryptojacking,CoinIMP (CPU) (100%),ASUS Zenbook UX51VZ,Open Hardware Monitor,1
10:03:36.000,78.0,81.0,79.0,78.0,81.0,17.5,13.5,0.0,0.0,1263.0,Attack,Cryptojacking,CoinIMP (CPU) (100%),ASUS Zenbook UX51VZ,Open Hardware Monitor,1
10:03:39.000,79.0,80.0,80.0,78.0,80.0,17.5,13.5,0.0,0.0,1266.0,Attack,Cryptojacking,CoinIMP (CPU) (100%),ASUS Zenbook UX51VZ,Open Hardware Monitor,1
10:03:42.000,79.0,80.0,80.0,77.0,80.0,17.4,13.4,0.0,0.0,1269.0,Attack,Cryptojacking,CoinIMP (CPU) (100%),ASUS Zenbook UX51VZ,Open Hardware Monitor,1
10:03:45.000,79.0,80.0,80.0,79.0,80.0,17.5,13.5,0.0,0.0,1272.0,Attack,Cryptojacking,CoinIMP (CPU) (100%),ASUS Zenbook UX51VZ,Open Hardware Monitor,1
10:03:48.000,79.0,81.0,80.0,79.0,81.0,17.5,13.5,0.0,0.0,1275.0,Attack,Cryptojacking,CoinIMP (CPU) (100%),ASUS Zenbook UX51VZ,Open Hardware Monitor,1
10:03:51.000,79.0,80.0,80.0,78.0,80.0,17.4,13.5,0.0,0.0,1278.0,Attack,Cryptojacking,CoinIMP (CPU) (100%),ASUS Zenbook UX51VZ,Open Hardware Monitor,1
10:03:54.000,78.0,80.0,80.0,78.0,80.0,17.4,13.4,0.0,0.0,1281.0,Attack,Cryptojacking,CoinIMP (CPU) (100%),ASUS Zenbook UX51VZ,Open Hardware Monitor,1
10:03:57.000,78.0,81.0,80.0,78.0,81.0,17.5,13.5,0.0,0.0,1284.0,Attack,Cryptojacking,CoinIMP (CPU) (100%),ASUS Zenbook UX51VZ,Open Hardware Monitor,1
10:04:00.000,78.0,80.0,80.0,78.0,81.0,17.5,13.5,0.0,0.0,1287.0,Attack,Cryptojacking,CoinIMP (CPU) (100%),ASUS Zenbook UX51VZ,Open Hardware Monitor,1
10:04:03.000,78.0,79.0,80.0,79.0,80.0,17.5,13.5,0.0,0.0,1290.0,Attack,Cryptojacking,CoinIMP (CPU) (100%),ASUS Zenbook UX51VZ,Open Hardware Monitor,1
10:04:06.000,79.0,80.0,80.0,79.0,80.0,17.5,13.5,0.0,0.0,1293.0,Attack,Cryptojacking,CoinIMP (CPU) (100%),ASUS Zenbook UX51VZ,Open Hardware Monitor,1
10:04:09.000,79.0,80.0,80.0,79.0,80.0,17.5,13.5,0.0,0.0,1296.0,Attack,Cryptojacking,CoinIMP (CPU) (100%),ASUS Zenbook UX51VZ,Open Hardware Monitor,1
10:04:12.000,78.0,81.0,80.0,78.0,81.0,17.5,13.5,0.0,0.0,1299.0,Attack,Cryptojacking,CoinIMP (CPU) (100%),ASUS Zenbook UX51VZ,Open Hardware Monitor,1
10:04:15.000,79.0,81.0,81.0,77.0,81.0,17.5,13.5,0.0,0.0,1302.0,Attack,Cryptojacking,CoinIMP (CPU) (100%),ASUS Zenbook UX51VZ,Open Hardware Monitor,1
10:04:18.000,79.0,80.0,80.0,78.0,80.0,17.5,13.5,0.0,0.0,1305.0,Attack,Cryptojacking,CoinIMP (CPU) (100%),ASUS Zenbook UX51VZ,Open Hardware Monitor,1
10:04:21.000,79.0,80.0,81.0,79.0,81.0,17.5,13.5,0.0,0.0,1308.0,Attack,Cryptojacking,CoinIMP (CPU) (100%),ASUS Zenbook UX51VZ,Open Hardware Monitor,1
10:04:24.000,78.0,80.0,80.0,79.0,80.0,17.5,13.5,0.0,0.0,1311.0,Attack,Cryptojacking,CoinIMP (CPU) (100%),ASUS Zenbook UX51VZ,Open Hardware Monitor,1
10:04:27.000,79.0,80.0,80.0,78.0,80.0,17.5,13.5,0.0,0.0,1314.0,Attack,Cryptojacking,CoinIMP (CPU) (100%),ASUS Zenbook UX51VZ,Open Hardware Monitor,1
10:04:30.000,79.0,79.0,80.0,78.0,80.0,17.5,13.5,0.0,0.0,1317.0,Attack,Cryptojacking,CoinIMP (CPU) (100%),ASUS Zenbook UX51VZ,Open Hardware Monitor,1
10:04:33.000,78.0,80.0,80.0,79.0,80.0,17.5,13.5,0.0,0.0,1320.0,Attack,Cryptojacking,CoinIMP (CPU) (100%),ASUS Zenbook UX51VZ,Open Hardware Monitor,1
10:04:36.000,79.0,79.0,79.0,79.0,80.0,17.4,13.5,0.0,0.0,1323.0,Attack,Cryptojacking,CoinIMP (CPU) (100%),ASUS Zenbook UX51VZ,Open Hardware Monitor,1
10:04:39.000,79.0,80.0,79.0,79.0,80.0,17.6,13.6,0.0,0.0,1326.0,Attack,Cryptojacking,CoinIMP (CPU) (100%),ASUS Zenbook UX51VZ,Open Hardware Monitor,1
10:04:42.000,80.0,81.0,80.0,79.0,81.0,17.4,13.4,0.0,0.0,1329.0,Attack,Cryptojacking,CoinIMP (CPU) (100%),ASUS Zenbook UX51VZ,Open Hardware Monitor,1
10:04:46.000,79.0,80.0,79.0,79.0,80.0,17.6,13.6,0.0,0.0,1333.0,Attack,Cryptojacking,CoinIMP (CPU) (100%),ASUS Zenbook UX51VZ,Open Hardware Monitor,1
10:04:49.000,79.0,81.0,80.0,79.0,81.0,17.4,13.4,0.0,0.0,1336.0,Attack,Cryptojacking,CoinIMP (CPU) (100%),ASUS Zenbook UX51VZ,Open Hardware Monitor,1
10:04:52.000,79.0,80.0,80.0,79.0,80.0,17.6,13.6,0.0,0.0,1339.0,Attack,Cryptojacking,CoinIMP (CPU) (100%),ASUS Zenbook UX51VZ,Open Hardware Monitor,1
10:04:55.000,79.0,80.0,80.0,79.0,80.0,17.6,13.6,0.0,0.0,1342.0,Attack,Cryptojacking,CoinIMP (CPU) (100%),ASUS Zenbook UX51VZ,Open Hardware Monitor,1
10:04:58.000,79.0,81.0,81.0,79.0,81.0,17.6,13.6,0.0,0.0,1345.0,Attack,Cryptojacking,CoinIMP (CPU) (100%),ASUS Zenbook UX51VZ,Open Hardware Monitor,1
10:05:01.000,78.0,80.0,81.0,78.0,81.0,17.6,13.6,0.0,0.0,1348.0,Attack,Cryptojacking,CoinIMP (CPU) (100%),ASUS Zenbook UX51VZ,Open Hardware Monitor,1
10:05:04.000,78.0,80.0,80.0,79.0,80.0,17.6,13.6,0.0,0.0,1351.0,Attack,Cryptojacking,CoinIMP (CPU) (100%),ASUS Zenbook UX51VZ,Open Hardware Monitor,1
10:05:07.000,78.0,81.0,80.0,78.0,81.0,17.5,13.5,0.0,0.0,1354.0,Attack,Cryptojacking,CoinIMP (CPU) (100%),ASUS Zenbook UX51VZ,Open Hardware Monitor,1
10:05:10.000,79.0,80.0,80.0,79.0,80.0,17.5,13.6,0.0,0.0,1357.0,Attack,Cryptojacking,CoinIMP (CPU) (100%),ASUS Zenbook UX51VZ,Open Hardware Monitor,1
10:05:13.000,80.0,80.0,81.0,79.0,81.0,17.5,13.5,0.0,0.0,1360.0,Attack,Cryptojacking,CoinIMP (CPU) (100%),ASUS Zenbook UX51VZ,Open Hardware Monitor,1
10:05:16.000,79.0,80.0,81.0,79.0,81.0,17.5,13.5,0.0,0.0,1363.0,Attack,Cryptojacking,CoinIMP (CPU) (100%),ASUS Zenbook UX51VZ,Open Hardware Monitor,1
10:05:19.000,79.0,80.0,80.0,79.0,80.0,17.5,13.5,0.0,0.0,1366.0,Attack,Cryptojacking,CoinIMP (CPU) (100%),ASUS Zenbook UX51VZ,Open Hardware Monitor,1
10:05:22.000,79.0,81.0,80.0,79.0,81.0,17.6,13.6,0.0,0.0,1369.0,Attack,Cryptojacking,CoinIMP (CPU) (100%),ASUS Zenbook UX51VZ,Open Hardware Monitor,1
10:05:25.000,78.0,80.0,80.0,80.0,80.0,17.5,13.5,0.0,0.0,1372.0,Attack,Cryptojacking,CoinIMP (CPU) (100%),ASUS Zenbook UX51VZ,Open Hardware Monitor,1
10:05:28.000,78.0,80.0,82.0,79.0,82.0,17.4,13.5,0.0,0.0,1375.0,Attack,Cryptojacking,CoinIMP (CPU) (100%),ASUS Zenbook UX51VZ,Open Hardware Monitor,1
10:05:31.000,79.0,80.0,81.0,79.0,81.0,17.6,13.6,0.0,0.0,1378.0,Attack,Cryptojacking,CoinIMP (CPU) (100%),ASUS Zenbook UX51VZ,Open Hardware Monitor,1
10:05:34.000,79.0,81.0,81.0,79.0,81.0,17.7,13.6,0.0,0.0,1381.0,Attack,Cryptojacking,CoinIMP (CPU) (100%),ASUS Zenbook UX51VZ,Open Hardware Monitor,1
10:05:37.000,79.0,82.0,81.0,78.0,82.0,17.6,13.6,0.0,0.0,1384.0,Attack,Cryptojacking,CoinIMP (CPU) (100%),ASUS Zenbook UX51VZ,Open Hardware Monitor,1
10:05:40.000,79.0,81.0,80.0,79.0,81.0,17.5,13.5,0.0,0.0,1387.0,Attack,Cryptojacking,CoinIMP (CPU) (100%),ASUS Zenbook UX51VZ,Open Hardware Monitor,1
10:05:43.000,79.0,81.0,81.0,79.0,81.0,17.6,13.6,0.0,0.0,1390.0,Attack,Cryptojacking,CoinIMP (CPU) (100%),ASUS Zenbook UX51VZ,Open Hardware Monitor,1
10:05:46.000,78.0,81.0,81.0,78.0,81.0,17.6,13.6,0.0,0.0,1393.0,Attack,Cryptojacking,CoinIMP (CPU) (100%),ASUS Zenbook UX51VZ,Open Hardware Monitor,1
10:05:49.000,78.0,82.0,80.0,80.0,82.0,17.5,13.5,0.0,0.0,1396.0,Attack,Cryptojacking,CoinIMP (CPU) (100%),ASUS Zenbook UX51VZ,Open Hardware Monitor,1
10:05:52.000,79.0,81.0,81.0,80.0,81.0,17.6,13.6,0.0,0.0,1399.0,Attack,Cryptojacking,CoinIMP (CPU) (100%),ASUS Zenbook UX51VZ,Open Hardware Monitor,1
10:05:55.000,79.0,81.0,81.0,80.0,81.0,17.5,13.5,0.0,0.0,1402.0,Attack,Cryptojacking,CoinIMP (CPU) (100%),ASUS Zenbook UX51VZ,Open Hardware Monitor,1
10:05:58.000,78.0,81.0,81.0,79.0,81.0,17.6,13.6,0.0,0.0,1405.0,Attack,Cryptojacking,CoinIMP (CPU) (100%),ASUS Zenbook UX51VZ,Open Hardware Monitor,1
10:06:01.000,79.0,80.0,80.0,78.0,80.0,17.4,13.5,0.0,0.0,1408.0,Attack,Cryptojacking,CoinIMP (CPU) (100%),ASUS Zenbook UX51VZ,Open Hardware Monitor,1
10:06:04.000,79.0,80.0,79.0,79.0,80.0,17.6,13.6,0.0,0.0,1411.0,Attack,Cryptojacking,CoinIMP (CPU) (100%),ASUS Zenbook UX51VZ,Open Hardware Monitor,1
10:06:07.000,79.0,81.0,80.0,78.0,81.0,17.4,13.4,0.0,0.0,1414.0,Attack,Cryptojacking,CoinIMP (CPU) (100%),ASUS Zenbook UX51VZ,Open Hardware Monitor,1
10:06:10.000,79.0,81.0,82.0,78.0,82.0,17.6,13.6,0.0,0.0,1417.0,Attack,Cryptojacking,CoinIMP (CPU) (100%),ASUS Zenbook UX51VZ,Open Hardware Monitor,1
10:06:13.000,79.0,81.0,81.0,78.0,81.0,17.6,13.6,0.0,0.0,1420.0,Attack,Cryptojacking,CoinIMP (CPU) (100%),ASUS Zenbook UX51VZ,Open Hardware Monitor,1
10:06:16.000,79.0,80.0,80.0,79.0,80.0,17.7,13.6,0.0,0.0,1423.0,Attack,Cryptojacking,CoinIMP (CPU) (100%),ASUS Zenbook UX51VZ,Open Hardware Monitor,1
10:06:19.000,79.0,81.0,81.0,79.0,81.0,17.5,13.5,0.0,0.0,1426.0,Attack,Cryptojacking,CoinIMP (CPU) (100%),ASUS Zenbook UX51VZ,Open Hardware Monitor,1
10:06:22.000,78.0,81.0,79.0,78.0,81.0,17.6,13.6,0.0,0.0,1429.0,Attack,Cryptojacking,CoinIMP (CPU) (100%),ASUS Zenbook UX51VZ,Open Hardware Monitor,1
10:06:25.000,78.0,80.0,81.0,79.0,81.0,17.6,13.6,0.0,0.0,1432.0,Attack,Cryptojacking,CoinIMP (CPU) (100%),ASUS Zenbook UX51VZ,Open Hardware Monitor,1
10:06:28.000,79.0,81.0,81.0,79.0,81.0,17.6,13.6,0.0,0.0,1435.0,Attack,Cryptojacking,CoinIMP (CPU) (100%),ASUS Zenbook UX51VZ,Open Hardware Monitor,1
10:06:31.000,79.0,80.0,80.0,78.0,80.0,17.5,13.5,0.0,0.0,1438.0,Attack,Cryptojacking,CoinIMP (CPU) (100%),ASUS Zenbook UX51VZ,Open Hardware Monitor,1
10:06:34.000,79.0,81.0,79.0,78.0,81.0,17.4,13.5,0.0,0.0,1441.0,Attack,Cryptojacking,CoinIMP (CPU) (100%),ASUS Zenbook UX51VZ,Open Hardware Monitor,1
10:06:37.000,80.0,80.0,80.0,78.0,80.0,17.6,13.6,0.0,0.0,1444.0,Attack,Cryptojacking,CoinIMP (CPU) (100%),ASUS Zenbook UX51VZ,Open Hardware Monitor,1
10:06:40.000,79.0,81.0,81.0,79.0,81.0,17.5,13.5,0.0,0.0,1447.0,Attack,Cryptojacking,CoinIMP (CPU) (100%),ASUS Zenbook UX51VZ,Open Hardware Monitor,1
10:06:43.000,79.0,81.0,80.0,79.0,81.0,17.5,13.5,0.0,0.0,1450.0,Attack,Cryptojacking,CoinIMP (CPU) (100%),ASUS Zenbook UX51VZ,Open Hardware Monitor,1
10:06:46.000,79.0,81.0,81.0,78.0,81.0,17.5,13.5,0.0,0.0,1453.0,Attack,Cryptojacking,CoinIMP (CPU) (100%),ASUS Zenbook UX51VZ,Open Hardware Monitor,1
10:06:49.000,80.0,80.0,80.0,79.0,80.0,17.7,13.7,0.0,0.0,1456.0,Attack,Cryptojacking,CoinIMP (CPU) (100%),ASUS Zenbook UX51VZ,Open Hardware Monitor,1
10:06:52.000,79.0,81.0,81.0,79.0,81.0,17.6,13.6,0.0,0.0,1459.0,Attack,Cryptojacking,CoinIMP (CPU) (100%),ASUS Zenbook UX51VZ,Open Hardware Monitor,1
10:06:55.000,79.0,81.0,80.0,78.0,81.0,17.6,13.6,0.0,0.0,1462.0,Attack,Cryptojacking,CoinIMP (CPU) (100%),ASUS Zenbook UX51VZ,Open Hardware Monitor,1
10:06:58.000,79.0,81.0,80.0,79.0,81.0,17.5,13.5,0.0,0.0,1465.0,Attack,Cryptojacking,CoinIMP (CPU) (100%),ASUS Zenbook UX51VZ,Open Hardware Monitor,1
10:07:01.000,79.0,81.0,79.0,80.0,81.0,17.5,13.5,0.0,0.0,1468.0,Attack,Cryptojacking,CoinIMP (CPU) (100%),ASUS Zenbook UX51VZ,Open Hardware Monitor,1
10:07:04.000,80.0,82.0,81.0,78.0,82.0,17.4,13.5,0.0,0.0,1471.0,Attack,Cryptojacking,CoinIMP (CPU) (100%),ASUS Zenbook UX51VZ,Open Hardware Monitor,1
10:07:08.000,79.0,81.0,81.0,78.0,81.0,17.5,13.5,0.0,0.0,1475.0,Attack,Cryptojacking,CoinIMP (CPU) (100%),ASUS Zenbook UX51VZ,Open Hardware Monitor,1
10:07:11.000,79.0,81.0,80.0,79.0,81.0,17.6,13.6,0.0,0.0,1478.0,Attack,Cryptojacking,CoinIMP (CPU) (100%),ASUS Zenbook UX51VZ,Open Hardware Monitor,1
10:07:14.000,79.0,81.0,80.0,79.0,81.0,17.6,13.6,0.0,0.0,1481.0,Attack,Cryptojacking,CoinIMP (CPU) (100%),ASUS Zenbook UX51VZ,Open Hardware Monitor,1
10:07:17.000,79.0,80.0,81.0,79.0,81.0,17.5,13.5,0.0,0.0,1484.0,Attack,Cryptojacking,CoinIMP (CPU) (100%),ASUS Zenbook UX51VZ,Open Hardware Monitor,1
10:07:20.000,79.0,80.0,80.0,78.0,80.0,17.6,13.6,0.0,0.0,1487.0,Attack,Cryptojacking,CoinIMP (CPU) (100%),ASUS Zenbook UX51VZ,Open Hardware Monitor,1
10:07:23.000,79.0,81.0,80.0,78.0,81.0,17.8,13.8,0.0,0.0,1490.0,Attack,Cryptojacking,CoinIMP (CPU) (100%),ASUS Zenbook UX51VZ,Open Hardware Monitor,1
10:07:26.000,79.0,81.0,79.0,78.0,81.0,17.7,13.6,0.0,0.0,1493.0,Attack,Cryptojacking,CoinIMP (CPU) (100%),ASUS Zenbook UX51VZ,Open Hardware Monitor,1
10:07:29.000,79.0,81.0,81.0,79.0,81.0,17.5,13.5,0.0,0.0,1496.0,Attack,Cryptojacking,CoinIMP (CPU) (100%),ASUS Zenbook UX51VZ,Open Hardware Monitor,1
10:07:32.000,79.0,81.0,79.0,79.0,81.0,17.5,13.5,0.0,0.0,1499.0,Attack,Cryptojacking,CoinIMP (CPU) (100%),ASUS Zenbook UX51VZ,Open Hardware Monitor,1
10:07:35.000,79.0,81.0,80.0,79.0,81.0,17.6,13.6,0.0,0.0,1502.0,Attack,Cryptojacking,CoinIMP (CPU) (100%),ASUS Zenbook UX51VZ,Open Hardware Monitor,1
10:07:38.000,79.0,81.0,80.0,79.0,81.0,17.5,13.5,0.0,0.0,1505.0,Attack,Cryptojacking,CoinIMP (CPU) (100%),ASUS Zenbook UX51VZ,Open Hardware Monitor,1
10:07:41.000,79.0,81.0,80.0,79.0,82.0,17.6,13.6,0.0,0.0,1508.0,Attack,Cryptojacking,CoinIMP (CPU) (100%),ASUS Zenbook UX51VZ,Open Hardware Monitor,1
10:07:44.000,79.0,82.0,80.0,79.0,82.0,17.5,13.5,0.0,0.0,1511.0,Attack,Cryptojacking,CoinIMP (CPU) (100%),ASUS Zenbook UX51VZ,Open Hardware Monitor,1
10:07:47.000,79.0,80.0,80.0,80.0,80.0,17.6,13.6,0.0,0.0,1514.0,Attack,Cryptojacking,CoinIMP (CPU) (100%),ASUS Zenbook UX51VZ,Open Hardware Monitor,1
10:07:50.000,79.0,81.0,80.0,79.0,81.0,17.4,13.4,0.0,0.0,1517.0,Attack,Cryptojacking,CoinIMP (CPU) (100%),ASUS Zenbook UX51VZ,Open Hardware Monitor,1
10:07:53.000,79.0,80.0,80.0,78.0,80.0,17.5,13.5,0.0,0.0,1520.0,Attack,Cryptojacking,CoinIMP (CPU) (100%),ASUS Zenbook UX51VZ,Open Hardware Monitor,1
10:07:56.000,79.0,82.0,79.0,78.0,82.0,17.6,13.6,0.0,0.0,1523.0,Attack,Cryptojacking,CoinIMP (CPU) (100%),ASUS Zenbook UX51VZ,Open Hardware Monitor,1
10:07:59.000,78.0,81.0,79.0,78.0,81.0,17.4,13.5,0.0,0.0,1526.0,Attack,Cryptojacking,CoinIMP (CPU) (100%),ASUS Zenbook UX51VZ,Open Hardware Monitor,1
10:08:02.000,79.0,81.0,79.0,79.0,82.0,17.4,13.4,0.0,0.0,1529.0,Attack,Cryptojacking,CoinIMP (CPU) (100%),ASUS Zenbook UX51VZ,Open Hardware Monitor,1
10:08:05.000,79.0,81.0,80.0,79.0,81.0,17.5,13.5,0.0,0.0,1532.0,Attack,Cryptojacking,CoinIMP (CPU) (100%),ASUS Zenbook UX51VZ,Open Hardware Monitor,1
10:08:08.000,79.0,80.0,80.0,78.0,80.0,17.6,13.6,0.0,0.0,1535.0,Attack,Cryptojacking,CoinIMP (CPU) (100%),ASUS Zenbook UX51VZ,Open Hardware Monitor,1
10:08:11.000,79.0,81.0,81.0,79.0,81.0,17.5,13.6,0.0,0.0,1538.0,Attack,Cryptojacking,CoinIMP (CPU) (100%),ASUS Zenbook UX51VZ,Open Hardware Monitor,1
10:08:14.000,79.0,82.0,80.0,80.0,82.0,17.5,13.5,0.0,0.0,1541.0,Attack,Cryptojacking,CoinIMP (CPU) (100%),ASUS Zenbook UX51VZ,Open Hardware Monitor,1
10:08:17.000,79.0,81.0,81.0,79.0,81.0,17.6,13.6,0.0,0.0,1544.0,Attack,Cryptojacking,CoinIMP (CPU) (100%),ASUS Zenbook UX51VZ,Open Hardware Monitor,1
10:08:20.000,79.0,81.0,81.0,78.0,81.0,17.4,13.5,0.0,0.0,1547.0,Attack,Cryptojacking,CoinIMP (CPU) (100%),ASUS Zenbook UX51VZ,Open Hardware Monitor,1
10:08:23.000,79.0,81.0,80.0,79.0,81.0,17.5,13.5,0.0,0.0,1550.0,Attack,Cryptojacking,CoinIMP (CPU) (100%),ASUS Zenbook UX51VZ,Open Hardware Monitor,1
10:08:26.000,79.0,81.0,81.0,78.0,81.0,17.4,13.5,0.0,0.0,1553.0,Attack,Cryptojacking,CoinIMP (CPU) (100%),ASUS Zenbook UX51VZ,Open Hardware Monitor,1
10:08:29.000,78.0,81.0,80.0,78.0,81.0,17.6,13.6,0.0,0.0,1556.0,Attack,Cryptojacking,CoinIMP (CPU) (100%),ASUS Zenbook UX51VZ,Open Hardware Monitor,1
10:08:32.000,78.0,80.0,80.0,79.0,80.0,17.7,13.6,0.0,0.0,1559.0,Attack,Cryptojacking,CoinIMP (CPU) (100%),ASUS Zenbook UX51VZ,Open Hardware Monitor,1
10:08:35.000,78.0,81.0,80.0,78.0,81.0,17.6,13.6,0.0,0.0,1562.0,Attack,Cryptojacking,CoinIMP (CPU) (100%),ASUS Zenbook UX51VZ,Open Hardware Monitor,1
10:08:38.000,79.0,80.0,80.0,79.0,80.0,17.5,13.5,0.0,0.0,1565.0,Attack,Cryptojacking,CoinIMP (CPU) (100%),ASUS Zenbook UX51VZ,Open Hardware Monitor,1
10:08:41.000,79.0,80.0,80.0,79.0,80.0,17.5,13.6,0.0,0.0,1568.0,Attack,Cryptojacking,CoinIMP (CPU) (100%),ASUS Zenbook UX51VZ,Open Hardware Monitor,1
10:08:44.000,79.0,82.0,81.0,78.0,82.0,17.7,13.7,0.0,0.0,1571.0,Attack,Cryptojacking,CoinIMP (CPU) (100%),ASUS Zenbook UX51VZ,Open Hardware Monitor,1
10:08:47.000,79.0,81.0,80.0,78.0,81.0,17.6,13.6,0.0,0.0,1574.0,Attack,Cryptojacking,CoinIMP (CPU) (100%),ASUS Zenbook UX51VZ,Open Hardware Monitor,1
10:08:50.000,79.0,81.0,81.0,79.0,81.0,17.6,13.6,0.0,0.0,1577.0,Attack,Cryptojacking,CoinIMP (CPU) (100%),ASUS Zenbook UX51VZ,Open Hardware Monitor,1
10:08:53.000,79.0,81.0,79.0,79.0,81.0,17.6,13.6,0.0,0.0,1580.0,Attack,Cryptojacking,CoinIMP (CPU) (100%),ASUS Zenbook UX51VZ,Open Hardware Monitor,1
10:08:56.000,78.0,82.0,80.0,79.0,82.0,17.5,13.6,0.0,0.0,1583.0,Attack,Cryptojacking,CoinIMP (CPU) (100%),ASUS Zenbook UX51VZ,Open Hardware Monitor,1
10:08:59.000,79.0,82.0,80.0,79.0,82.0,17.6,13.6,0.0,0.0,1586.0,Attack,Cryptojacking,CoinIMP (CPU) (100%),ASUS Zenbook UX51VZ,Open Hardware Monitor,1
10:09:02.000,79.0,80.0,80.0,78.0,80.0,17.6,13.6,0.0,0.0,1589.0,Attack,Cryptojacking,CoinIMP (CPU) (100%),ASUS Zenbook UX51VZ,Open Hardware Monitor,1
10:09:05.000,79.0,81.0,80.0,78.0,81.0,17.7,13.6,0.0,0.0,1592.0,Attack,Cryptojacking,CoinIMP (CPU) (100%),ASUS Zenbook UX51VZ,Open Hardware Monitor,1
10:09:08.000,79.0,81.0,79.0,79.0,81.0,17.6,13.6,0.0,0.0,1595.0,Attack,Cryptojacking,CoinIMP (CPU) (100%),ASUS Zenbook UX51VZ,Open Hardware Monitor,1
10:09:11.000,78.0,80.0,79.0,78.0,80.0,17.5,13.5,0.0,0.0,1598.0,Attack,Cryptojacking,CoinIMP (CPU) (100%),ASUS Zenbook UX51VZ,Open Hardware Monitor,1
10:09:14.000,79.0,81.0,81.0,78.0,81.0,17.4,13.5,0.0,0.0,1601.0,Attack,Cryptojacking,CoinIMP (CPU) (100%),ASUS Zenbook UX51VZ,Open Hardware Monitor,1
10:09:17.000,79.0,80.0,80.0,79.0,80.0,17.6,13.6,0.0,0.0,1604.0,Attack,Cryptojacking,CoinIMP (CPU) (100%),ASUS Zenbook UX51VZ,Open Hardware Monitor,1
10:09:20.000,79.0,81.0,80.0,79.0,81.0,17.7,13.7,0.0,0.0,1607.0,Attack,Cryptojacking,CoinIMP (CPU) (100%),ASUS Zenbook UX51VZ,Open Hardware Monitor,1
10:09:23.000,79.0,81.0,81.0,78.0,81.0,17.7,13.6,0.0,0.0,1610.0,Attack,Cryptojacking,CoinIMP (CPU) (100%),ASUS Zenbook UX51VZ,Open Hardware Monitor,1
10:09:26.000,79.0,81.0,80.0,78.0,81.0,17.5,13.5,0.0,0.0,1613.0,Attack,Cryptojacking,CoinIMP (CPU) (100%),ASUS Zenbook UX51VZ,Open Hardware Monitor,1
10:09:29.000,78.0,82.0,80.0,79.0,82.0,17.5,13.5,0.0,0.0,1616.0,Attack,Cryptojacking,CoinIMP (CPU) (100%),ASUS Zenbook UX51VZ,Open Hardware Monitor,1
10:09:33.000,79.0,81.0,81.0,79.0,81.0,17.5,13.6,0.0,0.0,1620.0,Attack,Cryptojacking,CoinIMP (CPU) (100%),ASUS Zenbook UX51VZ,Open Hardware Monitor,1
10:09:36.000,79.0,80.0,80.0,78.0,81.0,17.5,13.5,0.0,0.0,1623.0,Attack,Cryptojacking,CoinIMP (CPU) (100%),ASUS Zenbook UX51VZ,Open Hardware Monitor,1
10:09:39.000,78.0,81.0,81.0,79.0,81.0,17.5,13.5,0.0,0.0,1626.0,Attack,Cryptojacking,CoinIMP (CPU) (100%),ASUS Zenbook UX51VZ,Open Hardware Monitor,1
10:09:42.000,79.0,80.0,80.0,78.0,80.0,17.5,13.5,0.0,0.0,1629.0,Attack,Cryptojacking,CoinIMP (CPU) (100%),ASUS Zenbook UX51VZ,Open Hardware Monitor,1
10:09:45.000,79.0,80.0,80.0,78.0,81.0,17.6,13.6,0.0,0.0,1632.0,Attack,Cryptojacking,CoinIMP (CPU) (100%),ASUS Zenbook UX51VZ,Open Hardware Monitor,1
10:09:48.000,79.0,81.0,81.0,78.0,81.0,17.6,13.6,0.0,0.0,1635.0,Attack,Cryptojacking,CoinIMP (CPU) (100%),ASUS Zenbook UX51VZ,Open Hardware Monitor,1
10:09:51.000,79.0,81.0,80.0,79.0,81.0,17.5,13.5,0.0,0.0,1638.0,Attack,Cryptojacking,CoinIMP (CPU) (100%),ASUS Zenbook UX51VZ,Open Hardware Monitor,1
10:09:54.000,79.0,81.0,80.0,78.0,81.0,17.5,13.5,0.0,0.0,1641.0,Attack,Cryptojacking,CoinIMP (CPU) (100%),ASUS Zenbook UX51VZ,Open Hardware Monitor,1
10:09:57.000,79.0,81.0,80.0,78.0,81.0,17.5,13.5,0.0,0.0,1644.0,Attack,Cryptojacking,CoinIMP (CPU) (100%),ASUS Zenbook UX51VZ,Open Hardware Monitor,1
10:10:00.000,78.0,81.0,79.0,79.0,81.0,17.6,13.6,0.0,0.0,1647.0,Attack,Cryptojacking,CoinIMP (CPU) (100%),ASUS Zenbook UX51VZ,Open Hardware Monitor,1
10:10:03.000,79.0,81.0,80.0,79.0,81.0,17.6,13.6,0.0,0.0,1650.0,Attack,Cryptojacking,CoinIMP (CPU) (100%),ASUS Zenbook UX51VZ,Open Hardware Monitor,1
10:10:06.000,79.0,80.0,79.0,78.0,80.0,17.5,13.5,0.0,0.0,1653.0,Attack,Cryptojacking,CoinIMP (CPU) (100%),ASUS Zenbook UX51VZ,Open Hardware Monitor,1
10:10:09.000,78.0,81.0,80.0,79.0,81.0,17.6,13.6,0.0,0.0,1656.0,Attack,Cryptojacking,CoinIMP (CPU) (100%),ASUS Zenbook UX51VZ,Open Hardware Monitor,1
10:10:12.000,78.0,80.0,80.0,78.0,80.0,17.5,13.5,0.0,0.0,1659.0,Attack,Cryptojacking,CoinIMP (CPU) (100%),ASUS Zenbook UX51VZ,Open Hardware Monitor,1
10:10:15.000,79.0,81.0,80.0,79.0,81.0,17.5,13.5,0.0,0.0,1662.0,Attack,Cryptojacking,CoinIMP (CPU) (100%),ASUS Zenbook UX51VZ,Open Hardware Monitor,1
10:10:18.000,79.0,81.0,81.0,79.0,81.0,17.5,13.5,0.0,0.0,1665.0,Attack,Cryptojacking,CoinIMP (CPU) (100%),ASUS Zenbook UX51VZ,Open Hardware Monitor,1
10:10:21.000,79.0,81.0,80.0,79.0,81.0,17.5,13.5,0.0,0.0,1668.0,Attack,Cryptojacking,CoinIMP (CPU) (100%),ASUS Zenbook UX51VZ,Open Hardware Monitor,1
10:10:24.000,79.0,81.0,80.0,78.0,81.0,17.5,13.5,0.0,0.0,1671.0,Attack,Cryptojacking,CoinIMP (CPU) (100%),ASUS Zenbook UX51VZ,Open Hardware Monitor,1
10:10:27.000,78.0,81.0,80.0,79.0,81.0,17.5,13.4,0.0,0.0,1674.0,Attack,Cryptojacking,CoinIMP (CPU) (100%),ASUS Zenbook UX51VZ,Open Hardware Monitor,1
10:10:30.000,79.0,80.0,80.0,78.0,80.0,17.3,13.3,0.0,0.0,1677.0,Attack,Cryptojacking,CoinIMP (CPU) (100%),ASUS Zenbook UX51VZ,Open Hardware Monitor,1
10:10:33.000,78.0,81.0,80.0,78.0,81.0,17.4,13.4,0.0,0.0,1680.0,Attack,Cryptojacking,CoinIMP (CPU) (100%),ASUS Zenbook UX51VZ,Open Hardware Monitor,1
10:10:36.000,79.0,81.0,80.0,79.0,81.0,17.4,13.4,0.0,0.0,1683.0,Attack,Cryptojacking,CoinIMP (CPU) (100%),ASUS Zenbook UX51VZ,Open Hardware Monitor,1
10:10:39.000,78.0,81.0,80.0,79.0,81.0,17.5,13.5,0.0,0.0,1686.0,Attack,Cryptojacking,CoinIMP (CPU) (100%),ASUS Zenbook UX51VZ,Open Hardware Monitor,1
10:10:42.000,78.0,81.0,81.0,80.0,81.0,17.4,13.4,0.0,0.0,1689.0,Attack,Cryptojacking,CoinIMP (CPU) (100%),ASUS Zenbook UX51VZ,Open Hardware Monitor,1
10:10:45.000,78.0,81.0,80.0,79.0,81.0,17.4,13.4,0.0,0.0,1692.0,Attack,Cryptojacking,CoinIMP (CPU) (100%),ASUS Zenbook UX51VZ,Open Hardware Monitor,1
10:10:48.000,79.0,81.0,79.0,79.0,81.0,17.5,13.5,0.0,0.0,1695.0,Attack,Cryptojacking,CoinIMP (CPU) (100%),ASUS Zenbook UX51VZ,Open Hardware Monitor,1
10:10:51.000,78.0,82.0,79.0,78.0,82.0,17.6,13.6,0.0,0.0,1698.0,Attack,Cryptojacking,CoinIMP (CPU) (100%),ASUS Zenbook UX51VZ,Open Hardware Monitor,1
10:10:54.000,79.0,80.0,78.0,79.0,81.0,17.6,13.6,0.0,0.0,1701.0,Attack,Cryptojacking,CoinIMP (CPU) (100%),ASUS Zenbook UX51VZ,Open Hardware Monitor,1
10:10:57.000,79.0,81.0,80.0,78.0,81.0,18.0,14.1,0.0,0.0,1704.0,Attack,Cryptojacking,CoinIMP (CPU) (100%),ASUS Zenbook UX51VZ,Open Hardware Monitor,1
10:11:00.000,78.0,81.0,81.0,78.0,81.0,17.5,13.5,0.0,0.0,1707.0,Attack,Cryptojacking,CoinIMP (CPU) (100%),ASUS Zenbook UX51VZ,Open Hardware Monitor,1
10:11:03.000,78.0,80.0,80.0,79.0,80.0,17.5,13.5,0.0,0.0,1710.0,Attack,Cryptojacking,CoinIMP (CPU) (100%),ASUS Zenbook UX51VZ,Open Hardware Monitor,1
10:11:06.000,78.0,80.0,80.0,78.0,80.0,17.6,13.6,0.0,0.0,1713.0,Attack,Cryptojacking,CoinIMP (CPU) (100%),ASUS Zenbook UX51VZ,Open Hardware Monitor,1
10:11:09.000,79.0,80.0,80.0,79.0,80.0,17.6,13.6,0.0,0.0,1716.0,Attack,Cryptojacking,CoinIMP (CPU) (100%),ASUS Zenbook UX51VZ,Open Hardware Monitor,1
10:11:12.000,79.0,81.0,80.0,79.0,81.0,17.6,13.6,0.0,0.0,1719.0,Attack,Cryptojacking,CoinIMP (CPU) (100%),ASUS Zenbook UX51VZ,Open Hardware Monitor,1
10:11:15.000,79.0,80.0,80.0,77.0,80.0,17.6,13.6,0.0,0.0,1722.0,Attack,Cryptojacking,CoinIMP (CPU) (100%),ASUS Zenbook UX51VZ,Open Hardware Monitor,1
10:11:18.000,79.0,80.0,81.0,78.0,81.0,17.5,13.5,0.0,0.0,1725.0,Attack,Cryptojacking,CoinIMP (CPU) (100%),ASUS Zenbook UX51VZ,Open Hardware Monitor,1
10:11:21.000,78.0,80.0,81.0,78.0,81.0,17.6,13.6,0.0,0.0,1728.0,Attack,Cryptojacking,CoinIMP (CPU) (100%),ASUS Zenbook UX51VZ,Open Hardware Monitor,1
10:11:24.000,79.0,81.0,80.0,78.0,81.0,17.6,13.6,0.0,0.0,1731.0,Attack,Cryptojacking,CoinIMP (CPU) (100%),ASUS Zenbook UX51VZ,Open Hardware Monitor,1
10:11:27.000,79.0,81.0,81.0,78.0,81.0,17.7,13.6,0.0,0.0,1734.0,Attack,Cryptojacking,CoinIMP (CPU) (100%),ASUS Zenbook UX51VZ,Open Hardware Monitor,1
10:11:30.000,79.0,81.0,80.0,78.0,81.0,17.6,13.6,0.0,0.0,1737.0,Attack,Cryptojacking,CoinIMP (CPU) (100%),ASUS Zenbook UX51VZ,Open Hardware Monitor,1
10:11:33.000,79.0,81.0,80.0,78.0,81.0,17.5,13.5,0.0,0.0,1740.0,Attack,Cryptojacking,CoinIMP (CPU) (100%),ASUS Zenbook UX51VZ,Open Hardware Monitor,1
10:11:36.000,79.0,81.0,81.0,77.0,81.0,17.7,13.6,0.0,0.0,1743.0,Attack,Cryptojacking,CoinIMP (CPU) (100%),ASUS Zenbook UX51VZ,Open Hardware Monitor,1
10:11:39.000,79.0,81.0,80.0,78.0,81.0,17.6,13.6,0.0,0.0,1746.0,Attack,Cryptojacking,CoinIMP (CPU) (100%),ASUS Zenbook UX51VZ,Open Hardware Monitor,1
10:11:42.000,78.0,81.0,81.0,78.0,81.0,17.6,13.6,0.0,0.0,1749.0,Attack,Cryptojacking,CoinIMP (CPU) (100%),ASUS Zenbook UX51VZ,Open Hardware Monitor,1
10:11:45.000,79.0,81.0,80.0,79.0,81.0,17.6,13.6,0.0,0.0,1752.0,Attack,Cryptojacking,CoinIMP (CPU) (100%),ASUS Zenbook UX51VZ,Open Hardware Monitor,1
10:11:48.000,79.0,81.0,79.0,78.0,81.0,17.7,13.7,0.0,0.0,1755.0,Attack,Cryptojacking,CoinIMP (CPU) (100%),ASUS Zenbook UX51VZ,Open Hardware Monitor,1
10:11:51.000,79.0,81.0,81.0,77.0,81.0,17.6,13.6,0.0,0.0,1758.0,Attack,Cryptojacking,CoinIMP (CPU) (100%),ASUS Zenbook UX51VZ,Open Hardware Monitor,1
10:11:55.000,79.0,80.0,80.0,78.0,80.0,17.6,13.6,0.0,0.0,1762.0,Attack,Cryptojacking,CoinIMP (CPU) (100%),ASUS Zenbook UX51VZ,Open Hardware Monitor,1
10:11:58.000,79.0,80.0,81.0,79.0,81.0,17.5,13.5,0.0,0.0,1765.0,Attack,Cryptojacking,CoinIMP (CPU) (100%),ASUS Zenbook UX51VZ,Open Hardware Monitor,1
10:12:01.000,78.0,81.0,80.0,78.0,81.0,17.6,13.6,0.0,0.0,1768.0,Attack,Cryptojacking,CoinIMP (CPU) (100%),ASUS Zenbook UX51VZ,Open Hardware Monitor,1
10:12:04.000,79.0,81.0,80.0,77.0,81.0,17.4,13.5,0.0,0.0,1771.0,Attack,Cryptojacking,CoinIMP (CPU) (100%),ASUS Zenbook UX51VZ,Open Hardware Monitor,1
10:12:07.000,78.0,80.0,80.0,78.0,80.0,17.6,13.6,0.0,0.0,1774.0,Attack,Cryptojacking,CoinIMP (CPU) (100%),ASUS Zenbook UX51VZ,Open Hardware Monitor,1
10:12:10.000,79.0,80.0,81.0,78.0,81.0,17.6,13.6,0.0,0.0,1777.0,Attack,Cryptojacking,CoinIMP (CPU) (100%),ASUS Zenbook UX51VZ,Open Hardware Monitor,1
10:12:13.000,79.0,81.0,80.0,78.0,81.0,17.5,13.6,0.0,0.0,1780.0,Attack,Cryptojacking,CoinIMP (CPU) (100%),ASUS Zenbook UX51VZ,Open Hardware Monitor,1
10:12:16.000,78.0,82.0,81.0,78.0,82.0,17.6,13.6,0.0,0.0,1783.0,Attack,Cryptojacking,CoinIMP (CPU) (100%),ASUS Zenbook UX51VZ,Open Hardware Monitor,1
10:12:19.000,79.0,81.0,81.0,78.0,81.0,17.6,13.6,0.0,0.0,1786.0,Attack,Cryptojacking,CoinIMP (CPU) (100%),ASUS Zenbook UX51VZ,Open Hardware Monitor,1
10:12:22.000,79.0,82.0,81.0,78.0,82.0,17.6,13.6,0.0,0.0,1789.0,Attack,Cryptojacking,CoinIMP (CPU) (100%),ASUS Zenbook UX51VZ,Open Hardware Monitor,1
10:12:25.000,79.0,81.0,81.0,78.0,81.0,17.6,13.6,0.0,0.0,1792.0,Attack,Cryptojacking,CoinIMP (CPU) (100%),ASUS Zenbook UX51VZ,Open Hardware Monitor,1
10:12:28.000,78.0,82.0,81.0,78.0,82.0,17.5,13.5,0.0,0.0,1795.0,Attack,Cryptojacking,CoinIMP (CPU) (100%),ASUS Zenbook UX51VZ,Open Hardware Monitor,1
10:12:31.000,79.0,82.0,81.0,78.0,82.0,17.6,13.6,0.0,0.0,1798.0,Attack,Cryptojacking,CoinIMP (CPU) (100%),ASUS Zenbook UX51VZ,Open Hardware Monitor,1
10:12:34.000,79.0,81.0,79.0,78.0,81.0,17.6,13.6,0.0,0.0,1801.0,Attack,Cryptojacking,CoinIMP (CPU) (100%),ASUS Zenbook UX51VZ,Open Hardware Monitor,1
10:12:37.000,79.0,82.0,80.0,78.0,82.0,17.5,13.5,0.0,0.0,1804.0,Attack,Cryptojacking,CoinIMP (CPU) (100%),ASUS Zenbook UX51VZ,Open Hardware Monitor,1
10:12:40.000,78.0,81.0,80.0,78.0,81.0,17.6,13.6,0.0,0.0,1807.0,Attack,Cryptojacking,CoinIMP (CPU) (100%),ASUS Zenbook UX51VZ,Open Hardware Monitor,1
10:12:43.000,79.0,81.0,81.0,79.0,81.0,17.6,13.6,0.0,0.0,1810.0,Attack,Cryptojacking,CoinIMP (CPU) (100%),ASUS Zenbook UX51VZ,Open Hardware Monitor,1
10:12:46.000,79.0,80.0,79.0,78.0,80.0,17.5,13.5,0.0,0.0,1813.0,Attack,Cryptojacking,CoinIMP (CPU) (100%),ASUS Zenbook UX51VZ,Open Hardware Monitor,1
10:12:49.000,78.0,81.0,79.0,78.0,81.0,17.5,13.5,0.0,0.0,1816.0,Attack,Cryptojacking,CoinIMP (CPU) (100%),ASUS Zenbook UX51VZ,Open Hardware Monitor,1
10:12:52.000,79.0,81.0,79.0,79.0,81.0,17.5,13.5,0.0,0.0,1819.0,Attack,Cryptojacking,CoinIMP (CPU) (100%),ASUS Zenbook UX51VZ,Open Hardware Monitor,1
10:12:55.000,79.0,81.0,80.0,78.0,81.0,17.4,13.4,0.0,0.0,1822.0,Attack,Cryptojacking,CoinIMP (CPU) (100%),ASUS Zenbook UX51VZ,Open Hardware Monitor,1
10:12:58.000,79.0,81.0,80.0,79.0,81.0,17.5,13.5,0.0,0.0,1825.0,Attack,Cryptojacking,CoinIMP (CPU) (100%),ASUS Zenbook UX51VZ,Open Hardware Monitor,1
10:13:01.000,79.0,81.0,80.0,78.0,81.0,17.4,13.4,0.0,0.0,1828.0,Attack,Cryptojacking,CoinIMP (CPU) (100%),ASUS Zenbook UX51VZ,Open Hardware Monitor,1
10:13:04.000,79.0,82.0,80.0,79.0,82.0,17.5,13.5,0.0,0.0,1831.0,Attack,Cryptojacking,CoinIMP (CPU) (100%),ASUS Zenbook UX51VZ,Open Hardware Monitor,1
10:13:07.000,78.0,82.0,79.0,79.0,82.0,17.5,13.5,0.0,0.0,1834.0,Attack,Cryptojacking,CoinIMP (CPU) (100%),ASUS Zenbook UX51VZ,Open Hardware Monitor,1
10:13:10.000,79.0,80.0,80.0,79.0,80.0,17.6,13.6,0.0,0.0,1837.0,Attack,Cryptojacking,CoinIMP (CPU) (100%),ASUS Zenbook UX51VZ,Open Hardware Monitor,1
10:13:13.000,78.0,81.0,79.0,78.0,81.0,17.6,13.6,0.0,0.0,1840.0,Attack,Cryptojacking,CoinIMP (CPU) (100%),ASUS Zenbook UX51VZ,Open Hardware Monitor,1
10:13:16.000,78.0,82.0,80.0,78.0,82.0,17.6,13.6,0.0,0.0,1843.0,Attack,Cryptojacking,CoinIMP (CPU) (100%),ASUS Zenbook UX51VZ,Open Hardware Monitor,1
10:13:19.000,79.0,81.0,80.0,77.0,81.0,17.5,13.5,0.0,0.0,1846.0,Attack,Cryptojacking,CoinIMP (CPU) (100%),ASUS Zenbook UX51VZ,Open Hardware Monitor,1
10:13:22.000,79.0,81.0,81.0,79.0,81.0,17.6,13.6,0.0,0.0,1849.0,Attack,Cryptojacking,CoinIMP (CPU) (100%),ASUS Zenbook UX51VZ,Open Hardware Monitor,1
10:13:25.000,79.0,80.0,80.0,78.0,80.0,17.6,13.6,0.0,0.0,1852.0,Attack,Cryptojacking,CoinIMP (CPU) (100%),ASUS Zenbook UX51VZ,Open Hardware Monitor,1
10:13:28.000,78.0,81.0,81.0,79.0,81.0,17.5,13.5,0.0,0.0,1855.0,Attack,Cryptojacking,CoinIMP (CPU) (100%),ASUS Zenbook UX51VZ,Open Hardware Monitor,1
10:13:31.000,79.0,81.0,80.0,79.0,82.0,17.6,13.6,0.0,0.0,1858.0,Attack,Cryptojacking,CoinIMP (CPU) (100%),ASUS Zenbook UX51VZ,Open Hardware Monitor,1
10:13:34.000,78.0,80.0,80.0,79.0,80.0,17.6,13.6,0.0,0.0,1861.0,Attack,Cryptojacking,CoinIMP (CPU) (100%),ASUS Zenbook UX51VZ,Open Hardware Monitor,1
10:13:37.000,78.0,81.0,80.0,78.0,81.0,17.6,13.6,0.0,0.0,1864.0,Attack,Cryptojacking,CoinIMP (CPU) (100%),ASUS Zenbook UX51VZ,Open Hardware Monitor,1
10:13:40.000,79.0,81.0,81.0,78.0,81.0,17.6,13.6,0.0,0.0,1867.0,Attack,Cryptojacking,CoinIMP (CPU) (100%),ASUS Zenbook UX51VZ,Open Hardware Monitor,1
10:13:43.000,79.0,82.0,81.0,78.0,82.0,17.6,13.6,0.0,0.0,1870.0,Attack,Cryptojacking,CoinIMP (CPU) (100%),ASUS Zenbook UX51VZ,Open Hardware Monitor,1
10:13:46.000,79.0,82.0,80.0,78.0,81.0,17.6,13.6,0.0,0.0,1873.0,Attack,Cryptojacking,CoinIMP (CPU) (100%),ASUS Zenbook UX51VZ,Open Hardware Monitor,1
10:13:49.000,79.0,82.0,80.0,78.0,82.0,17.5,13.5,0.0,0.0,1876.0,Attack,Cryptojacking,CoinIMP (CPU) (100%),ASUS Zenbook UX51VZ,Open Hardware Monitor,1
10:13:52.000,79.0,82.0,79.0,78.0,82.0,17.6,13.6,0.0,0.0,1879.0,Attack,Cryptojacking,CoinIMP (CPU) (100%),ASUS Zenbook UX51VZ,Open Hardware Monitor,1
10:13:55.000,78.0,81.0,80.0,79.0,81.0,17.6,13.7,0.0,0.0,1882.0,Attack,Cryptojacking,CoinIMP (CPU) (100%),ASUS Zenbook UX51VZ,Open Hardware Monitor,1
10:13:58.000,79.0,82.0,80.0,78.0,82.0,17.6,13.6,0.0,0.0,1885.0,Attack,Cryptojacking,CoinIMP (CPU) (100%),ASUS Zenbook UX51VZ,Open Hardware Monitor,1
10:14:01.000,79.0,81.0,80.0,79.0,81.0,17.6,13.6,0.0,0.0,1888.0,Attack,Cryptojacking,CoinIMP (CPU) (100%),ASUS Zenbook UX51VZ,Open Hardware Monitor,1
10:14:04.000,78.0,81.0,79.0,79.0,81.0,17.6,13.6,0.0,0.0,1891.0,Attack,Cryptojacking,CoinIMP (CPU) (100%),ASUS Zenbook UX51VZ,Open Hardware Monitor,1
10:14:07.000,79.0,82.0,79.0,79.0,81.0,17.5,13.5,0.0,0.0,1894.0,Attack,Cryptojacking,CoinIMP (CPU) (100%),ASUS Zenbook UX51VZ,Open Hardware Monitor,1
10:14:10.000,79.0,81.0,80.0,78.0,81.0,17.6,13.6,0.0,0.0,1897.0,Attack,Cryptojacking,CoinIMP (CPU) (100%),ASUS Zenbook UX51VZ,Open Hardware Monitor,1
10:14:13.000,79.0,81.0,80.0,78.0,81.0,17.6,13.6,0.0,0.0,1900.0,Attack,Cryptojacking,CoinIMP (CPU) (100%),ASUS Zenbook UX51VZ,Open Hardware Monitor,1
10:14:16.000,79.0,81.0,81.0,78.0,81.0,17.6,13.6,0.0,0.0,1903.0,Attack,Cryptojacking,CoinIMP (CPU) (100%),ASUS Zenbook UX51VZ,Open Hardware Monitor,1
10:14:20.000,79.0,81.0,81.0,79.0,81.0,17.6,13.6,0.0,0.0,1907.0,Attack,Cryptojacking,CoinIMP (CPU) (100%),ASUS Zenbook UX51VZ,Open Hardware Monitor,1
10:14:23.000,79.0,81.0,80.0,79.0,81.0,17.6,13.6,0.0,0.0,1910.0,Attack,Cryptojacking,CoinIMP (CPU) (100%),ASUS Zenbook UX51VZ,Open Hardware Monitor,1
10:14:26.000,78.0,81.0,80.0,79.0,81.0,17.5,13.5,0.0,0.0,1913.0,Attack,Cryptojacking,CoinIMP (CPU) (100%),ASUS Zenbook UX51VZ,Open Hardware Monitor,1
10:14:29.000,79.0,82.0,81.0,78.0,82.0,17.6,13.6,0.0,0.0,1916.0,Attack,Cryptojacking,CoinIMP (CPU) (100%),ASUS Zenbook UX51VZ,Open Hardware Monitor,1
10:14:32.000,78.0,81.0,80.0,79.0,81.0,17.5,13.5,0.0,0.0,1919.0,Attack,Cryptojacking,CoinIMP (CPU) (100%),ASUS Zenbook UX51VZ,Open Hardware Monitor,1
10:14:35.000,79.0,81.0,80.0,78.0,81.0,17.5,13.5,0.0,0.0,1922.0,Attack,Cryptojacking,CoinIMP (CPU) (100%),ASUS Zenbook UX51VZ,Open Hardware Monitor,1
10:14:38.000,79.0,82.0,80.0,78.0,82.0,17.6,13.6,0.0,0.0,1925.0,Attack,Cryptojacking,CoinIMP (CPU) (100%),ASUS Zenbook UX51VZ,Open Hardware Monitor,1
10:14:41.000,78.0,81.0,79.0,79.0,81.0,17.6,13.6,0.0,0.0,1928.0,Attack,Cryptojacking,CoinIMP (CPU) (100%),ASUS Zenbook UX51VZ,Open Hardware Monitor,1
10:14:44.000,79.0,81.0,80.0,79.0,81.0,17.5,13.5,0.0,0.0,1931.0,Attack,Cryptojacking,CoinIMP (CPU) (100%),ASUS Zenbook UX51VZ,Open Hardware Monitor,1
10:14:47.000,79.0,81.0,80.0,78.0,81.0,17.6,13.6,0.0,0.0,1934.0,Attack,Cryptojacking,CoinIMP (CPU) (100%),ASUS Zenbook UX51VZ,Open Hardware Monitor,1
10:14:50.000,80.0,81.0,80.0,78.0,81.0,17.6,13.6,0.0,0.0,1937.0,Attack,Cryptojacking,CoinIMP (CPU) (100%),ASUS Zenbook UX51VZ,Open Hardware Monitor,1
10:14:53.000,79.0,82.0,80.0,79.0,82.0,17.7,13.7,0.0,0.0,1940.0,Attack,Cryptojacking,CoinIMP (CPU) (100%),ASUS Zenbook UX51VZ,Open Hardware Monitor,1
10:14:56.000,79.0,82.0,80.0,78.0,82.0,17.6,13.6,0.0,0.0,1943.0,Attack,Cryptojacking,CoinIMP (CPU) (100%),ASUS Zenbook UX51VZ,Open Hardware Monitor,1
10:14:59.000,79.0,81.0,80.0,79.0,81.0,17.6,13.6,0.0,0.0,1946.0,Attack,Cryptojacking,CoinIMP (CPU) (100%),ASUS Zenbook UX51VZ,Open Hardware Monitor,1
10:15:02.000,79.0,80.0,81.0,78.0,81.0,17.6,13.6,0.0,0.0,1949.0,Attack,Cryptojacking,CoinIMP (CPU) (100%),ASUS Zenbook UX51VZ,Open Hardware Monitor,1
10:15:05.000,79.0,82.0,80.0,78.0,82.0,17.7,13.7,0.0,0.0,1952.0,Attack,Cryptojacking,CoinIMP (CPU) (100%),ASUS Zenbook UX51VZ,Open Hardware Monitor,1
10:15:08.000,79.0,81.0,81.0,78.0,81.0,17.6,13.6,0.0,0.0,1955.0,Attack,Cryptojacking,CoinIMP (CPU) (100%),ASUS Zenbook UX51VZ,Open Hardware Monitor,1
10:15:11.000,78.0,81.0,81.0,78.0,81.0,17.5,13.5,0.0,0.0,1958.0,Attack,Cryptojacking,CoinIMP (CPU) (100%),ASUS Zenbook UX51VZ,Open Hardware Monitor,1
10:15:14.000,79.0,81.0,80.0,78.0,81.0,17.5,13.6,0.0,0.0,1961.0,Attack,Cryptojacking,CoinIMP (CPU) (100%),ASUS Zenbook UX51VZ,Open Hardware Monitor,1
10:15:17.000,78.0,81.0,80.0,78.0,81.0,17.6,13.6,0.0,0.0,1964.0,Attack,Cryptojacking,CoinIMP (CPU) (100%),ASUS Zenbook UX51VZ,Open Hardware Monitor,1
10:15:20.000,79.0,81.0,79.0,79.0,81.0,17.5,13.5,0.0,0.0,1967.0,Attack,Cryptojacking,CoinIMP (CPU) (100%),ASUS Zenbook UX51VZ,Open Hardware Monitor,1
10:15:23.000,79.0,81.0,79.0,79.0,81.0,17.7,13.6,0.0,0.0,1970.0,Attack,Cryptojacking,CoinIMP (CPU) (100%),ASUS Zenbook UX51VZ,Open Hardware Monitor,1
10:15:26.000,79.0,82.0,79.0,79.0,82.0,17.5,13.5,0.0,0.0,1973.0,Attack,Cryptojacking,CoinIMP (CPU) (100%),ASUS Zenbook UX51VZ,Open Hardware Monitor,1
10:15:29.000,79.0,80.0,79.0,79.0,80.0,17.6,13.6,0.0,0.0,1976.0,Attack,Cryptojacking,CoinIMP (CPU) (100%),ASUS Zenbook UX51VZ,Open Hardware Monitor,1
10:15:32.000,79.0,80.0,80.0,79.0,80.0,17.5,13.5,0.0,0.0,1979.0,Attack,Cryptojacking,CoinIMP (CPU) (100%),ASUS Zenbook UX51VZ,Open Hardware Monitor,1
10:15:35.000,79.0,81.0,80.0,79.0,81.0,17.6,13.6,0.0,0.0,1982.0,Attack,Cryptojacking,CoinIMP (CPU) (100%),ASUS Zenbook UX51VZ,Open Hardware Monitor,1
10:15:38.000,78.0,81.0,82.0,79.0,82.0,17.6,13.6,0.0,0.0,1985.0,Attack,Cryptojacking,CoinIMP (CPU) (100%),ASUS Zenbook UX51VZ,Open Hardware Monitor,1
10:15:41.000,79.0,81.0,81.0,78.0,81.0,17.5,13.5,0.0,0.0,1988.0,Attack,Cryptojacking,CoinIMP (CPU) (100%),ASUS Zenbook UX51VZ,Open Hardware Monitor,1
10:15:44.000,78.0,81.0,80.0,79.0,81.0,17.5,13.6,0.0,0.0,1991.0,Attack,Cryptojacking,CoinIMP (CPU) (100%),ASUS Zenbook UX51VZ,Open Hardware Monitor,1
10:15:47.000,79.0,81.0,81.0,79.0,81.0,17.6,13.6,0.0,0.0,1994.0,Attack,Cryptojacking,CoinIMP (CPU) (100%),ASUS Zenbook UX51VZ,Open Hardware Monitor,1
10:15:50.000,78.0,81.0,81.0,79.0,81.0,17.6,13.6,0.0,0.0,1997.0,Attack,Cryptojacking,CoinIMP (CPU) (100%),ASUS Zenbook UX51VZ,Open Hardware Monitor,1
10:15:53.000,79.0,80.0,81.0,79.0,81.0,17.5,13.5,0.0,0.0,2000.0,Attack,Cryptojacking,CoinIMP (CPU) (100%),ASUS Zenbook UX51VZ,Open Hardware Monitor,1
10:15:56.000,79.0,81.0,81.0,78.0,81.0,17.6,13.6,0.0,0.0,2003.0,Attack,Cryptojacking,CoinIMP (CPU) (100%),ASUS Zenbook UX51VZ,Open Hardware Monitor,1
10:15:59.000,78.0,81.0,81.0,79.0,81.0,17.4,13.5,0.0,0.0,2006.0,Attack,Cryptojacking,CoinIMP (CPU) (100%),ASUS Zenbook UX51VZ,Open Hardware Monitor,1
10:16:02.000,79.0,82.0,81.0,79.0,82.0,17.6,13.6,0.0,0.0,2009.0,Attack,Cryptojacking,CoinIMP (CPU) (100%),ASUS Zenbook UX51VZ,Open Hardware Monitor,1
10:16:05.000,79.0,81.0,80.0,79.0,81.0,17.7,13.7,0.0,0.0,2012.0,Attack,Cryptojacking,CoinIMP (CPU) (100%),ASUS Zenbook UX51VZ,Open Hardware Monitor,1
10:16:08.000,78.0,81.0,80.0,78.0,81.0,17.6,13.6,0.0,0.0,2015.0,Attack,Cryptojacking,CoinIMP (CPU) (100%),ASUS Zenbook UX51VZ,Open Hardware Monitor,1
10:16:11.000,78.0,80.0,80.0,78.0,81.0,17.6,13.6,0.0,0.0,2018.0,Attack,Cryptojacking,CoinIMP (CPU) (100%),ASUS Zenbook UX51VZ,Open Hardware Monitor,1
10:16:14.000,79.0,81.0,80.0,79.0,81.0,17.6,13.6,0.0,0.0,2021.0,Attack,Cryptojacking,CoinIMP (CPU) (100%),ASUS Zenbook UX51VZ,Open Hardware Monitor,1
10:16:17.000,78.0,81.0,81.0,78.0,81.0,17.6,13.6,0.0,0.0,2024.0,Attack,Cryptojacking,CoinIMP (CPU) (100%),ASUS Zenbook UX51VZ,Open Hardware Monitor,1
10:16:20.000,79.0,81.0,81.0,78.0,81.0,17.6,13.6,0.0,0.0,2027.0,Attack,Cryptojacking,CoinIMP (CPU) (100%),ASUS Zenbook UX51VZ,Open Hardware Monitor,1
10:16:23.000,78.0,81.0,80.0,80.0,81.0,17.6,13.6,0.0,0.0,2030.0,Attack,Cryptojacking,CoinIMP (CPU) (100%),ASUS Zenbook UX51VZ,Open Hardware Monitor,1
10:16:26.000,78.0,81.0,80.0,79.0,81.0,17.6,13.6,0.0,0.0,2033.0,Attack,Cryptojacking,CoinIMP (CPU) (100%),ASUS Zenbook UX51VZ,Open Hardware Monitor,1
10:16:29.000,79.0,81.0,80.0,79.0,81.0,17.5,13.5,0.0,0.0,2036.0,Attack,Cryptojacking,CoinIMP (CPU) (100%),ASUS Zenbook UX51VZ,Open Hardware Monitor,1
10:16:32.000,78.0,82.0,81.0,78.0,82.0,17.7,13.7,0.0,0.0,2039.0,Attack,Cryptojacking,CoinIMP (CPU) (100%),ASUS Zenbook UX51VZ,Open Hardware Monitor,1
10:16:35.000,79.0,81.0,80.0,79.0,81.0,17.5,13.5,0.0,0.0,2042.0,Attack,Cryptojacking,CoinIMP (CPU) (100%),ASUS Zenbook UX51VZ,Open Hardware Monitor,1
10:16:38.000,79.0,81.0,80.0,78.0,81.0,17.5,13.5,0.0,0.0,2045.0,Attack,Cryptojacking,CoinIMP (CPU) (100%),ASUS Zenbook UX51VZ,Open Hardware Monitor,1
10:16:42.000,79.0,81.0,80.0,79.0,81.0,17.6,13.6,0.0,0.0,2049.0,Attack,Cryptojacking,CoinIMP (CPU) (100%),ASUS Zenbook UX51VZ,Open Hardware Monitor,1
10:16:45.000,79.0,81.0,81.0,79.0,81.0,17.5,13.5,0.0,0.0,2052.0,Attack,Cryptojacking,CoinIMP (CPU) (100%),ASUS Zenbook UX51VZ,Open Hardware Monitor,1
10:16:48.000,79.0,81.0,81.0,79.0,81.0,17.6,13.6,0.0,0.0,2055.0,Attack,Cryptojacking,CoinIMP (CPU) (100%),ASUS Zenbook UX51VZ,Open Hardware Monitor,1
10:16:51.000,79.0,80.0,80.0,78.0,80.0,17.6,13.6,0.0,0.0,2058.0,Attack,Cryptojacking,CoinIMP (CPU) (100%),ASUS Zenbook UX51VZ,Open Hardware Monitor,1
10:16:54.000,79.0,82.0,80.0,79.0,82.0,17.6,13.6,0.0,0.0,2061.0,Attack,Cryptojacking,CoinIMP (CPU) (100%),ASUS Zenbook UX51VZ,Open Hardware Monitor,1
10:16:57.000,79.0,81.0,80.0,79.0,81.0,17.6,13.6,0.0,0.0,2064.0,Attack,Cryptojacking,CoinIMP (CPU) (100%),ASUS Zenbook UX51VZ,Open Hardware Monitor,1
10:17:00.000,80.0,81.0,80.0,79.0,81.0,17.5,13.5,0.0,0.0,2067.0,Attack,Cryptojacking,CoinIMP (CPU) (100%),ASUS Zenbook UX51VZ,Open Hardware Monitor,1
10:17:03.000,79.0,81.0,81.0,79.0,81.0,17.5,13.6,0.0,0.0,2070.0,Attack,Cryptojacking,CoinIMP (CPU) (100%),ASUS Zenbook UX51VZ,Open Hardware Monitor,1
10:17:06.000,79.0,80.0,81.0,79.0,81.0,17.5,13.5,0.0,0.0,2073.0,Attack,Cryptojacking,CoinIMP (CPU) (100%),ASUS Zenbook UX51VZ,Open Hardware Monitor,1
10:17:09.000,79.0,81.0,80.0,78.0,81.0,17.5,13.5,0.0,0.0,2076.0,Attack,Cryptojacking,CoinIMP (CPU) (100%),ASUS Zenbook UX51VZ,Open Hardware Monitor,1
10:17:12.000,79.0,81.0,81.0,79.0,82.0,17.6,13.6,0.0,0.0,2079.0,Attack,Cryptojacking,CoinIMP (CPU) (100%),ASUS Zenbook UX51VZ,Open Hardware Monitor,1
10:17:15.000,79.0,81.0,81.0,79.0,81.0,17.6,13.6,0.0,0.0,2082.0,Attack,Cryptojacking,CoinIMP (CPU) (100%),ASUS Zenbook UX51VZ,Open Hardware Monitor,1
10:17:18.000,78.0,80.0,81.0,79.0,81.0,17.6,13.6,0.0,0.0,2085.0,Attack,Cryptojacking,CoinIMP (CPU) (100%),ASUS Zenbook UX51VZ,Open Hardware Monitor,1
10:17:21.000,79.0,81.0,81.0,79.0,81.0,17.5,13.5,0.0,0.0,2088.0,Attack,Cryptojacking,CoinIMP (CPU) (100%),ASUS Zenbook UX51VZ,Open Hardware Monitor,1
10:17:24.000,79.0,81.0,80.0,80.0,81.0,17.6,13.6,0.0,0.0,2091.0,Attack,Cryptojacking,CoinIMP (CPU) (100%),ASUS Zenbook UX51VZ,Open Hardware Monitor,1
10:17:27.000,79.0,82.0,80.0,79.0,82.0,17.5,13.5,0.0,0.0,2094.0,Attack,Cryptojacking,CoinIMP (CPU) (100%),ASUS Zenbook UX51VZ,Open Hardware Monitor,1
10:17:30.000,79.0,81.0,80.0,80.0,81.0,17.6,13.6,0.0,0.0,2097.0,Attack,Cryptojacking,CoinIMP (CPU) (100%),ASUS Zenbook UX51VZ,Open Hardware Monitor,1
10:17:33.000,79.0,81.0,81.0,79.0,81.0,17.5,13.5,0.0,0.0,2100.0,Attack,Cryptojacking,CoinIMP (CPU) (100%),ASUS Zenbook UX51VZ,Open Hardware Monitor,1
10:17:36.000,79.0,82.0,80.0,80.0,82.0,17.6,13.6,0.0,0.0,2103.0,Attack,Cryptojacking,CoinIMP (CPU) (100%),ASUS Zenbook UX51VZ,Open Hardware Monitor,1
10:17:39.000,78.0,81.0,80.0,79.0,81.0,17.6,13.6,0.0,0.0,2106.0,Attack,Cryptojacking,CoinIMP (CPU) (100%),ASUS Zenbook UX51VZ,Open Hardware Monitor,1
10:17:42.000,79.0,81.0,81.0,79.0,81.0,17.7,13.6,0.0,0.0,2109.0,Attack,Cryptojacking,CoinIMP (CPU) (100%),ASUS Zenbook UX51VZ,Open Hardware Monitor,1
10:17:45.000,79.0,81.0,80.0,79.0,81.0,17.5,13.5,0.0,0.0,2112.0,Attack,Cryptojacking,CoinIMP (CPU) (100%),ASUS Zenbook UX51VZ,Open Hardware Monitor,1
10:17:48.000,79.0,81.0,81.0,79.0,81.0,17.6,13.6,0.0,0.0,2115.0,Attack,Cryptojacking,CoinIMP (CPU) (100%),ASUS Zenbook UX51VZ,Open Hardware Monitor,1
10:17:51.000,79.0,80.0,81.0,80.0,81.0,17.5,13.5,0.0,0.0,2118.0,Attack,Cryptojacking,CoinIMP (CPU) (100%),ASUS Zenbook UX51VZ,Open Hardware Monitor,1
10:17:54.000,79.0,81.0,80.0,79.0,81.0,17.6,13.6,0.0,0.0,2121.0,Attack,Cryptojacking,CoinIMP (CPU) (100%),ASUS Zenbook UX51VZ,Open Hardware Monitor,1
10:17:57.000,79.0,81.0,80.0,79.0,81.0,17.4,13.5,0.0,0.0,2124.0,Attack,Cryptojacking,CoinIMP (CPU) (100%),ASUS Zenbook UX51VZ,Open Hardware Monitor,1
10:18:00.000,79.0,81.0,80.0,79.0,81.0,17.5,13.5,0.0,0.0,2127.0,Attack,Cryptojacking,CoinIMP (CPU) (100%),ASUS Zenbook UX51VZ,Open Hardware Monitor,1
10:18:03.000,79.0,80.0,79.0,78.0,80.0,17.6,13.6,0.0,0.0,2130.0,Attack,Cryptojacking,CoinIMP (CPU) (100%),ASUS Zenbook UX51VZ,Open Hardware Monitor,1
10:18:06.000,78.0,81.0,80.0,79.0,80.0,17.6,13.6,0.0,0.0,2133.0,Attack,Cryptojacking,CoinIMP (CPU) (100%),ASUS Zenbook UX51VZ,Open Hardware Monitor,1
10:18:09.000,78.0,81.0,81.0,79.0,81.0,17.6,13.6,0.0,0.0,2136.0,Attack,Cryptojacking,CoinIMP (CPU) (100%),ASUS Zenbook UX51VZ,Open Hardware Monitor,1
10:18:12.000,79.0,81.0,80.0,79.0,81.0,17.6,13.6,0.0,0.0,2139.0,Attack,Cryptojacking,CoinIMP (CPU) (100%),ASUS Zenbook UX51VZ,Open Hardware Monitor,1
10:18:15.000,79.0,80.0,82.0,79.0,82.0,17.6,13.6,0.0,0.0,2142.0,Attack,Cryptojacking,CoinIMP (CPU) (100%),ASUS Zenbook UX51VZ,Open Hardware Monitor,1
10:18:18.000,78.0,81.0,80.0,79.0,81.0,17.6,13.6,0.0,0.0,2145.0,Attack,Cryptojacking,CoinIMP (CPU) (100%),ASUS Zenbook UX51VZ,Open Hardware Monitor,1
10:18:21.000,79.0,79.0,80.0,79.0,80.0,17.6,13.6,0.0,0.0,2148.0,Attack,Cryptojacking,CoinIMP (CPU) (100%),ASUS Zenbook UX51VZ,Open Hardware Monitor,1
10:18:24.000,79.0,82.0,81.0,79.0,82.0,17.5,13.5,0.0,0.0,2151.0,Attack,Cryptojacking,CoinIMP (CPU) (100%),ASUS Zenbook UX51VZ,Open Hardware Monitor,1
10:18:27.000,79.0,80.0,81.0,79.0,81.0,17.6,13.6,0.0,0.0,2154.0,Attack,Cryptojacking,CoinIMP (CPU) (100%),ASUS Zenbook UX51VZ,Open Hardware Monitor,1
10:18:30.000,78.0,81.0,81.0,78.0,81.0,17.6,13.6,0.0,0.0,2157.0,Attack,Cryptojacking,CoinIMP (CPU) (100%),ASUS Zenbook UX51VZ,Open Hardware Monitor,1
10:18:33.000,79.0,81.0,81.0,79.0,81.0,17.6,13.6,0.0,0.0,2160.0,Attack,Cryptojacking,CoinIMP (CPU) (100%),ASUS Zenbook UX51VZ,Open Hardware Monitor,1
10:18:36.000,79.0,81.0,81.0,78.0,81.0,17.7,13.6,0.0,0.0,2163.0,Attack,Cryptojacking,CoinIMP (CPU) (100%),ASUS Zenbook UX51VZ,Open Hardware Monitor,1
10:18:39.000,78.0,81.0,81.0,79.0,81.0,17.6,13.6,0.0,0.0,2166.0,Attack,Cryptojacking,CoinIMP (CPU) (100%),ASUS Zenbook UX51VZ,Open Hardware Monitor,1
10:18:42.000,79.0,81.0,80.0,79.0,81.0,17.7,13.6,0.0,0.0,2169.0,Attack,Cryptojacking,CoinIMP (CPU) (100%),ASUS Zenbook UX51VZ,Open Hardware Monitor,1
10:18:45.000,80.0,81.0,80.0,79.0,81.0,17.6,13.6,0.0,0.0,2172.0,Attack,Cryptojacking,CoinIMP (CPU) (100%),ASUS Zenbook UX51VZ,Open Hardware Monitor,1
10:18:48.000,79.0,80.0,81.0,78.0,81.0,17.6,13.6,0.0,0.0,2175.0,Attack,Cryptojacking,CoinIMP (CPU) (100%),ASUS Zenbook UX51VZ,Open Hardware Monitor,1
10:18:51.000,79.0,81.0,80.0,78.0,81.0,17.5,13.5,0.0,0.0,2178.0,Attack,Cryptojacking,CoinIMP (CPU) (100%),ASUS Zenbook UX51VZ,Open Hardware Monitor,1
10:18:54.000,79.0,80.0,81.0,78.0,81.0,17.7,13.6,0.0,0.0,2181.0,Attack,Cryptojacking,CoinIMP (CPU) (100%),ASUS Zenbook UX51VZ,Open Hardware Monitor,1
10:18:57.000,79.0,81.0,81.0,79.0,81.0,17.5,13.5,0.0,0.0,2184.0,Attack,Cryptojacking,CoinIMP (CPU) (100%),ASUS Zenbook UX51VZ,Open Hardware Monitor,1
10:19:00.000,78.0,81.0,81.0,79.0,81.0,17.5,13.5,0.0,0.0,2187.0,Attack,Cryptojacking,CoinIMP (CPU) (100%),ASUS Zenbook UX51VZ,Open Hardware Monitor,1
10:19:03.000,79.0,82.0,80.0,79.0,82.0,17.6,13.6,0.0,0.0,2190.0,Attack,Cryptojacking,CoinIMP (CPU) (100%),ASUS Zenbook UX51VZ,Open Hardware Monitor,1
10:19:07.000,79.0,80.0,81.0,80.0,81.0,17.4,13.5,0.0,0.0,2194.0,Attack,Cryptojacking,CoinIMP (CPU) (100%),ASUS Zenbook UX51VZ,Open Hardware Monitor,1
10:19:10.000,79.0,81.0,81.0,79.0,81.0,17.6,13.6,0.0,0.0,2197.0,Attack,Cryptojacking,CoinIMP (CPU) (100%),ASUS Zenbook UX51VZ,Open Hardware Monitor,1
10:19:13.000,79.0,80.0,81.0,78.0,81.0,17.5,13.5,0.0,0.0,2200.0,Attack,Cryptojacking,CoinIMP (CPU) (100%),ASUS Zenbook UX51VZ,Open Hardware Monitor,1
10:19:16.000,79.0,80.0,81.0,78.0,81.0,17.6,13.6,0.0,0.0,2203.0,Attack,Cryptojacking,CoinIMP (CPU) (100%),ASUS Zenbook UX51VZ,Open Hardware Monitor,1
10:19:19.000,79.0,81.0,82.0,79.0,81.0,17.5,13.5,0.0,0.0,2206.0,Attack,Cryptojacking,CoinIMP (CPU) (100%),ASUS Zenbook UX51VZ,Open Hardware Monitor,1
10:19:22.000,79.0,81.0,80.0,78.0,81.0,17.5,13.5,0.0,0.0,2209.0,Attack,Cryptojacking,CoinIMP (CPU) (100%),ASUS Zenbook UX51VZ,Open Hardware Monitor,1
10:19:25.000,79.0,81.0,81.0,79.0,81.0,17.7,13.6,0.0,0.0,2212.0,Attack,Cryptojacking,CoinIMP (CPU) (100%),ASUS Zenbook UX51VZ,Open Hardware Monitor,1
10:19:28.000,79.0,81.0,81.0,79.0,81.0,17.5,13.5,0.0,0.0,2215.0,Attack,Cryptojacking,CoinIMP (CPU) (100%),ASUS Zenbook UX51VZ,Open Hardware Monitor,1
10:19:31.000,79.0,81.0,80.0,79.0,81.0,17.6,13.6,0.0,0.0,2218.0,Attack,Cryptojacking,CoinIMP (CPU) (100%),ASUS Zenbook UX51VZ,Open Hardware Monitor,1
10:19:34.000,78.0,81.0,81.0,78.0,81.0,17.6,13.6,0.0,0.0,2221.0,Attack,Cryptojacking,CoinIMP (CPU) (100%),ASUS Zenbook UX51VZ,Open Hardware Monitor,1
10:19:37.000,79.0,81.0,80.0,79.0,81.0,17.7,13.7,0.0,0.0,2224.0,Attack,Cryptojacking,CoinIMP (CPU) (100%),ASUS Zenbook UX51VZ,Open Hardware Monitor,1
10:19:40.000,79.0,80.0,82.0,78.0,82.0,17.5,13.5,0.0,0.0,2227.0,Attack,Cryptojacking,CoinIMP (CPU) (100%),ASUS Zenbook UX51VZ,Open Hardware Monitor,1
10:19:43.000,79.0,81.0,82.0,78.0,82.0,17.6,13.6,0.0,0.0,2230.0,Attack,Cryptojacking,CoinIMP (CPU) (100%),ASUS Zenbook UX51VZ,Open Hardware Monitor,1
10:19:46.000,80.0,82.0,82.0,79.0,82.0,18.7,14.1,0.1,81.0,2233.0,Attack,Cryptojacking,CoinIMP (CPU) (100%),ASUS Zenbook UX51VZ,Open Hardware Monitor,1
10:29:56.000,56.0,55.0,55.0,56.0,56.0,24.9,20.0,0.4,0.0,2843.0,Attack,Cryptojacking,CoinIMP (CPU) (100%),ASUS Zenbook UX51VZ,Open Hardware Monitor,1
10:29:59.000,62.0,62.0,61.0,62.0,63.0,31.1,27.7,0.1,51.0,2846.0,Attack,Cryptojacking,CoinIMP (CPU) (100%),ASUS Zenbook UX51VZ,Open Hardware Monitor,1
10:30:02.000,61.0,61.0,62.0,60.0,62.0,26.2,21.3,0.1,0.0,2849.0,Attack,Cryptojacking,CoinIMP (CPU) (100%),ASUS Zenbook UX51VZ,Open Hardware Monitor,1
10:30:05.000,63.0,65.0,66.0,63.0,66.0,32.6,27.4,0.6,0.0,2852.0,Attack,Cryptojacking,CoinIMP (CPU) (100%),ASUS Zenbook UX51VZ,Open Hardware Monitor,1
