Timestamp,CPU Temperature Core #1 (°C),CPU Temperature Core #2 (°C),CPU Temperature Core #3 (°C),CPU Temperature Core #4 (°C),CPU Temperature (°C),CPU Power (W),CPU Power Cores (W),CPU Graphics Power (W),GPU Temperature (°C),Relative Time (s),Mode,Attack Type,Attack,Host,Measurement,Run
03:52:36.000,71.0,74.0,74.0,72.0,75.0,21.4,17.5,0.5,0.0,0.0,Attack,Cryptojacking,CoinIMP (CPU) (10%),ASUS Zenbook UX51VZ,Open Hardware Monitor,1
03:52:38.000,69.0,71.0,69.0,73.0,73.0,15.0,11.1,0.6,0.0,2.0,Attack,Cryptojacking,CoinIMP (CPU) (10%),ASUS Zenbook UX51VZ,Open Hardware Monitor,1
03:52:40.000,70.0,71.0,69.0,71.0,71.0,16.1,12.0,0.8,0.0,4.0,Attack,Cryptojacking,CoinIMP (CPU) (10%),ASUS Zenbook UX51VZ,Open Hardware Monitor,1
03:52:42.000,67.0,69.0,66.0,67.0,69.0,7.9,5.0,0.0,0.0,6.0,Attack,Cryptojacking,CoinIMP (CPU) (10%),ASUS Zenbook UX51VZ,Open Hardware Monitor,1
03:52:44.000,66.0,70.0,67.0,67.0,70.0,8.0,5.1,0.0,0.0,8.0,Attack,Cryptojacking,CoinIMP (CPU) (10%),ASUS Zenbook UX51VZ,Open Hardware Monitor,1
03:52:46.000,67.0,68.0,66.0,66.0,70.0,8.0,5.1,0.0,0.0,10.0,Attack,Cryptojacking,CoinIMP (CPU) (10%),ASUS Zenbook UX51VZ,Open Hardware Monitor,1
03:52:48.000,74.0,74.0,74.0,74.0,74.0,9.5,6.5,0.0,0.0,12.0,Attack,Cryptojacking,CoinIMP (CPU) (10%),ASUS Zenbook UX51VZ,Open Hardware Monitor,1
03:52:50.000,66.0,68.0,66.0,68.0,68.0,8.5,5.5,0.0,0.0,14.0,Attack,Cryptojacking,CoinIMP (CPU) (10%),ASUS Zenbook UX51VZ,Open Hardware Monitor,1
03:52:52.000,68.0,68.0,68.0,66.0,68.0,8.2,5.3,0.0,0.0,16.0,Attack,Cryptojacking,CoinIMP (CPU) (10%),ASUS Zenbook UX51VZ,Open Hardware Monitor,1
03:52:54.000,69.0,69.0,70.0,69.0,70.0,8.8,5.9,0.0,0.0,18.0,Attack,Cryptojacking,CoinIMP (CPU) (10%),ASUS Zenbook UX51VZ,Open Hardware Monitor,1
03:52:56.000,67.0,67.0,67.0,67.0,68.0,7.8,4.9,0.0,0.0,20.0,Attack,Cryptojacking,CoinIMP (CPU) (10%),ASUS Zenbook UX51VZ,Open Hardware Monitor,1
03:52:58.000,65.0,68.0,66.0,64.0,68.0,8.2,5.3,0.0,0.0,22.0,Attack,Cryptojacking,CoinIMP (CPU) (10%),ASUS Zenbook UX51VZ,Open Hardware Monitor,1
03:53:00.000,65.0,65.0,65.0,65.0,65.0,9.3,6.4,0.0,0.0,24.0,Attack,Cryptojacking,CoinIMP (CPU) (10%),ASUS Zenbook UX51VZ,Open Hardware Monitor,1
03:53:02.000,64.0,64.0,64.0,64.0,64.0,9.3,6.4,0.0,0.0,26.0,Attack,Cryptojacking,CoinIMP (CPU) (10%),ASUS Zenbook UX51VZ,Open Hardware Monitor,1
03:53:04.000,61.0,61.0,61.0,61.0,61.0,8.1,5.2,0.0,0.0,28.0,Attack,Cryptojacking,CoinIMP (CPU) (10%),ASUS Zenbook UX51VZ,Open Hardware Monitor,1
03:53:06.000,65.0,65.0,65.0,64.0,65.0,8.3,5.4,0.0,0.0,30.0,Attack,Cryptojacking,CoinIMP (CPU) (10%),ASUS Zenbook UX51VZ,Open Hardware Monitor,1
03:53:08.000,64.0,65.0,63.0,64.0,65.0,8.0,5.1,0.0,0.0,32.0,Attack,Cryptojacking,CoinIMP (CPU) (10%),ASUS Zenbook UX51VZ,Open Hardware Monitor,1
03:53:10.000,67.0,67.0,67.0,67.0,67.0,7.9,5.0,0.0,0.0,34.0,Attack,Cryptojacking,CoinIMP (CPU) (10%),ASUS Zenbook UX51VZ,Open Hardware Monitor,1
03:53:12.000,63.0,65.0,64.0,64.0,65.0,6.9,4.0,0.0,0.0,36.0,Attack,Cryptojacking,CoinIMP (CPU) (10%),ASUS Zenbook UX51VZ,Open Hardware Monitor,1
03:53:14.000,62.0,62.0,62.0,62.0,62.0,8.3,5.4,0.0,0.0,38.0,Attack,Cryptojacking,CoinIMP (CPU) (10%),ASUS Zenbook UX51VZ,Open Hardware Monitor,1
03:53:16.000,63.0,63.0,63.0,63.0,63.0,7.6,4.7,0.0,0.0,40.0,Attack,Cryptojacking,CoinIMP (CPU) (10%),ASUS Zenbook UX51VZ,Open Hardware Monitor,1
03:53:18.000,64.0,64.0,62.0,64.0,65.0,7.1,4.3,0.0,0.0,42.0,Attack,Cryptojacking,CoinIMP (CPU) (10%),ASUS Zenbook UX51VZ,Open Hardware Monitor,1
03:53:20.000,58.0,58.0,58.0,58.0,59.0,7.5,4.6,0.0,0.0,44.0,Attack,Cryptojacking,CoinIMP (CPU) (10%),ASUS Zenbook UX51VZ,Open Hardware Monitor,1
03:53:22.000,66.0,66.0,66.0,65.0,66.0,7.0,4.1,0.0,0.0,46.0,Attack,Cryptojacking,CoinIMP (CPU) (10%),ASUS Zenbook UX51VZ,Open Hardware Monitor,1
03:53:24.000,64.0,64.0,62.0,64.0,64.0,7.6,4.7,0.0,0.0,48.0,Attack,Cryptojacking,CoinIMP (CPU) (10%),ASUS Zenbook UX51VZ,Open Hardware Monitor,1
03:53:26.000,63.0,63.0,67.0,63.0,67.0,8.5,5.6,0.0,0.0,50.0,Attack,Cryptojacking,CoinIMP (CPU) (10%),ASUS Zenbook UX51VZ,Open Hardware Monitor,1
03:53:28.000,64.0,64.0,63.0,62.0,64.0,8.1,5.2,0.0,0.0,52.0,Attack,Cryptojacking,CoinIMP (CPU) (10%),ASUS Zenbook UX51VZ,Open Hardware Monitor,1
03:53:30.000,65.0,65.0,65.0,65.0,65.0,7.7,4.9,0.0,0.0,54.0,Attack,Cryptojacking,CoinIMP (CPU) (10%),ASUS Zenbook UX51VZ,Open Hardware Monitor,1
03:53:32.000,64.0,63.0,62.0,63.0,65.0,7.1,4.3,0.0,0.0,56.0,Attack,Cryptojacking,CoinIMP (CPU) (10%),ASUS Zenbook UX51VZ,Open Hardware Monitor,1
03:53:34.000,64.0,64.0,64.0,64.0,64.0,8.4,5.5,0.0,0.0,58.0,Attack,Cryptojacking,CoinIMP (CPU) (10%),ASUS Zenbook UX51VZ,Open Hardware Monitor,1
03:53:36.000,69.0,64.0,67.0,64.0,68.0,7.6,4.8,0.0,0.0,60.0,Attack,Cryptojacking,CoinIMP (CPU) (10%),ASUS Zenbook UX51VZ,Open Hardware Monitor,1
03:53:38.000,61.0,61.0,61.0,61.0,61.0,7.5,4.7,0.0,0.0,62.0,Attack,Cryptojacking,CoinIMP (CPU) (10%),ASUS Zenbook UX51VZ,Open Hardware Monitor,1
03:53:40.000,65.0,63.0,63.0,62.0,66.0,8.3,5.4,0.0,0.0,64.0,Attack,Cryptojacking,CoinIMP (CPU) (10%),ASUS Zenbook UX51VZ,Open Hardware Monitor,1
03:53:42.000,62.0,66.0,66.0,66.0,66.0,8.5,5.6,0.0,0.0,66.0,Attack,Cryptojacking,CoinIMP (CPU) (10%),ASUS Zenbook UX51VZ,Open Hardware Monitor,1
03:53:44.000,63.0,64.0,62.0,63.0,64.0,8.5,5.6,0.0,0.0,68.0,Attack,Cryptojacking,CoinIMP (CPU) (10%),ASUS Zenbook UX51VZ,Open Hardware Monitor,1
03:53:46.000,62.0,62.0,61.0,62.0,62.0,7.4,4.6,0.0,0.0,70.0,Attack,Cryptojacking,CoinIMP (CPU) (10%),ASUS Zenbook UX51VZ,Open Hardware Monitor,1
03:53:48.000,60.0,60.0,60.0,60.0,60.0,7.6,4.7,0.0,0.0,72.0,Attack,Cryptojacking,CoinIMP (CPU) (10%),ASUS Zenbook UX51VZ,Open Hardware Monitor,1
03:53:51.000,64.0,64.0,64.0,64.0,64.0,8.2,5.4,0.0,0.0,75.0,Attack,Cryptojacking,CoinIMP (CPU) (10%),ASUS Zenbook UX51VZ,Open Hardware Monitor,1
03:53:53.000,62.0,64.0,61.0,61.0,64.0,7.5,4.6,0.0,0.0,77.0,Attack,Cryptojacking,CoinIMP (CPU) (10%),ASUS Zenbook UX51VZ,Open Hardware Monitor,1
03:53:55.000,69.0,70.0,69.0,69.0,69.0,7.8,4.9,0.0,0.0,79.0,Attack,Cryptojacking,CoinIMP (CPU) (10%),ASUS Zenbook UX51VZ,Open Hardware Monitor,1
03:53:57.000,57.0,57.0,57.0,57.0,58.0,8.3,5.4,0.0,0.0,81.0,Attack,Cryptojacking,CoinIMP (CPU) (10%),ASUS Zenbook UX51VZ,Open Hardware Monitor,1
03:53:59.000,61.0,61.0,59.0,66.0,66.0,8.4,5.5,0.0,0.0,83.0,Attack,Cryptojacking,CoinIMP (CPU) (10%),ASUS Zenbook UX51VZ,Open Hardware Monitor,1
03:54:01.000,64.0,64.0,64.0,64.0,64.0,7.9,5.0,0.0,0.0,85.0,Attack,Cryptojacking,CoinIMP (CPU) (10%),ASUS Zenbook UX51VZ,Open Hardware Monitor,1
03:54:03.000,61.0,61.0,59.0,61.0,61.0,7.4,4.5,0.0,0.0,87.0,Attack,Cryptojacking,CoinIMP (CPU) (10%),ASUS Zenbook UX51VZ,Open Hardware Monitor,1
03:54:05.000,66.0,66.0,66.0,66.0,66.0,8.3,5.4,0.0,0.0,89.0,Attack,Cryptojacking,CoinIMP (CPU) (10%),ASUS Zenbook UX51VZ,Open Hardware Monitor,1
03:54:07.000,60.0,60.0,60.0,60.0,60.0,7.6,4.8,0.0,0.0,91.0,Attack,Cryptojacking,CoinIMP (CPU) (10%),ASUS Zenbook UX51VZ,Open Hardware Monitor,1
03:54:09.000,57.0,57.0,57.0,57.0,58.0,8.8,5.9,0.0,0.0,93.0,Attack,Cryptojacking,CoinIMP (CPU) (10%),ASUS Zenbook UX51VZ,Open Hardware Monitor,1
03:54:11.000,62.0,62.0,62.0,63.0,65.0,8.0,5.1,0.0,0.0,95.0,Attack,Cryptojacking,CoinIMP (CPU) (10%),ASUS Zenbook UX51VZ,Open Hardware Monitor,1
03:54:13.000,65.0,66.0,64.0,63.0,66.0,8.3,5.4,0.0,0.0,97.0,Attack,Cryptojacking,CoinIMP (CPU) (10%),ASUS Zenbook UX51VZ,Open Hardware Monitor,1
03:54:15.000,62.0,62.0,62.0,62.0,62.0,7.3,4.5,0.0,0.0,99.0,Attack,Cryptojacking,CoinIMP (CPU) (10%),ASUS Zenbook UX51VZ,Open Hardware Monitor,1
03:54:17.000,62.0,62.0,61.0,62.0,62.0,8.4,5.5,0.0,0.0,101.0,Attack,Cryptojacking,CoinIMP (CPU) (10%),ASUS Zenbook UX51VZ,Open Hardware Monitor,1
03:54:19.000,63.0,64.0,62.0,62.0,64.0,7.3,4.4,0.0,0.0,103.0,Attack,Cryptojacking,CoinIMP (CPU) (10%),ASUS Zenbook UX51VZ,Open Hardware Monitor,1
03:54:21.000,61.0,61.0,59.0,62.0,62.0,8.4,5.5,0.0,0.0,105.0,Attack,Cryptojacking,CoinIMP (CPU) (10%),ASUS Zenbook UX51VZ,Open Hardware Monitor,1
03:54:23.000,63.0,63.0,60.0,63.0,65.0,8.4,5.5,0.0,0.0,107.0,Attack,Cryptojacking,CoinIMP (CPU) (10%),ASUS Zenbook UX51VZ,Open Hardware Monitor,1
03:54:25.000,60.0,62.0,61.0,61.0,61.0,6.9,4.1,0.0,0.0,109.0,Attack,Cryptojacking,CoinIMP (CPU) (10%),ASUS Zenbook UX51VZ,Open Hardware Monitor,1
03:54:27.000,61.0,61.0,60.0,62.0,64.0,8.4,5.5,0.0,0.0,111.0,Attack,Cryptojacking,CoinIMP (CPU) (10%),ASUS Zenbook UX51VZ,Open Hardware Monitor,1
03:54:29.000,63.0,63.0,63.0,63.0,63.0,8.1,5.2,0.0,0.0,113.0,Attack,Cryptojacking,CoinIMP (CPU) (10%),ASUS Zenbook UX51VZ,Open Hardware Monitor,1
03:54:31.000,61.0,61.0,61.0,61.0,61.0,7.6,4.7,0.0,0.0,115.0,Attack,Cryptojacking,CoinIMP (CPU) (10%),ASUS Zenbook UX51VZ,Open Hardware Monitor,1
03:54:33.000,62.0,62.0,59.0,62.0,62.0,7.8,4.9,0.0,0.0,117.0,Attack,Cryptojacking,CoinIMP (CPU) (10%),ASUS Zenbook UX51VZ,Open Hardware Monitor,1
03:54:35.000,61.0,61.0,61.0,61.0,61.0,8.2,5.2,0.0,0.0,119.0,Attack,Cryptojacking,CoinIMP (CPU) (10%),ASUS Zenbook UX51VZ,Open Hardware Monitor,1
03:54:37.000,61.0,61.0,61.0,61.0,61.0,9.5,6.6,0.0,0.0,121.0,Attack,Cryptojacking,CoinIMP (CPU) (10%),ASUS Zenbook UX51VZ,Open Hardware Monitor,1
03:54:39.000,60.0,66.0,60.0,66.0,66.0,8.6,5.7,0.0,0.0,123.0,Attack,Cryptojacking,CoinIMP (CPU) (10%),ASUS Zenbook UX51VZ,Open Hardware Monitor,1
03:54:41.000,60.0,60.0,60.0,60.0,60.0,8.5,5.5,0.0,0.0,125.0,Attack,Cryptojacking,CoinIMP (CPU) (10%),ASUS Zenbook UX51VZ,Open Hardware Monitor,1
03:54:43.000,66.0,64.0,60.0,63.0,66.0,9.0,5.9,0.0,0.0,127.0,Attack,Cryptojacking,CoinIMP (CPU) (10%),ASUS Zenbook UX51VZ,Open Hardware Monitor,1
03:54:45.000,57.0,57.0,57.0,57.0,57.0,7.6,4.7,0.0,0.0,129.0,Attack,Cryptojacking,CoinIMP (CPU) (10%),ASUS Zenbook UX51VZ,Open Hardware Monitor,1
03:54:47.000,62.0,61.0,58.0,61.0,63.0,7.8,4.9,0.0,0.0,131.0,Attack,Cryptojacking,CoinIMP (CPU) (10%),ASUS Zenbook UX51VZ,Open Hardware Monitor,1
03:54:49.000,60.0,60.0,58.0,61.0,61.0,7.3,4.4,0.0,0.0,133.0,Attack,Cryptojacking,CoinIMP (CPU) (10%),ASUS Zenbook UX51VZ,Open Hardware Monitor,1
03:54:51.000,60.0,60.0,59.0,61.0,61.0,8.1,5.2,0.0,0.0,135.0,Attack,Cryptojacking,CoinIMP (CPU) (10%),ASUS Zenbook UX51VZ,Open Hardware Monitor,1
03:54:53.000,61.0,62.0,58.0,61.0,64.0,8.0,5.1,0.0,0.0,137.0,Attack,Cryptojacking,CoinIMP (CPU) (10%),ASUS Zenbook UX51VZ,Open Hardware Monitor,1
03:54:55.000,61.0,61.0,61.0,61.0,61.0,8.3,5.4,0.0,0.0,139.0,Attack,Cryptojacking,CoinIMP (CPU) (10%),ASUS Zenbook UX51VZ,Open Hardware Monitor,1
03:54:57.000,61.0,67.0,65.0,60.0,65.0,8.3,5.4,0.0,0.0,141.0,Attack,Cryptojacking,CoinIMP (CPU) (10%),ASUS Zenbook UX51VZ,Open Hardware Monitor,1
03:54:59.000,61.0,61.0,61.0,61.0,61.0,12.2,9.2,0.0,0.0,143.0,Attack,Cryptojacking,CoinIMP (CPU) (10%),ASUS Zenbook UX51VZ,Open Hardware Monitor,1
03:55:01.000,60.0,60.0,58.0,60.0,60.0,8.1,5.2,0.0,0.0,145.0,Attack,Cryptojacking,CoinIMP (CPU) (10%),ASUS Zenbook UX51VZ,Open Hardware Monitor,1
03:55:03.000,58.0,58.0,58.0,58.0,58.0,7.4,4.6,0.0,0.0,147.0,Attack,Cryptojacking,CoinIMP (CPU) (10%),ASUS Zenbook UX51VZ,Open Hardware Monitor,1
03:55:05.000,61.0,61.0,61.0,61.0,61.0,7.2,4.4,0.0,0.0,149.0,Attack,Cryptojacking,CoinIMP (CPU) (10%),ASUS Zenbook UX51VZ,Open Hardware Monitor,1
03:55:07.000,63.0,63.0,63.0,63.0,63.0,8.1,5.3,0.0,0.0,151.0,Attack,Cryptojacking,CoinIMP (CPU) (10%),ASUS Zenbook UX51VZ,Open Hardware Monitor,1
03:55:09.000,62.0,61.0,60.0,61.0,62.0,8.8,5.9,0.0,0.0,153.0,Attack,Cryptojacking,CoinIMP (CPU) (10%),ASUS Zenbook UX51VZ,Open Hardware Monitor,1
03:55:11.000,63.0,60.0,58.0,61.0,65.0,8.1,5.1,0.0,0.0,155.0,Attack,Cryptojacking,CoinIMP (CPU) (10%),ASUS Zenbook UX51VZ,Open Hardware Monitor,1
03:55:13.000,59.0,59.0,59.0,59.0,59.0,7.7,4.8,0.0,0.0,157.0,Attack,Cryptojacking,CoinIMP (CPU) (10%),ASUS Zenbook UX51VZ,Open Hardware Monitor,1
03:55:15.000,61.0,61.0,59.0,60.0,62.0,7.8,4.9,0.0,0.0,159.0,Attack,Cryptojacking,CoinIMP (CPU) (10%),ASUS Zenbook UX51VZ,Open Hardware Monitor,1
03:55:17.000,55.0,55.0,55.0,55.0,56.0,8.2,5.3,0.0,0.0,161.0,Attack,Cryptojacking,CoinIMP (CPU) (10%),ASUS Zenbook UX51VZ,Open Hardware Monitor,1
03:55:19.000,60.0,60.0,60.0,60.0,61.0,8.8,5.9,0.0,0.0,163.0,Attack,Cryptojacking,CoinIMP (CPU) (10%),ASUS Zenbook UX51VZ,Open Hardware Monitor,1
03:55:21.000,59.0,62.0,57.0,60.0,62.0,7.7,4.8,0.0,0.0,165.0,Attack,Cryptojacking,CoinIMP (CPU) (10%),ASUS Zenbook UX51VZ,Open Hardware Monitor,1
03:55:23.000,60.0,61.0,58.0,60.0,61.0,7.2,4.4,0.0,0.0,167.0,Attack,Cryptojacking,CoinIMP (CPU) (10%),ASUS Zenbook UX51VZ,Open Hardware Monitor,1
03:55:25.000,60.0,60.0,57.0,60.0,63.0,7.8,5.0,0.0,0.0,169.0,Attack,Cryptojacking,CoinIMP (CPU) (10%),ASUS Zenbook UX51VZ,Open Hardware Monitor,1
03:55:27.000,63.0,63.0,63.0,63.0,63.0,7.6,4.8,0.0,0.0,171.0,Attack,Cryptojacking,CoinIMP (CPU) (10%),ASUS Zenbook UX51VZ,Open Hardware Monitor,1
03:55:29.000,65.0,61.0,59.0,62.0,66.0,8.4,5.5,0.0,0.0,173.0,Attack,Cryptojacking,CoinIMP (CPU) (10%),ASUS Zenbook UX51VZ,Open Hardware Monitor,1
03:55:31.000,59.0,61.0,57.0,65.0,65.0,7.7,4.9,0.0,0.0,175.0,Attack,Cryptojacking,CoinIMP (CPU) (10%),ASUS Zenbook UX51VZ,Open Hardware Monitor,1
03:55:33.000,60.0,62.0,60.0,61.0,62.0,8.0,5.1,0.0,0.0,177.0,Attack,Cryptojacking,CoinIMP (CPU) (10%),ASUS Zenbook UX51VZ,Open Hardware Monitor,1
03:55:35.000,59.0,60.0,56.0,59.0,60.0,6.5,3.8,0.0,0.0,179.0,Attack,Cryptojacking,CoinIMP (CPU) (10%),ASUS Zenbook UX51VZ,Open Hardware Monitor,1
03:55:37.000,57.0,57.0,57.0,57.0,57.0,7.3,4.4,0.0,0.0,181.0,Attack,Cryptojacking,CoinIMP (CPU) (10%),ASUS Zenbook UX51VZ,Open Hardware Monitor,1
03:55:39.000,63.0,63.0,63.0,63.0,63.0,7.3,4.6,0.0,0.0,183.0,Attack,Cryptojacking,CoinIMP (CPU) (10%),ASUS Zenbook UX51VZ,Open Hardware Monitor,1
03:55:41.000,60.0,59.0,56.0,59.0,60.0,6.9,4.0,0.0,0.0,185.0,Attack,Cryptojacking,CoinIMP (CPU) (10%),ASUS Zenbook UX51VZ,Open Hardware Monitor,1
03:55:43.000,62.0,62.0,62.0,62.0,62.0,7.1,4.3,0.0,0.0,187.0,Attack,Cryptojacking,CoinIMP (CPU) (10%),ASUS Zenbook UX51VZ,Open Hardware Monitor,1
03:55:45.000,60.0,60.0,60.0,60.0,60.0,7.8,4.9,0.0,0.0,189.0,Attack,Cryptojacking,CoinIMP (CPU) (10%),ASUS Zenbook UX51VZ,Open Hardware Monitor,1
03:55:47.000,60.0,60.0,59.0,60.0,60.0,7.4,4.6,0.0,0.0,191.0,Attack,Cryptojacking,CoinIMP (CPU) (10%),ASUS Zenbook UX51VZ,Open Hardware Monitor,1
03:55:49.000,59.0,59.0,56.0,59.0,60.0,6.9,4.1,0.0,0.0,193.0,Attack,Cryptojacking,CoinIMP (CPU) (10%),ASUS Zenbook UX51VZ,Open Hardware Monitor,1
03:55:51.000,63.0,63.0,63.0,63.0,63.0,6.9,4.1,0.0,0.0,195.0,Attack,Cryptojacking,CoinIMP (CPU) (10%),ASUS Zenbook UX51VZ,Open Hardware Monitor,1
03:55:53.000,60.0,59.0,56.0,61.0,61.0,7.6,4.7,0.0,0.0,197.0,Attack,Cryptojacking,CoinIMP (CPU) (10%),ASUS Zenbook UX51VZ,Open Hardware Monitor,1
03:55:55.000,59.0,59.0,57.0,58.0,59.0,7.5,4.7,0.0,0.0,199.0,Attack,Cryptojacking,CoinIMP (CPU) (10%),ASUS Zenbook UX51VZ,Open Hardware Monitor,1
03:55:57.000,56.0,56.0,56.0,56.0,56.0,7.2,4.3,0.0,0.0,201.0,Attack,Cryptojacking,CoinIMP (CPU) (10%),ASUS Zenbook UX51VZ,Open Hardware Monitor,1
03:55:59.000,61.0,61.0,59.0,61.0,61.0,9.1,6.1,0.0,0.0,203.0,Attack,Cryptojacking,CoinIMP (CPU) (10%),ASUS Zenbook UX51VZ,Open Hardware Monitor,1
03:56:01.000,60.0,59.0,57.0,60.0,60.0,8.0,5.2,0.0,0.0,205.0,Attack,Cryptojacking,CoinIMP (CPU) (10%),ASUS Zenbook UX51VZ,Open Hardware Monitor,1
03:56:03.000,64.0,65.0,62.0,64.0,65.0,8.3,5.5,0.0,0.0,207.0,Attack,Cryptojacking,CoinIMP (CPU) (10%),ASUS Zenbook UX51VZ,Open Hardware Monitor,1
03:56:05.000,63.0,64.0,61.0,63.0,64.0,8.8,5.9,0.0,0.0,209.0,Attack,Cryptojacking,CoinIMP (CPU) (10%),ASUS Zenbook UX51VZ,Open Hardware Monitor,1
03:56:07.000,59.0,60.0,55.0,60.0,60.0,8.0,5.1,0.0,0.0,211.0,Attack,Cryptojacking,CoinIMP (CPU) (10%),ASUS Zenbook UX51VZ,Open Hardware Monitor,1
03:56:09.000,59.0,59.0,55.0,64.0,64.0,7.6,4.8,0.0,0.0,213.0,Attack,Cryptojacking,CoinIMP (CPU) (10%),ASUS Zenbook UX51VZ,Open Hardware Monitor,1
03:56:11.000,60.0,59.0,55.0,59.0,60.0,8.9,6.0,0.0,0.0,215.0,Attack,Cryptojacking,CoinIMP (CPU) (10%),ASUS Zenbook UX51VZ,Open Hardware Monitor,1
03:56:13.000,57.0,57.0,57.0,57.0,57.0,6.4,3.6,0.0,0.0,217.0,Attack,Cryptojacking,CoinIMP (CPU) (10%),ASUS Zenbook UX51VZ,Open Hardware Monitor,1
03:56:16.000,64.0,63.0,63.0,63.0,64.0,7.4,4.5,0.0,0.0,220.0,Attack,Cryptojacking,CoinIMP (CPU) (10%),ASUS Zenbook UX51VZ,Open Hardware Monitor,1
03:56:18.000,60.0,59.0,55.0,60.0,60.0,8.1,5.3,0.0,0.0,222.0,Attack,Cryptojacking,CoinIMP (CPU) (10%),ASUS Zenbook UX51VZ,Open Hardware Monitor,1
03:56:20.000,59.0,59.0,59.0,59.0,59.0,7.5,4.7,0.0,0.0,224.0,Attack,Cryptojacking,CoinIMP (CPU) (10%),ASUS Zenbook UX51VZ,Open Hardware Monitor,1
03:56:22.000,63.0,60.0,61.0,63.0,63.0,7.8,4.9,0.0,0.0,226.0,Attack,Cryptojacking,CoinIMP (CPU) (10%),ASUS Zenbook UX51VZ,Open Hardware Monitor,1
03:56:24.000,59.0,59.0,60.0,60.0,62.0,7.2,4.4,0.0,0.0,228.0,Attack,Cryptojacking,CoinIMP (CPU) (10%),ASUS Zenbook UX51VZ,Open Hardware Monitor,1
03:56:26.000,59.0,58.0,55.0,58.0,59.0,8.5,5.7,0.0,0.0,230.0,Attack,Cryptojacking,CoinIMP (CPU) (10%),ASUS Zenbook UX51VZ,Open Hardware Monitor,1
03:56:28.000,52.0,52.0,52.0,52.0,53.0,7.0,4.2,0.0,0.0,232.0,Attack,Cryptojacking,CoinIMP (CPU) (10%),ASUS Zenbook UX51VZ,Open Hardware Monitor,1
03:56:30.000,57.0,57.0,57.0,57.0,57.0,7.7,4.8,0.0,0.0,234.0,Attack,Cryptojacking,CoinIMP (CPU) (10%),ASUS Zenbook UX51VZ,Open Hardware Monitor,1
03:56:32.000,57.0,60.0,54.0,58.0,60.0,7.1,4.2,0.0,0.0,236.0,Attack,Cryptojacking,CoinIMP (CPU) (10%),ASUS Zenbook UX51VZ,Open Hardware Monitor,1
03:56:34.000,59.0,61.0,56.0,59.0,60.0,7.3,4.5,0.0,0.0,238.0,Attack,Cryptojacking,CoinIMP (CPU) (10%),ASUS Zenbook UX51VZ,Open Hardware Monitor,1
03:56:36.000,61.0,59.0,55.0,58.0,61.0,8.0,5.1,0.0,0.0,240.0,Attack,Cryptojacking,CoinIMP (CPU) (10%),ASUS Zenbook UX51VZ,Open Hardware Monitor,1
03:56:38.000,56.0,56.0,56.0,56.0,57.0,7.8,4.9,0.0,0.0,242.0,Attack,Cryptojacking,CoinIMP (CPU) (10%),ASUS Zenbook UX51VZ,Open Hardware Monitor,1
03:56:40.000,59.0,59.0,57.0,59.0,60.0,7.0,4.2,0.0,0.0,244.0,Attack,Cryptojacking,CoinIMP (CPU) (10%),ASUS Zenbook UX51VZ,Open Hardware Monitor,1
03:56:42.000,62.0,63.0,57.0,61.0,63.0,18.5,15.5,0.0,0.0,246.0,Attack,Cryptojacking,CoinIMP (CPU) (10%),ASUS Zenbook UX51VZ,Open Hardware Monitor,1
03:56:44.000,60.0,60.0,57.0,62.0,65.0,8.1,5.2,0.0,0.0,248.0,Attack,Cryptojacking,CoinIMP (CPU) (10%),ASUS Zenbook UX51VZ,Open Hardware Monitor,1
03:56:46.000,61.0,61.0,58.0,60.0,61.0,8.5,5.7,0.0,0.0,250.0,Attack,Cryptojacking,CoinIMP (CPU) (10%),ASUS Zenbook UX51VZ,Open Hardware Monitor,1
03:56:48.000,60.0,59.0,56.0,61.0,63.0,9.4,6.5,0.0,0.0,252.0,Attack,Cryptojacking,CoinIMP (CPU) (10%),ASUS Zenbook UX51VZ,Open Hardware Monitor,1
03:56:50.000,60.0,61.0,60.0,64.0,66.0,11.2,8.3,0.0,0.0,254.0,Attack,Cryptojacking,CoinIMP (CPU) (10%),ASUS Zenbook UX51VZ,Open Hardware Monitor,1
03:56:52.000,62.0,61.0,63.0,60.0,63.0,7.9,5.1,0.0,0.0,256.0,Attack,Cryptojacking,CoinIMP (CPU) (10%),ASUS Zenbook UX51VZ,Open Hardware Monitor,1
03:56:54.000,59.0,60.0,56.0,59.0,60.0,6.8,4.1,0.0,0.0,258.0,Attack,Cryptojacking,CoinIMP (CPU) (10%),ASUS Zenbook UX51VZ,Open Hardware Monitor,1
03:56:56.000,60.0,59.0,58.0,59.0,60.0,8.1,5.3,0.0,0.0,260.0,Attack,Cryptojacking,CoinIMP (CPU) (10%),ASUS Zenbook UX51VZ,Open Hardware Monitor,1
03:56:58.000,59.0,59.0,55.0,58.0,60.0,8.1,5.3,0.0,0.0,262.0,Attack,Cryptojacking,CoinIMP (CPU) (10%),ASUS Zenbook UX51VZ,Open Hardware Monitor,1
03:57:00.000,59.0,61.0,54.0,59.0,61.0,8.3,5.4,0.0,0.0,264.0,Attack,Cryptojacking,CoinIMP (CPU) (10%),ASUS Zenbook UX51VZ,Open Hardware Monitor,1
03:57:02.000,63.0,61.0,56.0,63.0,63.0,6.8,4.0,0.0,0.0,266.0,Attack,Cryptojacking,CoinIMP (CPU) (10%),ASUS Zenbook UX51VZ,Open Hardware Monitor,1
03:57:04.000,59.0,59.0,55.0,60.0,60.0,9.3,6.4,0.0,0.0,268.0,Attack,Cryptojacking,CoinIMP (CPU) (10%),ASUS Zenbook UX51VZ,Open Hardware Monitor,1
03:57:06.000,61.0,60.0,55.0,60.0,61.0,9.2,6.3,0.0,0.0,270.0,Attack,Cryptojacking,CoinIMP (CPU) (10%),ASUS Zenbook UX51VZ,Open Hardware Monitor,1
03:57:08.000,59.0,60.0,56.0,58.0,60.0,8.0,5.2,0.0,0.0,272.0,Attack,Cryptojacking,CoinIMP (CPU) (10%),ASUS Zenbook UX51VZ,Open Hardware Monitor,1
03:57:10.000,61.0,60.0,57.0,58.0,61.0,8.7,5.9,0.0,0.0,274.0,Attack,Cryptojacking,CoinIMP (CPU) (10%),ASUS Zenbook UX51VZ,Open Hardware Monitor,1
03:57:12.000,60.0,60.0,55.0,64.0,64.0,7.7,4.8,0.0,0.0,276.0,Attack,Cryptojacking,CoinIMP (CPU) (10%),ASUS Zenbook UX51VZ,Open Hardware Monitor,1
03:57:14.000,60.0,60.0,58.0,57.0,60.0,7.5,4.6,0.0,0.0,278.0,Attack,Cryptojacking,CoinIMP (CPU) (10%),ASUS Zenbook UX51VZ,Open Hardware Monitor,1
03:57:16.000,59.0,58.0,55.0,58.0,59.0,8.1,5.2,0.0,0.0,280.0,Attack,Cryptojacking,CoinIMP (CPU) (10%),ASUS Zenbook UX51VZ,Open Hardware Monitor,1
03:57:18.000,65.0,65.0,65.0,65.0,65.0,7.3,4.5,0.0,0.0,282.0,Attack,Cryptojacking,CoinIMP (CPU) (10%),ASUS Zenbook UX51VZ,Open Hardware Monitor,1
03:57:20.000,60.0,60.0,60.0,60.0,60.0,9.4,6.6,0.0,0.0,284.0,Attack,Cryptojacking,CoinIMP (CPU) (10%),ASUS Zenbook UX51VZ,Open Hardware Monitor,1
03:57:22.000,62.0,61.0,56.0,59.0,64.0,8.5,5.7,0.0,0.0,286.0,Attack,Cryptojacking,CoinIMP (CPU) (10%),ASUS Zenbook UX51VZ,Open Hardware Monitor,1
03:57:24.000,59.0,59.0,59.0,59.0,59.0,6.9,4.1,0.0,0.0,288.0,Attack,Cryptojacking,CoinIMP (CPU) (10%),ASUS Zenbook UX51VZ,Open Hardware Monitor,1
03:57:26.000,60.0,60.0,56.0,58.0,62.0,7.6,4.7,0.0,0.0,290.0,Attack,Cryptojacking,CoinIMP (CPU) (10%),ASUS Zenbook UX51VZ,Open Hardware Monitor,1
03:57:28.000,58.0,60.0,56.0,58.0,60.0,8.2,5.4,0.0,0.0,292.0,Attack,Cryptojacking,CoinIMP (CPU) (10%),ASUS Zenbook UX51VZ,Open Hardware Monitor,1
03:57:30.000,58.0,59.0,56.0,58.0,58.0,8.6,5.7,0.0,0.0,294.0,Attack,Cryptojacking,CoinIMP (CPU) (10%),ASUS Zenbook UX51VZ,Open Hardware Monitor,1
03:57:32.000,60.0,60.0,60.0,60.0,60.0,9.0,6.1,0.0,0.0,296.0,Attack,Cryptojacking,CoinIMP (CPU) (10%),ASUS Zenbook UX51VZ,Open Hardware Monitor,1
03:57:34.000,55.0,55.0,55.0,55.0,55.0,7.7,4.9,0.0,0.0,298.0,Attack,Cryptojacking,CoinIMP (CPU) (10%),ASUS Zenbook UX51VZ,Open Hardware Monitor,1
03:57:36.000,58.0,58.0,57.0,57.0,58.0,8.0,5.1,0.0,0.0,300.0,Attack,Cryptojacking,CoinIMP (CPU) (10%),ASUS Zenbook UX51VZ,Open Hardware Monitor,1
03:57:38.000,60.0,60.0,60.0,60.0,60.0,7.7,4.9,0.0,0.0,302.0,Attack,Cryptojacking,CoinIMP (CPU) (10%),ASUS Zenbook UX51VZ,Open Hardware Monitor,1
03:57:40.000,63.0,62.0,62.0,62.0,63.0,7.3,4.5,0.0,0.0,304.0,Attack,Cryptojacking,CoinIMP (CPU) (10%),ASUS Zenbook UX51VZ,Open Hardware Monitor,1
03:57:42.000,60.0,63.0,58.0,61.0,63.0,8.3,5.4,0.0,0.0,306.0,Attack,Cryptojacking,CoinIMP (CPU) (10%),ASUS Zenbook UX51VZ,Open Hardware Monitor,1
03:57:44.000,61.0,61.0,62.0,61.0,61.0,8.0,5.1,0.0,0.0,308.0,Attack,Cryptojacking,CoinIMP (CPU) (10%),ASUS Zenbook UX51VZ,Open Hardware Monitor,1
03:57:46.000,63.0,62.0,62.0,63.0,63.0,8.5,5.6,0.0,0.0,310.0,Attack,Cryptojacking,CoinIMP (CPU) (10%),ASUS Zenbook UX51VZ,Open Hardware Monitor,1
03:57:48.000,59.0,60.0,56.0,58.0,63.0,8.2,5.4,0.0,0.0,312.0,Attack,Cryptojacking,CoinIMP (CPU) (10%),ASUS Zenbook UX51VZ,Open Hardware Monitor,1
03:57:50.000,59.0,64.0,62.0,59.0,64.0,7.8,4.9,0.0,0.0,314.0,Attack,Cryptojacking,CoinIMP (CPU) (10%),ASUS Zenbook UX51VZ,Open Hardware Monitor,1
03:57:52.000,58.0,59.0,55.0,59.0,59.0,8.0,5.2,0.0,0.0,316.0,Attack,Cryptojacking,CoinIMP (CPU) (10%),ASUS Zenbook UX51VZ,Open Hardware Monitor,1
03:57:54.000,59.0,60.0,55.0,59.0,61.0,8.1,5.2,0.0,0.0,318.0,Attack,Cryptojacking,CoinIMP (CPU) (10%),ASUS Zenbook UX51VZ,Open Hardware Monitor,1
03:57:56.000,60.0,59.0,57.0,64.0,64.0,8.2,5.3,0.0,0.0,320.0,Attack,Cryptojacking,CoinIMP (CPU) (10%),ASUS Zenbook UX51VZ,Open Hardware Monitor,1
03:57:58.000,59.0,59.0,54.0,57.0,59.0,8.0,5.1,0.0,0.0,322.0,Attack,Cryptojacking,CoinIMP (CPU) (10%),ASUS Zenbook UX51VZ,Open Hardware Monitor,1
03:58:00.000,59.0,59.0,59.0,59.0,59.0,7.9,5.1,0.0,0.0,324.0,Attack,Cryptojacking,CoinIMP (CPU) (10%),ASUS Zenbook UX51VZ,Open Hardware Monitor,1
03:58:02.000,60.0,60.0,55.0,58.0,60.0,9.5,6.5,0.0,0.0,326.0,Attack,Cryptojacking,CoinIMP (CPU) (10%),ASUS Zenbook UX51VZ,Open Hardware Monitor,1
03:58:04.000,62.0,60.0,56.0,62.0,64.0,8.2,5.3,0.0,0.0,328.0,Attack,Cryptojacking,CoinIMP (CPU) (10%),ASUS Zenbook UX51VZ,Open Hardware Monitor,1
03:58:06.000,61.0,60.0,56.0,65.0,65.0,8.6,5.7,0.0,0.0,330.0,Attack,Cryptojacking,CoinIMP (CPU) (10%),ASUS Zenbook UX51VZ,Open Hardware Monitor,1
03:58:08.000,59.0,59.0,56.0,60.0,62.0,8.1,5.2,0.0,0.0,332.0,Attack,Cryptojacking,CoinIMP (CPU) (10%),ASUS Zenbook UX51VZ,Open Hardware Monitor,1
03:58:10.000,58.0,58.0,58.0,58.0,58.0,7.9,5.1,0.0,0.0,334.0,Attack,Cryptojacking,CoinIMP (CPU) (10%),ASUS Zenbook UX51VZ,Open Hardware Monitor,1
03:58:12.000,64.0,64.0,64.0,58.0,63.0,8.8,5.9,0.0,0.0,336.0,Attack,Cryptojacking,CoinIMP (CPU) (10%),ASUS Zenbook UX51VZ,Open Hardware Monitor,1
03:58:14.000,61.0,64.0,61.0,62.0,64.0,17.2,13.0,1.0,0.0,338.0,Attack,Cryptojacking,CoinIMP (CPU) (10%),ASUS Zenbook UX51VZ,Open Hardware Monitor,1
03:58:16.000,59.0,59.0,58.0,59.0,59.0,8.7,5.7,0.1,0.0,340.0,Attack,Cryptojacking,CoinIMP (CPU) (10%),ASUS Zenbook UX51VZ,Open Hardware Monitor,1
03:58:18.000,60.0,59.0,58.0,64.0,64.0,8.5,5.5,0.0,0.0,342.0,Attack,Cryptojacking,CoinIMP (CPU) (10%),ASUS Zenbook UX51VZ,Open Hardware Monitor,1
03:58:20.000,61.0,63.0,60.0,64.0,65.0,8.2,5.3,0.0,0.0,344.0,Attack,Cryptojacking,CoinIMP (CPU) (10%),ASUS Zenbook UX51VZ,Open Hardware Monitor,1
03:58:22.000,61.0,61.0,62.0,61.0,63.0,15.3,11.0,0.9,0.0,346.0,Attack,Cryptojacking,CoinIMP (CPU) (10%),ASUS Zenbook UX51VZ,Open Hardware Monitor,1
03:58:24.000,59.0,59.0,55.0,58.0,60.0,8.0,5.1,0.0,0.0,348.0,Attack,Cryptojacking,CoinIMP (CPU) (10%),ASUS Zenbook UX51VZ,Open Hardware Monitor,1
03:58:26.000,59.0,65.0,58.0,61.0,65.0,7.7,4.9,0.0,0.0,350.0,Attack,Cryptojacking,CoinIMP (CPU) (10%),ASUS Zenbook UX51VZ,Open Hardware Monitor,1
03:58:28.000,64.0,59.0,58.0,60.0,64.0,7.6,4.8,0.0,0.0,352.0,Attack,Cryptojacking,CoinIMP (CPU) (10%),ASUS Zenbook UX51VZ,Open Hardware Monitor,1
03:58:30.000,59.0,62.0,57.0,62.0,62.0,8.9,6.0,0.0,0.0,354.0,Attack,Cryptojacking,CoinIMP (CPU) (10%),ASUS Zenbook UX51VZ,Open Hardware Monitor,1
03:58:32.000,60.0,60.0,54.0,58.0,60.0,8.7,5.9,0.0,0.0,356.0,Attack,Cryptojacking,CoinIMP (CPU) (10%),ASUS Zenbook UX51VZ,Open Hardware Monitor,1
03:58:34.000,62.0,62.0,62.0,62.0,62.0,8.0,5.2,0.0,0.0,358.0,Attack,Cryptojacking,CoinIMP (CPU) (10%),ASUS Zenbook UX51VZ,Open Hardware Monitor,1
03:58:36.000,60.0,58.0,57.0,58.0,59.0,7.1,4.3,0.0,0.0,360.0,Attack,Cryptojacking,CoinIMP (CPU) (10%),ASUS Zenbook UX51VZ,Open Hardware Monitor,1
03:58:38.000,60.0,60.0,60.0,60.0,60.0,7.1,4.3,0.0,0.0,362.0,Attack,Cryptojacking,CoinIMP (CPU) (10%),ASUS Zenbook UX51VZ,Open Hardware Monitor,1
03:58:40.000,61.0,61.0,61.0,61.0,60.0,8.0,5.2,0.0,0.0,364.0,Attack,Cryptojacking,CoinIMP (CPU) (10%),ASUS Zenbook UX51VZ,Open Hardware Monitor,1
03:58:42.000,59.0,60.0,57.0,60.0,61.0,8.0,5.1,0.0,0.0,366.0,Attack,Cryptojacking,CoinIMP (CPU) (10%),ASUS Zenbook UX51VZ,Open Hardware Monitor,1
03:58:44.000,61.0,58.0,57.0,60.0,61.0,9.7,6.7,0.0,0.0,368.0,Attack,Cryptojacking,CoinIMP (CPU) (10%),ASUS Zenbook UX51VZ,Open Hardware Monitor,1
03:58:46.000,59.0,59.0,54.0,58.0,60.0,7.5,4.6,0.0,0.0,370.0,Attack,Cryptojacking,CoinIMP (CPU) (10%),ASUS Zenbook UX51VZ,Open Hardware Monitor,1
03:58:48.000,59.0,59.0,55.0,58.0,59.0,7.4,4.6,0.0,0.0,372.0,Attack,Cryptojacking,CoinIMP (CPU) (10%),ASUS Zenbook UX51VZ,Open Hardware Monitor,1
03:58:51.000,63.0,63.0,56.0,59.0,62.0,7.7,4.9,0.0,0.0,375.0,Attack,Cryptojacking,CoinIMP (CPU) (10%),ASUS Zenbook UX51VZ,Open Hardware Monitor,1
03:58:53.000,58.0,58.0,55.0,59.0,59.0,8.0,5.2,0.0,0.0,377.0,Attack,Cryptojacking,CoinIMP (CPU) (10%),ASUS Zenbook UX51VZ,Open Hardware Monitor,1
03:58:55.000,58.0,61.0,54.0,62.0,63.0,8.2,5.3,0.0,0.0,379.0,Attack,Cryptojacking,CoinIMP (CPU) (10%),ASUS Zenbook UX51VZ,Open Hardware Monitor,1
03:58:57.000,59.0,59.0,56.0,57.0,59.0,8.4,5.5,0.0,0.0,381.0,Attack,Cryptojacking,CoinIMP (CPU) (10%),ASUS Zenbook UX51VZ,Open Hardware Monitor,1
03:58:59.000,58.0,58.0,58.0,58.0,58.0,8.0,5.1,0.0,0.0,383.0,Attack,Cryptojacking,CoinIMP (CPU) (10%),ASUS Zenbook UX51VZ,Open Hardware Monitor,1
03:59:01.000,60.0,60.0,55.0,58.0,61.0,7.2,4.4,0.0,0.0,385.0,Attack,Cryptojacking,CoinIMP (CPU) (10%),ASUS Zenbook UX51VZ,Open Hardware Monitor,1
03:59:03.000,59.0,63.0,62.0,58.0,63.0,8.3,5.4,0.0,0.0,387.0,Attack,Cryptojacking,CoinIMP (CPU) (10%),ASUS Zenbook UX51VZ,Open Hardware Monitor,1
03:59:05.000,61.0,60.0,58.0,59.0,61.0,8.2,5.3,0.0,0.0,389.0,Attack,Cryptojacking,CoinIMP (CPU) (10%),ASUS Zenbook UX51VZ,Open Hardware Monitor,1
03:59:07.000,60.0,60.0,59.0,59.0,60.0,7.7,4.8,0.0,0.0,391.0,Attack,Cryptojacking,CoinIMP (CPU) (10%),ASUS Zenbook UX51VZ,Open Hardware Monitor,1
03:59:09.000,61.0,61.0,60.0,57.0,61.0,7.5,4.6,0.0,0.0,393.0,Attack,Cryptojacking,CoinIMP (CPU) (10%),ASUS Zenbook UX51VZ,Open Hardware Monitor,1
03:59:11.000,58.0,58.0,55.0,62.0,64.0,9.5,6.6,0.0,0.0,395.0,Attack,Cryptojacking,CoinIMP (CPU) (10%),ASUS Zenbook UX51VZ,Open Hardware Monitor,1
03:59:13.000,59.0,61.0,56.0,58.0,61.0,8.7,5.8,0.0,0.0,397.0,Attack,Cryptojacking,CoinIMP (CPU) (10%),ASUS Zenbook UX51VZ,Open Hardware Monitor,1
03:59:15.000,60.0,60.0,55.0,59.0,60.0,9.1,6.2,0.0,0.0,399.0,Attack,Cryptojacking,CoinIMP (CPU) (10%),ASUS Zenbook UX51VZ,Open Hardware Monitor,1
03:59:17.000,63.0,58.0,61.0,60.0,63.0,8.1,5.3,0.0,0.0,401.0,Attack,Cryptojacking,CoinIMP (CPU) (10%),ASUS Zenbook UX51VZ,Open Hardware Monitor,1
03:59:19.000,59.0,59.0,58.0,58.0,59.0,7.8,5.0,0.0,0.0,403.0,Attack,Cryptojacking,CoinIMP (CPU) (10%),ASUS Zenbook UX51VZ,Open Hardware Monitor,1
03:59:21.000,53.0,53.0,53.0,53.0,54.0,7.4,4.6,0.0,0.0,405.0,Attack,Cryptojacking,CoinIMP (CPU) (10%),ASUS Zenbook UX51VZ,Open Hardware Monitor,1
03:59:23.000,57.0,57.0,57.0,57.0,57.0,8.7,5.9,0.0,0.0,407.0,Attack,Cryptojacking,CoinIMP (CPU) (10%),ASUS Zenbook UX51VZ,Open Hardware Monitor,1
03:59:25.000,64.0,58.0,56.0,59.0,64.0,8.3,5.4,0.0,0.0,409.0,Attack,Cryptojacking,CoinIMP (CPU) (10%),ASUS Zenbook UX51VZ,Open Hardware Monitor,1
03:59:27.000,59.0,59.0,54.0,58.0,59.0,8.7,5.8,0.0,0.0,411.0,Attack,Cryptojacking,CoinIMP (CPU) (10%),ASUS Zenbook UX51VZ,Open Hardware Monitor,1
03:59:29.000,64.0,64.0,57.0,63.0,63.0,8.9,6.0,0.0,0.0,413.0,Attack,Cryptojacking,CoinIMP (CPU) (10%),ASUS Zenbook UX51VZ,Open Hardware Monitor,1
03:59:31.000,58.0,58.0,54.0,63.0,63.0,7.7,4.9,0.0,0.0,415.0,Attack,Cryptojacking,CoinIMP (CPU) (10%),ASUS Zenbook UX51VZ,Open Hardware Monitor,1
03:59:33.000,63.0,58.0,62.0,62.0,63.0,8.5,5.7,0.0,0.0,417.0,Attack,Cryptojacking,CoinIMP (CPU) (10%),ASUS Zenbook UX51VZ,Open Hardware Monitor,1
03:59:35.000,59.0,57.0,56.0,59.0,59.0,7.6,4.8,0.0,0.0,419.0,Attack,Cryptojacking,CoinIMP (CPU) (10%),ASUS Zenbook UX51VZ,Open Hardware Monitor,1
03:59:37.000,60.0,63.0,56.0,62.0,63.0,8.7,5.8,0.0,0.0,421.0,Attack,Cryptojacking,CoinIMP (CPU) (10%),ASUS Zenbook UX51VZ,Open Hardware Monitor,1
03:59:39.000,61.0,61.0,61.0,64.0,64.0,8.9,6.1,0.0,0.0,423.0,Attack,Cryptojacking,CoinIMP (CPU) (10%),ASUS Zenbook UX51VZ,Open Hardware Monitor,1
03:59:41.000,59.0,59.0,56.0,59.0,60.0,8.1,5.2,0.0,0.0,425.0,Attack,Cryptojacking,CoinIMP (CPU) (10%),ASUS Zenbook UX51VZ,Open Hardware Monitor,1
03:59:43.000,57.0,59.0,56.0,56.0,59.0,7.4,4.6,0.0,0.0,427.0,Attack,Cryptojacking,CoinIMP (CPU) (10%),ASUS Zenbook UX51VZ,Open Hardware Monitor,1
03:59:45.000,59.0,60.0,56.0,58.0,60.0,8.2,5.3,0.0,0.0,429.0,Attack,Cryptojacking,CoinIMP (CPU) (10%),ASUS Zenbook UX51VZ,Open Hardware Monitor,1
03:59:47.000,60.0,58.0,56.0,57.0,62.0,7.2,4.4,0.0,0.0,431.0,Attack,Cryptojacking,CoinIMP (CPU) (10%),ASUS Zenbook UX51VZ,Open Hardware Monitor,1
03:59:49.000,61.0,60.0,57.0,58.0,63.0,8.3,5.4,0.0,0.0,433.0,Attack,Cryptojacking,CoinIMP (CPU) (10%),ASUS Zenbook UX51VZ,Open Hardware Monitor,1
03:59:51.000,56.0,59.0,55.0,58.0,59.0,7.4,4.6,0.0,0.0,435.0,Attack,Cryptojacking,CoinIMP (CPU) (10%),ASUS Zenbook UX51VZ,Open Hardware Monitor,1
03:59:53.000,59.0,58.0,56.0,57.0,60.0,7.3,4.5,0.0,0.0,437.0,Attack,Cryptojacking,CoinIMP (CPU) (10%),ASUS Zenbook UX51VZ,Open Hardware Monitor,1
03:59:55.000,60.0,58.0,55.0,58.0,60.0,7.3,4.5,0.0,0.0,439.0,Attack,Cryptojacking,CoinIMP (CPU) (10%),ASUS Zenbook UX51VZ,Open Hardware Monitor,1
03:59:57.000,62.0,63.0,60.0,63.0,64.0,9.6,6.7,0.0,0.0,441.0,Attack,Cryptojacking,CoinIMP (CPU) (10%),ASUS Zenbook UX51VZ,Open Hardware Monitor,1
03:59:59.000,58.0,58.0,56.0,57.0,58.0,7.2,4.4,0.0,0.0,443.0,Attack,Cryptojacking,CoinIMP (CPU) (10%),ASUS Zenbook UX51VZ,Open Hardware Monitor,1
04:00:01.000,63.0,64.0,61.0,62.0,64.0,9.3,6.4,0.0,0.0,445.0,Attack,Cryptojacking,CoinIMP (CPU) (10%),ASUS Zenbook UX51VZ,Open Hardware Monitor,1
04:00:03.000,58.0,58.0,55.0,63.0,63.0,7.6,4.7,0.0,0.0,447.0,Attack,Cryptojacking,CoinIMP (CPU) (10%),ASUS Zenbook UX51VZ,Open Hardware Monitor,1
04:00:05.000,58.0,60.0,55.0,57.0,61.0,8.4,5.6,0.0,0.0,449.0,Attack,Cryptojacking,CoinIMP (CPU) (10%),ASUS Zenbook UX51VZ,Open Hardware Monitor,1
04:00:07.000,60.0,62.0,60.0,61.0,63.0,8.9,6.0,0.0,0.0,451.0,Attack,Cryptojacking,CoinIMP (CPU) (10%),ASUS Zenbook UX51VZ,Open Hardware Monitor,1
04:00:09.000,63.0,60.0,56.0,59.0,62.0,8.4,5.6,0.0,0.0,453.0,Attack,Cryptojacking,CoinIMP (CPU) (10%),ASUS Zenbook UX51VZ,Open Hardware Monitor,1
04:00:11.000,59.0,58.0,55.0,58.0,59.0,7.3,4.5,0.0,0.0,455.0,Attack,Cryptojacking,CoinIMP (CPU) (10%),ASUS Zenbook UX51VZ,Open Hardware Monitor,1
04:00:13.000,58.0,58.0,56.0,58.0,60.0,7.9,5.0,0.0,0.0,457.0,Attack,Cryptojacking,CoinIMP (CPU) (10%),ASUS Zenbook UX51VZ,Open Hardware Monitor,1
04:00:15.000,58.0,58.0,55.0,56.0,59.0,9.0,6.1,0.0,0.0,459.0,Attack,Cryptojacking,CoinIMP (CPU) (10%),ASUS Zenbook UX51VZ,Open Hardware Monitor,1
04:00:17.000,60.0,59.0,54.0,59.0,60.0,7.5,4.7,0.0,0.0,461.0,Attack,Cryptojacking,CoinIMP (CPU) (10%),ASUS Zenbook UX51VZ,Open Hardware Monitor,1
04:00:19.000,58.0,58.0,54.0,58.0,62.0,8.5,5.6,0.0,0.0,463.0,Attack,Cryptojacking,CoinIMP (CPU) (10%),ASUS Zenbook UX51VZ,Open Hardware Monitor,1
04:00:21.000,58.0,58.0,56.0,56.0,59.0,7.4,4.6,0.0,0.0,465.0,Attack,Cryptojacking,CoinIMP (CPU) (10%),ASUS Zenbook UX51VZ,Open Hardware Monitor,1
04:00:23.000,61.0,62.0,61.0,64.0,64.0,6.6,3.8,0.0,0.0,467.0,Attack,Cryptojacking,CoinIMP (CPU) (10%),ASUS Zenbook UX51VZ,Open Hardware Monitor,1
04:00:25.000,60.0,59.0,57.0,59.0,60.0,13.1,10.1,0.0,0.0,469.0,Attack,Cryptojacking,CoinIMP (CPU) (10%),ASUS Zenbook UX51VZ,Open Hardware Monitor,1
04:00:27.000,61.0,61.0,61.0,61.0,61.0,8.9,6.0,0.0,0.0,471.0,Attack,Cryptojacking,CoinIMP (CPU) (10%),ASUS Zenbook UX51VZ,Open Hardware Monitor,1
04:00:29.000,62.0,60.0,56.0,60.0,63.0,8.4,5.5,0.0,0.0,473.0,Attack,Cryptojacking,CoinIMP (CPU) (10%),ASUS Zenbook UX51VZ,Open Hardware Monitor,1
04:00:31.000,59.0,58.0,55.0,58.0,59.0,7.0,4.2,0.0,0.0,475.0,Attack,Cryptojacking,CoinIMP (CPU) (10%),ASUS Zenbook UX51VZ,Open Hardware Monitor,1
04:00:33.000,58.0,62.0,61.0,60.0,62.0,8.3,5.5,0.0,0.0,477.0,Attack,Cryptojacking,CoinIMP (CPU) (10%),ASUS Zenbook UX51VZ,Open Hardware Monitor,1
04:00:35.000,57.0,58.0,57.0,57.0,58.0,8.6,5.7,0.0,0.0,479.0,Attack,Cryptojacking,CoinIMP (CPU) (10%),ASUS Zenbook UX51VZ,Open Hardware Monitor,1
04:00:37.000,63.0,64.0,64.0,65.0,66.0,12.3,9.3,0.0,0.0,481.0,Attack,Cryptojacking,CoinIMP (CPU) (10%),ASUS Zenbook UX51VZ,Open Hardware Monitor,1
04:00:39.000,60.0,59.0,55.0,58.0,60.0,8.3,5.4,0.0,0.0,483.0,Attack,Cryptojacking,CoinIMP (CPU) (10%),ASUS Zenbook UX51VZ,Open Hardware Monitor,1
04:00:41.000,62.0,59.0,55.0,57.0,62.0,7.4,4.5,0.0,0.0,485.0,Attack,Cryptojacking,CoinIMP (CPU) (10%),ASUS Zenbook UX51VZ,Open Hardware Monitor,1
04:00:43.000,61.0,59.0,55.0,63.0,63.0,8.5,5.7,0.0,0.0,487.0,Attack,Cryptojacking,CoinIMP (CPU) (10%),ASUS Zenbook UX51VZ,Open Hardware Monitor,1
04:00:45.000,59.0,58.0,55.0,59.0,59.0,7.2,4.4,0.0,0.0,489.0,Attack,Cryptojacking,CoinIMP (CPU) (10%),ASUS Zenbook UX51VZ,Open Hardware Monitor,1
04:00:47.000,61.0,58.0,55.0,57.0,60.0,7.8,4.9,0.0,0.0,491.0,Attack,Cryptojacking,CoinIMP (CPU) (10%),ASUS Zenbook UX51VZ,Open Hardware Monitor,1
04:00:49.000,60.0,59.0,56.0,57.0,63.0,9.1,6.2,0.0,0.0,493.0,Attack,Cryptojacking,CoinIMP (CPU) (10%),ASUS Zenbook UX51VZ,Open Hardware Monitor,1
04:00:51.000,59.0,58.0,55.0,58.0,60.0,8.8,5.9,0.0,0.0,495.0,Attack,Cryptojacking,CoinIMP (CPU) (10%),ASUS Zenbook UX51VZ,Open Hardware Monitor,1
04:00:53.000,63.0,63.0,63.0,63.0,63.0,8.2,5.4,0.0,0.0,497.0,Attack,Cryptojacking,CoinIMP (CPU) (10%),ASUS Zenbook UX51VZ,Open Hardware Monitor,1
04:00:55.000,61.0,61.0,61.0,61.0,61.0,8.3,5.4,0.0,0.0,499.0,Attack,Cryptojacking,CoinIMP (CPU) (10%),ASUS Zenbook UX51VZ,Open Hardware Monitor,1
04:00:57.000,59.0,59.0,54.0,57.0,59.0,8.0,5.2,0.0,0.0,501.0,Attack,Cryptojacking,CoinIMP (CPU) (10%),ASUS Zenbook UX51VZ,Open Hardware Monitor,1
04:00:59.000,60.0,60.0,62.0,60.0,62.0,7.3,4.5,0.0,0.0,503.0,Attack,Cryptojacking,CoinIMP (CPU) (10%),ASUS Zenbook UX51VZ,Open Hardware Monitor,1
04:01:01.000,65.0,60.0,59.0,58.0,65.0,8.7,5.8,0.0,0.0,505.0,Attack,Cryptojacking,CoinIMP (CPU) (10%),ASUS Zenbook UX51VZ,Open Hardware Monitor,1
04:01:03.000,60.0,65.0,55.0,56.0,65.0,8.5,5.6,0.0,0.0,507.0,Attack,Cryptojacking,CoinIMP (CPU) (10%),ASUS Zenbook UX51VZ,Open Hardware Monitor,1
04:01:05.000,64.0,64.0,64.0,64.0,64.0,8.0,5.2,0.0,0.0,509.0,Attack,Cryptojacking,CoinIMP (CPU) (10%),ASUS Zenbook UX51VZ,Open Hardware Monitor,1
04:01:07.000,59.0,57.0,55.0,57.0,58.0,8.1,5.2,0.0,0.0,511.0,Attack,Cryptojacking,CoinIMP (CPU) (10%),ASUS Zenbook UX51VZ,Open Hardware Monitor,1
04:01:09.000,59.0,62.0,56.0,61.0,64.0,7.9,5.1,0.0,0.0,513.0,Attack,Cryptojacking,CoinIMP (CPU) (10%),ASUS Zenbook UX51VZ,Open Hardware Monitor,1
04:01:11.000,59.0,60.0,55.0,57.0,63.0,7.9,5.0,0.0,0.0,515.0,Attack,Cryptojacking,CoinIMP (CPU) (10%),ASUS Zenbook UX51VZ,Open Hardware Monitor,1
04:01:13.000,58.0,59.0,55.0,57.0,61.0,7.6,4.8,0.0,0.0,517.0,Attack,Cryptojacking,CoinIMP (CPU) (10%),ASUS Zenbook UX51VZ,Open Hardware Monitor,1
04:01:15.000,62.0,62.0,62.0,62.0,62.0,8.4,5.6,0.0,0.0,519.0,Attack,Cryptojacking,CoinIMP (CPU) (10%),ASUS Zenbook UX51VZ,Open Hardware Monitor,1
04:01:17.000,58.0,58.0,58.0,58.0,58.0,7.8,4.9,0.0,0.0,521.0,Attack,Cryptojacking,CoinIMP (CPU) (10%),ASUS Zenbook UX51VZ,Open Hardware Monitor,1
04:01:20.000,61.0,61.0,61.0,61.0,61.0,6.7,3.9,0.0,0.0,524.0,Attack,Cryptojacking,CoinIMP (CPU) (10%),ASUS Zenbook UX51VZ,Open Hardware Monitor,1
04:01:22.000,58.0,58.0,58.0,58.0,58.0,7.5,4.7,0.0,0.0,526.0,Attack,Cryptojacking,CoinIMP (CPU) (10%),ASUS Zenbook UX51VZ,Open Hardware Monitor,1
04:01:24.000,58.0,58.0,55.0,57.0,59.0,7.6,4.7,0.0,0.0,528.0,Attack,Cryptojacking,CoinIMP (CPU) (10%),ASUS Zenbook UX51VZ,Open Hardware Monitor,1
04:01:26.000,63.0,58.0,60.0,62.0,63.0,8.9,6.0,0.0,0.0,530.0,Attack,Cryptojacking,CoinIMP (CPU) (10%),ASUS Zenbook UX51VZ,Open Hardware Monitor,1
04:01:28.000,58.0,58.0,58.0,58.0,58.0,8.6,5.7,0.0,0.0,532.0,Attack,Cryptojacking,CoinIMP (CPU) (10%),ASUS Zenbook UX51VZ,Open Hardware Monitor,1
04:01:30.000,60.0,60.0,60.0,60.0,60.0,7.9,5.1,0.0,0.0,534.0,Attack,Cryptojacking,CoinIMP (CPU) (10%),ASUS Zenbook UX51VZ,Open Hardware Monitor,1
04:01:32.000,60.0,58.0,55.0,61.0,62.0,8.2,5.4,0.0,0.0,536.0,Attack,Cryptojacking,CoinIMP (CPU) (10%),ASUS Zenbook UX51VZ,Open Hardware Monitor,1
04:01:34.000,61.0,61.0,61.0,61.0,61.0,7.5,4.7,0.0,0.0,538.0,Attack,Cryptojacking,CoinIMP (CPU) (10%),ASUS Zenbook UX51VZ,Open Hardware Monitor,1
04:03:14.000,63.0,63.0,63.0,63.0,63.0,7.4,4.6,0.0,0.0,638.0,Attack,Cryptojacking,CoinIMP (CPU) (10%),ASUS Zenbook UX51VZ,Open Hardware Monitor,1
04:03:16.000,64.0,64.0,64.0,64.0,64.0,10.5,7.6,0.0,0.0,640.0,Attack,Cryptojacking,CoinIMP (CPU) (10%),ASUS Zenbook UX51VZ,Open Hardware Monitor,1
04:03:18.000,66.0,68.0,65.0,65.0,68.0,9.4,6.5,0.0,0.0,642.0,Attack,Cryptojacking,CoinIMP (CPU) (10%),ASUS Zenbook UX51VZ,Open Hardware Monitor,1
04:03:20.000,66.0,66.0,64.0,66.0,66.0,8.6,5.7,0.0,0.0,644.0,Attack,Cryptojacking,CoinIMP (CPU) (10%),ASUS Zenbook UX51VZ,Open Hardware Monitor,1
04:03:22.000,66.0,65.0,65.0,66.0,66.0,9.5,6.6,0.0,0.0,646.0,Attack,Cryptojacking,CoinIMP (CPU) (10%),ASUS Zenbook UX51VZ,Open Hardware Monitor,1
04:03:24.000,66.0,65.0,64.0,64.0,66.0,7.7,4.8,0.0,0.0,648.0,Attack,Cryptojacking,CoinIMP (CPU) (10%),ASUS Zenbook UX51VZ,Open Hardware Monitor,1
04:03:26.000,67.0,67.0,67.0,63.0,68.0,7.7,4.8,0.0,0.0,650.0,Attack,Cryptojacking,CoinIMP (CPU) (10%),ASUS Zenbook UX51VZ,Open Hardware Monitor,1
04:03:28.000,69.0,70.0,65.0,70.0,70.0,8.3,5.4,0.0,0.0,652.0,Attack,Cryptojacking,CoinIMP (CPU) (10%),ASUS Zenbook UX51VZ,Open Hardware Monitor,1
04:03:30.000,65.0,66.0,63.0,65.0,67.0,8.3,5.4,0.0,0.0,654.0,Attack,Cryptojacking,CoinIMP (CPU) (10%),ASUS Zenbook UX51VZ,Open Hardware Monitor,1
04:03:32.000,65.0,65.0,65.0,65.0,65.0,7.6,4.8,0.0,0.0,656.0,Attack,Cryptojacking,CoinIMP (CPU) (10%),ASUS Zenbook UX51VZ,Open Hardware Monitor,1
04:03:34.000,65.0,65.0,65.0,65.0,65.0,7.4,4.5,0.0,0.0,658.0,Attack,Cryptojacking,CoinIMP (CPU) (10%),ASUS Zenbook UX51VZ,Open Hardware Monitor,1
04:03:36.000,60.0,60.0,60.0,60.0,60.0,8.7,5.8,0.0,0.0,660.0,Attack,Cryptojacking,CoinIMP (CPU) (10%),ASUS Zenbook UX51VZ,Open Hardware Monitor,1
04:03:38.000,69.0,66.0,64.0,65.0,69.0,8.0,5.1,0.0,0.0,662.0,Attack,Cryptojacking,CoinIMP (CPU) (10%),ASUS Zenbook UX51VZ,Open Hardware Monitor,1
04:03:40.000,62.0,62.0,62.0,62.0,62.0,7.1,4.3,0.0,0.0,664.0,Attack,Cryptojacking,CoinIMP (CPU) (10%),ASUS Zenbook UX51VZ,Open Hardware Monitor,1
04:03:42.000,63.0,64.0,61.0,63.0,64.0,8.1,5.2,0.0,0.0,666.0,Attack,Cryptojacking,CoinIMP (CPU) (10%),ASUS Zenbook UX51VZ,Open Hardware Monitor,1
04:03:44.000,63.0,65.0,62.0,62.0,65.0,11.8,8.8,0.0,0.0,668.0,Attack,Cryptojacking,CoinIMP (CPU) (10%),ASUS Zenbook UX51VZ,Open Hardware Monitor,1
04:03:46.000,64.0,64.0,64.0,64.0,64.0,8.1,5.2,0.0,0.0,670.0,Attack,Cryptojacking,CoinIMP (CPU) (10%),ASUS Zenbook UX51VZ,Open Hardware Monitor,1
04:03:48.000,64.0,64.0,63.0,63.0,65.0,8.9,6.0,0.0,0.0,672.0,Attack,Cryptojacking,CoinIMP (CPU) (10%),ASUS Zenbook UX51VZ,Open Hardware Monitor,1
04:03:50.000,65.0,64.0,65.0,67.0,68.0,12.8,9.9,0.0,0.0,674.0,Attack,Cryptojacking,CoinIMP (CPU) (10%),ASUS Zenbook UX51VZ,Open Hardware Monitor,1
04:03:52.000,62.0,62.0,62.0,62.0,63.0,8.2,5.3,0.0,0.0,676.0,Attack,Cryptojacking,CoinIMP (CPU) (10%),ASUS Zenbook UX51VZ,Open Hardware Monitor,1
04:03:54.000,66.0,66.0,66.0,66.0,66.0,8.6,5.7,0.0,0.0,678.0,Attack,Cryptojacking,CoinIMP (CPU) (10%),ASUS Zenbook UX51VZ,Open Hardware Monitor,1
04:03:56.000,65.0,65.0,67.0,62.0,67.0,8.2,5.3,0.0,0.0,680.0,Attack,Cryptojacking,CoinIMP (CPU) (10%),ASUS Zenbook UX51VZ,Open Hardware Monitor,1
04:03:58.000,63.0,63.0,62.0,69.0,69.0,9.4,6.5,0.0,0.0,682.0,Attack,Cryptojacking,CoinIMP (CPU) (10%),ASUS Zenbook UX51VZ,Open Hardware Monitor,1
04:04:00.000,62.0,62.0,62.0,62.0,63.0,7.8,4.9,0.0,0.0,684.0,Attack,Cryptojacking,CoinIMP (CPU) (10%),ASUS Zenbook UX51VZ,Open Hardware Monitor,1
04:04:02.000,61.0,61.0,61.0,61.0,63.0,7.9,5.0,0.0,0.0,686.0,Attack,Cryptojacking,CoinIMP (CPU) (10%),ASUS Zenbook UX51VZ,Open Hardware Monitor,1
04:04:04.000,67.0,66.0,61.0,62.0,66.0,8.1,5.3,0.0,0.0,688.0,Attack,Cryptojacking,CoinIMP (CPU) (10%),ASUS Zenbook UX51VZ,Open Hardware Monitor,1
04:04:07.000,63.0,62.0,60.0,63.0,63.0,8.1,5.2,0.0,0.0,691.0,Attack,Cryptojacking,CoinIMP (CPU) (10%),ASUS Zenbook UX51VZ,Open Hardware Monitor,1
04:04:09.000,62.0,62.0,62.0,63.0,66.0,10.0,7.1,0.0,0.0,693.0,Attack,Cryptojacking,CoinIMP (CPU) (10%),ASUS Zenbook UX51VZ,Open Hardware Monitor,1
04:04:11.000,63.0,62.0,61.0,60.0,65.0,7.8,4.9,0.0,0.0,695.0,Attack,Cryptojacking,CoinIMP (CPU) (10%),ASUS Zenbook UX51VZ,Open Hardware Monitor,1
04:04:13.000,63.0,62.0,60.0,61.0,65.0,8.4,5.5,0.0,0.0,697.0,Attack,Cryptojacking,CoinIMP (CPU) (10%),ASUS Zenbook UX51VZ,Open Hardware Monitor,1
04:04:15.000,65.0,68.0,64.0,65.0,68.0,8.3,5.5,0.0,0.0,699.0,Attack,Cryptojacking,CoinIMP (CPU) (10%),ASUS Zenbook UX51VZ,Open Hardware Monitor,1
04:04:17.000,63.0,61.0,60.0,60.0,63.0,8.0,5.1,0.0,0.0,701.0,Attack,Cryptojacking,CoinIMP (CPU) (10%),ASUS Zenbook UX51VZ,Open Hardware Monitor,1
04:04:19.000,63.0,64.0,60.0,61.0,64.0,8.5,5.6,0.0,0.0,703.0,Attack,Cryptojacking,CoinIMP (CPU) (10%),ASUS Zenbook UX51VZ,Open Hardware Monitor,1
04:04:21.000,62.0,62.0,59.0,61.0,62.0,6.1,3.3,0.0,0.0,705.0,Attack,Cryptojacking,CoinIMP (CPU) (10%),ASUS Zenbook UX51VZ,Open Hardware Monitor,1
04:04:23.000,63.0,63.0,63.0,63.0,63.0,8.4,5.5,0.0,0.0,707.0,Attack,Cryptojacking,CoinIMP (CPU) (10%),ASUS Zenbook UX51VZ,Open Hardware Monitor,1
04:04:25.000,62.0,61.0,58.0,61.0,63.0,8.7,5.8,0.0,0.0,709.0,Attack,Cryptojacking,CoinIMP (CPU) (10%),ASUS Zenbook UX51VZ,Open Hardware Monitor,1
04:04:27.000,62.0,63.0,59.0,61.0,64.0,8.9,6.0,0.0,0.0,711.0,Attack,Cryptojacking,CoinIMP (CPU) (10%),ASUS Zenbook UX51VZ,Open Hardware Monitor,1
04:04:29.000,61.0,63.0,58.0,61.0,63.0,8.7,5.8,0.0,0.0,713.0,Attack,Cryptojacking,CoinIMP (CPU) (10%),ASUS Zenbook UX51VZ,Open Hardware Monitor,1
04:04:31.000,62.0,61.0,58.0,61.0,63.0,7.8,5.0,0.0,0.0,715.0,Attack,Cryptojacking,CoinIMP (CPU) (10%),ASUS Zenbook UX51VZ,Open Hardware Monitor,1
04:04:33.000,59.0,59.0,59.0,59.0,59.0,7.6,4.8,0.0,0.0,717.0,Attack,Cryptojacking,CoinIMP (CPU) (10%),ASUS Zenbook UX51VZ,Open Hardware Monitor,1
04:04:35.000,67.0,64.0,60.0,66.0,67.0,9.2,6.2,0.0,0.0,719.0,Attack,Cryptojacking,CoinIMP (CPU) (10%),ASUS Zenbook UX51VZ,Open Hardware Monitor,1
04:04:37.000,63.0,62.0,61.0,62.0,63.0,8.1,5.2,0.0,0.0,721.0,Attack,Cryptojacking,CoinIMP (CPU) (10%),ASUS Zenbook UX51VZ,Open Hardware Monitor,1
04:04:39.000,62.0,62.0,60.0,59.0,62.0,8.0,5.2,0.0,0.0,723.0,Attack,Cryptojacking,CoinIMP (CPU) (10%),ASUS Zenbook UX51VZ,Open Hardware Monitor,1
04:04:41.000,62.0,63.0,60.0,60.0,65.0,8.8,6.0,0.0,0.0,725.0,Attack,Cryptojacking,CoinIMP (CPU) (10%),ASUS Zenbook UX51VZ,Open Hardware Monitor,1
04:04:43.000,60.0,60.0,60.0,60.0,61.0,8.5,5.5,0.0,0.0,727.0,Attack,Cryptojacking,CoinIMP (CPU) (10%),ASUS Zenbook UX51VZ,Open Hardware Monitor,1
04:04:45.000,56.0,56.0,56.0,56.0,56.0,7.7,4.8,0.0,0.0,729.0,Attack,Cryptojacking,CoinIMP (CPU) (10%),ASUS Zenbook UX51VZ,Open Hardware Monitor,1
04:04:47.000,63.0,63.0,65.0,61.0,65.0,8.8,5.9,0.0,0.0,731.0,Attack,Cryptojacking,CoinIMP (CPU) (10%),ASUS Zenbook UX51VZ,Open Hardware Monitor,1
04:04:49.000,59.0,59.0,59.0,59.0,59.0,7.4,4.6,0.0,0.0,733.0,Attack,Cryptojacking,CoinIMP (CPU) (10%),ASUS Zenbook UX51VZ,Open Hardware Monitor,1
04:04:51.000,61.0,61.0,61.0,61.0,61.0,9.7,6.8,0.0,0.0,735.0,Attack,Cryptojacking,CoinIMP (CPU) (10%),ASUS Zenbook UX51VZ,Open Hardware Monitor,1
04:04:53.000,66.0,67.0,66.0,66.0,67.0,7.9,5.0,0.0,0.0,737.0,Attack,Cryptojacking,CoinIMP (CPU) (10%),ASUS Zenbook UX51VZ,Open Hardware Monitor,1
04:04:55.000,63.0,62.0,62.0,62.0,63.0,8.1,5.3,0.0,0.0,739.0,Attack,Cryptojacking,CoinIMP (CPU) (10%),ASUS Zenbook UX51VZ,Open Hardware Monitor,1
04:04:57.000,63.0,64.0,63.0,64.0,64.0,8.2,5.3,0.0,0.0,741.0,Attack,Cryptojacking,CoinIMP (CPU) (10%),ASUS Zenbook UX51VZ,Open Hardware Monitor,1
04:04:59.000,62.0,61.0,58.0,62.0,62.0,9.9,7.0,0.0,0.0,743.0,Attack,Cryptojacking,CoinIMP (CPU) (10%),ASUS Zenbook UX51VZ,Open Hardware Monitor,1
04:05:01.000,65.0,65.0,65.0,65.0,65.0,7.7,4.9,0.0,0.0,745.0,Attack,Cryptojacking,CoinIMP (CPU) (10%),ASUS Zenbook UX51VZ,Open Hardware Monitor,1
04:05:03.000,61.0,61.0,61.0,62.0,62.0,7.7,4.9,0.0,0.0,747.0,Attack,Cryptojacking,CoinIMP (CPU) (10%),ASUS Zenbook UX51VZ,Open Hardware Monitor,1
04:05:05.000,60.0,67.0,58.0,60.0,67.0,8.6,5.8,0.0,0.0,749.0,Attack,Cryptojacking,CoinIMP (CPU) (10%),ASUS Zenbook UX51VZ,Open Hardware Monitor,1
04:05:07.000,58.0,58.0,58.0,58.0,59.0,7.3,4.5,0.0,0.0,751.0,Attack,Cryptojacking,CoinIMP (CPU) (10%),ASUS Zenbook UX51VZ,Open Hardware Monitor,1
04:05:09.000,64.0,64.0,64.0,64.0,64.0,8.2,5.4,0.0,0.0,753.0,Attack,Cryptojacking,CoinIMP (CPU) (10%),ASUS Zenbook UX51VZ,Open Hardware Monitor,1
04:05:11.000,63.0,63.0,63.0,63.0,63.0,7.7,4.9,0.0,0.0,755.0,Attack,Cryptojacking,CoinIMP (CPU) (10%),ASUS Zenbook UX51VZ,Open Hardware Monitor,1
04:05:13.000,63.0,63.0,60.0,61.0,63.0,9.7,6.8,0.0,0.0,757.0,Attack,Cryptojacking,CoinIMP (CPU) (10%),ASUS Zenbook UX51VZ,Open Hardware Monitor,1
04:05:15.000,63.0,62.0,56.0,59.0,63.0,7.2,4.4,0.0,0.0,759.0,Attack,Cryptojacking,CoinIMP (CPU) (10%),ASUS Zenbook UX51VZ,Open Hardware Monitor,1
04:05:17.000,60.0,60.0,55.0,59.0,61.0,8.0,5.2,0.0,0.0,761.0,Attack,Cryptojacking,CoinIMP (CPU) (10%),ASUS Zenbook UX51VZ,Open Hardware Monitor,1
04:05:19.000,56.0,56.0,56.0,56.0,56.0,9.7,6.8,0.0,0.0,763.0,Attack,Cryptojacking,CoinIMP (CPU) (10%),ASUS Zenbook UX51VZ,Open Hardware Monitor,1
04:05:21.000,60.0,61.0,59.0,60.0,62.0,7.9,5.0,0.0,0.0,765.0,Attack,Cryptojacking,CoinIMP (CPU) (10%),ASUS Zenbook UX51VZ,Open Hardware Monitor,1
04:05:23.000,64.0,64.0,64.0,64.0,64.0,8.0,5.1,0.0,0.0,767.0,Attack,Cryptojacking,CoinIMP (CPU) (10%),ASUS Zenbook UX51VZ,Open Hardware Monitor,1
04:05:25.000,61.0,60.0,57.0,60.0,62.0,7.4,4.6,0.0,0.0,769.0,Attack,Cryptojacking,CoinIMP (CPU) (10%),ASUS Zenbook UX51VZ,Open Hardware Monitor,1
04:05:27.000,63.0,65.0,60.0,63.0,65.0,8.8,6.0,0.0,0.0,771.0,Attack,Cryptojacking,CoinIMP (CPU) (10%),ASUS Zenbook UX51VZ,Open Hardware Monitor,1
04:05:29.000,57.0,57.0,57.0,57.0,57.0,8.1,5.2,0.0,0.0,773.0,Attack,Cryptojacking,CoinIMP (CPU) (10%),ASUS Zenbook UX51VZ,Open Hardware Monitor,1
04:05:31.000,65.0,65.0,65.0,65.0,65.0,7.8,5.0,0.0,0.0,775.0,Attack,Cryptojacking,CoinIMP (CPU) (10%),ASUS Zenbook UX51VZ,Open Hardware Monitor,1
04:05:33.000,57.0,57.0,57.0,57.0,59.0,8.3,5.4,0.0,0.0,777.0,Attack,Cryptojacking,CoinIMP (CPU) (10%),ASUS Zenbook UX51VZ,Open Hardware Monitor,1
04:05:35.000,59.0,59.0,59.0,59.0,60.0,7.3,4.5,0.0,0.0,779.0,Attack,Cryptojacking,CoinIMP (CPU) (10%),ASUS Zenbook UX51VZ,Open Hardware Monitor,1
04:05:37.000,65.0,65.0,63.0,59.0,66.0,8.2,5.4,0.0,0.0,781.0,Attack,Cryptojacking,CoinIMP (CPU) (10%),ASUS Zenbook UX51VZ,Open Hardware Monitor,1
04:05:39.000,63.0,60.0,60.0,60.0,64.0,8.3,5.4,0.0,0.0,783.0,Attack,Cryptojacking,CoinIMP (CPU) (10%),ASUS Zenbook UX51VZ,Open Hardware Monitor,1
04:05:41.000,66.0,61.0,58.0,62.0,66.0,8.0,5.1,0.0,0.0,785.0,Attack,Cryptojacking,CoinIMP (CPU) (10%),ASUS Zenbook UX51VZ,Open Hardware Monitor,1
04:05:43.000,59.0,59.0,55.0,59.0,59.0,7.5,4.6,0.0,0.0,787.0,Attack,Cryptojacking,CoinIMP (CPU) (10%),ASUS Zenbook UX51VZ,Open Hardware Monitor,1
04:05:45.000,60.0,61.0,55.0,58.0,61.0,7.8,4.9,0.0,0.0,789.0,Attack,Cryptojacking,CoinIMP (CPU) (10%),ASUS Zenbook UX51VZ,Open Hardware Monitor,1
04:05:47.000,58.0,58.0,55.0,59.0,59.0,8.5,5.6,0.0,0.0,791.0,Attack,Cryptojacking,CoinIMP (CPU) (10%),ASUS Zenbook UX51VZ,Open Hardware Monitor,1
04:05:49.000,61.0,61.0,61.0,61.0,61.0,8.9,6.0,0.0,0.0,793.0,Attack,Cryptojacking,CoinIMP (CPU) (10%),ASUS Zenbook UX51VZ,Open Hardware Monitor,1
04:05:51.000,62.0,62.0,62.0,62.0,62.0,9.2,6.3,0.0,0.0,795.0,Attack,Cryptojacking,CoinIMP (CPU) (10%),ASUS Zenbook UX51VZ,Open Hardware Monitor,1
04:05:53.000,64.0,63.0,60.0,60.0,65.0,7.2,4.4,0.0,0.0,797.0,Attack,Cryptojacking,CoinIMP (CPU) (10%),ASUS Zenbook UX51VZ,Open Hardware Monitor,1
04:05:55.000,59.0,59.0,59.0,59.0,59.0,8.3,5.4,0.0,0.0,799.0,Attack,Cryptojacking,CoinIMP (CPU) (10%),ASUS Zenbook UX51VZ,Open Hardware Monitor,1
04:05:57.000,61.0,61.0,61.0,61.0,62.0,8.1,5.3,0.0,0.0,801.0,Attack,Cryptojacking,CoinIMP (CPU) (10%),ASUS Zenbook UX51VZ,Open Hardware Monitor,1
04:05:59.000,61.0,61.0,57.0,60.0,63.0,8.4,5.5,0.0,0.0,803.0,Attack,Cryptojacking,CoinIMP (CPU) (10%),ASUS Zenbook UX51VZ,Open Hardware Monitor,1
04:06:01.000,63.0,64.0,57.0,65.0,64.0,7.8,5.0,0.0,0.0,805.0,Attack,Cryptojacking,CoinIMP (CPU) (10%),ASUS Zenbook UX51VZ,Open Hardware Monitor,1
04:06:03.000,61.0,61.0,61.0,61.0,62.0,8.3,5.5,0.0,0.0,807.0,Attack,Cryptojacking,CoinIMP (CPU) (10%),ASUS Zenbook UX51VZ,Open Hardware Monitor,1
04:06:05.000,58.0,58.0,57.0,57.0,57.0,8.0,5.1,0.0,0.0,809.0,Attack,Cryptojacking,CoinIMP (CPU) (10%),ASUS Zenbook UX51VZ,Open Hardware Monitor,1
04:06:07.000,63.0,63.0,63.0,63.0,63.0,8.9,5.9,0.0,0.0,811.0,Attack,Cryptojacking,CoinIMP (CPU) (10%),ASUS Zenbook UX51VZ,Open Hardware Monitor,1
04:06:09.000,63.0,63.0,56.0,60.0,64.0,10.1,7.2,0.0,0.0,813.0,Attack,Cryptojacking,CoinIMP (CPU) (10%),ASUS Zenbook UX51VZ,Open Hardware Monitor,1
04:06:11.000,55.0,55.0,55.0,55.0,55.0,9.6,6.7,0.0,0.0,815.0,Attack,Cryptojacking,CoinIMP (CPU) (10%),ASUS Zenbook UX51VZ,Open Hardware Monitor,1
04:06:13.000,59.0,58.0,55.0,59.0,59.0,8.1,5.2,0.0,0.0,817.0,Attack,Cryptojacking,CoinIMP (CPU) (10%),ASUS Zenbook UX51VZ,Open Hardware Monitor,1
04:06:15.000,60.0,60.0,57.0,59.0,61.0,7.5,4.7,0.0,0.0,819.0,Attack,Cryptojacking,CoinIMP (CPU) (10%),ASUS Zenbook UX51VZ,Open Hardware Monitor,1
04:06:17.000,60.0,59.0,56.0,61.0,60.0,8.7,5.8,0.0,0.0,821.0,Attack,Cryptojacking,CoinIMP (CPU) (10%),ASUS Zenbook UX51VZ,Open Hardware Monitor,1
04:06:19.000,59.0,59.0,59.0,59.0,59.0,8.4,5.5,0.0,0.0,823.0,Attack,Cryptojacking,CoinIMP (CPU) (10%),ASUS Zenbook UX51VZ,Open Hardware Monitor,1
04:06:21.000,60.0,59.0,55.0,58.0,60.0,8.4,5.5,0.0,0.0,825.0,Attack,Cryptojacking,CoinIMP (CPU) (10%),ASUS Zenbook UX51VZ,Open Hardware Monitor,1
04:06:23.000,59.0,60.0,57.0,64.0,64.0,8.0,5.1,0.0,0.0,827.0,Attack,Cryptojacking,CoinIMP (CPU) (10%),ASUS Zenbook UX51VZ,Open Hardware Monitor,1
04:06:25.000,63.0,63.0,63.0,63.0,63.0,8.8,5.9,0.0,0.0,829.0,Attack,Cryptojacking,CoinIMP (CPU) (10%),ASUS Zenbook UX51VZ,Open Hardware Monitor,1
04:06:27.000,61.0,59.0,56.0,59.0,61.0,8.2,5.4,0.0,0.0,831.0,Attack,Cryptojacking,CoinIMP (CPU) (10%),ASUS Zenbook UX51VZ,Open Hardware Monitor,1
04:06:29.000,62.0,62.0,62.0,62.0,62.0,8.2,5.3,0.0,0.0,833.0,Attack,Cryptojacking,CoinIMP (CPU) (10%),ASUS Zenbook UX51VZ,Open Hardware Monitor,1
04:06:31.000,63.0,63.0,63.0,63.0,63.0,8.4,5.5,0.0,0.0,835.0,Attack,Cryptojacking,CoinIMP (CPU) (10%),ASUS Zenbook UX51VZ,Open Hardware Monitor,1
04:06:34.000,59.0,60.0,59.0,60.0,60.0,8.4,5.5,0.0,0.0,838.0,Attack,Cryptojacking,CoinIMP (CPU) (10%),ASUS Zenbook UX51VZ,Open Hardware Monitor,1
04:06:36.000,60.0,59.0,57.0,60.0,60.0,7.7,4.9,0.0,0.0,840.0,Attack,Cryptojacking,CoinIMP (CPU) (10%),ASUS Zenbook UX51VZ,Open Hardware Monitor,1
04:06:38.000,60.0,60.0,59.0,60.0,60.0,7.5,4.6,0.0,0.0,842.0,Attack,Cryptojacking,CoinIMP (CPU) (10%),ASUS Zenbook UX51VZ,Open Hardware Monitor,1
04:06:40.000,60.0,60.0,60.0,60.0,60.0,7.3,4.5,0.0,0.0,844.0,Attack,Cryptojacking,CoinIMP (CPU) (10%),ASUS Zenbook UX51VZ,Open Hardware Monitor,1
04:06:42.000,60.0,60.0,60.0,60.0,60.0,8.4,5.6,0.0,0.0,846.0,Attack,Cryptojacking,CoinIMP (CPU) (10%),ASUS Zenbook UX51VZ,Open Hardware Monitor,1
04:06:44.000,63.0,59.0,62.0,65.0,64.0,8.3,5.4,0.0,0.0,848.0,Attack,Cryptojacking,CoinIMP (CPU) (10%),ASUS Zenbook UX51VZ,Open Hardware Monitor,1
04:06:46.000,61.0,58.0,55.0,58.0,61.0,8.0,5.2,0.0,0.0,850.0,Attack,Cryptojacking,CoinIMP (CPU) (10%),ASUS Zenbook UX51VZ,Open Hardware Monitor,1
04:06:48.000,59.0,60.0,56.0,60.0,60.0,7.8,4.9,0.0,0.0,852.0,Attack,Cryptojacking,CoinIMP (CPU) (10%),ASUS Zenbook UX51VZ,Open Hardware Monitor,1
04:06:50.000,60.0,61.0,58.0,60.0,61.0,9.2,6.3,0.0,0.0,854.0,Attack,Cryptojacking,CoinIMP (CPU) (10%),ASUS Zenbook UX51VZ,Open Hardware Monitor,1
04:06:52.000,58.0,58.0,58.0,58.0,58.0,8.0,5.1,0.0,0.0,856.0,Attack,Cryptojacking,CoinIMP (CPU) (10%),ASUS Zenbook UX51VZ,Open Hardware Monitor,1
04:06:54.000,57.0,57.0,57.0,57.0,57.0,7.4,4.6,0.0,0.0,858.0,Attack,Cryptojacking,CoinIMP (CPU) (10%),ASUS Zenbook UX51VZ,Open Hardware Monitor,1
04:06:56.000,60.0,59.0,55.0,58.0,63.0,8.5,5.7,0.0,0.0,860.0,Attack,Cryptojacking,CoinIMP (CPU) (10%),ASUS Zenbook UX51VZ,Open Hardware Monitor,1
04:06:58.000,60.0,60.0,55.0,58.0,62.0,8.4,5.6,0.0,0.0,862.0,Attack,Cryptojacking,CoinIMP (CPU) (10%),ASUS Zenbook UX51VZ,Open Hardware Monitor,1
04:07:00.000,60.0,60.0,60.0,60.0,61.0,9.4,6.5,0.0,0.0,864.0,Attack,Cryptojacking,CoinIMP (CPU) (10%),ASUS Zenbook UX51VZ,Open Hardware Monitor,1
04:07:02.000,60.0,59.0,60.0,59.0,63.0,9.2,6.3,0.0,0.0,866.0,Attack,Cryptojacking,CoinIMP (CPU) (10%),ASUS Zenbook UX51VZ,Open Hardware Monitor,1
04:07:04.000,64.0,59.0,61.0,64.0,64.0,7.8,4.9,0.0,0.0,868.0,Attack,Cryptojacking,CoinIMP (CPU) (10%),ASUS Zenbook UX51VZ,Open Hardware Monitor,1
04:07:06.000,55.0,55.0,55.0,55.0,55.0,8.0,5.1,0.0,0.0,870.0,Attack,Cryptojacking,CoinIMP (CPU) (10%),ASUS Zenbook UX51VZ,Open Hardware Monitor,1
04:07:08.000,55.0,55.0,55.0,55.0,55.0,8.5,5.7,0.0,0.0,872.0,Attack,Cryptojacking,CoinIMP (CPU) (10%),ASUS Zenbook UX51VZ,Open Hardware Monitor,1
04:07:10.000,62.0,61.0,58.0,64.0,64.0,7.4,4.6,0.0,0.0,874.0,Attack,Cryptojacking,CoinIMP (CPU) (10%),ASUS Zenbook UX51VZ,Open Hardware Monitor,1
04:07:12.000,61.0,61.0,55.0,62.0,62.0,8.4,5.5,0.0,0.0,876.0,Attack,Cryptojacking,CoinIMP (CPU) (10%),ASUS Zenbook UX51VZ,Open Hardware Monitor,1
04:07:14.000,65.0,65.0,65.0,65.0,65.0,11.2,8.3,0.0,0.0,878.0,Attack,Cryptojacking,CoinIMP (CPU) (10%),ASUS Zenbook UX51VZ,Open Hardware Monitor,1
04:07:16.000,59.0,59.0,55.0,59.0,61.0,8.3,5.4,0.0,0.0,880.0,Attack,Cryptojacking,CoinIMP (CPU) (10%),ASUS Zenbook UX51VZ,Open Hardware Monitor,1
04:07:18.000,62.0,62.0,60.0,63.0,63.0,7.8,4.9,0.0,0.0,882.0,Attack,Cryptojacking,CoinIMP (CPU) (10%),ASUS Zenbook UX51VZ,Open Hardware Monitor,1
04:07:20.000,60.0,61.0,61.0,61.0,62.0,9.8,6.9,0.0,0.0,884.0,Attack,Cryptojacking,CoinIMP (CPU) (10%),ASUS Zenbook UX51VZ,Open Hardware Monitor,1
04:07:22.000,63.0,63.0,55.0,59.0,63.0,8.2,5.4,0.0,0.0,886.0,Attack,Cryptojacking,CoinIMP (CPU) (10%),ASUS Zenbook UX51VZ,Open Hardware Monitor,1
04:07:24.000,60.0,59.0,59.0,59.0,60.0,9.8,6.9,0.0,0.0,888.0,Attack,Cryptojacking,CoinIMP (CPU) (10%),ASUS Zenbook UX51VZ,Open Hardware Monitor,1
04:07:26.000,59.0,61.0,60.0,62.0,63.0,8.6,5.7,0.0,0.0,890.0,Attack,Cryptojacking,CoinIMP (CPU) (10%),ASUS Zenbook UX51VZ,Open Hardware Monitor,1
04:07:28.000,63.0,63.0,63.0,63.0,63.0,8.0,5.2,0.0,0.0,892.0,Attack,Cryptojacking,CoinIMP (CPU) (10%),ASUS Zenbook UX51VZ,Open Hardware Monitor,1
04:07:30.000,59.0,60.0,55.0,58.0,60.0,8.0,5.2,0.0,0.0,894.0,Attack,Cryptojacking,CoinIMP (CPU) (10%),ASUS Zenbook UX51VZ,Open Hardware Monitor,1
04:07:32.000,60.0,60.0,60.0,60.0,60.0,8.7,5.8,0.0,0.0,896.0,Attack,Cryptojacking,CoinIMP (CPU) (10%),ASUS Zenbook UX51VZ,Open Hardware Monitor,1
04:07:34.000,62.0,62.0,63.0,62.0,63.0,10.2,7.2,0.0,0.0,898.0,Attack,Cryptojacking,CoinIMP (CPU) (10%),ASUS Zenbook UX51VZ,Open Hardware Monitor,1
04:07:36.000,59.0,59.0,54.0,59.0,61.0,8.8,5.9,0.0,0.0,900.0,Attack,Cryptojacking,CoinIMP (CPU) (10%),ASUS Zenbook UX51VZ,Open Hardware Monitor,1
04:07:38.000,58.0,58.0,58.0,58.0,58.0,7.4,4.6,0.0,0.0,902.0,Attack,Cryptojacking,CoinIMP (CPU) (10%),ASUS Zenbook UX51VZ,Open Hardware Monitor,1
04:07:40.000,60.0,61.0,56.0,60.0,61.0,8.5,5.6,0.0,0.0,904.0,Attack,Cryptojacking,CoinIMP (CPU) (10%),ASUS Zenbook UX51VZ,Open Hardware Monitor,1
04:07:42.000,58.0,59.0,54.0,58.0,62.0,8.9,6.0,0.0,0.0,906.0,Attack,Cryptojacking,CoinIMP (CPU) (10%),ASUS Zenbook UX51VZ,Open Hardware Monitor,1
04:07:44.000,59.0,59.0,54.0,60.0,60.0,8.6,5.7,0.0,0.0,908.0,Attack,Cryptojacking,CoinIMP (CPU) (10%),ASUS Zenbook UX51VZ,Open Hardware Monitor,1
04:07:46.000,55.0,55.0,55.0,55.0,55.0,6.3,3.5,0.0,0.0,910.0,Attack,Cryptojacking,CoinIMP (CPU) (10%),ASUS Zenbook UX51VZ,Open Hardware Monitor,1
04:07:48.000,63.0,63.0,63.0,63.0,63.0,8.3,5.4,0.0,0.0,912.0,Attack,Cryptojacking,CoinIMP (CPU) (10%),ASUS Zenbook UX51VZ,Open Hardware Monitor,1
04:07:50.000,60.0,60.0,55.0,60.0,61.0,8.8,5.9,0.0,0.0,914.0,Attack,Cryptojacking,CoinIMP (CPU) (10%),ASUS Zenbook UX51VZ,Open Hardware Monitor,1
04:07:52.000,61.0,59.0,55.0,58.0,63.0,8.4,5.6,0.0,0.0,916.0,Attack,Cryptojacking,CoinIMP (CPU) (10%),ASUS Zenbook UX51VZ,Open Hardware Monitor,1
04:07:54.000,55.0,55.0,55.0,55.0,55.0,8.0,5.2,0.0,0.0,918.0,Attack,Cryptojacking,CoinIMP (CPU) (10%),ASUS Zenbook UX51VZ,Open Hardware Monitor,1
04:07:56.000,64.0,64.0,64.0,64.0,64.0,7.0,4.2,0.0,0.0,920.0,Attack,Cryptojacking,CoinIMP (CPU) (10%),ASUS Zenbook UX51VZ,Open Hardware Monitor,1
04:07:58.000,60.0,60.0,57.0,59.0,60.0,8.8,5.9,0.0,0.0,922.0,Attack,Cryptojacking,CoinIMP (CPU) (10%),ASUS Zenbook UX51VZ,Open Hardware Monitor,1
04:08:00.000,64.0,64.0,64.0,64.0,64.0,8.1,5.2,0.0,0.0,924.0,Attack,Cryptojacking,CoinIMP (CPU) (10%),ASUS Zenbook UX51VZ,Open Hardware Monitor,1
04:08:02.000,59.0,59.0,59.0,59.0,59.0,8.2,5.3,0.0,0.0,926.0,Attack,Cryptojacking,CoinIMP (CPU) (10%),ASUS Zenbook UX51VZ,Open Hardware Monitor,1
04:08:04.000,61.0,61.0,61.0,61.0,61.0,9.2,6.4,0.0,0.0,928.0,Attack,Cryptojacking,CoinIMP (CPU) (10%),ASUS Zenbook UX51VZ,Open Hardware Monitor,1
04:08:06.000,60.0,60.0,60.0,60.0,60.0,7.7,4.9,0.0,0.0,930.0,Attack,Cryptojacking,CoinIMP (CPU) (10%),ASUS Zenbook UX51VZ,Open Hardware Monitor,1
04:08:08.000,53.0,53.0,53.0,53.0,54.0,6.9,4.1,0.0,0.0,932.0,Attack,Cryptojacking,CoinIMP (CPU) (10%),ASUS Zenbook UX51VZ,Open Hardware Monitor,1
04:08:10.000,58.0,58.0,55.0,60.0,60.0,8.4,5.5,0.0,0.0,934.0,Attack,Cryptojacking,CoinIMP (CPU) (10%),ASUS Zenbook UX51VZ,Open Hardware Monitor,1
04:08:12.000,60.0,60.0,54.0,59.0,60.0,7.9,5.0,0.0,0.0,936.0,Attack,Cryptojacking,CoinIMP (CPU) (10%),ASUS Zenbook UX51VZ,Open Hardware Monitor,1
04:08:14.000,59.0,58.0,55.0,58.0,59.0,8.7,5.8,0.0,0.0,938.0,Attack,Cryptojacking,CoinIMP (CPU) (10%),ASUS Zenbook UX51VZ,Open Hardware Monitor,1
04:08:16.000,62.0,63.0,58.0,60.0,63.0,8.0,5.2,0.0,0.0,940.0,Attack,Cryptojacking,CoinIMP (CPU) (10%),ASUS Zenbook UX51VZ,Open Hardware Monitor,1
04:08:18.000,58.0,58.0,54.0,60.0,60.0,8.1,5.2,0.0,0.0,942.0,Attack,Cryptojacking,CoinIMP (CPU) (10%),ASUS Zenbook UX51VZ,Open Hardware Monitor,1
04:08:20.000,53.0,53.0,53.0,53.0,54.0,8.7,5.8,0.0,0.0,944.0,Attack,Cryptojacking,CoinIMP (CPU) (10%),ASUS Zenbook UX51VZ,Open Hardware Monitor,1
04:08:22.000,62.0,58.0,55.0,63.0,63.0,9.4,6.4,0.0,0.0,946.0,Attack,Cryptojacking,CoinIMP (CPU) (10%),ASUS Zenbook UX51VZ,Open Hardware Monitor,1
04:08:24.000,59.0,59.0,54.0,58.0,59.0,8.0,5.1,0.0,0.0,948.0,Attack,Cryptojacking,CoinIMP (CPU) (10%),ASUS Zenbook UX51VZ,Open Hardware Monitor,1
04:08:26.000,63.0,61.0,63.0,62.0,63.0,8.1,5.2,0.0,0.0,950.0,Attack,Cryptojacking,CoinIMP (CPU) (10%),ASUS Zenbook UX51VZ,Open Hardware Monitor,1
04:08:28.000,60.0,60.0,60.0,60.0,60.0,9.4,6.5,0.0,0.0,952.0,Attack,Cryptojacking,CoinIMP (CPU) (10%),ASUS Zenbook UX51VZ,Open Hardware Monitor,1
04:08:30.000,58.0,58.0,58.0,58.0,58.0,8.4,5.5,0.0,0.0,954.0,Attack,Cryptojacking,CoinIMP (CPU) (10%),ASUS Zenbook UX51VZ,Open Hardware Monitor,1
04:08:32.000,53.0,53.0,53.0,53.0,54.0,8.6,5.6,0.0,0.0,956.0,Attack,Cryptojacking,CoinIMP (CPU) (10%),ASUS Zenbook UX51VZ,Open Hardware Monitor,1
04:08:34.000,58.0,59.0,54.0,58.0,59.0,8.7,5.8,0.0,0.0,958.0,Attack,Cryptojacking,CoinIMP (CPU) (10%),ASUS Zenbook UX51VZ,Open Hardware Monitor,1
04:08:36.000,62.0,62.0,62.0,62.0,62.0,8.6,5.6,0.0,0.0,960.0,Attack,Cryptojacking,CoinIMP (CPU) (10%),ASUS Zenbook UX51VZ,Open Hardware Monitor,1
04:08:38.000,60.0,66.0,55.0,63.0,66.0,7.9,5.0,0.0,0.0,962.0,Attack,Cryptojacking,CoinIMP (CPU) (10%),ASUS Zenbook UX51VZ,Open Hardware Monitor,1
04:08:40.000,59.0,59.0,55.0,58.0,60.0,8.9,6.0,0.0,0.0,964.0,Attack,Cryptojacking,CoinIMP (CPU) (10%),ASUS Zenbook UX51VZ,Open Hardware Monitor,1
04:08:42.000,56.0,56.0,56.0,56.0,56.0,7.5,4.7,0.0,0.0,966.0,Attack,Cryptojacking,CoinIMP (CPU) (10%),ASUS Zenbook UX51VZ,Open Hardware Monitor,1
04:08:44.000,53.0,53.0,53.0,53.0,54.0,7.4,4.6,0.0,0.0,968.0,Attack,Cryptojacking,CoinIMP (CPU) (10%),ASUS Zenbook UX51VZ,Open Hardware Monitor,1
04:08:46.000,61.0,61.0,61.0,61.0,61.0,8.4,5.5,0.0,0.0,970.0,Attack,Cryptojacking,CoinIMP (CPU) (10%),ASUS Zenbook UX51VZ,Open Hardware Monitor,1
04:08:48.000,61.0,59.0,54.0,57.0,61.0,8.5,5.6,0.0,0.0,972.0,Attack,Cryptojacking,CoinIMP (CPU) (10%),ASUS Zenbook UX51VZ,Open Hardware Monitor,1
04:08:50.000,59.0,59.0,59.0,59.0,59.0,8.3,5.5,0.0,0.0,974.0,Attack,Cryptojacking,CoinIMP (CPU) (10%),ASUS Zenbook UX51VZ,Open Hardware Monitor,1
04:08:52.000,62.0,63.0,62.0,62.0,63.0,8.8,5.9,0.0,0.0,976.0,Attack,Cryptojacking,CoinIMP (CPU) (10%),ASUS Zenbook UX51VZ,Open Hardware Monitor,1
04:08:54.000,59.0,59.0,56.0,61.0,62.0,8.9,6.0,0.0,0.0,978.0,Attack,Cryptojacking,CoinIMP (CPU) (10%),ASUS Zenbook UX51VZ,Open Hardware Monitor,1
04:08:56.000,61.0,60.0,55.0,59.0,63.0,8.4,5.5,0.0,0.0,980.0,Attack,Cryptojacking,CoinIMP (CPU) (10%),ASUS Zenbook UX51VZ,Open Hardware Monitor,1
04:08:58.000,60.0,60.0,54.0,58.0,60.0,8.2,5.3,0.0,0.0,982.0,Attack,Cryptojacking,CoinIMP (CPU) (10%),ASUS Zenbook UX51VZ,Open Hardware Monitor,1
04:09:00.000,62.0,62.0,61.0,63.0,63.0,9.0,6.1,0.0,0.0,984.0,Attack,Cryptojacking,CoinIMP (CPU) (10%),ASUS Zenbook UX51VZ,Open Hardware Monitor,1
04:09:02.000,62.0,62.0,55.0,58.0,63.0,10.0,7.1,0.0,0.0,986.0,Attack,Cryptojacking,CoinIMP (CPU) (10%),ASUS Zenbook UX51VZ,Open Hardware Monitor,1
04:09:05.000,58.0,58.0,54.0,59.0,59.0,7.9,5.0,0.0,0.0,989.0,Attack,Cryptojacking,CoinIMP (CPU) (10%),ASUS Zenbook UX51VZ,Open Hardware Monitor,1
04:09:07.000,58.0,58.0,58.0,57.0,57.0,7.2,4.4,0.0,0.0,991.0,Attack,Cryptojacking,CoinIMP (CPU) (10%),ASUS Zenbook UX51VZ,Open Hardware Monitor,1
04:09:09.000,59.0,59.0,59.0,59.0,59.0,7.4,4.5,0.0,0.0,993.0,Attack,Cryptojacking,CoinIMP (CPU) (10%),ASUS Zenbook UX51VZ,Open Hardware Monitor,1
04:09:11.000,59.0,59.0,59.0,60.0,60.0,9.3,6.4,0.0,0.0,995.0,Attack,Cryptojacking,CoinIMP (CPU) (10%),ASUS Zenbook UX51VZ,Open Hardware Monitor,1
04:09:13.000,59.0,58.0,56.0,59.0,60.0,8.5,5.6,0.0,0.0,997.0,Attack,Cryptojacking,CoinIMP (CPU) (10%),ASUS Zenbook UX51VZ,Open Hardware Monitor,1
04:09:15.000,58.0,58.0,54.0,58.0,58.0,8.7,5.8,0.0,0.0,999.0,Attack,Cryptojacking,CoinIMP (CPU) (10%),ASUS Zenbook UX51VZ,Open Hardware Monitor,1
04:09:17.000,58.0,58.0,58.0,58.0,58.0,7.3,4.5,0.0,0.0,1001.0,Attack,Cryptojacking,CoinIMP (CPU) (10%),ASUS Zenbook UX51VZ,Open Hardware Monitor,1
04:09:19.000,60.0,58.0,54.0,59.0,60.0,8.8,5.9,0.0,0.0,1003.0,Attack,Cryptojacking,CoinIMP (CPU) (10%),ASUS Zenbook UX51VZ,Open Hardware Monitor,1
04:09:21.000,60.0,58.0,53.0,59.0,60.0,7.9,5.1,0.0,0.0,1005.0,Attack,Cryptojacking,CoinIMP (CPU) (10%),ASUS Zenbook UX51VZ,Open Hardware Monitor,1
04:09:23.000,56.0,56.0,56.0,56.0,56.0,7.6,4.8,0.0,0.0,1007.0,Attack,Cryptojacking,CoinIMP (CPU) (10%),ASUS Zenbook UX51VZ,Open Hardware Monitor,1
04:09:25.000,65.0,59.0,55.0,58.0,65.0,8.9,6.0,0.0,0.0,1009.0,Attack,Cryptojacking,CoinIMP (CPU) (10%),ASUS Zenbook UX51VZ,Open Hardware Monitor,1
04:09:27.000,58.0,58.0,54.0,58.0,59.0,8.4,5.5,0.0,0.0,1011.0,Attack,Cryptojacking,CoinIMP (CPU) (10%),ASUS Zenbook UX51VZ,Open Hardware Monitor,1
04:09:29.000,59.0,60.0,54.0,60.0,60.0,8.5,5.6,0.0,0.0,1013.0,Attack,Cryptojacking,CoinIMP (CPU) (10%),ASUS Zenbook UX51VZ,Open Hardware Monitor,1
04:09:31.000,59.0,59.0,59.0,59.0,59.0,9.3,6.4,0.0,0.0,1015.0,Attack,Cryptojacking,CoinIMP (CPU) (10%),ASUS Zenbook UX51VZ,Open Hardware Monitor,1
04:09:33.000,66.0,64.0,56.0,58.0,66.0,9.2,6.3,0.0,0.0,1017.0,Attack,Cryptojacking,CoinIMP (CPU) (10%),ASUS Zenbook UX51VZ,Open Hardware Monitor,1
04:09:35.000,53.0,53.0,53.0,53.0,53.0,7.8,5.0,0.0,0.0,1019.0,Attack,Cryptojacking,CoinIMP (CPU) (10%),ASUS Zenbook UX51VZ,Open Hardware Monitor,1
04:09:37.000,58.0,58.0,58.0,58.0,58.0,9.1,6.2,0.0,0.0,1021.0,Attack,Cryptojacking,CoinIMP (CPU) (10%),ASUS Zenbook UX51VZ,Open Hardware Monitor,1
04:09:39.000,62.0,62.0,62.0,62.0,62.0,8.5,5.6,0.0,0.0,1023.0,Attack,Cryptojacking,CoinIMP (CPU) (10%),ASUS Zenbook UX51VZ,Open Hardware Monitor,1
04:09:41.000,57.0,57.0,57.0,57.0,57.0,8.0,5.1,0.0,0.0,1025.0,Attack,Cryptojacking,CoinIMP (CPU) (10%),ASUS Zenbook UX51VZ,Open Hardware Monitor,1
04:09:43.000,59.0,59.0,55.0,58.0,59.0,9.0,6.1,0.0,0.0,1027.0,Attack,Cryptojacking,CoinIMP (CPU) (10%),ASUS Zenbook UX51VZ,Open Hardware Monitor,1
04:09:45.000,57.0,60.0,56.0,59.0,60.0,7.6,4.8,0.0,0.0,1029.0,Attack,Cryptojacking,CoinIMP (CPU) (10%),ASUS Zenbook UX51VZ,Open Hardware Monitor,1
04:09:47.000,61.0,59.0,54.0,60.0,62.0,8.4,5.4,0.0,0.0,1031.0,Attack,Cryptojacking,CoinIMP (CPU) (10%),ASUS Zenbook UX51VZ,Open Hardware Monitor,1
04:09:49.000,59.0,60.0,56.0,59.0,61.0,9.4,6.5,0.0,0.0,1033.0,Attack,Cryptojacking,CoinIMP (CPU) (10%),ASUS Zenbook UX51VZ,Open Hardware Monitor,1
04:09:51.000,58.0,59.0,53.0,57.0,59.0,8.6,5.8,0.0,0.0,1035.0,Attack,Cryptojacking,CoinIMP (CPU) (10%),ASUS Zenbook UX51VZ,Open Hardware Monitor,1
04:09:53.000,60.0,59.0,55.0,59.0,60.0,8.6,5.7,0.0,0.0,1037.0,Attack,Cryptojacking,CoinIMP (CPU) (10%),ASUS Zenbook UX51VZ,Open Hardware Monitor,1
04:09:55.000,61.0,60.0,55.0,60.0,61.0,11.3,8.4,0.0,0.0,1039.0,Attack,Cryptojacking,CoinIMP (CPU) (10%),ASUS Zenbook UX51VZ,Open Hardware Monitor,1
04:09:57.000,63.0,60.0,61.0,59.0,64.0,8.2,5.3,0.0,0.0,1041.0,Attack,Cryptojacking,CoinIMP (CPU) (10%),ASUS Zenbook UX51VZ,Open Hardware Monitor,1
04:09:59.000,62.0,62.0,62.0,62.0,62.0,8.3,5.4,0.0,0.0,1043.0,Attack,Cryptojacking,CoinIMP (CPU) (10%),ASUS Zenbook UX51VZ,Open Hardware Monitor,1
04:10:01.000,57.0,57.0,57.0,57.0,57.0,8.6,5.7,0.0,0.0,1045.0,Attack,Cryptojacking,CoinIMP (CPU) (10%),ASUS Zenbook UX51VZ,Open Hardware Monitor,1
04:10:03.000,59.0,62.0,59.0,58.0,64.0,9.0,6.1,0.0,0.0,1047.0,Attack,Cryptojacking,CoinIMP (CPU) (10%),ASUS Zenbook UX51VZ,Open Hardware Monitor,1
04:10:05.000,63.0,63.0,63.0,63.0,63.0,12.9,9.9,0.0,0.0,1049.0,Attack,Cryptojacking,CoinIMP (CPU) (10%),ASUS Zenbook UX51VZ,Open Hardware Monitor,1
04:10:07.000,60.0,60.0,57.0,59.0,62.0,7.4,4.6,0.0,0.0,1051.0,Attack,Cryptojacking,CoinIMP (CPU) (10%),ASUS Zenbook UX51VZ,Open Hardware Monitor,1
04:10:09.000,59.0,59.0,59.0,59.0,59.0,7.4,4.5,0.0,0.0,1053.0,Attack,Cryptojacking,CoinIMP (CPU) (10%),ASUS Zenbook UX51VZ,Open Hardware Monitor,1
04:10:11.000,61.0,61.0,61.0,61.0,61.0,8.0,5.2,0.0,0.0,1055.0,Attack,Cryptojacking,CoinIMP (CPU) (10%),ASUS Zenbook UX51VZ,Open Hardware Monitor,1
04:10:13.000,63.0,62.0,58.0,62.0,63.0,7.7,4.8,0.0,0.0,1057.0,Attack,Cryptojacking,CoinIMP (CPU) (10%),ASUS Zenbook UX51VZ,Open Hardware Monitor,1
04:10:15.000,62.0,62.0,62.0,62.0,62.0,9.2,6.3,0.0,0.0,1059.0,Attack,Cryptojacking,CoinIMP (CPU) (10%),ASUS Zenbook UX51VZ,Open Hardware Monitor,1
04:10:17.000,60.0,58.0,54.0,59.0,60.0,7.4,4.6,0.0,0.0,1061.0,Attack,Cryptojacking,CoinIMP (CPU) (10%),ASUS Zenbook UX51VZ,Open Hardware Monitor,1
04:10:19.000,62.0,62.0,59.0,63.0,63.0,8.7,5.8,0.0,0.0,1063.0,Attack,Cryptojacking,CoinIMP (CPU) (10%),ASUS Zenbook UX51VZ,Open Hardware Monitor,1
04:10:21.000,60.0,58.0,53.0,60.0,60.0,7.4,4.6,0.0,0.0,1065.0,Attack,Cryptojacking,CoinIMP (CPU) (10%),ASUS Zenbook UX51VZ,Open Hardware Monitor,1
04:10:23.000,62.0,58.0,55.0,58.0,65.0,7.6,4.8,0.0,0.0,1067.0,Attack,Cryptojacking,CoinIMP (CPU) (10%),ASUS Zenbook UX51VZ,Open Hardware Monitor,1
04:10:25.000,59.0,60.0,61.0,60.0,61.0,7.9,5.1,0.0,0.0,1069.0,Attack,Cryptojacking,CoinIMP (CPU) (10%),ASUS Zenbook UX51VZ,Open Hardware Monitor,1
04:10:27.000,55.0,55.0,55.0,55.0,55.0,8.7,5.8,0.0,0.0,1071.0,Attack,Cryptojacking,CoinIMP (CPU) (10%),ASUS Zenbook UX51VZ,Open Hardware Monitor,1
04:10:29.000,59.0,59.0,59.0,59.0,59.0,8.6,5.7,0.0,0.0,1073.0,Attack,Cryptojacking,CoinIMP (CPU) (10%),ASUS Zenbook UX51VZ,Open Hardware Monitor,1
04:10:31.000,59.0,58.0,58.0,59.0,59.0,9.4,6.5,0.0,0.0,1075.0,Attack,Cryptojacking,CoinIMP (CPU) (10%),ASUS Zenbook UX51VZ,Open Hardware Monitor,1
04:10:33.000,54.0,54.0,54.0,54.0,54.0,8.1,5.3,0.0,0.0,1077.0,Attack,Cryptojacking,CoinIMP (CPU) (10%),ASUS Zenbook UX51VZ,Open Hardware Monitor,1
04:10:35.000,58.0,58.0,54.0,56.0,59.0,8.7,5.9,0.0,0.0,1079.0,Attack,Cryptojacking,CoinIMP (CPU) (10%),ASUS Zenbook UX51VZ,Open Hardware Monitor,1
04:10:37.000,59.0,59.0,53.0,57.0,59.0,10.0,7.1,0.0,0.0,1081.0,Attack,Cryptojacking,CoinIMP (CPU) (10%),ASUS Zenbook UX51VZ,Open Hardware Monitor,1
04:10:39.000,57.0,57.0,57.0,57.0,58.0,8.4,5.5,0.0,0.0,1083.0,Attack,Cryptojacking,CoinIMP (CPU) (10%),ASUS Zenbook UX51VZ,Open Hardware Monitor,1
04:10:41.000,59.0,63.0,55.0,63.0,63.0,8.3,5.4,0.0,0.0,1085.0,Attack,Cryptojacking,CoinIMP (CPU) (10%),ASUS Zenbook UX51VZ,Open Hardware Monitor,1
04:10:43.000,60.0,64.0,55.0,63.0,64.0,8.7,5.8,0.0,0.0,1087.0,Attack,Cryptojacking,CoinIMP (CPU) (10%),ASUS Zenbook UX51VZ,Open Hardware Monitor,1
04:10:45.000,59.0,58.0,54.0,58.0,59.0,8.2,5.3,0.0,0.0,1089.0,Attack,Cryptojacking,CoinIMP (CPU) (10%),ASUS Zenbook UX51VZ,Open Hardware Monitor,1
04:10:47.000,58.0,58.0,58.0,58.0,59.0,7.7,4.9,0.0,0.0,1091.0,Attack,Cryptojacking,CoinIMP (CPU) (10%),ASUS Zenbook UX51VZ,Open Hardware Monitor,1
04:10:49.000,59.0,58.0,54.0,58.0,59.0,7.8,5.0,0.0,0.0,1093.0,Attack,Cryptojacking,CoinIMP (CPU) (10%),ASUS Zenbook UX51VZ,Open Hardware Monitor,1
04:10:51.000,57.0,57.0,54.0,58.0,58.0,8.7,5.8,0.0,0.0,1095.0,Attack,Cryptojacking,CoinIMP (CPU) (10%),ASUS Zenbook UX51VZ,Open Hardware Monitor,1
04:10:53.000,54.0,54.0,54.0,54.0,54.0,7.9,5.1,0.0,0.0,1097.0,Attack,Cryptojacking,CoinIMP (CPU) (10%),ASUS Zenbook UX51VZ,Open Hardware Monitor,1
04:10:55.000,58.0,58.0,58.0,59.0,59.0,7.3,4.5,0.0,0.0,1099.0,Attack,Cryptojacking,CoinIMP (CPU) (10%),ASUS Zenbook UX51VZ,Open Hardware Monitor,1
04:10:57.000,58.0,58.0,56.0,58.0,60.0,7.3,4.4,0.0,0.0,1101.0,Attack,Cryptojacking,CoinIMP (CPU) (10%),ASUS Zenbook UX51VZ,Open Hardware Monitor,1
04:10:59.000,58.0,58.0,54.0,58.0,59.0,8.4,5.5,0.0,0.0,1103.0,Attack,Cryptojacking,CoinIMP (CPU) (10%),ASUS Zenbook UX51VZ,Open Hardware Monitor,1
04:11:01.000,61.0,61.0,61.0,61.0,61.0,8.9,5.9,0.0,0.0,1105.0,Attack,Cryptojacking,CoinIMP (CPU) (10%),ASUS Zenbook UX51VZ,Open Hardware Monitor,1
04:11:03.000,59.0,59.0,57.0,58.0,59.0,9.0,6.2,0.0,0.0,1107.0,Attack,Cryptojacking,CoinIMP (CPU) (10%),ASUS Zenbook UX51VZ,Open Hardware Monitor,1
04:11:05.000,63.0,63.0,55.0,62.0,63.0,8.5,5.7,0.0,0.0,1109.0,Attack,Cryptojacking,CoinIMP (CPU) (10%),ASUS Zenbook UX51VZ,Open Hardware Monitor,1
04:11:07.000,58.0,58.0,54.0,57.0,61.0,10.2,7.2,0.0,0.0,1111.0,Attack,Cryptojacking,CoinIMP (CPU) (10%),ASUS Zenbook UX51VZ,Open Hardware Monitor,1
04:11:09.000,56.0,56.0,56.0,56.0,56.0,9.1,6.2,0.0,0.0,1113.0,Attack,Cryptojacking,CoinIMP (CPU) (10%),ASUS Zenbook UX51VZ,Open Hardware Monitor,1
04:11:11.000,64.0,59.0,55.0,58.0,64.0,8.0,5.2,0.0,0.0,1115.0,Attack,Cryptojacking,CoinIMP (CPU) (10%),ASUS Zenbook UX51VZ,Open Hardware Monitor,1
04:11:13.000,58.0,58.0,55.0,57.0,59.0,7.1,4.3,0.0,0.0,1117.0,Attack,Cryptojacking,CoinIMP (CPU) (10%),ASUS Zenbook UX51VZ,Open Hardware Monitor,1
04:11:15.000,59.0,57.0,55.0,57.0,60.0,8.0,5.2,0.0,0.0,1119.0,Attack,Cryptojacking,CoinIMP (CPU) (10%),ASUS Zenbook UX51VZ,Open Hardware Monitor,1
04:11:17.000,57.0,57.0,57.0,57.0,57.0,8.1,5.2,0.0,0.0,1121.0,Attack,Cryptojacking,CoinIMP (CPU) (10%),ASUS Zenbook UX51VZ,Open Hardware Monitor,1
04:11:19.000,59.0,58.0,62.0,58.0,62.0,8.2,5.3,0.0,0.0,1123.0,Attack,Cryptojacking,CoinIMP (CPU) (10%),ASUS Zenbook UX51VZ,Open Hardware Monitor,1
04:11:21.000,61.0,61.0,61.0,61.0,61.0,8.6,5.7,0.0,0.0,1125.0,Attack,Cryptojacking,CoinIMP (CPU) (10%),ASUS Zenbook UX51VZ,Open Hardware Monitor,1
04:11:23.000,54.0,54.0,54.0,54.0,54.0,8.1,5.2,0.0,0.0,1127.0,Attack,Cryptojacking,CoinIMP (CPU) (10%),ASUS Zenbook UX51VZ,Open Hardware Monitor,1
04:11:25.000,63.0,64.0,56.0,59.0,64.0,8.8,5.9,0.0,0.0,1129.0,Attack,Cryptojacking,CoinIMP (CPU) (10%),ASUS Zenbook UX51VZ,Open Hardware Monitor,1
04:11:27.000,63.0,58.0,56.0,58.0,63.0,8.9,6.1,0.0,0.0,1131.0,Attack,Cryptojacking,CoinIMP (CPU) (10%),ASUS Zenbook UX51VZ,Open Hardware Monitor,1
04:11:29.000,62.0,63.0,54.0,57.0,63.0,8.5,5.6,0.0,0.0,1133.0,Attack,Cryptojacking,CoinIMP (CPU) (10%),ASUS Zenbook UX51VZ,Open Hardware Monitor,1
04:11:31.000,59.0,57.0,55.0,59.0,59.0,8.0,5.2,0.0,0.0,1135.0,Attack,Cryptojacking,CoinIMP (CPU) (10%),ASUS Zenbook UX51VZ,Open Hardware Monitor,1
04:11:34.000,62.0,62.0,62.0,59.0,61.0,8.0,5.1,0.0,0.0,1138.0,Attack,Cryptojacking,CoinIMP (CPU) (10%),ASUS Zenbook UX51VZ,Open Hardware Monitor,1
04:11:36.000,58.0,58.0,58.0,58.0,58.0,7.1,4.3,0.0,0.0,1140.0,Attack,Cryptojacking,CoinIMP (CPU) (10%),ASUS Zenbook UX51VZ,Open Hardware Monitor,1
04:11:38.000,59.0,57.0,54.0,57.0,60.0,8.7,5.8,0.0,0.0,1142.0,Attack,Cryptojacking,CoinIMP (CPU) (10%),ASUS Zenbook UX51VZ,Open Hardware Monitor,1
04:11:40.000,59.0,59.0,59.0,59.0,59.0,7.0,4.2,0.0,0.0,1144.0,Attack,Cryptojacking,CoinIMP (CPU) (10%),ASUS Zenbook UX51VZ,Open Hardware Monitor,1
04:11:42.000,56.0,56.0,56.0,56.0,56.0,7.3,4.5,0.0,0.0,1146.0,Attack,Cryptojacking,CoinIMP (CPU) (10%),ASUS Zenbook UX51VZ,Open Hardware Monitor,1
04:11:44.000,57.0,57.0,54.0,56.0,59.0,8.8,5.9,0.0,0.0,1148.0,Attack,Cryptojacking,CoinIMP (CPU) (10%),ASUS Zenbook UX51VZ,Open Hardware Monitor,1
04:11:46.000,59.0,58.0,53.0,58.0,59.0,7.9,5.0,0.0,0.0,1150.0,Attack,Cryptojacking,CoinIMP (CPU) (10%),ASUS Zenbook UX51VZ,Open Hardware Monitor,1
04:11:48.000,58.0,57.0,54.0,56.0,58.0,7.7,4.9,0.0,0.0,1152.0,Attack,Cryptojacking,CoinIMP (CPU) (10%),ASUS Zenbook UX51VZ,Open Hardware Monitor,1
04:11:50.000,59.0,58.0,58.0,58.0,59.0,7.0,4.2,0.0,0.0,1154.0,Attack,Cryptojacking,CoinIMP (CPU) (10%),ASUS Zenbook UX51VZ,Open Hardware Monitor,1
04:11:52.000,57.0,59.0,54.0,58.0,60.0,7.7,4.9,0.0,0.0,1156.0,Attack,Cryptojacking,CoinIMP (CPU) (10%),ASUS Zenbook UX51VZ,Open Hardware Monitor,1
04:11:54.000,57.0,57.0,55.0,57.0,59.0,7.7,4.9,0.0,0.0,1158.0,Attack,Cryptojacking,CoinIMP (CPU) (10%),ASUS Zenbook UX51VZ,Open Hardware Monitor,1
04:11:56.000,54.0,54.0,54.0,54.0,54.0,8.3,5.4,0.0,0.0,1160.0,Attack,Cryptojacking,CoinIMP (CPU) (10%),ASUS Zenbook UX51VZ,Open Hardware Monitor,1
04:11:58.000,62.0,63.0,57.0,60.0,63.0,8.8,6.0,0.0,0.0,1162.0,Attack,Cryptojacking,CoinIMP (CPU) (10%),ASUS Zenbook UX51VZ,Open Hardware Monitor,1
04:12:00.000,57.0,57.0,54.0,57.0,58.0,8.3,5.4,0.0,0.0,1164.0,Attack,Cryptojacking,CoinIMP (CPU) (10%),ASUS Zenbook UX51VZ,Open Hardware Monitor,1
04:12:02.000,58.0,58.0,54.0,58.0,58.0,7.9,5.1,0.0,0.0,1166.0,Attack,Cryptojacking,CoinIMP (CPU) (10%),ASUS Zenbook UX51VZ,Open Hardware Monitor,1
04:12:04.000,61.0,61.0,61.0,61.0,61.0,8.6,5.8,0.0,0.0,1168.0,Attack,Cryptojacking,CoinIMP (CPU) (10%),ASUS Zenbook UX51VZ,Open Hardware Monitor,1
04:12:06.000,57.0,57.0,54.0,60.0,60.0,7.7,4.9,0.0,0.0,1170.0,Attack,Cryptojacking,CoinIMP (CPU) (10%),ASUS Zenbook UX51VZ,Open Hardware Monitor,1
04:12:08.000,53.0,53.0,53.0,56.0,58.0,8.1,5.2,0.0,0.0,1172.0,Attack,Cryptojacking,CoinIMP (CPU) (10%),ASUS Zenbook UX51VZ,Open Hardware Monitor,1
04:12:10.000,57.0,57.0,54.0,57.0,57.0,7.9,5.1,0.0,0.0,1174.0,Attack,Cryptojacking,CoinIMP (CPU) (10%),ASUS Zenbook UX51VZ,Open Hardware Monitor,1
04:12:12.000,57.0,57.0,57.0,57.0,57.0,8.0,5.2,0.0,0.0,1176.0,Attack,Cryptojacking,CoinIMP (CPU) (10%),ASUS Zenbook UX51VZ,Open Hardware Monitor,1
04:12:14.000,59.0,56.0,54.0,57.0,59.0,8.2,5.4,0.0,0.0,1178.0,Attack,Cryptojacking,CoinIMP (CPU) (10%),ASUS Zenbook UX51VZ,Open Hardware Monitor,1
04:12:16.000,58.0,60.0,55.0,63.0,63.0,9.3,6.4,0.0,0.0,1180.0,Attack,Cryptojacking,CoinIMP (CPU) (10%),ASUS Zenbook UX51VZ,Open Hardware Monitor,1
04:12:18.000,54.0,54.0,54.0,54.0,54.0,8.5,5.6,0.0,0.0,1182.0,Attack,Cryptojacking,CoinIMP (CPU) (10%),ASUS Zenbook UX51VZ,Open Hardware Monitor,1
04:12:20.000,60.0,59.0,55.0,58.0,60.0,10.4,7.5,0.0,0.0,1184.0,Attack,Cryptojacking,CoinIMP (CPU) (10%),ASUS Zenbook UX51VZ,Open Hardware Monitor,1
04:12:22.000,57.0,57.0,57.0,57.0,57.0,7.4,4.6,0.0,0.0,1186.0,Attack,Cryptojacking,CoinIMP (CPU) (10%),ASUS Zenbook UX51VZ,Open Hardware Monitor,1
04:12:24.000,61.0,61.0,54.0,57.0,60.0,9.2,6.4,0.0,0.0,1188.0,Attack,Cryptojacking,CoinIMP (CPU) (10%),ASUS Zenbook UX51VZ,Open Hardware Monitor,1
04:12:26.000,59.0,60.0,58.0,58.0,61.0,10.1,7.2,0.0,0.0,1190.0,Attack,Cryptojacking,CoinIMP (CPU) (10%),ASUS Zenbook UX51VZ,Open Hardware Monitor,1
04:12:28.000,54.0,54.0,54.0,54.0,54.0,8.4,5.6,0.0,0.0,1192.0,Attack,Cryptojacking,CoinIMP (CPU) (10%),ASUS Zenbook UX51VZ,Open Hardware Monitor,1
04:12:30.000,59.0,59.0,56.0,59.0,61.0,7.7,4.8,0.0,0.0,1194.0,Attack,Cryptojacking,CoinIMP (CPU) (10%),ASUS Zenbook UX51VZ,Open Hardware Monitor,1
04:12:32.000,53.0,53.0,53.0,53.0,53.0,8.7,5.9,0.0,0.0,1196.0,Attack,Cryptojacking,CoinIMP (CPU) (10%),ASUS Zenbook UX51VZ,Open Hardware Monitor,1
04:12:34.000,55.0,55.0,55.0,55.0,55.0,8.3,5.5,0.0,0.0,1198.0,Attack,Cryptojacking,CoinIMP (CPU) (10%),ASUS Zenbook UX51VZ,Open Hardware Monitor,1
04:12:36.000,58.0,59.0,56.0,57.0,59.0,9.1,6.2,0.0,0.0,1200.0,Attack,Cryptojacking,CoinIMP (CPU) (10%),ASUS Zenbook UX51VZ,Open Hardware Monitor,1
04:12:38.000,59.0,59.0,56.0,57.0,59.0,8.3,5.5,0.0,0.0,1202.0,Attack,Cryptojacking,CoinIMP (CPU) (10%),ASUS Zenbook UX51VZ,Open Hardware Monitor,1
04:12:40.000,60.0,57.0,54.0,58.0,61.0,8.2,5.4,0.0,0.0,1204.0,Attack,Cryptojacking,CoinIMP (CPU) (10%),ASUS Zenbook UX51VZ,Open Hardware Monitor,1
04:12:42.000,56.0,56.0,56.0,56.0,56.0,7.2,4.4,0.0,0.0,1206.0,Attack,Cryptojacking,CoinIMP (CPU) (10%),ASUS Zenbook UX51VZ,Open Hardware Monitor,1
04:12:44.000,62.0,62.0,62.0,62.0,62.0,7.8,4.9,0.0,0.0,1208.0,Attack,Cryptojacking,CoinIMP (CPU) (10%),ASUS Zenbook UX51VZ,Open Hardware Monitor,1
04:12:46.000,62.0,62.0,62.0,62.0,62.0,7.6,4.8,0.0,0.0,1210.0,Attack,Cryptojacking,CoinIMP (CPU) (10%),ASUS Zenbook UX51VZ,Open Hardware Monitor,1
04:12:48.000,59.0,59.0,55.0,63.0,63.0,8.4,5.5,0.0,0.0,1212.0,Attack,Cryptojacking,CoinIMP (CPU) (10%),ASUS Zenbook UX51VZ,Open Hardware Monitor,1
04:12:50.000,59.0,58.0,55.0,57.0,59.0,8.2,5.3,0.0,0.0,1214.0,Attack,Cryptojacking,CoinIMP (CPU) (10%),ASUS Zenbook UX51VZ,Open Hardware Monitor,1
04:12:52.000,59.0,57.0,53.0,57.0,59.0,7.7,4.9,0.0,0.0,1216.0,Attack,Cryptojacking,CoinIMP (CPU) (10%),ASUS Zenbook UX51VZ,Open Hardware Monitor,1
04:12:54.000,59.0,58.0,54.0,58.0,59.0,8.6,5.7,0.0,0.0,1218.0,Attack,Cryptojacking,CoinIMP (CPU) (10%),ASUS Zenbook UX51VZ,Open Hardware Monitor,1
04:12:56.000,59.0,60.0,53.0,59.0,60.0,7.8,5.0,0.0,0.0,1220.0,Attack,Cryptojacking,CoinIMP (CPU) (10%),ASUS Zenbook UX51VZ,Open Hardware Monitor,1
04:12:58.000,58.0,58.0,54.0,59.0,59.0,9.0,6.1,0.0,0.0,1222.0,Attack,Cryptojacking,CoinIMP (CPU) (10%),ASUS Zenbook UX51VZ,Open Hardware Monitor,1
04:13:00.000,54.0,54.0,53.0,53.0,53.0,9.0,6.1,0.0,0.0,1224.0,Attack,Cryptojacking,CoinIMP (CPU) (10%),ASUS Zenbook UX51VZ,Open Hardware Monitor,1
04:13:02.000,60.0,60.0,60.0,60.0,60.0,9.3,6.4,0.0,0.0,1226.0,Attack,Cryptojacking,CoinIMP (CPU) (10%),ASUS Zenbook UX51VZ,Open Hardware Monitor,1
04:13:04.000,59.0,58.0,54.0,58.0,59.0,8.8,5.9,0.0,0.0,1228.0,Attack,Cryptojacking,CoinIMP (CPU) (10%),ASUS Zenbook UX51VZ,Open Hardware Monitor,1
04:13:06.000,59.0,58.0,54.0,58.0,59.0,8.5,5.6,0.0,0.0,1230.0,Attack,Cryptojacking,CoinIMP (CPU) (10%),ASUS Zenbook UX51VZ,Open Hardware Monitor,1
04:13:08.000,59.0,60.0,54.0,59.0,60.0,8.8,5.9,0.0,0.0,1232.0,Attack,Cryptojacking,CoinIMP (CPU) (10%),ASUS Zenbook UX51VZ,Open Hardware Monitor,1
04:13:10.000,59.0,60.0,55.0,58.0,60.0,10.0,7.1,0.0,0.0,1234.0,Attack,Cryptojacking,CoinIMP (CPU) (10%),ASUS Zenbook UX51VZ,Open Hardware Monitor,1
04:13:12.000,63.0,64.0,55.0,58.0,64.0,7.5,4.8,0.0,0.0,1236.0,Attack,Cryptojacking,CoinIMP (CPU) (10%),ASUS Zenbook UX51VZ,Open Hardware Monitor,1
04:13:14.000,58.0,59.0,55.0,57.0,59.0,8.4,5.6,0.0,0.0,1238.0,Attack,Cryptojacking,CoinIMP (CPU) (10%),ASUS Zenbook UX51VZ,Open Hardware Monitor,1
04:13:16.000,61.0,61.0,61.0,61.0,61.0,8.9,6.0,0.0,0.0,1240.0,Attack,Cryptojacking,CoinIMP (CPU) (10%),ASUS Zenbook UX51VZ,Open Hardware Monitor,1
04:13:18.000,60.0,59.0,55.0,57.0,60.0,8.9,6.0,0.0,0.0,1242.0,Attack,Cryptojacking,CoinIMP (CPU) (10%),ASUS Zenbook UX51VZ,Open Hardware Monitor,1
04:13:20.000,60.0,59.0,58.0,63.0,63.0,9.0,6.2,0.0,0.0,1244.0,Attack,Cryptojacking,CoinIMP (CPU) (10%),ASUS Zenbook UX51VZ,Open Hardware Monitor,1
04:13:22.000,65.0,64.0,56.0,57.0,65.0,7.9,5.0,0.0,0.0,1246.0,Attack,Cryptojacking,CoinIMP (CPU) (10%),ASUS Zenbook UX51VZ,Open Hardware Monitor,1
04:13:24.000,54.0,54.0,54.0,54.0,54.0,8.7,5.9,0.0,0.0,1248.0,Attack,Cryptojacking,CoinIMP (CPU) (10%),ASUS Zenbook UX51VZ,Open Hardware Monitor,1
04:13:26.000,58.0,58.0,57.0,59.0,60.0,8.6,5.8,0.0,0.0,1250.0,Attack,Cryptojacking,CoinIMP (CPU) (10%),ASUS Zenbook UX51VZ,Open Hardware Monitor,1
04:13:28.000,64.0,62.0,57.0,62.0,64.0,8.3,5.4,0.0,0.0,1252.0,Attack,Cryptojacking,CoinIMP (CPU) (10%),ASUS Zenbook UX51VZ,Open Hardware Monitor,1
04:13:30.000,60.0,60.0,60.0,60.0,60.0,8.4,5.5,0.0,0.0,1254.0,Attack,Cryptojacking,CoinIMP (CPU) (10%),ASUS Zenbook UX51VZ,Open Hardware Monitor,1
04:13:32.000,59.0,59.0,59.0,59.0,60.0,9.6,6.7,0.0,0.0,1256.0,Attack,Cryptojacking,CoinIMP (CPU) (10%),ASUS Zenbook UX51VZ,Open Hardware Monitor,1
04:13:34.000,63.0,58.0,61.0,60.0,63.0,8.8,5.9,0.0,0.0,1258.0,Attack,Cryptojacking,CoinIMP (CPU) (10%),ASUS Zenbook UX51VZ,Open Hardware Monitor,1
04:13:36.000,59.0,57.0,55.0,56.0,59.0,7.9,5.0,0.0,0.0,1260.0,Attack,Cryptojacking,CoinIMP (CPU) (10%),ASUS Zenbook UX51VZ,Open Hardware Monitor,1
04:13:38.000,59.0,59.0,55.0,56.0,62.0,7.7,4.8,0.0,0.0,1262.0,Attack,Cryptojacking,CoinIMP (CPU) (10%),ASUS Zenbook UX51VZ,Open Hardware Monitor,1
04:13:40.000,58.0,58.0,56.0,60.0,62.0,9.1,6.3,0.0,0.0,1264.0,Attack,Cryptojacking,CoinIMP (CPU) (10%),ASUS Zenbook UX51VZ,Open Hardware Monitor,1
04:13:42.000,51.0,51.0,51.0,51.0,52.0,7.4,4.6,0.0,0.0,1266.0,Attack,Cryptojacking,CoinIMP (CPU) (10%),ASUS Zenbook UX51VZ,Open Hardware Monitor,1
04:13:44.000,61.0,61.0,61.0,61.0,62.0,9.2,6.3,0.0,0.0,1268.0,Attack,Cryptojacking,CoinIMP (CPU) (10%),ASUS Zenbook UX51VZ,Open Hardware Monitor,1
04:13:46.000,58.0,58.0,58.0,58.0,59.0,11.0,8.0,0.0,0.0,1270.0,Attack,Cryptojacking,CoinIMP (CPU) (10%),ASUS Zenbook UX51VZ,Open Hardware Monitor,1
04:13:48.000,54.0,54.0,54.0,54.0,54.0,9.8,6.3,0.0,59.0,1272.0,Attack,Cryptojacking,CoinIMP (CPU) (10%),ASUS Zenbook UX51VZ,Open Hardware Monitor,1
04:13:50.000,58.0,58.0,54.0,57.0,59.0,8.6,5.6,0.0,0.0,1274.0,Attack,Cryptojacking,CoinIMP (CPU) (10%),ASUS Zenbook UX51VZ,Open Hardware Monitor,1
04:13:52.000,61.0,61.0,59.0,64.0,66.0,10.2,6.8,0.0,61.0,1276.0,Attack,Cryptojacking,CoinIMP (CPU) (10%),ASUS Zenbook UX51VZ,Open Hardware Monitor,1
04:13:54.000,53.0,53.0,53.0,53.0,53.0,9.0,6.2,0.0,0.0,1278.0,Attack,Cryptojacking,CoinIMP (CPU) (10%),ASUS Zenbook UX51VZ,Open Hardware Monitor,1
04:13:56.000,64.0,59.0,56.0,59.0,64.0,8.6,5.7,0.0,0.0,1280.0,Attack,Cryptojacking,CoinIMP (CPU) (10%),ASUS Zenbook UX51VZ,Open Hardware Monitor,1
04:13:58.000,53.0,53.0,53.0,53.0,54.0,8.7,5.9,0.0,0.0,1282.0,Attack,Cryptojacking,CoinIMP (CPU) (10%),ASUS Zenbook UX51VZ,Open Hardware Monitor,1
04:14:00.000,58.0,58.0,58.0,58.0,58.0,8.6,5.7,0.0,0.0,1284.0,Attack,Cryptojacking,CoinIMP (CPU) (10%),ASUS Zenbook UX51VZ,Open Hardware Monitor,1
04:14:03.000,60.0,59.0,57.0,58.0,61.0,8.5,5.7,0.0,0.0,1287.0,Attack,Cryptojacking,CoinIMP (CPU) (10%),ASUS Zenbook UX51VZ,Open Hardware Monitor,1
04:14:05.000,60.0,60.0,59.0,59.0,60.0,8.6,5.7,0.0,0.0,1289.0,Attack,Cryptojacking,CoinIMP (CPU) (10%),ASUS Zenbook UX51VZ,Open Hardware Monitor,1
04:14:07.000,63.0,63.0,64.0,63.0,64.0,8.0,5.2,0.0,0.0,1291.0,Attack,Cryptojacking,CoinIMP (CPU) (10%),ASUS Zenbook UX51VZ,Open Hardware Monitor,1
04:14:09.000,59.0,59.0,59.0,59.0,59.0,7.2,4.4,0.0,0.0,1293.0,Attack,Cryptojacking,CoinIMP (CPU) (10%),ASUS Zenbook UX51VZ,Open Hardware Monitor,1
04:14:11.000,65.0,64.0,61.0,64.0,65.0,9.0,6.1,0.0,0.0,1295.0,Attack,Cryptojacking,CoinIMP (CPU) (10%),ASUS Zenbook UX51VZ,Open Hardware Monitor,1
04:14:13.000,59.0,58.0,55.0,59.0,59.0,8.1,5.3,0.0,0.0,1297.0,Attack,Cryptojacking,CoinIMP (CPU) (10%),ASUS Zenbook UX51VZ,Open Hardware Monitor,1
04:14:15.000,60.0,66.0,63.0,66.0,66.0,12.3,9.4,0.0,0.0,1299.0,Attack,Cryptojacking,CoinIMP (CPU) (10%),ASUS Zenbook UX51VZ,Open Hardware Monitor,1
04:14:17.000,60.0,58.0,55.0,64.0,64.0,7.9,5.1,0.0,0.0,1301.0,Attack,Cryptojacking,CoinIMP (CPU) (10%),ASUS Zenbook UX51VZ,Open Hardware Monitor,1
04:14:19.000,60.0,60.0,60.0,60.0,60.0,8.6,5.7,0.0,0.0,1303.0,Attack,Cryptojacking,CoinIMP (CPU) (10%),ASUS Zenbook UX51VZ,Open Hardware Monitor,1
04:14:21.000,58.0,58.0,56.0,58.0,61.0,8.7,5.8,0.0,0.0,1305.0,Attack,Cryptojacking,CoinIMP (CPU) (10%),ASUS Zenbook UX51VZ,Open Hardware Monitor,1
04:14:23.000,60.0,60.0,60.0,59.0,59.0,8.6,5.7,0.0,0.0,1307.0,Attack,Cryptojacking,CoinIMP (CPU) (10%),ASUS Zenbook UX51VZ,Open Hardware Monitor,1
04:14:25.000,58.0,59.0,57.0,59.0,60.0,7.6,4.8,0.0,0.0,1309.0,Attack,Cryptojacking,CoinIMP (CPU) (10%),ASUS Zenbook UX51VZ,Open Hardware Monitor,1
04:14:27.000,53.0,53.0,53.0,53.0,54.0,7.7,4.8,0.0,0.0,1311.0,Attack,Cryptojacking,CoinIMP (CPU) (10%),ASUS Zenbook UX51VZ,Open Hardware Monitor,1
04:14:29.000,60.0,60.0,55.0,59.0,60.0,9.0,6.0,0.0,0.0,1313.0,Attack,Cryptojacking,CoinIMP (CPU) (10%),ASUS Zenbook UX51VZ,Open Hardware Monitor,1
04:14:31.000,58.0,60.0,55.0,60.0,60.0,10.1,7.2,0.0,0.0,1315.0,Attack,Cryptojacking,CoinIMP (CPU) (10%),ASUS Zenbook UX51VZ,Open Hardware Monitor,1
04:14:33.000,54.0,54.0,54.0,54.0,54.0,8.1,5.3,0.0,0.0,1317.0,Attack,Cryptojacking,CoinIMP (CPU) (10%),ASUS Zenbook UX51VZ,Open Hardware Monitor,1
04:14:35.000,59.0,60.0,55.0,59.0,62.0,9.6,6.7,0.0,0.0,1319.0,Attack,Cryptojacking,CoinIMP (CPU) (10%),ASUS Zenbook UX51VZ,Open Hardware Monitor,1
04:14:37.000,62.0,62.0,62.0,62.0,62.0,7.8,5.0,0.0,0.0,1321.0,Attack,Cryptojacking,CoinIMP (CPU) (10%),ASUS Zenbook UX51VZ,Open Hardware Monitor,1
04:14:39.000,63.0,64.0,61.0,58.0,64.0,8.6,5.8,0.0,0.0,1323.0,Attack,Cryptojacking,CoinIMP (CPU) (10%),ASUS Zenbook UX51VZ,Open Hardware Monitor,1
04:14:41.000,58.0,59.0,57.0,62.0,63.0,9.2,6.3,0.0,0.0,1325.0,Attack,Cryptojacking,CoinIMP (CPU) (10%),ASUS Zenbook UX51VZ,Open Hardware Monitor,1
04:14:43.000,61.0,65.0,58.0,61.0,65.0,14.8,11.7,0.0,0.0,1327.0,Attack,Cryptojacking,CoinIMP (CPU) (10%),ASUS Zenbook UX51VZ,Open Hardware Monitor,1
04:14:45.000,58.0,60.0,55.0,59.0,60.0,9.7,6.8,0.0,0.0,1329.0,Attack,Cryptojacking,CoinIMP (CPU) (10%),ASUS Zenbook UX51VZ,Open Hardware Monitor,1
04:14:47.000,59.0,59.0,59.0,59.0,59.0,8.3,5.4,0.0,0.0,1331.0,Attack,Cryptojacking,CoinIMP (CPU) (10%),ASUS Zenbook UX51VZ,Open Hardware Monitor,1
04:14:49.000,61.0,61.0,61.0,61.0,61.0,7.7,4.9,0.0,0.0,1333.0,Attack,Cryptojacking,CoinIMP (CPU) (10%),ASUS Zenbook UX51VZ,Open Hardware Monitor,1
04:14:51.000,59.0,62.0,56.0,57.0,63.0,9.5,6.6,0.0,0.0,1335.0,Attack,Cryptojacking,CoinIMP (CPU) (10%),ASUS Zenbook UX51VZ,Open Hardware Monitor,1
04:14:53.000,58.0,58.0,58.0,58.0,58.0,8.4,5.6,0.0,0.0,1337.0,Attack,Cryptojacking,CoinIMP (CPU) (10%),ASUS Zenbook UX51VZ,Open Hardware Monitor,1
04:14:55.000,61.0,61.0,61.0,61.0,61.0,8.0,5.2,0.0,0.0,1339.0,Attack,Cryptojacking,CoinIMP (CPU) (10%),ASUS Zenbook UX51VZ,Open Hardware Monitor,1
04:14:57.000,60.0,60.0,55.0,61.0,62.0,8.7,5.8,0.0,0.0,1341.0,Attack,Cryptojacking,CoinIMP (CPU) (10%),ASUS Zenbook UX51VZ,Open Hardware Monitor,1
04:14:59.000,63.0,64.0,56.0,63.0,64.0,7.6,4.8,0.0,0.0,1343.0,Attack,Cryptojacking,CoinIMP (CPU) (10%),ASUS Zenbook UX51VZ,Open Hardware Monitor,1
04:15:01.000,64.0,60.0,56.0,59.0,64.0,8.9,6.0,0.0,0.0,1345.0,Attack,Cryptojacking,CoinIMP (CPU) (10%),ASUS Zenbook UX51VZ,Open Hardware Monitor,1
04:15:03.000,60.0,59.0,56.0,58.0,60.0,10.5,7.6,0.0,0.0,1347.0,Attack,Cryptojacking,CoinIMP (CPU) (10%),ASUS Zenbook UX51VZ,Open Hardware Monitor,1
04:15:05.000,63.0,65.0,55.0,58.0,65.0,8.1,5.3,0.0,0.0,1349.0,Attack,Cryptojacking,CoinIMP (CPU) (10%),ASUS Zenbook UX51VZ,Open Hardware Monitor,1
04:15:07.000,58.0,58.0,54.0,59.0,59.0,7.8,5.0,0.0,0.0,1351.0,Attack,Cryptojacking,CoinIMP (CPU) (10%),ASUS Zenbook UX51VZ,Open Hardware Monitor,1
04:15:09.000,59.0,58.0,55.0,57.0,59.0,8.7,5.8,0.0,0.0,1353.0,Attack,Cryptojacking,CoinIMP (CPU) (10%),ASUS Zenbook UX51VZ,Open Hardware Monitor,1
04:15:11.000,59.0,59.0,59.0,59.0,60.0,9.1,6.2,0.0,0.0,1355.0,Attack,Cryptojacking,CoinIMP (CPU) (10%),ASUS Zenbook UX51VZ,Open Hardware Monitor,1
04:15:13.000,63.0,64.0,55.0,59.0,64.0,10.2,7.3,0.0,0.0,1357.0,Attack,Cryptojacking,CoinIMP (CPU) (10%),ASUS Zenbook UX51VZ,Open Hardware Monitor,1
04:15:15.000,60.0,58.0,55.0,59.0,61.0,8.6,5.8,0.0,0.0,1359.0,Attack,Cryptojacking,CoinIMP (CPU) (10%),ASUS Zenbook UX51VZ,Open Hardware Monitor,1
04:15:17.000,59.0,59.0,59.0,59.0,59.0,9.3,6.5,0.0,0.0,1361.0,Attack,Cryptojacking,CoinIMP (CPU) (10%),ASUS Zenbook UX51VZ,Open Hardware Monitor,1
04:15:19.000,57.0,57.0,57.0,57.0,59.0,7.9,5.0,0.0,0.0,1363.0,Attack,Cryptojacking,CoinIMP (CPU) (10%),ASUS Zenbook UX51VZ,Open Hardware Monitor,1
04:15:21.000,60.0,58.0,54.0,58.0,60.0,8.2,5.4,0.0,0.0,1365.0,Attack,Cryptojacking,CoinIMP (CPU) (10%),ASUS Zenbook UX51VZ,Open Hardware Monitor,1
04:15:23.000,58.0,58.0,58.0,58.0,58.0,7.8,4.9,0.0,0.0,1367.0,Attack,Cryptojacking,CoinIMP (CPU) (10%),ASUS Zenbook UX51VZ,Open Hardware Monitor,1
04:15:25.000,58.0,58.0,54.0,58.0,59.0,8.9,6.0,0.0,0.0,1369.0,Attack,Cryptojacking,CoinIMP (CPU) (10%),ASUS Zenbook UX51VZ,Open Hardware Monitor,1
04:15:27.000,60.0,59.0,55.0,58.0,60.0,8.9,6.0,0.0,0.0,1371.0,Attack,Cryptojacking,CoinIMP (CPU) (10%),ASUS Zenbook UX51VZ,Open Hardware Monitor,1
04:15:29.000,59.0,59.0,54.0,59.0,61.0,9.2,6.4,0.0,0.0,1373.0,Attack,Cryptojacking,CoinIMP (CPU) (10%),ASUS Zenbook UX51VZ,Open Hardware Monitor,1
04:15:31.000,60.0,60.0,60.0,60.0,60.0,9.0,6.1,0.0,0.0,1375.0,Attack,Cryptojacking,CoinIMP (CPU) (10%),ASUS Zenbook UX51VZ,Open Hardware Monitor,1
04:15:33.000,59.0,58.0,57.0,58.0,59.0,8.8,5.9,0.0,0.0,1377.0,Attack,Cryptojacking,CoinIMP (CPU) (10%),ASUS Zenbook UX51VZ,Open Hardware Monitor,1
04:15:35.000,58.0,59.0,54.0,56.0,59.0,7.5,4.7,0.0,0.0,1379.0,Attack,Cryptojacking,CoinIMP (CPU) (10%),ASUS Zenbook UX51VZ,Open Hardware Monitor,1
04:15:37.000,62.0,62.0,62.0,62.0,62.0,8.0,5.2,0.0,0.0,1381.0,Attack,Cryptojacking,CoinIMP (CPU) (10%),ASUS Zenbook UX51VZ,Open Hardware Monitor,1
04:15:39.000,58.0,57.0,54.0,60.0,61.0,8.2,5.4,0.0,0.0,1383.0,Attack,Cryptojacking,CoinIMP (CPU) (10%),ASUS Zenbook UX51VZ,Open Hardware Monitor,1
04:15:41.000,60.0,58.0,55.0,64.0,64.0,7.7,4.9,0.0,0.0,1385.0,Attack,Cryptojacking,CoinIMP (CPU) (10%),ASUS Zenbook UX51VZ,Open Hardware Monitor,1
04:15:43.000,61.0,61.0,61.0,61.0,61.0,8.0,5.1,0.0,0.0,1387.0,Attack,Cryptojacking,CoinIMP (CPU) (10%),ASUS Zenbook UX51VZ,Open Hardware Monitor,1
04:15:45.000,59.0,57.0,54.0,57.0,60.0,8.2,5.4,0.0,0.0,1389.0,Attack,Cryptojacking,CoinIMP (CPU) (10%),ASUS Zenbook UX51VZ,Open Hardware Monitor,1
04:15:47.000,59.0,59.0,59.0,59.0,59.0,8.8,5.9,0.0,0.0,1391.0,Attack,Cryptojacking,CoinIMP (CPU) (10%),ASUS Zenbook UX51VZ,Open Hardware Monitor,1
04:15:49.000,63.0,63.0,62.0,62.0,63.0,8.2,5.3,0.0,0.0,1393.0,Attack,Cryptojacking,CoinIMP (CPU) (10%),ASUS Zenbook UX51VZ,Open Hardware Monitor,1
04:15:51.000,59.0,59.0,55.0,63.0,63.0,9.8,6.9,0.0,0.0,1395.0,Attack,Cryptojacking,CoinIMP (CPU) (10%),ASUS Zenbook UX51VZ,Open Hardware Monitor,1
04:15:53.000,55.0,55.0,55.0,55.0,55.0,7.6,4.8,0.0,0.0,1397.0,Attack,Cryptojacking,CoinIMP (CPU) (10%),ASUS Zenbook UX51VZ,Open Hardware Monitor,1
04:15:55.000,58.0,58.0,58.0,58.0,58.0,8.6,5.7,0.0,0.0,1399.0,Attack,Cryptojacking,CoinIMP (CPU) (10%),ASUS Zenbook UX51VZ,Open Hardware Monitor,1
04:15:57.000,63.0,63.0,63.0,63.0,62.0,8.3,5.4,0.0,0.0,1401.0,Attack,Cryptojacking,CoinIMP (CPU) (10%),ASUS Zenbook UX51VZ,Open Hardware Monitor,1
04:15:59.000,59.0,59.0,59.0,59.0,59.0,7.9,5.1,0.0,0.0,1403.0,Attack,Cryptojacking,CoinIMP (CPU) (10%),ASUS Zenbook UX51VZ,Open Hardware Monitor,1
04:16:01.000,63.0,66.0,61.0,64.0,66.0,21.9,18.8,0.0,0.0,1405.0,Attack,Cryptojacking,CoinIMP (CPU) (10%),ASUS Zenbook UX51VZ,Open Hardware Monitor,1
04:16:03.000,60.0,59.0,54.0,59.0,60.0,8.7,5.8,0.0,0.0,1407.0,Attack,Cryptojacking,CoinIMP (CPU) (10%),ASUS Zenbook UX51VZ,Open Hardware Monitor,1
04:16:05.000,61.0,61.0,61.0,61.0,61.0,9.0,6.1,0.0,0.0,1409.0,Attack,Cryptojacking,CoinIMP (CPU) (10%),ASUS Zenbook UX51VZ,Open Hardware Monitor,1
04:16:07.000,64.0,64.0,64.0,64.0,64.0,8.7,5.8,0.0,0.0,1411.0,Attack,Cryptojacking,CoinIMP (CPU) (10%),ASUS Zenbook UX51VZ,Open Hardware Monitor,1
04:16:09.000,60.0,60.0,60.0,60.0,60.0,7.8,5.0,0.0,0.0,1413.0,Attack,Cryptojacking,CoinIMP (CPU) (10%),ASUS Zenbook UX51VZ,Open Hardware Monitor,1
04:16:11.000,61.0,59.0,55.0,57.0,61.0,9.3,6.4,0.0,0.0,1415.0,Attack,Cryptojacking,CoinIMP (CPU) (10%),ASUS Zenbook UX51VZ,Open Hardware Monitor,1
04:16:13.000,61.0,60.0,55.0,63.0,63.0,9.6,6.7,0.0,0.0,1417.0,Attack,Cryptojacking,CoinIMP (CPU) (10%),ASUS Zenbook UX51VZ,Open Hardware Monitor,1
04:16:15.000,56.0,56.0,56.0,56.0,57.0,9.1,6.3,0.0,0.0,1419.0,Attack,Cryptojacking,CoinIMP (CPU) (10%),ASUS Zenbook UX51VZ,Open Hardware Monitor,1
04:16:17.000,60.0,58.0,54.0,57.0,60.0,8.5,5.6,0.0,0.0,1421.0,Attack,Cryptojacking,CoinIMP (CPU) (10%),ASUS Zenbook UX51VZ,Open Hardware Monitor,1
04:16:19.000,60.0,58.0,55.0,57.0,60.0,9.1,6.2,0.0,0.0,1423.0,Attack,Cryptojacking,CoinIMP (CPU) (10%),ASUS Zenbook UX51VZ,Open Hardware Monitor,1
04:16:21.000,65.0,65.0,65.0,65.0,65.0,7.9,5.0,0.0,0.0,1425.0,Attack,Cryptojacking,CoinIMP (CPU) (10%),ASUS Zenbook UX51VZ,Open Hardware Monitor,1
04:16:23.000,58.0,58.0,55.0,58.0,58.0,9.0,6.1,0.0,0.0,1427.0,Attack,Cryptojacking,CoinIMP (CPU) (10%),ASUS Zenbook UX51VZ,Open Hardware Monitor,1
04:16:25.000,63.0,57.0,55.0,63.0,63.0,8.9,6.1,0.0,0.0,1429.0,Attack,Cryptojacking,CoinIMP (CPU) (10%),ASUS Zenbook UX51VZ,Open Hardware Monitor,1
04:16:27.000,60.0,60.0,60.0,60.0,60.0,7.3,4.5,0.0,0.0,1431.0,Attack,Cryptojacking,CoinIMP (CPU) (10%),ASUS Zenbook UX51VZ,Open Hardware Monitor,1
04:16:29.000,60.0,59.0,57.0,60.0,60.0,8.1,5.2,0.0,0.0,1433.0,Attack,Cryptojacking,CoinIMP (CPU) (10%),ASUS Zenbook UX51VZ,Open Hardware Monitor,1
04:16:32.000,60.0,58.0,56.0,59.0,61.0,11.1,8.2,0.0,0.0,1436.0,Attack,Cryptojacking,CoinIMP (CPU) (10%),ASUS Zenbook UX51VZ,Open Hardware Monitor,1
04:16:34.000,57.0,57.0,57.0,57.0,57.0,10.0,7.0,0.0,0.0,1438.0,Attack,Cryptojacking,CoinIMP (CPU) (10%),ASUS Zenbook UX51VZ,Open Hardware Monitor,1
04:16:36.000,59.0,58.0,55.0,58.0,59.0,7.2,4.4,0.0,0.0,1440.0,Attack,Cryptojacking,CoinIMP (CPU) (10%),ASUS Zenbook UX51VZ,Open Hardware Monitor,1
04:16:38.000,58.0,58.0,54.0,56.0,59.0,8.9,6.0,0.0,0.0,1442.0,Attack,Cryptojacking,CoinIMP (CPU) (10%),ASUS Zenbook UX51VZ,Open Hardware Monitor,1
04:16:40.000,57.0,58.0,54.0,58.0,58.0,8.1,5.2,0.0,0.0,1444.0,Attack,Cryptojacking,CoinIMP (CPU) (10%),ASUS Zenbook UX51VZ,Open Hardware Monitor,1
04:16:42.000,59.0,59.0,59.0,59.0,59.0,8.8,5.9,0.0,0.0,1446.0,Attack,Cryptojacking,CoinIMP (CPU) (10%),ASUS Zenbook UX51VZ,Open Hardware Monitor,1
04:16:44.000,60.0,60.0,60.0,60.0,60.0,8.0,5.2,0.0,0.0,1448.0,Attack,Cryptojacking,CoinIMP (CPU) (10%),ASUS Zenbook UX51VZ,Open Hardware Monitor,1
04:16:46.000,59.0,59.0,54.0,58.0,59.0,12.2,9.2,0.0,0.0,1450.0,Attack,Cryptojacking,CoinIMP (CPU) (10%),ASUS Zenbook UX51VZ,Open Hardware Monitor,1
04:16:48.000,60.0,60.0,60.0,60.0,60.0,8.8,5.9,0.0,0.0,1452.0,Attack,Cryptojacking,CoinIMP (CPU) (10%),ASUS Zenbook UX51VZ,Open Hardware Monitor,1
04:16:50.000,60.0,60.0,60.0,60.0,60.0,8.9,6.0,0.0,0.0,1454.0,Attack,Cryptojacking,CoinIMP (CPU) (10%),ASUS Zenbook UX51VZ,Open Hardware Monitor,1
04:16:52.000,60.0,60.0,60.0,60.0,60.0,8.1,5.2,0.0,0.0,1456.0,Attack,Cryptojacking,CoinIMP (CPU) (10%),ASUS Zenbook UX51VZ,Open Hardware Monitor,1
04:16:54.000,59.0,58.0,55.0,59.0,59.0,8.5,5.6,0.0,0.0,1458.0,Attack,Cryptojacking,CoinIMP (CPU) (10%),ASUS Zenbook UX51VZ,Open Hardware Monitor,1
04:16:56.000,53.0,53.0,53.0,53.0,53.0,8.8,6.0,0.0,0.0,1460.0,Attack,Cryptojacking,CoinIMP (CPU) (10%),ASUS Zenbook UX51VZ,Open Hardware Monitor,1
04:16:58.000,59.0,58.0,57.0,57.0,61.0,7.0,4.2,0.0,0.0,1462.0,Attack,Cryptojacking,CoinIMP (CPU) (10%),ASUS Zenbook UX51VZ,Open Hardware Monitor,1
04:17:00.000,55.0,55.0,55.0,55.0,55.0,7.8,5.0,0.0,0.0,1464.0,Attack,Cryptojacking,CoinIMP (CPU) (10%),ASUS Zenbook UX51VZ,Open Hardware Monitor,1
04:17:02.000,59.0,58.0,54.0,57.0,58.0,8.4,5.6,0.0,0.0,1466.0,Attack,Cryptojacking,CoinIMP (CPU) (10%),ASUS Zenbook UX51VZ,Open Hardware Monitor,1
04:17:04.000,62.0,63.0,62.0,62.0,63.0,8.4,5.5,0.0,0.0,1468.0,Attack,Cryptojacking,CoinIMP (CPU) (10%),ASUS Zenbook UX51VZ,Open Hardware Monitor,1
04:17:06.000,56.0,56.0,56.0,56.0,56.0,7.9,5.1,0.0,0.0,1470.0,Attack,Cryptojacking,CoinIMP (CPU) (10%),ASUS Zenbook UX51VZ,Open Hardware Monitor,1
04:17:08.000,57.0,57.0,57.0,57.0,57.0,8.7,5.8,0.0,0.0,1472.0,Attack,Cryptojacking,CoinIMP (CPU) (10%),ASUS Zenbook UX51VZ,Open Hardware Monitor,1
04:17:10.000,60.0,58.0,56.0,58.0,60.0,8.9,6.0,0.0,0.0,1474.0,Attack,Cryptojacking,CoinIMP (CPU) (10%),ASUS Zenbook UX51VZ,Open Hardware Monitor,1
04:17:12.000,59.0,60.0,55.0,58.0,59.0,8.1,5.3,0.0,0.0,1476.0,Attack,Cryptojacking,CoinIMP (CPU) (10%),ASUS Zenbook UX51VZ,Open Hardware Monitor,1
04:17:14.000,56.0,56.0,56.0,56.0,56.0,9.3,6.5,0.0,0.0,1478.0,Attack,Cryptojacking,CoinIMP (CPU) (10%),ASUS Zenbook UX51VZ,Open Hardware Monitor,1
04:17:16.000,64.0,60.0,57.0,60.0,64.0,7.6,4.8,0.0,0.0,1480.0,Attack,Cryptojacking,CoinIMP (CPU) (10%),ASUS Zenbook UX51VZ,Open Hardware Monitor,1
04:17:18.000,58.0,58.0,54.0,59.0,60.0,8.4,5.6,0.0,0.0,1482.0,Attack,Cryptojacking,CoinIMP (CPU) (10%),ASUS Zenbook UX51VZ,Open Hardware Monitor,1
04:17:20.000,59.0,58.0,54.0,58.0,58.0,9.2,6.3,0.0,0.0,1484.0,Attack,Cryptojacking,CoinIMP (CPU) (10%),ASUS Zenbook UX51VZ,Open Hardware Monitor,1
04:17:22.000,60.0,59.0,55.0,59.0,60.0,7.2,4.4,0.0,0.0,1486.0,Attack,Cryptojacking,CoinIMP (CPU) (10%),ASUS Zenbook UX51VZ,Open Hardware Monitor,1
04:17:24.000,59.0,59.0,54.0,56.0,59.0,8.2,5.4,0.0,0.0,1488.0,Attack,Cryptojacking,CoinIMP (CPU) (10%),ASUS Zenbook UX51VZ,Open Hardware Monitor,1
04:17:26.000,54.0,54.0,54.0,54.0,54.0,9.2,6.4,0.0,0.0,1490.0,Attack,Cryptojacking,CoinIMP (CPU) (10%),ASUS Zenbook UX51VZ,Open Hardware Monitor,1
04:17:28.000,60.0,60.0,60.0,60.0,60.0,7.9,5.0,0.0,0.0,1492.0,Attack,Cryptojacking,CoinIMP (CPU) (10%),ASUS Zenbook UX51VZ,Open Hardware Monitor,1
04:17:30.000,55.0,55.0,55.0,55.0,55.0,8.8,6.0,0.0,0.0,1494.0,Attack,Cryptojacking,CoinIMP (CPU) (10%),ASUS Zenbook UX51VZ,Open Hardware Monitor,1
04:17:32.000,59.0,59.0,53.0,57.0,59.0,8.4,5.5,0.0,0.0,1496.0,Attack,Cryptojacking,CoinIMP (CPU) (10%),ASUS Zenbook UX51VZ,Open Hardware Monitor,1
04:17:34.000,55.0,55.0,55.0,55.0,55.0,8.4,5.6,0.0,0.0,1498.0,Attack,Cryptojacking,CoinIMP (CPU) (10%),ASUS Zenbook UX51VZ,Open Hardware Monitor,1
04:17:36.000,58.0,58.0,54.0,57.0,59.0,8.4,5.6,0.0,0.0,1500.0,Attack,Cryptojacking,CoinIMP (CPU) (10%),ASUS Zenbook UX51VZ,Open Hardware Monitor,1
04:17:38.000,58.0,58.0,58.0,58.0,58.0,8.2,5.3,0.0,0.0,1502.0,Attack,Cryptojacking,CoinIMP (CPU) (10%),ASUS Zenbook UX51VZ,Open Hardware Monitor,1
04:17:40.000,59.0,58.0,53.0,56.0,59.0,7.7,4.9,0.0,0.0,1504.0,Attack,Cryptojacking,CoinIMP (CPU) (10%),ASUS Zenbook UX51VZ,Open Hardware Monitor,1
04:17:42.000,58.0,58.0,58.0,58.0,58.0,10.2,6.7,0.0,58.0,1506.0,Attack,Cryptojacking,CoinIMP (CPU) (10%),ASUS Zenbook UX51VZ,Open Hardware Monitor,1
04:17:44.000,62.0,64.0,55.0,59.0,64.0,9.6,6.5,0.0,0.0,1508.0,Attack,Cryptojacking,CoinIMP (CPU) (10%),ASUS Zenbook UX51VZ,Open Hardware Monitor,1
04:17:46.000,60.0,59.0,54.0,57.0,62.0,9.1,6.2,0.0,0.0,1510.0,Attack,Cryptojacking,CoinIMP (CPU) (10%),ASUS Zenbook UX51VZ,Open Hardware Monitor,1
04:17:48.000,62.0,62.0,62.0,62.0,62.0,8.7,5.8,0.0,0.0,1512.0,Attack,Cryptojacking,CoinIMP (CPU) (10%),ASUS Zenbook UX51VZ,Open Hardware Monitor,1
04:17:50.000,58.0,60.0,54.0,59.0,60.0,10.0,7.1,0.0,0.0,1514.0,Attack,Cryptojacking,CoinIMP (CPU) (10%),ASUS Zenbook UX51VZ,Open Hardware Monitor,1
04:17:52.000,63.0,63.0,54.0,57.0,64.0,8.0,5.1,0.0,0.0,1516.0,Attack,Cryptojacking,CoinIMP (CPU) (10%),ASUS Zenbook UX51VZ,Open Hardware Monitor,1
04:17:54.000,63.0,66.0,60.0,62.0,66.0,9.2,6.3,0.0,0.0,1518.0,Attack,Cryptojacking,CoinIMP (CPU) (10%),ASUS Zenbook UX51VZ,Open Hardware Monitor,1
04:17:56.000,62.0,62.0,62.0,63.0,63.0,8.0,5.1,0.0,0.0,1520.0,Attack,Cryptojacking,CoinIMP (CPU) (10%),ASUS Zenbook UX51VZ,Open Hardware Monitor,1
04:17:58.000,59.0,60.0,54.0,59.0,61.0,7.4,4.6,0.0,0.0,1522.0,Attack,Cryptojacking,CoinIMP (CPU) (10%),ASUS Zenbook UX51VZ,Open Hardware Monitor,1
04:18:00.000,59.0,59.0,54.0,59.0,59.0,7.7,4.8,0.0,0.0,1524.0,Attack,Cryptojacking,CoinIMP (CPU) (10%),ASUS Zenbook UX51VZ,Open Hardware Monitor,1
04:18:02.000,59.0,59.0,62.0,63.0,63.0,10.4,7.5,0.0,0.0,1526.0,Attack,Cryptojacking,CoinIMP (CPU) (10%),ASUS Zenbook UX51VZ,Open Hardware Monitor,1
04:18:04.000,59.0,64.0,63.0,59.0,64.0,10.9,8.0,0.0,0.0,1528.0,Attack,Cryptojacking,CoinIMP (CPU) (10%),ASUS Zenbook UX51VZ,Open Hardware Monitor,1
04:18:06.000,61.0,61.0,61.0,61.0,60.0,12.2,9.2,0.0,0.0,1530.0,Attack,Cryptojacking,CoinIMP (CPU) (10%),ASUS Zenbook UX51VZ,Open Hardware Monitor,1
04:18:08.000,63.0,63.0,63.0,63.0,64.0,13.1,10.1,0.0,0.0,1532.0,Attack,Cryptojacking,CoinIMP (CPU) (10%),ASUS Zenbook UX51VZ,Open Hardware Monitor,1
04:18:10.000,60.0,60.0,57.0,67.0,67.0,10.9,8.0,0.0,0.0,1534.0,Attack,Cryptojacking,CoinIMP (CPU) (10%),ASUS Zenbook UX51VZ,Open Hardware Monitor,1
04:18:12.000,64.0,66.0,62.0,66.0,66.0,13.9,10.7,0.1,0.0,1536.0,Attack,Cryptojacking,CoinIMP (CPU) (10%),ASUS Zenbook UX51VZ,Open Hardware Monitor,1
04:18:14.000,60.0,59.0,57.0,58.0,60.0,10.3,7.2,0.1,0.0,1538.0,Attack,Cryptojacking,CoinIMP (CPU) (10%),ASUS Zenbook UX51VZ,Open Hardware Monitor,1
04:18:16.000,62.0,65.0,60.0,62.0,65.0,17.5,13.6,0.5,0.0,1540.0,Attack,Cryptojacking,CoinIMP (CPU) (10%),ASUS Zenbook UX51VZ,Open Hardware Monitor,1
