Timestamp,Voltage (V),Voltage Adjusted (V),Current (A),Power (W),Relative Time (s),Mode,Attack Type,Attack,Host,Measurement,Run
02:45:00.788,2.42,0.0,0.03,0.13,0.0,Idle,Cryptojacking,CoinIMP (CPU) (100%),Raspberry Pi 3B 1GB,ACS712,1
02:45:01.813,2.43,0.02,0.17,0.86,1.025,Idle,Cryptojacking,CoinIMP (CPU) (100%),Raspberry Pi 3B 1GB,ACS712,1
02:45:02.797,2.42,0.0,0.03,0.13,2.009,Idle,Cryptojacking,CoinIMP (CPU) (100%),Raspberry Pi 3B 1GB,ACS712,1
02:45:03.789,2.42,0.01,0.07,0.37,3.001,Idle,Cryptojacking,CoinIMP (CPU) (100%),Raspberry Pi 3B 1GB,ACS712,1
02:45:04.813,2.42,0.0,0.03,0.13,4.025,Idle,Cryptojacking,CoinIMP (CPU) (100%),Raspberry Pi 3B 1GB,ACS712,1
02:45:05.797,2.41,-0.0,-0.02,-0.11,5.009,Idle,Cryptojacking,CoinIMP (CPU) (100%),Raspberry Pi 3B 1GB,ACS712,1
02:45:06.784,2.43,0.01,0.12,0.62,5.996,Idle,Cryptojacking,CoinIMP (CPU) (100%),Raspberry Pi 3B 1GB,ACS712,1
02:45:07.806,2.41,-0.0,-0.02,-0.11,7.018,Idle,Cryptojacking,CoinIMP (CPU) (100%),Raspberry Pi 3B 1GB,ACS712,1
02:45:08.791,2.42,0.0,0.03,0.13,8.003,Idle,Cryptojacking,CoinIMP (CPU) (100%),Raspberry Pi 3B 1GB,ACS712,1
02:45:09.808,2.41,-0.01,-0.07,-0.36,9.02,Idle,Cryptojacking,CoinIMP (CPU) (100%),Raspberry Pi 3B 1GB,ACS712,1
02:45:10.797,2.42,0.0,0.03,0.13,10.009,Idle,Cryptojacking,CoinIMP (CPU) (100%),Raspberry Pi 3B 1GB,ACS712,1
02:45:11.817,2.43,0.01,0.12,0.62,11.029,Idle,Cryptojacking,CoinIMP (CPU) (100%),Raspberry Pi 3B 1GB,ACS712,1
02:45:12.804,2.43,0.01,0.12,0.62,12.016,Idle,Cryptojacking,CoinIMP (CPU) (100%),Raspberry Pi 3B 1GB,ACS712,1
02:45:13.793,2.42,0.0,0.03,0.13,13.005,Idle,Cryptojacking,CoinIMP (CPU) (100%),Raspberry Pi 3B 1GB,ACS712,1
02:45:14.817,2.41,-0.0,-0.02,-0.11,14.029,Idle,Cryptojacking,CoinIMP (CPU) (100%),Raspberry Pi 3B 1GB,ACS712,1
02:45:15.802,2.42,0.01,0.07,0.37,15.014,Idle,Cryptojacking,CoinIMP (CPU) (100%),Raspberry Pi 3B 1GB,ACS712,1
02:45:16.820,2.43,0.01,0.12,0.62,16.032,Idle,Cryptojacking,CoinIMP (CPU) (100%),Raspberry Pi 3B 1GB,ACS712,1
02:45:17.808,2.42,0.0,0.03,0.13,17.02,Idle,Cryptojacking,CoinIMP (CPU) (100%),Raspberry Pi 3B 1GB,ACS712,1
02:45:18.797,2.42,0.01,0.07,0.37,18.009,Idle,Cryptojacking,CoinIMP (CPU) (100%),Raspberry Pi 3B 1GB,ACS712,1
02:45:19.791,2.42,0.01,0.07,0.37,19.003,Idle,Cryptojacking,CoinIMP (CPU) (100%),Raspberry Pi 3B 1GB,ACS712,1
02:45:20.810,2.43,0.01,0.12,0.62,20.022,Idle,Cryptojacking,CoinIMP (CPU) (100%),Raspberry Pi 3B 1GB,ACS712,1
02:45:21.800,2.42,0.0,0.03,0.13,21.012,Idle,Cryptojacking,CoinIMP (CPU) (100%),Raspberry Pi 3B 1GB,ACS712,1
02:45:22.822,2.42,0.01,0.07,0.37,22.034,Idle,Cryptojacking,CoinIMP (CPU) (100%),Raspberry Pi 3B 1GB,ACS712,1
02:45:23.808,2.42,0.01,0.07,0.37,23.02,Idle,Cryptojacking,CoinIMP (CPU) (100%),Raspberry Pi 3B 1GB,ACS712,1
02:45:24.797,2.43,0.01,0.12,0.62,24.009,Idle,Cryptojacking,CoinIMP (CPU) (100%),Raspberry Pi 3B 1GB,ACS712,1
02:45:25.814,2.42,0.0,0.03,0.13,25.026,Idle,Cryptojacking,CoinIMP (CPU) (100%),Raspberry Pi 3B 1GB,ACS712,1
02:45:26.804,2.42,0.0,0.03,0.13,26.016,Idle,Cryptojacking,CoinIMP (CPU) (100%),Raspberry Pi 3B 1GB,ACS712,1
02:45:27.825,2.42,0.01,0.07,0.37,27.037,Idle,Cryptojacking,CoinIMP (CPU) (100%),Raspberry Pi 3B 1GB,ACS712,1
02:45:28.813,2.43,0.01,0.12,0.62,28.025,Idle,Cryptojacking,CoinIMP (CPU) (100%),Raspberry Pi 3B 1GB,ACS712,1
02:45:29.800,2.42,0.01,0.07,0.37,29.012,Idle,Cryptojacking,CoinIMP (CPU) (100%),Raspberry Pi 3B 1GB,ACS712,1
02:45:30.820,2.41,-0.0,-0.02,-0.11,30.032,Idle,Cryptojacking,CoinIMP (CPU) (100%),Raspberry Pi 3B 1GB,ACS712,1
02:45:31.805,2.4,-0.01,-0.12,-0.6,31.017,Idle,Cryptojacking,CoinIMP (CPU) (100%),Raspberry Pi 3B 1GB,ACS712,1
02:45:32.824,2.44,0.03,0.27,1.35,32.036,Idle,Cryptojacking,CoinIMP (CPU) (100%),Raspberry Pi 3B 1GB,ACS712,1
02:45:33.811,2.43,0.01,0.12,0.62,33.023,Idle,Cryptojacking,CoinIMP (CPU) (100%),Raspberry Pi 3B 1GB,ACS712,1
02:45:34.832,2.42,0.01,0.07,0.37,34.044,Idle,Cryptojacking,CoinIMP (CPU) (100%),Raspberry Pi 3B 1GB,ACS712,1
02:45:35.821,2.43,0.01,0.12,0.62,35.033,Idle,Cryptojacking,CoinIMP (CPU) (100%),Raspberry Pi 3B 1GB,ACS712,1
02:45:36.810,2.42,0.0,0.03,0.13,36.022,Idle,Cryptojacking,CoinIMP (CPU) (100%),Raspberry Pi 3B 1GB,ACS712,1
02:45:37.829,2.42,0.01,0.07,0.37,37.041,Idle,Cryptojacking,CoinIMP (CPU) (100%),Raspberry Pi 3B 1GB,ACS712,1
02:45:38.818,2.43,0.02,0.17,0.86,38.03,Idle,Cryptojacking,CoinIMP (CPU) (100%),Raspberry Pi 3B 1GB,ACS712,1
02:45:39.836,2.43,0.01,0.12,0.62,39.048,Idle,Cryptojacking,CoinIMP (CPU) (100%),Raspberry Pi 3B 1GB,ACS712,1
02:45:40.821,2.44,0.02,0.22,1.11,40.033,Idle,Cryptojacking,CoinIMP (CPU) (100%),Raspberry Pi 3B 1GB,ACS712,1
02:45:41.839,2.43,0.01,0.12,0.62,41.051,Idle,Cryptojacking,CoinIMP (CPU) (100%),Raspberry Pi 3B 1GB,ACS712,1
02:45:42.824,2.42,0.01,0.07,0.37,42.036,Idle,Cryptojacking,CoinIMP (CPU) (100%),Raspberry Pi 3B 1GB,ACS712,1
02:45:43.810,2.41,-0.0,-0.02,-0.11,43.022,Idle,Cryptojacking,CoinIMP (CPU) (100%),Raspberry Pi 3B 1GB,ACS712,1
02:45:44.831,2.42,0.01,0.07,0.37,44.043,Idle,Cryptojacking,CoinIMP (CPU) (100%),Raspberry Pi 3B 1GB,ACS712,1
02:45:45.822,2.43,0.02,0.17,0.86,45.034,Idle,Cryptojacking,CoinIMP (CPU) (100%),Raspberry Pi 3B 1GB,ACS712,1
02:45:46.810,2.43,0.01,0.12,0.62,46.022,Idle,Cryptojacking,CoinIMP (CPU) (100%),Raspberry Pi 3B 1GB,ACS712,1
02:45:47.829,2.43,0.01,0.12,0.62,47.041,Idle,Cryptojacking,CoinIMP (CPU) (100%),Raspberry Pi 3B 1GB,ACS712,1
02:45:48.814,2.43,0.01,0.12,0.62,48.026,Idle,Cryptojacking,CoinIMP (CPU) (100%),Raspberry Pi 3B 1GB,ACS712,1
02:45:49.836,2.43,0.01,0.12,0.62,49.048,Idle,Cryptojacking,CoinIMP (CPU) (100%),Raspberry Pi 3B 1GB,ACS712,1
02:45:50.825,2.42,0.01,0.07,0.37,50.037,Idle,Cryptojacking,CoinIMP (CPU) (100%),Raspberry Pi 3B 1GB,ACS712,1
02:45:51.843,2.43,0.02,0.17,0.86,51.055,Idle,Cryptojacking,CoinIMP (CPU) (100%),Raspberry Pi 3B 1GB,ACS712,1
02:45:52.831,2.43,0.02,0.17,0.86,52.043,Idle,Cryptojacking,CoinIMP (CPU) (100%),Raspberry Pi 3B 1GB,ACS712,1
02:45:53.823,2.43,0.01,0.12,0.62,53.035,Idle,Cryptojacking,CoinIMP (CPU) (100%),Raspberry Pi 3B 1GB,ACS712,1
02:45:54.844,2.43,0.01,0.12,0.62,54.056,Idle,Cryptojacking,CoinIMP (CPU) (100%),Raspberry Pi 3B 1GB,ACS712,1
02:45:55.831,2.43,0.01,0.12,0.62,55.043,Idle,Cryptojacking,CoinIMP (CPU) (100%),Raspberry Pi 3B 1GB,ACS712,1
02:45:56.820,2.45,0.03,0.32,1.6,56.032,Idle,Cryptojacking,CoinIMP (CPU) (100%),Raspberry Pi 3B 1GB,ACS712,1
02:45:57.839,2.43,0.01,0.12,0.62,57.051,Idle,Cryptojacking,CoinIMP (CPU) (100%),Raspberry Pi 3B 1GB,ACS712,1
02:45:58.825,2.43,0.01,0.12,0.62,58.037,Idle,Cryptojacking,CoinIMP (CPU) (100%),Raspberry Pi 3B 1GB,ACS712,1
02:45:59.837,2.43,0.02,0.17,0.86,59.049,Idle,Cryptojacking,CoinIMP (CPU) (100%),Raspberry Pi 3B 1GB,ACS712,1
02:46:00.825,2.43,0.01,0.12,0.62,60.037,Idle,Cryptojacking,CoinIMP (CPU) (100%),Raspberry Pi 3B 1GB,ACS712,1
02:46:01.845,2.42,0.01,0.07,0.37,61.057,Idle,Cryptojacking,CoinIMP (CPU) (100%),Raspberry Pi 3B 1GB,ACS712,1
02:46:02.829,2.44,0.02,0.22,1.11,62.041,Idle,Cryptojacking,CoinIMP (CPU) (100%),Raspberry Pi 3B 1GB,ACS712,1
02:46:03.845,2.43,0.02,0.17,0.86,63.057,Idle,Cryptojacking,CoinIMP (CPU) (100%),Raspberry Pi 3B 1GB,ACS712,1
02:46:04.833,2.43,0.01,0.12,0.62,64.045,Idle,Cryptojacking,CoinIMP (CPU) (100%),Raspberry Pi 3B 1GB,ACS712,1
02:46:05.823,2.43,0.01,0.12,0.62,65.035,Idle,Cryptojacking,CoinIMP (CPU) (100%),Raspberry Pi 3B 1GB,ACS712,1
02:46:06.838,2.43,0.01,0.12,0.62,66.05,Idle,Cryptojacking,CoinIMP (CPU) (100%),Raspberry Pi 3B 1GB,ACS712,1
02:46:07.824,2.43,0.02,0.17,0.86,67.036,Idle,Cryptojacking,CoinIMP (CPU) (100%),Raspberry Pi 3B 1GB,ACS712,1
02:46:08.845,2.43,0.02,0.17,0.86,68.057,Idle,Cryptojacking,CoinIMP (CPU) (100%),Raspberry Pi 3B 1GB,ACS712,1
02:46:09.833,2.43,0.01,0.12,0.62,69.045,Idle,Cryptojacking,CoinIMP (CPU) (100%),Raspberry Pi 3B 1GB,ACS712,1
02:46:10.850,2.43,0.01,0.12,0.62,70.062,Idle,Cryptojacking,CoinIMP (CPU) (100%),Raspberry Pi 3B 1GB,ACS712,1
02:46:11.838,2.42,0.01,0.07,0.37,71.05,Idle,Cryptojacking,CoinIMP (CPU) (100%),Raspberry Pi 3B 1GB,ACS712,1
02:46:12.829,2.43,0.01,0.12,0.62,72.041,Idle,Cryptojacking,CoinIMP (CPU) (100%),Raspberry Pi 3B 1GB,ACS712,1
02:46:13.848,2.43,0.01,0.12,0.62,73.06,Idle,Cryptojacking,CoinIMP (CPU) (100%),Raspberry Pi 3B 1GB,ACS712,1
02:46:14.845,2.42,0.01,0.07,0.37,74.057,Idle,Cryptojacking,CoinIMP (CPU) (100%),Raspberry Pi 3B 1GB,ACS712,1
02:46:15.829,2.44,0.02,0.22,1.11,75.041,Idle,Cryptojacking,CoinIMP (CPU) (100%),Raspberry Pi 3B 1GB,ACS712,1
02:46:16.848,2.43,0.02,0.17,0.86,76.06,Idle,Cryptojacking,CoinIMP (CPU) (100%),Raspberry Pi 3B 1GB,ACS712,1
02:46:17.837,2.43,0.01,0.12,0.62,77.049,Idle,Cryptojacking,CoinIMP (CPU) (100%),Raspberry Pi 3B 1GB,ACS712,1
02:46:18.853,2.44,0.03,0.27,1.35,78.065,Idle,Cryptojacking,CoinIMP (CPU) (100%),Raspberry Pi 3B 1GB,ACS712,1
02:46:19.839,2.43,0.01,0.12,0.62,79.051,Idle,Cryptojacking,CoinIMP (CPU) (100%),Raspberry Pi 3B 1GB,ACS712,1
02:46:20.859,2.43,0.02,0.17,0.86,80.071,Idle,Cryptojacking,CoinIMP (CPU) (100%),Raspberry Pi 3B 1GB,ACS712,1
02:46:21.848,2.44,0.02,0.22,1.11,81.06,Idle,Cryptojacking,CoinIMP (CPU) (100%),Raspberry Pi 3B 1GB,ACS712,1
02:46:22.834,2.43,0.02,0.17,0.86,82.046,Idle,Cryptojacking,CoinIMP (CPU) (100%),Raspberry Pi 3B 1GB,ACS712,1
02:46:23.853,2.43,0.01,0.12,0.62,83.065,Idle,Cryptojacking,CoinIMP (CPU) (100%),Raspberry Pi 3B 1GB,ACS712,1
02:46:24.841,2.44,0.03,0.27,1.35,84.053,Idle,Cryptojacking,CoinIMP (CPU) (100%),Raspberry Pi 3B 1GB,ACS712,1
02:46:25.859,2.43,0.02,0.17,0.86,85.071,Idle,Cryptojacking,CoinIMP (CPU) (100%),Raspberry Pi 3B 1GB,ACS712,1
02:46:26.847,2.43,0.01,0.12,0.62,86.059,Idle,Cryptojacking,CoinIMP (CPU) (100%),Raspberry Pi 3B 1GB,ACS712,1
02:46:27.834,2.44,0.02,0.22,1.11,87.046,Idle,Cryptojacking,CoinIMP (CPU) (100%),Raspberry Pi 3B 1GB,ACS712,1
02:46:28.857,2.42,0.01,0.07,0.37,88.069,Idle,Cryptojacking,CoinIMP (CPU) (100%),Raspberry Pi 3B 1GB,ACS712,1
02:46:29.842,2.43,0.01,0.12,0.62,89.054,Idle,Cryptojacking,CoinIMP (CPU) (100%),Raspberry Pi 3B 1GB,ACS712,1
02:46:30.862,2.43,0.01,0.12,0.62,90.074,Idle,Cryptojacking,CoinIMP (CPU) (100%),Raspberry Pi 3B 1GB,ACS712,1
02:46:31.850,2.43,0.02,0.17,0.86,91.062,Idle,Cryptojacking,CoinIMP (CPU) (100%),Raspberry Pi 3B 1GB,ACS712,1
02:46:32.841,2.43,0.02,0.17,0.86,92.053,Idle,Cryptojacking,CoinIMP (CPU) (100%),Raspberry Pi 3B 1GB,ACS712,1
02:46:33.860,2.43,0.01,0.12,0.62,93.072,Idle,Cryptojacking,CoinIMP (CPU) (100%),Raspberry Pi 3B 1GB,ACS712,1
02:46:34.846,2.45,0.04,0.37,1.84,94.058,Idle,Cryptojacking,CoinIMP (CPU) (100%),Raspberry Pi 3B 1GB,ACS712,1
02:46:35.870,2.43,0.01,0.12,0.62,95.082,Idle,Cryptojacking,CoinIMP (CPU) (100%),Raspberry Pi 3B 1GB,ACS712,1
02:46:36.855,2.43,0.01,0.12,0.62,96.067,Idle,Cryptojacking,CoinIMP (CPU) (100%),Raspberry Pi 3B 1GB,ACS712,1
02:46:37.844,2.44,0.02,0.22,1.11,97.056,Idle,Cryptojacking,CoinIMP (CPU) (100%),Raspberry Pi 3B 1GB,ACS712,1
02:46:38.864,2.43,0.01,0.12,0.62,98.076,Idle,Cryptojacking,CoinIMP (CPU) (100%),Raspberry Pi 3B 1GB,ACS712,1
02:46:39.850,2.45,0.03,0.32,1.6,99.062,Idle,Cryptojacking,CoinIMP (CPU) (100%),Raspberry Pi 3B 1GB,ACS712,1
02:46:40.871,2.43,0.02,0.17,0.86,100.083,Idle,Cryptojacking,CoinIMP (CPU) (100%),Raspberry Pi 3B 1GB,ACS712,1
02:46:41.856,2.43,0.02,0.17,0.86,101.068,Idle,Cryptojacking,CoinIMP (CPU) (100%),Raspberry Pi 3B 1GB,ACS712,1
02:46:42.876,2.43,0.01,0.12,0.62,102.088,Idle,Cryptojacking,CoinIMP (CPU) (100%),Raspberry Pi 3B 1GB,ACS712,1
02:46:43.873,2.44,0.02,0.22,1.11,103.085,Idle,Cryptojacking,CoinIMP (CPU) (100%),Raspberry Pi 3B 1GB,ACS712,1
02:46:44.865,2.42,0.01,0.07,0.37,104.077,Idle,Cryptojacking,CoinIMP (CPU) (100%),Raspberry Pi 3B 1GB,ACS712,1
02:46:45.859,2.43,0.02,0.17,0.86,105.071,Idle,Cryptojacking,CoinIMP (CPU) (100%),Raspberry Pi 3B 1GB,ACS712,1
02:46:46.876,2.43,0.02,0.17,0.86,106.088,Idle,Cryptojacking,CoinIMP (CPU) (100%),Raspberry Pi 3B 1GB,ACS712,1
02:46:47.861,2.43,0.02,0.17,0.86,107.073,Idle,Cryptojacking,CoinIMP (CPU) (100%),Raspberry Pi 3B 1GB,ACS712,1
02:46:48.848,2.43,0.01,0.12,0.62,108.06,Idle,Cryptojacking,CoinIMP (CPU) (100%),Raspberry Pi 3B 1GB,ACS712,1
02:46:49.868,2.45,0.03,0.32,1.6,109.08,Idle,Cryptojacking,CoinIMP (CPU) (100%),Raspberry Pi 3B 1GB,ACS712,1
02:46:50.856,2.43,0.02,0.17,0.86,110.068,Idle,Cryptojacking,CoinIMP (CPU) (100%),Raspberry Pi 3B 1GB,ACS712,1
02:46:51.876,2.44,0.02,0.22,1.11,111.088,Idle,Cryptojacking,CoinIMP (CPU) (100%),Raspberry Pi 3B 1GB,ACS712,1
02:46:52.864,2.43,0.01,0.12,0.62,112.076,Idle,Cryptojacking,CoinIMP (CPU) (100%),Raspberry Pi 3B 1GB,ACS712,1
02:46:53.883,2.43,0.01,0.12,0.62,113.095,Idle,Cryptojacking,CoinIMP (CPU) (100%),Raspberry Pi 3B 1GB,ACS712,1
02:46:54.874,2.43,0.02,0.17,0.86,114.086,Idle,Cryptojacking,CoinIMP (CPU) (100%),Raspberry Pi 3B 1GB,ACS712,1
02:46:55.866,2.43,0.02,0.17,0.86,115.078,Idle,Cryptojacking,CoinIMP (CPU) (100%),Raspberry Pi 3B 1GB,ACS712,1
02:46:56.883,2.44,0.02,0.22,1.11,116.095,Idle,Cryptojacking,CoinIMP (CPU) (100%),Raspberry Pi 3B 1GB,ACS712,1
02:46:57.870,2.42,0.01,0.07,0.37,117.082,Idle,Cryptojacking,CoinIMP (CPU) (100%),Raspberry Pi 3B 1GB,ACS712,1
02:46:58.888,2.43,0.02,0.17,0.86,118.1,Idle,Cryptojacking,CoinIMP (CPU) (100%),Raspberry Pi 3B 1GB,ACS712,1
02:46:59.877,2.44,0.03,0.27,1.35,119.089,Idle,Cryptojacking,CoinIMP (CPU) (100%),Raspberry Pi 3B 1GB,ACS712,1
02:47:00.860,2.44,0.03,0.27,1.35,120.072,Idle,Cryptojacking,CoinIMP (CPU) (100%),Raspberry Pi 3B 1GB,ACS712,1
02:47:01.881,2.43,0.02,0.17,0.86,121.093,Idle,Cryptojacking,CoinIMP (CPU) (100%),Raspberry Pi 3B 1GB,ACS712,1
02:47:02.867,2.42,0.01,0.07,0.37,122.079,Idle,Cryptojacking,CoinIMP (CPU) (100%),Raspberry Pi 3B 1GB,ACS712,1
02:47:03.890,2.43,0.02,0.17,0.86,123.102,Idle,Cryptojacking,CoinIMP (CPU) (100%),Raspberry Pi 3B 1GB,ACS712,1
02:47:04.888,2.44,0.03,0.27,1.35,124.1,Idle,Cryptojacking,CoinIMP (CPU) (100%),Raspberry Pi 3B 1GB,ACS712,1
02:47:05.875,2.43,0.01,0.12,0.62,125.087,Idle,Cryptojacking,CoinIMP (CPU) (100%),Raspberry Pi 3B 1GB,ACS712,1
02:47:06.862,2.43,0.02,0.17,0.86,126.074,Idle,Cryptojacking,CoinIMP (CPU) (100%),Raspberry Pi 3B 1GB,ACS712,1
02:47:07.885,2.44,0.02,0.22,1.11,127.097,Idle,Cryptojacking,CoinIMP (CPU) (100%),Raspberry Pi 3B 1GB,ACS712,1
02:47:08.874,2.43,0.02,0.17,0.86,128.086,Idle,Cryptojacking,CoinIMP (CPU) (100%),Raspberry Pi 3B 1GB,ACS712,1
02:47:09.861,2.43,0.02,0.17,0.86,129.073,Idle,Cryptojacking,CoinIMP (CPU) (100%),Raspberry Pi 3B 1GB,ACS712,1
02:47:10.881,2.43,0.01,0.12,0.62,130.093,Idle,Cryptojacking,CoinIMP (CPU) (100%),Raspberry Pi 3B 1GB,ACS712,1
02:47:11.868,2.44,0.03,0.27,1.35,131.08,Idle,Cryptojacking,CoinIMP (CPU) (100%),Raspberry Pi 3B 1GB,ACS712,1
02:47:12.889,2.43,0.02,0.17,0.86,132.101,Idle,Cryptojacking,CoinIMP (CPU) (100%),Raspberry Pi 3B 1GB,ACS712,1
02:47:13.876,2.44,0.03,0.27,1.35,133.088,Idle,Cryptojacking,CoinIMP (CPU) (100%),Raspberry Pi 3B 1GB,ACS712,1
02:47:14.865,2.45,0.04,0.37,1.84,134.077,Idle,Cryptojacking,CoinIMP (CPU) (100%),Raspberry Pi 3B 1GB,ACS712,1
02:47:15.884,2.43,0.02,0.17,0.86,135.096,Idle,Cryptojacking,CoinIMP (CPU) (100%),Raspberry Pi 3B 1GB,ACS712,1
02:47:16.869,2.44,0.02,0.22,1.11,136.081,Idle,Cryptojacking,CoinIMP (CPU) (100%),Raspberry Pi 3B 1GB,ACS712,1
02:47:17.895,2.43,0.02,0.17,0.86,137.107,Idle,Cryptojacking,CoinIMP (CPU) (100%),Raspberry Pi 3B 1GB,ACS712,1
02:47:18.885,2.44,0.03,0.27,1.35,138.097,Idle,Cryptojacking,CoinIMP (CPU) (100%),Raspberry Pi 3B 1GB,ACS712,1
02:47:19.873,2.46,0.04,0.42,2.09,139.085,Idle,Cryptojacking,CoinIMP (CPU) (100%),Raspberry Pi 3B 1GB,ACS712,1
02:47:20.890,2.44,0.02,0.22,1.11,140.102,Idle,Cryptojacking,CoinIMP (CPU) (100%),Raspberry Pi 3B 1GB,ACS712,1
02:47:21.874,2.43,0.02,0.17,0.86,141.086,Idle,Cryptojacking,CoinIMP (CPU) (100%),Raspberry Pi 3B 1GB,ACS712,1
02:47:22.898,2.43,0.02,0.17,0.86,142.11,Idle,Cryptojacking,CoinIMP (CPU) (100%),Raspberry Pi 3B 1GB,ACS712,1
02:47:23.884,2.44,0.03,0.27,1.35,143.096,Idle,Cryptojacking,CoinIMP (CPU) (100%),Raspberry Pi 3B 1GB,ACS712,1
02:47:24.873,2.45,0.03,0.32,1.6,144.085,Idle,Cryptojacking,CoinIMP (CPU) (100%),Raspberry Pi 3B 1GB,ACS712,1
02:47:25.892,2.43,0.02,0.17,0.86,145.104,Idle,Cryptojacking,CoinIMP (CPU) (100%),Raspberry Pi 3B 1GB,ACS712,1
02:47:26.878,2.43,0.02,0.17,0.86,146.09,Idle,Cryptojacking,CoinIMP (CPU) (100%),Raspberry Pi 3B 1GB,ACS712,1
02:47:27.898,2.43,0.02,0.17,0.86,147.11,Idle,Cryptojacking,CoinIMP (CPU) (100%),Raspberry Pi 3B 1GB,ACS712,1
02:47:28.886,2.44,0.03,0.27,1.35,148.098,Idle,Cryptojacking,CoinIMP (CPU) (100%),Raspberry Pi 3B 1GB,ACS712,1
02:47:29.875,2.44,0.02,0.22,1.11,149.087,Idle,Cryptojacking,CoinIMP (CPU) (100%),Raspberry Pi 3B 1GB,ACS712,1
02:47:30.894,2.44,0.03,0.27,1.35,150.106,Idle,Cryptojacking,CoinIMP (CPU) (100%),Raspberry Pi 3B 1GB,ACS712,1
02:47:31.882,2.43,0.02,0.17,0.86,151.094,Idle,Cryptojacking,CoinIMP (CPU) (100%),Raspberry Pi 3B 1GB,ACS712,1
02:47:32.902,2.44,0.03,0.27,1.35,152.114,Idle,Cryptojacking,CoinIMP (CPU) (100%),Raspberry Pi 3B 1GB,ACS712,1
02:47:33.887,2.44,0.02,0.22,1.11,153.099,Idle,Cryptojacking,CoinIMP (CPU) (100%),Raspberry Pi 3B 1GB,ACS712,1
02:47:34.905,2.44,0.02,0.22,1.11,154.117,Idle,Cryptojacking,CoinIMP (CPU) (100%),Raspberry Pi 3B 1GB,ACS712,1
02:47:35.891,2.44,0.02,0.22,1.11,155.103,Idle,Cryptojacking,CoinIMP (CPU) (100%),Raspberry Pi 3B 1GB,ACS712,1
02:47:36.878,2.43,0.02,0.17,0.86,156.09,Idle,Cryptojacking,CoinIMP (CPU) (100%),Raspberry Pi 3B 1GB,ACS712,1
02:47:37.897,2.43,0.02,0.17,0.86,157.109,Idle,Cryptojacking,CoinIMP (CPU) (100%),Raspberry Pi 3B 1GB,ACS712,1
02:47:38.882,2.43,0.02,0.17,0.86,158.094,Idle,Cryptojacking,CoinIMP (CPU) (100%),Raspberry Pi 3B 1GB,ACS712,1
02:47:39.902,2.43,0.02,0.17,0.86,159.114,Idle,Cryptojacking,CoinIMP (CPU) (100%),Raspberry Pi 3B 1GB,ACS712,1
02:47:40.886,2.43,0.02,0.17,0.86,160.098,Idle,Cryptojacking,CoinIMP (CPU) (100%),Raspberry Pi 3B 1GB,ACS712,1
02:47:41.905,2.44,0.02,0.22,1.11,161.117,Idle,Cryptojacking,CoinIMP (CPU) (100%),Raspberry Pi 3B 1GB,ACS712,1
02:47:42.890,2.45,0.03,0.32,1.6,162.102,Idle,Cryptojacking,CoinIMP (CPU) (100%),Raspberry Pi 3B 1GB,ACS712,1
02:47:43.913,2.44,0.03,0.27,1.35,163.125,Idle,Cryptojacking,CoinIMP (CPU) (100%),Raspberry Pi 3B 1GB,ACS712,1
02:47:44.900,2.43,0.01,0.12,0.62,164.112,Idle,Cryptojacking,CoinIMP (CPU) (100%),Raspberry Pi 3B 1GB,ACS712,1
02:47:45.888,2.44,0.02,0.22,1.11,165.1,Idle,Cryptojacking,CoinIMP (CPU) (100%),Raspberry Pi 3B 1GB,ACS712,1
02:47:46.909,2.44,0.02,0.22,1.11,166.121,Idle,Cryptojacking,CoinIMP (CPU) (100%),Raspberry Pi 3B 1GB,ACS712,1
02:47:47.895,2.44,0.03,0.27,1.35,167.107,Idle,Cryptojacking,CoinIMP (CPU) (100%),Raspberry Pi 3B 1GB,ACS712,1
02:47:48.913,2.43,0.02,0.17,0.86,168.125,Idle,Cryptojacking,CoinIMP (CPU) (100%),Raspberry Pi 3B 1GB,ACS712,1
02:47:49.899,2.46,0.05,0.47,2.33,169.111,Idle,Cryptojacking,CoinIMP (CPU) (100%),Raspberry Pi 3B 1GB,ACS712,1
02:47:50.921,2.44,0.03,0.27,1.35,170.133,Idle,Cryptojacking,CoinIMP (CPU) (100%),Raspberry Pi 3B 1GB,ACS712,1
02:47:51.909,2.45,0.03,0.32,1.6,171.121,Idle,Cryptojacking,CoinIMP (CPU) (100%),Raspberry Pi 3B 1GB,ACS712,1
02:47:52.899,2.44,0.02,0.22,1.11,172.111,Idle,Cryptojacking,CoinIMP (CPU) (100%),Raspberry Pi 3B 1GB,ACS712,1
02:47:53.919,2.44,0.02,0.22,1.11,173.131,Idle,Cryptojacking,CoinIMP (CPU) (100%),Raspberry Pi 3B 1GB,ACS712,1
02:47:54.910,2.45,0.04,0.37,1.84,174.122,Idle,Cryptojacking,CoinIMP (CPU) (100%),Raspberry Pi 3B 1GB,ACS712,1
02:47:55.897,2.43,0.02,0.17,0.86,175.109,Idle,Cryptojacking,CoinIMP (CPU) (100%),Raspberry Pi 3B 1GB,ACS712,1
02:47:56.919,2.43,0.01,0.12,0.62,176.131,Idle,Cryptojacking,CoinIMP (CPU) (100%),Raspberry Pi 3B 1GB,ACS712,1
02:47:57.906,2.44,0.02,0.22,1.11,177.118,Idle,Cryptojacking,CoinIMP (CPU) (100%),Raspberry Pi 3B 1GB,ACS712,1
02:47:58.925,2.45,0.03,0.32,1.6,178.137,Idle,Cryptojacking,CoinIMP (CPU) (100%),Raspberry Pi 3B 1GB,ACS712,1
02:47:59.913,2.45,0.04,0.37,1.84,179.125,Idle,Cryptojacking,CoinIMP (CPU) (100%),Raspberry Pi 3B 1GB,ACS712,1
02:48:00.895,2.44,0.03,0.27,1.35,180.107,Idle_browser_open,Cryptojacking,CoinIMP (CPU) (100%),Raspberry Pi 3B 1GB,ACS712,1
02:48:01.916,2.45,0.03,0.32,1.6,181.128,Idle_browser_open,Cryptojacking,CoinIMP (CPU) (100%),Raspberry Pi 3B 1GB,ACS712,1
02:48:02.902,2.43,0.02,0.17,0.86,182.114,Idle_browser_open,Cryptojacking,CoinIMP (CPU) (100%),Raspberry Pi 3B 1GB,ACS712,1
02:48:03.917,2.45,0.03,0.32,1.6,183.129,Idle_browser_open,Cryptojacking,CoinIMP (CPU) (100%),Raspberry Pi 3B 1GB,ACS712,1
02:48:04.903,2.5,0.08,0.81,4.04,184.115,Idle_browser_open,Cryptojacking,CoinIMP (CPU) (100%),Raspberry Pi 3B 1GB,ACS712,1
02:48:05.924,2.47,0.06,0.56,2.82,185.136,Idle_browser_open,Cryptojacking,CoinIMP (CPU) (100%),Raspberry Pi 3B 1GB,ACS712,1
02:48:06.906,2.47,0.06,0.56,2.82,186.118,Idle_browser_open,Cryptojacking,CoinIMP (CPU) (100%),Raspberry Pi 3B 1GB,ACS712,1
02:48:07.928,2.48,0.06,0.61,3.06,187.14,Idle_browser_open,Cryptojacking,CoinIMP (CPU) (100%),Raspberry Pi 3B 1GB,ACS712,1
02:48:08.911,2.44,0.03,0.27,1.35,188.123,Idle_browser_open,Cryptojacking,CoinIMP (CPU) (100%),Raspberry Pi 3B 1GB,ACS712,1
02:48:09.929,2.44,0.02,0.22,1.11,189.141,Idle_browser_open,Cryptojacking,CoinIMP (CPU) (100%),Raspberry Pi 3B 1GB,ACS712,1
02:48:10.913,2.45,0.04,0.37,1.84,190.125,Idle_browser_open,Cryptojacking,CoinIMP (CPU) (100%),Raspberry Pi 3B 1GB,ACS712,1
02:48:11.903,2.45,0.03,0.32,1.6,191.115,Idle_browser_open,Cryptojacking,CoinIMP (CPU) (100%),Raspberry Pi 3B 1GB,ACS712,1
02:48:12.924,2.49,0.07,0.71,3.55,192.136,Idle_browser_open,Cryptojacking,CoinIMP (CPU) (100%),Raspberry Pi 3B 1GB,ACS712,1
02:48:13.911,2.47,0.05,0.51,2.57,193.123,Idle_browser_open,Cryptojacking,CoinIMP (CPU) (100%),Raspberry Pi 3B 1GB,ACS712,1
02:48:14.929,2.45,0.03,0.32,1.6,194.141,Idle_browser_open,Cryptojacking,CoinIMP (CPU) (100%),Raspberry Pi 3B 1GB,ACS712,1
02:48:15.914,2.45,0.03,0.32,1.6,195.126,Idle_browser_open,Cryptojacking,CoinIMP (CPU) (100%),Raspberry Pi 3B 1GB,ACS712,1
02:48:16.935,2.45,0.03,0.32,1.6,196.147,Idle_browser_open,Cryptojacking,CoinIMP (CPU) (100%),Raspberry Pi 3B 1GB,ACS712,1
02:48:17.919,2.45,0.04,0.37,1.84,197.131,Idle_browser_open,Cryptojacking,CoinIMP (CPU) (100%),Raspberry Pi 3B 1GB,ACS712,1
02:48:18.906,2.44,0.03,0.27,1.35,198.118,Idle_browser_open,Cryptojacking,CoinIMP (CPU) (100%),Raspberry Pi 3B 1GB,ACS712,1
02:48:19.924,2.45,0.03,0.32,1.6,199.136,Idle_browser_open,Cryptojacking,CoinIMP (CPU) (100%),Raspberry Pi 3B 1GB,ACS712,1
02:48:20.911,2.43,0.01,0.12,0.62,200.123,Idle_browser_open,Cryptojacking,CoinIMP (CPU) (100%),Raspberry Pi 3B 1GB,ACS712,1
02:48:21.918,2.44,0.03,0.27,1.35,201.13,Idle_browser_open,Cryptojacking,CoinIMP (CPU) (100%),Raspberry Pi 3B 1GB,ACS712,1
02:48:22.910,2.44,0.02,0.22,1.11,202.122,Idle_browser_open,Cryptojacking,CoinIMP (CPU) (100%),Raspberry Pi 3B 1GB,ACS712,1
02:48:23.934,2.44,0.02,0.22,1.11,203.146,Idle_browser_open,Cryptojacking,CoinIMP (CPU) (100%),Raspberry Pi 3B 1GB,ACS712,1
02:48:24.924,2.46,0.04,0.42,2.09,204.136,Idle_browser_open,Cryptojacking,CoinIMP (CPU) (100%),Raspberry Pi 3B 1GB,ACS712,1
02:48:25.909,2.45,0.04,0.37,1.84,205.121,Idle_browser_open,Cryptojacking,CoinIMP (CPU) (100%),Raspberry Pi 3B 1GB,ACS712,1
02:48:26.928,2.45,0.03,0.32,1.6,206.14,Idle_browser_open,Cryptojacking,CoinIMP (CPU) (100%),Raspberry Pi 3B 1GB,ACS712,1
02:48:27.915,2.44,0.03,0.27,1.35,207.127,Idle_browser_open,Cryptojacking,CoinIMP (CPU) (100%),Raspberry Pi 3B 1GB,ACS712,1
02:48:28.935,2.45,0.03,0.32,1.6,208.147,Idle_browser_open,Cryptojacking,CoinIMP (CPU) (100%),Raspberry Pi 3B 1GB,ACS712,1
02:48:29.921,2.45,0.03,0.32,1.6,209.133,Idle_browser_open,Cryptojacking,CoinIMP (CPU) (100%),Raspberry Pi 3B 1GB,ACS712,1
02:48:30.943,2.45,0.03,0.32,1.6,210.155,Idle_browser_open,Cryptojacking,CoinIMP (CPU) (100%),Raspberry Pi 3B 1GB,ACS712,1
02:48:31.931,2.45,0.04,0.37,1.84,211.143,Idle_browser_open,Cryptojacking,CoinIMP (CPU) (100%),Raspberry Pi 3B 1GB,ACS712,1
02:48:32.949,2.46,0.04,0.42,2.09,212.161,Idle_browser_open,Cryptojacking,CoinIMP (CPU) (100%),Raspberry Pi 3B 1GB,ACS712,1
02:48:33.934,2.46,0.04,0.42,2.09,213.146,Idle_browser_open,Cryptojacking,CoinIMP (CPU) (100%),Raspberry Pi 3B 1GB,ACS712,1
02:48:34.919,2.45,0.03,0.32,1.6,214.131,Idle_browser_open,Cryptojacking,CoinIMP (CPU) (100%),Raspberry Pi 3B 1GB,ACS712,1
02:48:35.937,2.45,0.03,0.32,1.6,215.149,Idle_browser_open,Cryptojacking,CoinIMP (CPU) (100%),Raspberry Pi 3B 1GB,ACS712,1
02:48:36.925,2.45,0.03,0.32,1.6,216.137,Idle_browser_open,Cryptojacking,CoinIMP (CPU) (100%),Raspberry Pi 3B 1GB,ACS712,1
02:48:37.948,2.45,0.03,0.32,1.6,217.16,Idle_browser_open,Cryptojacking,CoinIMP (CPU) (100%),Raspberry Pi 3B 1GB,ACS712,1
02:48:38.934,2.45,0.03,0.32,1.6,218.146,Idle_browser_open,Cryptojacking,CoinIMP (CPU) (100%),Raspberry Pi 3B 1GB,ACS712,1
02:48:39.922,2.44,0.02,0.22,1.11,219.134,Idle_browser_open,Cryptojacking,CoinIMP (CPU) (100%),Raspberry Pi 3B 1GB,ACS712,1
02:48:40.940,2.45,0.03,0.32,1.6,220.152,Idle_browser_open,Cryptojacking,CoinIMP (CPU) (100%),Raspberry Pi 3B 1GB,ACS712,1
02:48:41.925,2.45,0.04,0.37,1.84,221.137,Idle_browser_open,Cryptojacking,CoinIMP (CPU) (100%),Raspberry Pi 3B 1GB,ACS712,1
02:48:42.945,2.45,0.03,0.32,1.6,222.157,Idle_browser_open,Cryptojacking,CoinIMP (CPU) (100%),Raspberry Pi 3B 1GB,ACS712,1
02:48:43.927,2.45,0.03,0.32,1.6,223.139,Idle_browser_open,Cryptojacking,CoinIMP (CPU) (100%),Raspberry Pi 3B 1GB,ACS712,1
02:48:44.948,2.45,0.03,0.32,1.6,224.16,Idle_browser_open,Cryptojacking,CoinIMP (CPU) (100%),Raspberry Pi 3B 1GB,ACS712,1
02:48:45.937,2.45,0.04,0.37,1.84,225.149,Idle_browser_open,Cryptojacking,CoinIMP (CPU) (100%),Raspberry Pi 3B 1GB,ACS712,1
02:48:46.924,2.44,0.03,0.27,1.35,226.136,Idle_browser_open,Cryptojacking,CoinIMP (CPU) (100%),Raspberry Pi 3B 1GB,ACS712,1
02:48:47.946,2.45,0.04,0.37,1.84,227.158,Idle_browser_open,Cryptojacking,CoinIMP (CPU) (100%),Raspberry Pi 3B 1GB,ACS712,1
02:48:48.931,2.44,0.02,0.22,1.11,228.143,Idle_browser_open,Cryptojacking,CoinIMP (CPU) (100%),Raspberry Pi 3B 1GB,ACS712,1
02:48:49.928,2.45,0.03,0.32,1.6,229.14,Idle_browser_open,Cryptojacking,CoinIMP (CPU) (100%),Raspberry Pi 3B 1GB,ACS712,1
02:48:50.946,2.45,0.03,0.32,1.6,230.158,Idle_browser_open,Cryptojacking,CoinIMP (CPU) (100%),Raspberry Pi 3B 1GB,ACS712,1
02:48:51.933,2.45,0.04,0.37,1.84,231.145,Idle_browser_open,Cryptojacking,CoinIMP (CPU) (100%),Raspberry Pi 3B 1GB,ACS712,1
02:48:52.952,2.44,0.03,0.27,1.35,232.164,Idle_browser_open,Cryptojacking,CoinIMP (CPU) (100%),Raspberry Pi 3B 1GB,ACS712,1
02:48:53.939,2.45,0.04,0.37,1.84,233.151,Idle_browser_open,Cryptojacking,CoinIMP (CPU) (100%),Raspberry Pi 3B 1GB,ACS712,1
02:48:54.959,2.43,0.02,0.17,0.86,234.171,Idle_browser_open,Cryptojacking,CoinIMP (CPU) (100%),Raspberry Pi 3B 1GB,ACS712,1
02:48:55.950,2.46,0.04,0.42,2.09,235.162,Idle_browser_open,Cryptojacking,CoinIMP (CPU) (100%),Raspberry Pi 3B 1GB,ACS712,1
02:48:56.942,2.45,0.04,0.37,1.84,236.154,Idle_browser_open,Cryptojacking,CoinIMP (CPU) (100%),Raspberry Pi 3B 1GB,ACS712,1
02:48:57.961,2.45,0.03,0.32,1.6,237.173,Idle_browser_open,Cryptojacking,CoinIMP (CPU) (100%),Raspberry Pi 3B 1GB,ACS712,1
02:48:58.945,2.44,0.02,0.22,1.11,238.157,Idle_browser_open,Cryptojacking,CoinIMP (CPU) (100%),Raspberry Pi 3B 1GB,ACS712,1
02:48:59.933,2.44,0.03,0.27,1.35,239.145,Idle_browser_open,Cryptojacking,CoinIMP (CPU) (100%),Raspberry Pi 3B 1GB,ACS712,1
02:49:00.953,2.44,0.03,0.27,1.35,240.165,Idle_browser_open,Cryptojacking,CoinIMP (CPU) (100%),Raspberry Pi 3B 1GB,ACS712,1
02:49:01.937,2.45,0.04,0.37,1.84,241.149,Idle_browser_open,Cryptojacking,CoinIMP (CPU) (100%),Raspberry Pi 3B 1GB,ACS712,1
02:49:02.959,2.46,0.04,0.42,2.09,242.171,Idle_browser_open,Cryptojacking,CoinIMP (CPU) (100%),Raspberry Pi 3B 1GB,ACS712,1
02:49:03.950,2.45,0.04,0.37,1.84,243.162,Idle_browser_open,Cryptojacking,CoinIMP (CPU) (100%),Raspberry Pi 3B 1GB,ACS712,1
02:49:04.937,2.45,0.04,0.37,1.84,244.149,Idle_browser_open,Cryptojacking,CoinIMP (CPU) (100%),Raspberry Pi 3B 1GB,ACS712,1
02:49:05.960,2.47,0.05,0.51,2.57,245.172,Idle_browser_open,Cryptojacking,CoinIMP (CPU) (100%),Raspberry Pi 3B 1GB,ACS712,1
02:49:06.952,2.45,0.04,0.37,1.84,246.164,Idle_browser_open,Cryptojacking,CoinIMP (CPU) (100%),Raspberry Pi 3B 1GB,ACS712,1
02:49:07.939,2.45,0.04,0.37,1.84,247.151,Idle_browser_open,Cryptojacking,CoinIMP (CPU) (100%),Raspberry Pi 3B 1GB,ACS712,1
02:49:08.958,2.46,0.04,0.42,2.09,248.17,Idle_browser_open,Cryptojacking,CoinIMP (CPU) (100%),Raspberry Pi 3B 1GB,ACS712,1
02:49:09.945,2.46,0.05,0.47,2.33,249.157,Idle_browser_open,Cryptojacking,CoinIMP (CPU) (100%),Raspberry Pi 3B 1GB,ACS712,1
02:49:10.938,2.47,0.05,0.51,2.57,250.15,Idle_browser_open,Cryptojacking,CoinIMP (CPU) (100%),Raspberry Pi 3B 1GB,ACS712,1
02:49:11.952,2.46,0.05,0.47,2.33,251.164,Idle_browser_open,Cryptojacking,CoinIMP (CPU) (100%),Raspberry Pi 3B 1GB,ACS712,1
02:49:12.941,2.45,0.04,0.37,1.84,252.153,Idle_browser_open,Cryptojacking,CoinIMP (CPU) (100%),Raspberry Pi 3B 1GB,ACS712,1
02:49:13.966,2.49,0.07,0.71,3.55,253.178,Idle_browser_open,Cryptojacking,CoinIMP (CPU) (100%),Raspberry Pi 3B 1GB,ACS712,1
02:49:14.962,2.47,0.05,0.51,2.57,254.174,Idle_browser_open,Cryptojacking,CoinIMP (CPU) (100%),Raspberry Pi 3B 1GB,ACS712,1
02:49:15.949,2.46,0.05,0.47,2.33,255.161,Idle_browser_open,Cryptojacking,CoinIMP (CPU) (100%),Raspberry Pi 3B 1GB,ACS712,1
02:49:16.973,2.46,0.04,0.42,2.09,256.185,Idle_browser_open,Cryptojacking,CoinIMP (CPU) (100%),Raspberry Pi 3B 1GB,ACS712,1
02:49:17.968,2.46,0.04,0.42,2.09,257.18,Idle_browser_open,Cryptojacking,CoinIMP (CPU) (100%),Raspberry Pi 3B 1GB,ACS712,1
02:49:18.955,2.45,0.04,0.37,1.84,258.167,Idle_browser_open,Cryptojacking,CoinIMP (CPU) (100%),Raspberry Pi 3B 1GB,ACS712,1
02:49:19.948,2.47,0.05,0.51,2.57,259.16,Idle_browser_open,Cryptojacking,CoinIMP (CPU) (100%),Raspberry Pi 3B 1GB,ACS712,1
02:49:20.956,2.45,0.04,0.37,1.84,260.168,Idle_browser_open,Cryptojacking,CoinIMP (CPU) (100%),Raspberry Pi 3B 1GB,ACS712,1
02:49:21.959,2.46,0.04,0.42,2.09,261.171,Idle_browser_open,Cryptojacking,CoinIMP (CPU) (100%),Raspberry Pi 3B 1GB,ACS712,1
02:49:22.963,2.46,0.04,0.42,2.09,262.175,Idle_browser_open,Cryptojacking,CoinIMP (CPU) (100%),Raspberry Pi 3B 1GB,ACS712,1
02:49:23.971,2.45,0.04,0.37,1.84,263.183,Idle_browser_open,Cryptojacking,CoinIMP (CPU) (100%),Raspberry Pi 3B 1GB,ACS712,1
02:49:24.980,2.46,0.04,0.42,2.09,264.192,Idle_browser_open,Cryptojacking,CoinIMP (CPU) (100%),Raspberry Pi 3B 1GB,ACS712,1
02:49:25.955,2.45,0.04,0.37,1.84,265.167,Idle_browser_open,Cryptojacking,CoinIMP (CPU) (100%),Raspberry Pi 3B 1GB,ACS712,1
02:49:26.951,2.45,0.03,0.32,1.6,266.163,Idle_browser_open,Cryptojacking,CoinIMP (CPU) (100%),Raspberry Pi 3B 1GB,ACS712,1
02:49:27.985,2.46,0.05,0.47,2.33,267.197,Idle_browser_open,Cryptojacking,CoinIMP (CPU) (100%),Raspberry Pi 3B 1GB,ACS712,1
02:49:28.954,2.46,0.04,0.42,2.09,268.166,Idle_browser_open,Cryptojacking,CoinIMP (CPU) (100%),Raspberry Pi 3B 1GB,ACS712,1
02:49:29.963,2.45,0.04,0.37,1.84,269.175,Idle_browser_open,Cryptojacking,CoinIMP (CPU) (100%),Raspberry Pi 3B 1GB,ACS712,1
02:49:30.969,2.46,0.04,0.42,2.09,270.181,Idle_browser_open,Cryptojacking,CoinIMP (CPU) (100%),Raspberry Pi 3B 1GB,ACS712,1
02:49:31.975,2.47,0.06,0.56,2.82,271.187,Idle_browser_open,Cryptojacking,CoinIMP (CPU) (100%),Raspberry Pi 3B 1GB,ACS712,1
02:49:32.980,2.44,0.03,0.27,1.35,272.192,Idle_browser_open,Cryptojacking,CoinIMP (CPU) (100%),Raspberry Pi 3B 1GB,ACS712,1
02:49:33.985,2.45,0.04,0.37,1.84,273.197,Idle_browser_open,Cryptojacking,CoinIMP (CPU) (100%),Raspberry Pi 3B 1GB,ACS712,1
02:49:34.959,2.45,0.04,0.37,1.84,274.171,Idle_browser_open,Cryptojacking,CoinIMP (CPU) (100%),Raspberry Pi 3B 1GB,ACS712,1
02:49:35.965,2.45,0.04,0.37,1.84,275.177,Idle_browser_open,Cryptojacking,CoinIMP (CPU) (100%),Raspberry Pi 3B 1GB,ACS712,1
02:49:36.973,2.45,0.03,0.32,1.6,276.185,Idle_browser_open,Cryptojacking,CoinIMP (CPU) (100%),Raspberry Pi 3B 1GB,ACS712,1
02:49:37.987,2.45,0.03,0.32,1.6,277.199,Idle_browser_open,Cryptojacking,CoinIMP (CPU) (100%),Raspberry Pi 3B 1GB,ACS712,1
02:49:38.958,2.48,0.07,0.66,3.31,278.17,Idle_browser_open,Cryptojacking,CoinIMP (CPU) (100%),Raspberry Pi 3B 1GB,ACS712,1
02:49:39.967,2.46,0.05,0.47,2.33,279.179,Idle_browser_open,Cryptojacking,CoinIMP (CPU) (100%),Raspberry Pi 3B 1GB,ACS712,1
02:49:40.972,2.45,0.04,0.37,1.84,280.184,Idle_browser_open,Cryptojacking,CoinIMP (CPU) (100%),Raspberry Pi 3B 1GB,ACS712,1
02:49:41.980,2.45,0.04,0.37,1.84,281.192,Idle_browser_open,Cryptojacking,CoinIMP (CPU) (100%),Raspberry Pi 3B 1GB,ACS712,1
02:49:42.992,2.46,0.05,0.47,2.33,282.204,Idle_browser_open,Cryptojacking,CoinIMP (CPU) (100%),Raspberry Pi 3B 1GB,ACS712,1
02:49:43.967,2.45,0.04,0.37,1.84,283.179,Idle_browser_open,Cryptojacking,CoinIMP (CPU) (100%),Raspberry Pi 3B 1GB,ACS712,1
02:49:44.984,2.48,0.06,0.61,3.06,284.196,Idle_browser_open,Cryptojacking,CoinIMP (CPU) (100%),Raspberry Pi 3B 1GB,ACS712,1
02:49:45.964,2.45,0.04,0.37,1.84,285.176,Idle_browser_open,Cryptojacking,CoinIMP (CPU) (100%),Raspberry Pi 3B 1GB,ACS712,1
02:49:46.976,2.45,0.04,0.37,1.84,286.188,Idle_browser_open,Cryptojacking,CoinIMP (CPU) (100%),Raspberry Pi 3B 1GB,ACS712,1
02:49:47.983,2.45,0.04,0.37,1.84,287.195,Idle_browser_open,Cryptojacking,CoinIMP (CPU) (100%),Raspberry Pi 3B 1GB,ACS712,1
02:49:48.994,2.46,0.04,0.42,2.09,288.206,Idle_browser_open,Cryptojacking,CoinIMP (CPU) (100%),Raspberry Pi 3B 1GB,ACS712,1
02:49:49.969,2.46,0.04,0.42,2.09,289.181,Idle_browser_open,Cryptojacking,CoinIMP (CPU) (100%),Raspberry Pi 3B 1GB,ACS712,1
02:49:50.974,2.46,0.05,0.47,2.33,290.186,Idle_browser_open,Cryptojacking,CoinIMP (CPU) (100%),Raspberry Pi 3B 1GB,ACS712,1
02:49:51.981,2.46,0.04,0.42,2.09,291.193,Idle_browser_open,Cryptojacking,CoinIMP (CPU) (100%),Raspberry Pi 3B 1GB,ACS712,1
02:49:52.983,2.45,0.04,0.37,1.84,292.195,Idle_browser_open,Cryptojacking,CoinIMP (CPU) (100%),Raspberry Pi 3B 1GB,ACS712,1
02:49:53.988,2.47,0.05,0.51,2.57,293.2,Idle_browser_open,Cryptojacking,CoinIMP (CPU) (100%),Raspberry Pi 3B 1GB,ACS712,1
02:49:54.998,2.46,0.04,0.42,2.09,294.21,Idle_browser_open,Cryptojacking,CoinIMP (CPU) (100%),Raspberry Pi 3B 1GB,ACS712,1
02:49:55.972,2.46,0.04,0.42,2.09,295.184,Idle_browser_open,Cryptojacking,CoinIMP (CPU) (100%),Raspberry Pi 3B 1GB,ACS712,1
02:49:56.974,2.46,0.04,0.42,2.09,296.186,Idle_browser_open,Cryptojacking,CoinIMP (CPU) (100%),Raspberry Pi 3B 1GB,ACS712,1
02:49:57.979,2.46,0.05,0.47,2.33,297.191,Idle_browser_open,Cryptojacking,CoinIMP (CPU) (100%),Raspberry Pi 3B 1GB,ACS712,1
02:49:58.991,2.46,0.05,0.47,2.33,298.203,Idle_browser_open,Cryptojacking,CoinIMP (CPU) (100%),Raspberry Pi 3B 1GB,ACS712,1
02:50:00.006,2.45,0.03,0.32,1.6,299.218,Attack,Cryptojacking,CoinIMP (CPU) (100%),Raspberry Pi 3B 1GB,ACS712,1
02:50:00.988,2.46,0.04,0.42,2.09,300.2,Attack,Cryptojacking,CoinIMP (CPU) (100%),Raspberry Pi 3B 1GB,ACS712,1
02:50:01.999,2.48,0.07,0.66,3.31,301.211,Attack,Cryptojacking,CoinIMP (CPU) (100%),Raspberry Pi 3B 1GB,ACS712,1
02:50:02.975,2.48,0.06,0.61,3.06,302.187,Attack,Cryptojacking,CoinIMP (CPU) (100%),Raspberry Pi 3B 1GB,ACS712,1
02:50:03.984,2.5,0.08,0.81,4.04,303.196,Attack,Cryptojacking,CoinIMP (CPU) (100%),Raspberry Pi 3B 1GB,ACS712,1
02:50:04.982,2.52,0.11,1.05,5.26,304.194,Attack,Cryptojacking,CoinIMP (CPU) (100%),Raspberry Pi 3B 1GB,ACS712,1
02:50:05.988,2.51,0.1,0.95,4.77,305.2,Attack,Cryptojacking,CoinIMP (CPU) (100%),Raspberry Pi 3B 1GB,ACS712,1
02:50:06.988,2.5,0.08,0.81,4.04,306.2,Attack,Cryptojacking,CoinIMP (CPU) (100%),Raspberry Pi 3B 1GB,ACS712,1
02:50:08.003,2.51,0.1,0.95,4.77,307.215,Attack,Cryptojacking,CoinIMP (CPU) (100%),Raspberry Pi 3B 1GB,ACS712,1
02:50:09.010,2.51,0.1,0.95,4.77,308.222,Attack,Cryptojacking,CoinIMP (CPU) (100%),Raspberry Pi 3B 1GB,ACS712,1
02:50:09.980,2.5,0.08,0.81,4.04,309.192,Attack,Cryptojacking,CoinIMP (CPU) (100%),Raspberry Pi 3B 1GB,ACS712,1
02:50:10.990,2.51,0.09,0.91,4.53,310.202,Attack,Cryptojacking,CoinIMP (CPU) (100%),Raspberry Pi 3B 1GB,ACS712,1
02:50:11.999,2.5,0.09,0.86,4.28,311.211,Attack,Cryptojacking,CoinIMP (CPU) (100%),Raspberry Pi 3B 1GB,ACS712,1
02:50:13.004,2.52,0.1,1.0,5.02,312.216,Attack,Cryptojacking,CoinIMP (CPU) (100%),Raspberry Pi 3B 1GB,ACS712,1
02:50:13.981,2.52,0.1,1.0,5.02,313.193,Attack,Cryptojacking,CoinIMP (CPU) (100%),Raspberry Pi 3B 1GB,ACS712,1
02:50:14.985,2.51,0.1,0.95,4.77,314.197,Attack,Cryptojacking,CoinIMP (CPU) (100%),Raspberry Pi 3B 1GB,ACS712,1
02:50:15.995,2.52,0.1,1.0,5.02,315.207,Attack,Cryptojacking,CoinIMP (CPU) (100%),Raspberry Pi 3B 1GB,ACS712,1
02:50:16.996,2.52,0.1,1.0,5.02,316.208,Attack,Cryptojacking,CoinIMP (CPU) (100%),Raspberry Pi 3B 1GB,ACS712,1
02:50:18.004,2.51,0.09,0.91,4.53,317.216,Attack,Cryptojacking,CoinIMP (CPU) (100%),Raspberry Pi 3B 1GB,ACS712,1
02:50:19.011,2.5,0.08,0.81,4.04,318.223,Attack,Cryptojacking,CoinIMP (CPU) (100%),Raspberry Pi 3B 1GB,ACS712,1
02:50:20.013,2.51,0.09,0.91,4.53,319.225,Attack,Cryptojacking,CoinIMP (CPU) (100%),Raspberry Pi 3B 1GB,ACS712,1
02:50:21.013,2.52,0.1,1.0,5.02,320.225,Attack,Cryptojacking,CoinIMP (CPU) (100%),Raspberry Pi 3B 1GB,ACS712,1
02:50:22.012,2.51,0.1,0.95,4.77,321.224,Attack,Cryptojacking,CoinIMP (CPU) (100%),Raspberry Pi 3B 1GB,ACS712,1
02:50:23.020,2.49,0.08,0.76,3.8,322.232,Attack,Cryptojacking,CoinIMP (CPU) (100%),Raspberry Pi 3B 1GB,ACS712,1
02:50:23.984,2.5,0.09,0.86,4.28,323.196,Attack,Cryptojacking,CoinIMP (CPU) (100%),Raspberry Pi 3B 1GB,ACS712,1
02:50:24.984,2.5,0.09,0.86,4.28,324.196,Attack,Cryptojacking,CoinIMP (CPU) (100%),Raspberry Pi 3B 1GB,ACS712,1
02:50:26.019,2.51,0.09,0.91,4.53,325.231,Attack,Cryptojacking,CoinIMP (CPU) (100%),Raspberry Pi 3B 1GB,ACS712,1
02:50:26.995,2.51,0.09,0.91,4.53,326.207,Attack,Cryptojacking,CoinIMP (CPU) (100%),Raspberry Pi 3B 1GB,ACS712,1
02:50:28.003,2.5,0.09,0.86,4.28,327.215,Attack,Cryptojacking,CoinIMP (CPU) (100%),Raspberry Pi 3B 1GB,ACS712,1
02:50:29.001,2.5,0.09,0.86,4.28,328.213,Attack,Cryptojacking,CoinIMP (CPU) (100%),Raspberry Pi 3B 1GB,ACS712,1
02:50:30.004,2.51,0.1,0.95,4.77,329.216,Attack,Cryptojacking,CoinIMP (CPU) (100%),Raspberry Pi 3B 1GB,ACS712,1
02:50:31.012,2.51,0.1,0.95,4.77,330.224,Attack,Cryptojacking,CoinIMP (CPU) (100%),Raspberry Pi 3B 1GB,ACS712,1
02:50:32.008,2.52,0.1,1.0,5.02,331.22,Attack,Cryptojacking,CoinIMP (CPU) (100%),Raspberry Pi 3B 1GB,ACS712,1
02:50:33.009,2.52,0.1,1.0,5.02,332.221,Attack,Cryptojacking,CoinIMP (CPU) (100%),Raspberry Pi 3B 1GB,ACS712,1
02:50:34.010,2.5,0.09,0.86,4.28,333.222,Attack,Cryptojacking,CoinIMP (CPU) (100%),Raspberry Pi 3B 1GB,ACS712,1
02:50:35.022,2.51,0.09,0.91,4.53,334.234,Attack,Cryptojacking,CoinIMP (CPU) (100%),Raspberry Pi 3B 1GB,ACS712,1
02:50:36.022,2.51,0.09,0.91,4.53,335.234,Attack,Cryptojacking,CoinIMP (CPU) (100%),Raspberry Pi 3B 1GB,ACS712,1
02:50:36.995,2.5,0.09,0.86,4.28,336.207,Attack,Cryptojacking,CoinIMP (CPU) (100%),Raspberry Pi 3B 1GB,ACS712,1
02:50:38.002,2.51,0.09,0.91,4.53,337.214,Attack,Cryptojacking,CoinIMP (CPU) (100%),Raspberry Pi 3B 1GB,ACS712,1
02:50:39.008,2.51,0.09,0.91,4.53,338.22,Attack,Cryptojacking,CoinIMP (CPU) (100%),Raspberry Pi 3B 1GB,ACS712,1
02:50:40.015,2.51,0.1,0.95,4.77,339.227,Attack,Cryptojacking,CoinIMP (CPU) (100%),Raspberry Pi 3B 1GB,ACS712,1
02:50:41.023,2.51,0.1,0.95,4.77,340.235,Attack,Cryptojacking,CoinIMP (CPU) (100%),Raspberry Pi 3B 1GB,ACS712,1
02:50:41.997,2.51,0.1,0.95,4.77,341.209,Attack,Cryptojacking,CoinIMP (CPU) (100%),Raspberry Pi 3B 1GB,ACS712,1
02:50:43.009,2.51,0.1,0.95,4.77,342.221,Attack,Cryptojacking,CoinIMP (CPU) (100%),Raspberry Pi 3B 1GB,ACS712,1
02:50:44.014,2.52,0.1,1.0,5.02,343.226,Attack,Cryptojacking,CoinIMP (CPU) (100%),Raspberry Pi 3B 1GB,ACS712,1
02:50:45.022,2.51,0.09,0.91,4.53,344.234,Attack,Cryptojacking,CoinIMP (CPU) (100%),Raspberry Pi 3B 1GB,ACS712,1
02:50:46.026,2.51,0.09,0.91,4.53,345.238,Attack,Cryptojacking,CoinIMP (CPU) (100%),Raspberry Pi 3B 1GB,ACS712,1
02:50:47.028,2.51,0.09,0.91,4.53,346.24,Attack,Cryptojacking,CoinIMP (CPU) (100%),Raspberry Pi 3B 1GB,ACS712,1
02:50:47.998,2.51,0.09,0.91,4.53,347.21,Attack,Cryptojacking,CoinIMP (CPU) (100%),Raspberry Pi 3B 1GB,ACS712,1
02:50:49.035,2.51,0.1,0.95,4.77,348.247,Attack,Cryptojacking,CoinIMP (CPU) (100%),Raspberry Pi 3B 1GB,ACS712,1
02:50:50.004,2.52,0.11,1.05,5.26,349.216,Attack,Cryptojacking,CoinIMP (CPU) (100%),Raspberry Pi 3B 1GB,ACS712,1
02:50:51.007,2.51,0.09,0.91,4.53,350.219,Attack,Cryptojacking,CoinIMP (CPU) (100%),Raspberry Pi 3B 1GB,ACS712,1
02:50:52.013,2.52,0.11,1.05,5.26,351.225,Attack,Cryptojacking,CoinIMP (CPU) (100%),Raspberry Pi 3B 1GB,ACS712,1
02:50:53.019,2.52,0.1,1.0,5.02,352.231,Attack,Cryptojacking,CoinIMP (CPU) (100%),Raspberry Pi 3B 1GB,ACS712,1
02:50:54.021,2.5,0.09,0.86,4.28,353.233,Attack,Cryptojacking,CoinIMP (CPU) (100%),Raspberry Pi 3B 1GB,ACS712,1
02:50:55.026,2.52,0.1,1.0,5.02,354.238,Attack,Cryptojacking,CoinIMP (CPU) (100%),Raspberry Pi 3B 1GB,ACS712,1
02:50:56.036,2.51,0.1,0.95,4.77,355.248,Attack,Cryptojacking,CoinIMP (CPU) (100%),Raspberry Pi 3B 1GB,ACS712,1
02:50:57.011,2.51,0.09,0.91,4.53,356.223,Attack,Cryptojacking,CoinIMP (CPU) (100%),Raspberry Pi 3B 1GB,ACS712,1
02:50:58.027,2.51,0.1,0.95,4.77,357.239,Attack,Cryptojacking,CoinIMP (CPU) (100%),Raspberry Pi 3B 1GB,ACS712,1
02:50:59.029,2.51,0.09,0.91,4.53,358.241,Attack,Cryptojacking,CoinIMP (CPU) (100%),Raspberry Pi 3B 1GB,ACS712,1
02:51:00.008,2.52,0.1,1.0,5.02,359.22,Attack,Cryptojacking,CoinIMP (CPU) (100%),Raspberry Pi 3B 1GB,ACS712,1
02:51:01.012,2.5,0.09,0.86,4.28,360.224,Attack,Cryptojacking,CoinIMP (CPU) (100%),Raspberry Pi 3B 1GB,ACS712,1
02:51:02.016,2.5,0.08,0.81,4.04,361.228,Attack,Cryptojacking,CoinIMP (CPU) (100%),Raspberry Pi 3B 1GB,ACS712,1
02:51:03.027,2.5,0.09,0.86,4.28,362.239,Attack,Cryptojacking,CoinIMP (CPU) (100%),Raspberry Pi 3B 1GB,ACS712,1
02:51:04.010,2.51,0.1,0.95,4.77,363.222,Attack,Cryptojacking,CoinIMP (CPU) (100%),Raspberry Pi 3B 1GB,ACS712,1
02:51:05.014,2.52,0.11,1.05,5.26,364.226,Attack,Cryptojacking,CoinIMP (CPU) (100%),Raspberry Pi 3B 1GB,ACS712,1
02:51:06.023,2.52,0.11,1.05,5.26,365.235,Attack,Cryptojacking,CoinIMP (CPU) (100%),Raspberry Pi 3B 1GB,ACS712,1
02:51:07.031,2.52,0.11,1.05,5.26,366.243,Attack,Cryptojacking,CoinIMP (CPU) (100%),Raspberry Pi 3B 1GB,ACS712,1
02:51:08.035,2.52,0.1,1.0,5.02,367.247,Attack,Cryptojacking,CoinIMP (CPU) (100%),Raspberry Pi 3B 1GB,ACS712,1
02:51:09.043,2.52,0.11,1.05,5.26,368.255,Attack,Cryptojacking,CoinIMP (CPU) (100%),Raspberry Pi 3B 1GB,ACS712,1
02:51:10.015,2.52,0.1,1.0,5.02,369.227,Attack,Cryptojacking,CoinIMP (CPU) (100%),Raspberry Pi 3B 1GB,ACS712,1
02:51:11.024,2.51,0.1,0.95,4.77,370.236,Attack,Cryptojacking,CoinIMP (CPU) (100%),Raspberry Pi 3B 1GB,ACS712,1
02:51:12.032,2.51,0.1,0.95,4.77,371.244,Attack,Cryptojacking,CoinIMP (CPU) (100%),Raspberry Pi 3B 1GB,ACS712,1
02:51:13.035,2.51,0.1,0.95,4.77,372.247,Attack,Cryptojacking,CoinIMP (CPU) (100%),Raspberry Pi 3B 1GB,ACS712,1
02:51:14.036,2.51,0.1,0.95,4.77,373.248,Attack,Cryptojacking,CoinIMP (CPU) (100%),Raspberry Pi 3B 1GB,ACS712,1
02:51:15.038,2.5,0.08,0.81,4.04,374.25,Attack,Cryptojacking,CoinIMP (CPU) (100%),Raspberry Pi 3B 1GB,ACS712,1
02:51:16.039,2.5,0.08,0.81,4.04,375.251,Attack,Cryptojacking,CoinIMP (CPU) (100%),Raspberry Pi 3B 1GB,ACS712,1
02:51:17.048,2.52,0.11,1.05,5.26,376.26,Attack,Cryptojacking,CoinIMP (CPU) (100%),Raspberry Pi 3B 1GB,ACS712,1
02:51:18.050,2.51,0.1,0.95,4.77,377.262,Attack,Cryptojacking,CoinIMP (CPU) (100%),Raspberry Pi 3B 1GB,ACS712,1
02:51:19.027,2.51,0.09,0.91,4.53,378.239,Attack,Cryptojacking,CoinIMP (CPU) (100%),Raspberry Pi 3B 1GB,ACS712,1
02:51:20.028,2.52,0.11,1.05,5.26,379.24,Attack,Cryptojacking,CoinIMP (CPU) (100%),Raspberry Pi 3B 1GB,ACS712,1
02:51:21.037,2.52,0.1,1.0,5.02,380.249,Attack,Cryptojacking,CoinIMP (CPU) (100%),Raspberry Pi 3B 1GB,ACS712,1
02:51:22.045,2.53,0.11,1.1,5.51,381.257,Attack,Cryptojacking,CoinIMP (CPU) (100%),Raspberry Pi 3B 1GB,ACS712,1
02:51:23.022,2.51,0.1,0.95,4.77,382.234,Attack,Cryptojacking,CoinIMP (CPU) (100%),Raspberry Pi 3B 1GB,ACS712,1
02:51:24.029,2.51,0.1,0.95,4.77,383.241,Attack,Cryptojacking,CoinIMP (CPU) (100%),Raspberry Pi 3B 1GB,ACS712,1
02:51:25.036,2.51,0.1,0.95,4.77,384.248,Attack,Cryptojacking,CoinIMP (CPU) (100%),Raspberry Pi 3B 1GB,ACS712,1
02:51:26.040,2.52,0.1,1.0,5.02,385.252,Attack,Cryptojacking,CoinIMP (CPU) (100%),Raspberry Pi 3B 1GB,ACS712,1
02:51:27.045,2.52,0.11,1.05,5.26,386.257,Attack,Cryptojacking,CoinIMP (CPU) (100%),Raspberry Pi 3B 1GB,ACS712,1
02:51:28.048,2.52,0.1,1.0,5.02,387.26,Attack,Cryptojacking,CoinIMP (CPU) (100%),Raspberry Pi 3B 1GB,ACS712,1
02:51:29.055,2.51,0.09,0.91,4.53,388.267,Attack,Cryptojacking,CoinIMP (CPU) (100%),Raspberry Pi 3B 1GB,ACS712,1
02:51:30.025,2.52,0.1,1.0,5.02,389.237,Attack,Cryptojacking,CoinIMP (CPU) (100%),Raspberry Pi 3B 1GB,ACS712,1
02:51:31.032,2.51,0.09,0.91,4.53,390.244,Attack,Cryptojacking,CoinIMP (CPU) (100%),Raspberry Pi 3B 1GB,ACS712,1
02:51:32.043,2.52,0.1,1.0,5.02,391.255,Attack,Cryptojacking,CoinIMP (CPU) (100%),Raspberry Pi 3B 1GB,ACS712,1
02:51:33.048,2.52,0.11,1.05,5.26,392.26,Attack,Cryptojacking,CoinIMP (CPU) (100%),Raspberry Pi 3B 1GB,ACS712,1
02:51:34.055,2.51,0.1,0.95,4.77,393.267,Attack,Cryptojacking,CoinIMP (CPU) (100%),Raspberry Pi 3B 1GB,ACS712,1
02:51:35.032,2.53,0.11,1.1,5.51,394.244,Attack,Cryptojacking,CoinIMP (CPU) (100%),Raspberry Pi 3B 1GB,ACS712,1
02:51:36.042,2.53,0.11,1.1,5.51,395.254,Attack,Cryptojacking,CoinIMP (CPU) (100%),Raspberry Pi 3B 1GB,ACS712,1
02:51:37.042,2.52,0.11,1.05,5.26,396.254,Attack,Cryptojacking,CoinIMP (CPU) (100%),Raspberry Pi 3B 1GB,ACS712,1
02:51:38.045,2.51,0.1,0.95,4.77,397.257,Attack,Cryptojacking,CoinIMP (CPU) (100%),Raspberry Pi 3B 1GB,ACS712,1
02:51:39.049,2.51,0.1,0.95,4.77,398.261,Attack,Cryptojacking,CoinIMP (CPU) (100%),Raspberry Pi 3B 1GB,ACS712,1
02:51:40.056,2.53,0.12,1.15,5.75,399.268,Attack,Cryptojacking,CoinIMP (CPU) (100%),Raspberry Pi 3B 1GB,ACS712,1
02:51:41.064,2.52,0.1,1.0,5.02,400.276,Attack,Cryptojacking,CoinIMP (CPU) (100%),Raspberry Pi 3B 1GB,ACS712,1
02:51:42.040,2.53,0.11,1.1,5.51,401.252,Attack,Cryptojacking,CoinIMP (CPU) (100%),Raspberry Pi 3B 1GB,ACS712,1
02:51:43.047,2.53,0.11,1.1,5.51,402.259,Attack,Cryptojacking,CoinIMP (CPU) (100%),Raspberry Pi 3B 1GB,ACS712,1
02:51:44.058,2.52,0.11,1.05,5.26,403.27,Attack,Cryptojacking,CoinIMP (CPU) (100%),Raspberry Pi 3B 1GB,ACS712,1
02:51:45.066,2.52,0.1,1.0,5.02,404.278,Attack,Cryptojacking,CoinIMP (CPU) (100%),Raspberry Pi 3B 1GB,ACS712,1
02:51:46.067,2.52,0.11,1.05,5.26,405.279,Attack,Cryptojacking,CoinIMP (CPU) (100%),Raspberry Pi 3B 1GB,ACS712,1
02:51:47.067,2.53,0.11,1.1,5.51,406.279,Attack,Cryptojacking,CoinIMP (CPU) (100%),Raspberry Pi 3B 1GB,ACS712,1
02:51:48.068,2.51,0.1,0.95,4.77,407.28,Attack,Cryptojacking,CoinIMP (CPU) (100%),Raspberry Pi 3B 1GB,ACS712,1
02:51:49.045,2.52,0.11,1.05,5.26,408.257,Attack,Cryptojacking,CoinIMP (CPU) (100%),Raspberry Pi 3B 1GB,ACS712,1
02:51:50.053,2.53,0.11,1.1,5.51,409.265,Attack,Cryptojacking,CoinIMP (CPU) (100%),Raspberry Pi 3B 1GB,ACS712,1
02:51:51.052,2.54,0.12,1.2,6.0,410.264,Attack,Cryptojacking,CoinIMP (CPU) (100%),Raspberry Pi 3B 1GB,ACS712,1
02:51:52.055,2.53,0.11,1.1,5.51,411.267,Attack,Cryptojacking,CoinIMP (CPU) (100%),Raspberry Pi 3B 1GB,ACS712,1
02:51:53.071,2.52,0.1,1.0,5.02,412.283,Attack,Cryptojacking,CoinIMP (CPU) (100%),Raspberry Pi 3B 1GB,ACS712,1
02:51:54.046,2.52,0.11,1.05,5.26,413.258,Attack,Cryptojacking,CoinIMP (CPU) (100%),Raspberry Pi 3B 1GB,ACS712,1
02:51:55.049,2.53,0.11,1.1,5.51,414.261,Attack,Cryptojacking,CoinIMP (CPU) (100%),Raspberry Pi 3B 1GB,ACS712,1
02:51:56.056,2.55,0.13,1.3,6.48,415.268,Attack,Cryptojacking,CoinIMP (CPU) (100%),Raspberry Pi 3B 1GB,ACS712,1
02:51:57.065,2.53,0.11,1.1,5.51,416.277,Attack,Cryptojacking,CoinIMP (CPU) (100%),Raspberry Pi 3B 1GB,ACS712,1
02:51:58.070,2.53,0.11,1.1,5.51,417.282,Attack,Cryptojacking,CoinIMP (CPU) (100%),Raspberry Pi 3B 1GB,ACS712,1
02:51:59.075,2.52,0.11,1.05,5.26,418.287,Attack,Cryptojacking,CoinIMP (CPU) (100%),Raspberry Pi 3B 1GB,ACS712,1
02:52:00.078,2.52,0.11,1.05,5.26,419.29,Attack,Cryptojacking,CoinIMP (CPU) (100%),Raspberry Pi 3B 1GB,ACS712,1
02:52:01.050,2.52,0.11,1.05,5.26,420.262,Attack,Cryptojacking,CoinIMP (CPU) (100%),Raspberry Pi 3B 1GB,ACS712,1
02:52:02.057,2.52,0.11,1.05,5.26,421.269,Attack,Cryptojacking,CoinIMP (CPU) (100%),Raspberry Pi 3B 1GB,ACS712,1
02:52:03.065,2.53,0.12,1.15,5.75,422.277,Attack,Cryptojacking,CoinIMP (CPU) (100%),Raspberry Pi 3B 1GB,ACS712,1
02:52:04.064,2.53,0.11,1.1,5.51,423.276,Attack,Cryptojacking,CoinIMP (CPU) (100%),Raspberry Pi 3B 1GB,ACS712,1
02:52:05.064,2.53,0.11,1.1,5.51,424.276,Attack,Cryptojacking,CoinIMP (CPU) (100%),Raspberry Pi 3B 1GB,ACS712,1
02:52:06.074,2.51,0.1,0.95,4.77,425.286,Attack,Cryptojacking,CoinIMP (CPU) (100%),Raspberry Pi 3B 1GB,ACS712,1
02:52:07.080,2.53,0.11,1.1,5.51,426.292,Attack,Cryptojacking,CoinIMP (CPU) (100%),Raspberry Pi 3B 1GB,ACS712,1
02:52:08.053,2.52,0.11,1.05,5.26,427.265,Attack,Cryptojacking,CoinIMP (CPU) (100%),Raspberry Pi 3B 1GB,ACS712,1
02:52:09.065,2.52,0.11,1.05,5.26,428.277,Attack,Cryptojacking,CoinIMP (CPU) (100%),Raspberry Pi 3B 1GB,ACS712,1
02:52:10.073,2.52,0.11,1.05,5.26,429.285,Attack,Cryptojacking,CoinIMP (CPU) (100%),Raspberry Pi 3B 1GB,ACS712,1
02:52:11.079,2.52,0.1,1.0,5.02,430.291,Attack,Cryptojacking,CoinIMP (CPU) (100%),Raspberry Pi 3B 1GB,ACS712,1
02:52:12.085,2.53,0.11,1.1,5.51,431.297,Attack,Cryptojacking,CoinIMP (CPU) (100%),Raspberry Pi 3B 1GB,ACS712,1
02:52:13.085,2.53,0.11,1.1,5.51,432.297,Attack,Cryptojacking,CoinIMP (CPU) (100%),Raspberry Pi 3B 1GB,ACS712,1
02:52:14.056,2.5,0.09,0.86,4.28,433.268,Attack,Cryptojacking,CoinIMP (CPU) (100%),Raspberry Pi 3B 1GB,ACS712,1
02:52:15.055,2.52,0.11,1.05,5.26,434.267,Attack,Cryptojacking,CoinIMP (CPU) (100%),Raspberry Pi 3B 1GB,ACS712,1
02:52:16.058,2.53,0.12,1.15,5.75,435.27,Attack,Cryptojacking,CoinIMP (CPU) (100%),Raspberry Pi 3B 1GB,ACS712,1
02:52:17.064,2.51,0.1,0.95,4.77,436.276,Attack,Cryptojacking,CoinIMP (CPU) (100%),Raspberry Pi 3B 1GB,ACS712,1
02:52:18.070,2.52,0.1,1.0,5.02,437.282,Attack,Cryptojacking,CoinIMP (CPU) (100%),Raspberry Pi 3B 1GB,ACS712,1
02:52:19.075,2.53,0.11,1.1,5.51,438.287,Attack,Cryptojacking,CoinIMP (CPU) (100%),Raspberry Pi 3B 1GB,ACS712,1
02:52:20.085,2.51,0.09,0.91,4.53,439.297,Attack,Cryptojacking,CoinIMP (CPU) (100%),Raspberry Pi 3B 1GB,ACS712,1
02:52:21.090,2.51,0.1,0.95,4.77,440.302,Attack,Cryptojacking,CoinIMP (CPU) (100%),Raspberry Pi 3B 1GB,ACS712,1
02:52:22.094,2.52,0.11,1.05,5.26,441.306,Attack,Cryptojacking,CoinIMP (CPU) (100%),Raspberry Pi 3B 1GB,ACS712,1
02:52:23.066,2.51,0.09,0.91,4.53,442.278,Attack,Cryptojacking,CoinIMP (CPU) (100%),Raspberry Pi 3B 1GB,ACS712,1
02:52:24.072,2.52,0.1,1.0,5.02,443.284,Attack,Cryptojacking,CoinIMP (CPU) (100%),Raspberry Pi 3B 1GB,ACS712,1
02:52:25.084,2.52,0.11,1.05,5.26,444.296,Attack,Cryptojacking,CoinIMP (CPU) (100%),Raspberry Pi 3B 1GB,ACS712,1
02:52:26.091,2.52,0.11,1.05,5.26,445.303,Attack,Cryptojacking,CoinIMP (CPU) (100%),Raspberry Pi 3B 1GB,ACS712,1
02:52:27.068,2.52,0.11,1.05,5.26,446.28,Attack,Cryptojacking,CoinIMP (CPU) (100%),Raspberry Pi 3B 1GB,ACS712,1
02:52:28.078,2.53,0.11,1.1,5.51,447.29,Attack,Cryptojacking,CoinIMP (CPU) (100%),Raspberry Pi 3B 1GB,ACS712,1
02:52:29.089,2.53,0.12,1.15,5.75,448.301,Attack,Cryptojacking,CoinIMP (CPU) (100%),Raspberry Pi 3B 1GB,ACS712,1
02:52:30.096,2.52,0.11,1.05,5.26,449.308,Attack,Cryptojacking,CoinIMP (CPU) (100%),Raspberry Pi 3B 1GB,ACS712,1
02:52:31.066,2.52,0.11,1.05,5.26,450.278,Attack,Cryptojacking,CoinIMP (CPU) (100%),Raspberry Pi 3B 1GB,ACS712,1
02:52:32.067,2.52,0.1,1.0,5.02,451.279,Attack,Cryptojacking,CoinIMP (CPU) (100%),Raspberry Pi 3B 1GB,ACS712,1
02:52:33.075,2.53,0.11,1.1,5.51,452.287,Attack,Cryptojacking,CoinIMP (CPU) (100%),Raspberry Pi 3B 1GB,ACS712,1
02:52:34.079,2.52,0.1,1.0,5.02,453.291,Attack,Cryptojacking,CoinIMP (CPU) (100%),Raspberry Pi 3B 1GB,ACS712,1
02:52:35.084,2.51,0.1,0.95,4.77,454.296,Attack,Cryptojacking,CoinIMP (CPU) (100%),Raspberry Pi 3B 1GB,ACS712,1
02:52:36.085,2.52,0.1,1.0,5.02,455.297,Attack,Cryptojacking,CoinIMP (CPU) (100%),Raspberry Pi 3B 1GB,ACS712,1
02:52:37.092,2.51,0.1,0.95,4.77,456.304,Attack,Cryptojacking,CoinIMP (CPU) (100%),Raspberry Pi 3B 1GB,ACS712,1
02:52:38.101,2.51,0.1,0.95,4.77,457.313,Attack,Cryptojacking,CoinIMP (CPU) (100%),Raspberry Pi 3B 1GB,ACS712,1
02:52:39.075,2.52,0.11,1.05,5.26,458.287,Attack,Cryptojacking,CoinIMP (CPU) (100%),Raspberry Pi 3B 1GB,ACS712,1
02:52:40.079,2.51,0.1,0.95,4.77,459.291,Attack,Cryptojacking,CoinIMP (CPU) (100%),Raspberry Pi 3B 1GB,ACS712,1
02:52:41.080,2.52,0.11,1.05,5.26,460.292,Attack,Cryptojacking,CoinIMP (CPU) (100%),Raspberry Pi 3B 1GB,ACS712,1
02:52:42.086,2.51,0.09,0.91,4.53,461.298,Attack,Cryptojacking,CoinIMP (CPU) (100%),Raspberry Pi 3B 1GB,ACS712,1
02:52:43.084,2.5,0.09,0.86,4.28,462.296,Attack,Cryptojacking,CoinIMP (CPU) (100%),Raspberry Pi 3B 1GB,ACS712,1
02:52:44.087,2.51,0.1,0.95,4.77,463.299,Attack,Cryptojacking,CoinIMP (CPU) (100%),Raspberry Pi 3B 1GB,ACS712,1
02:52:45.096,2.51,0.09,0.91,4.53,464.308,Attack,Cryptojacking,CoinIMP (CPU) (100%),Raspberry Pi 3B 1GB,ACS712,1
02:52:46.099,2.52,0.11,1.05,5.26,465.311,Attack,Cryptojacking,CoinIMP (CPU) (100%),Raspberry Pi 3B 1GB,ACS712,1
02:52:47.105,2.51,0.09,0.91,4.53,466.317,Attack,Cryptojacking,CoinIMP (CPU) (100%),Raspberry Pi 3B 1GB,ACS712,1
02:52:48.083,2.51,0.09,0.91,4.53,467.295,Attack,Cryptojacking,CoinIMP (CPU) (100%),Raspberry Pi 3B 1GB,ACS712,1
02:52:49.085,2.49,0.08,0.76,3.8,468.297,Attack,Cryptojacking,CoinIMP (CPU) (100%),Raspberry Pi 3B 1GB,ACS712,1
02:52:50.096,2.51,0.1,0.95,4.77,469.308,Attack,Cryptojacking,CoinIMP (CPU) (100%),Raspberry Pi 3B 1GB,ACS712,1
02:52:51.088,2.51,0.1,0.95,4.77,470.3,Attack,Cryptojacking,CoinIMP (CPU) (100%),Raspberry Pi 3B 1GB,ACS712,1
02:52:52.101,2.51,0.09,0.91,4.53,471.313,Attack,Cryptojacking,CoinIMP (CPU) (100%),Raspberry Pi 3B 1GB,ACS712,1
02:52:53.079,2.51,0.1,0.95,4.77,472.291,Attack,Cryptojacking,CoinIMP (CPU) (100%),Raspberry Pi 3B 1GB,ACS712,1
02:52:54.088,2.5,0.09,0.86,4.28,473.3,Attack,Cryptojacking,CoinIMP (CPU) (100%),Raspberry Pi 3B 1GB,ACS712,1
02:52:55.115,2.51,0.1,0.95,4.77,474.327,Attack,Cryptojacking,CoinIMP (CPU) (100%),Raspberry Pi 3B 1GB,ACS712,1
02:52:56.106,2.52,0.1,1.0,5.02,475.318,Attack,Cryptojacking,CoinIMP (CPU) (100%),Raspberry Pi 3B 1GB,ACS712,1
02:52:57.109,2.5,0.09,0.86,4.28,476.321,Attack,Cryptojacking,CoinIMP (CPU) (100%),Raspberry Pi 3B 1GB,ACS712,1
02:52:58.112,2.51,0.09,0.91,4.53,477.324,Attack,Cryptojacking,CoinIMP (CPU) (100%),Raspberry Pi 3B 1GB,ACS712,1
02:52:59.085,2.51,0.1,0.95,4.77,478.297,Attack,Cryptojacking,CoinIMP (CPU) (100%),Raspberry Pi 3B 1GB,ACS712,1
02:53:00.088,2.53,0.11,1.1,5.51,479.3,Attack,Cryptojacking,CoinIMP (CPU) (100%),Raspberry Pi 3B 1GB,ACS712,1
02:53:01.096,2.5,0.09,0.86,4.28,480.308,Attack,Cryptojacking,CoinIMP (CPU) (100%),Raspberry Pi 3B 1GB,ACS712,1
02:53:02.101,2.51,0.1,0.95,4.77,481.313,Attack,Cryptojacking,CoinIMP (CPU) (100%),Raspberry Pi 3B 1GB,ACS712,1
02:53:03.103,2.52,0.1,1.0,5.02,482.315,Attack,Cryptojacking,CoinIMP (CPU) (100%),Raspberry Pi 3B 1GB,ACS712,1
02:53:04.106,2.51,0.1,0.95,4.77,483.318,Attack,Cryptojacking,CoinIMP (CPU) (100%),Raspberry Pi 3B 1GB,ACS712,1
02:53:05.108,2.51,0.1,0.95,4.77,484.32,Attack,Cryptojacking,CoinIMP (CPU) (100%),Raspberry Pi 3B 1GB,ACS712,1
02:53:06.111,2.52,0.1,1.0,5.02,485.323,Attack,Cryptojacking,CoinIMP (CPU) (100%),Raspberry Pi 3B 1GB,ACS712,1
02:53:07.115,2.5,0.09,0.86,4.28,486.327,Attack,Cryptojacking,CoinIMP (CPU) (100%),Raspberry Pi 3B 1GB,ACS712,1
02:53:08.118,2.52,0.1,1.0,5.02,487.33,Attack,Cryptojacking,CoinIMP (CPU) (100%),Raspberry Pi 3B 1GB,ACS712,1
02:53:09.116,2.52,0.1,1.0,5.02,488.328,Attack,Cryptojacking,CoinIMP (CPU) (100%),Raspberry Pi 3B 1GB,ACS712,1
02:53:10.120,2.52,0.1,1.0,5.02,489.332,Attack,Cryptojacking,CoinIMP (CPU) (100%),Raspberry Pi 3B 1GB,ACS712,1
02:53:11.096,2.52,0.1,1.0,5.02,490.308,Attack,Cryptojacking,CoinIMP (CPU) (100%),Raspberry Pi 3B 1GB,ACS712,1
02:53:12.104,2.52,0.11,1.05,5.26,491.316,Attack,Cryptojacking,CoinIMP (CPU) (100%),Raspberry Pi 3B 1GB,ACS712,1
02:53:13.103,2.51,0.1,0.95,4.77,492.315,Attack,Cryptojacking,CoinIMP (CPU) (100%),Raspberry Pi 3B 1GB,ACS712,1
02:53:14.113,2.51,0.1,0.95,4.77,493.325,Attack,Cryptojacking,CoinIMP (CPU) (100%),Raspberry Pi 3B 1GB,ACS712,1
02:53:15.127,2.51,0.1,0.95,4.77,494.339,Attack,Cryptojacking,CoinIMP (CPU) (100%),Raspberry Pi 3B 1GB,ACS712,1
02:53:16.096,2.52,0.11,1.05,5.26,495.308,Attack,Cryptojacking,CoinIMP (CPU) (100%),Raspberry Pi 3B 1GB,ACS712,1
02:53:17.104,2.52,0.1,1.0,5.02,496.316,Attack,Cryptojacking,CoinIMP (CPU) (100%),Raspberry Pi 3B 1GB,ACS712,1
02:53:18.108,2.51,0.1,0.95,4.77,497.32,Attack,Cryptojacking,CoinIMP (CPU) (100%),Raspberry Pi 3B 1GB,ACS712,1
02:53:19.110,2.51,0.1,0.95,4.77,498.322,Attack,Cryptojacking,CoinIMP (CPU) (100%),Raspberry Pi 3B 1GB,ACS712,1
02:53:20.108,2.53,0.11,1.1,5.51,499.32,Attack,Cryptojacking,CoinIMP (CPU) (100%),Raspberry Pi 3B 1GB,ACS712,1
02:53:21.122,2.51,0.1,0.95,4.77,500.334,Attack,Cryptojacking,CoinIMP (CPU) (100%),Raspberry Pi 3B 1GB,ACS712,1
02:53:22.120,2.52,0.11,1.05,5.26,501.332,Attack,Cryptojacking,CoinIMP (CPU) (100%),Raspberry Pi 3B 1GB,ACS712,1
02:53:23.131,2.52,0.1,1.0,5.02,502.343,Attack,Cryptojacking,CoinIMP (CPU) (100%),Raspberry Pi 3B 1GB,ACS712,1
02:53:24.101,2.52,0.1,1.0,5.02,503.313,Attack,Cryptojacking,CoinIMP (CPU) (100%),Raspberry Pi 3B 1GB,ACS712,1
02:53:25.109,2.51,0.09,0.91,4.53,504.321,Attack,Cryptojacking,CoinIMP (CPU) (100%),Raspberry Pi 3B 1GB,ACS712,1
02:53:26.121,2.52,0.1,1.0,5.02,505.333,Attack,Cryptojacking,CoinIMP (CPU) (100%),Raspberry Pi 3B 1GB,ACS712,1
02:53:27.132,2.51,0.09,0.91,4.53,506.344,Attack,Cryptojacking,CoinIMP (CPU) (100%),Raspberry Pi 3B 1GB,ACS712,1
02:53:28.134,2.53,0.11,1.1,5.51,507.346,Attack,Cryptojacking,CoinIMP (CPU) (100%),Raspberry Pi 3B 1GB,ACS712,1
02:53:29.102,2.51,0.1,0.95,4.77,508.314,Attack,Cryptojacking,CoinIMP (CPU) (100%),Raspberry Pi 3B 1GB,ACS712,1
02:53:30.138,2.52,0.1,1.0,5.02,509.35,Attack,Cryptojacking,CoinIMP (CPU) (100%),Raspberry Pi 3B 1GB,ACS712,1
02:53:31.110,2.51,0.1,0.95,4.77,510.322,Attack,Cryptojacking,CoinIMP (CPU) (100%),Raspberry Pi 3B 1GB,ACS712,1
02:53:32.117,2.51,0.1,0.95,4.77,511.329,Attack,Cryptojacking,CoinIMP (CPU) (100%),Raspberry Pi 3B 1GB,ACS712,1
02:53:33.117,2.52,0.11,1.05,5.26,512.329,Attack,Cryptojacking,CoinIMP (CPU) (100%),Raspberry Pi 3B 1GB,ACS712,1
02:53:34.118,2.52,0.11,1.05,5.26,513.33,Attack,Cryptojacking,CoinIMP (CPU) (100%),Raspberry Pi 3B 1GB,ACS712,1
02:53:35.122,2.52,0.1,1.0,5.02,514.334,Attack,Cryptojacking,CoinIMP (CPU) (100%),Raspberry Pi 3B 1GB,ACS712,1
02:53:36.126,2.52,0.1,1.0,5.02,515.338,Attack,Cryptojacking,CoinIMP (CPU) (100%),Raspberry Pi 3B 1GB,ACS712,1
02:53:37.130,2.52,0.1,1.0,5.02,516.342,Attack,Cryptojacking,CoinIMP (CPU) (100%),Raspberry Pi 3B 1GB,ACS712,1
02:53:38.133,2.52,0.1,1.0,5.02,517.345,Attack,Cryptojacking,CoinIMP (CPU) (100%),Raspberry Pi 3B 1GB,ACS712,1
02:53:39.143,2.51,0.1,0.95,4.77,518.355,Attack,Cryptojacking,CoinIMP (CPU) (100%),Raspberry Pi 3B 1GB,ACS712,1
02:53:40.119,2.52,0.11,1.05,5.26,519.331,Attack,Cryptojacking,CoinIMP (CPU) (100%),Raspberry Pi 3B 1GB,ACS712,1
02:53:41.122,2.52,0.1,1.0,5.02,520.334,Attack,Cryptojacking,CoinIMP (CPU) (100%),Raspberry Pi 3B 1GB,ACS712,1
02:53:42.129,2.52,0.11,1.05,5.26,521.341,Attack,Cryptojacking,CoinIMP (CPU) (100%),Raspberry Pi 3B 1GB,ACS712,1
02:53:43.130,2.53,0.11,1.1,5.51,522.342,Attack,Cryptojacking,CoinIMP (CPU) (100%),Raspberry Pi 3B 1GB,ACS712,1
02:53:44.133,2.51,0.1,0.95,4.77,523.345,Attack,Cryptojacking,CoinIMP (CPU) (100%),Raspberry Pi 3B 1GB,ACS712,1
02:53:45.125,2.52,0.1,1.0,5.02,524.337,Attack,Cryptojacking,CoinIMP (CPU) (100%),Raspberry Pi 3B 1GB,ACS712,1
02:53:46.132,2.52,0.1,1.0,5.02,525.344,Attack,Cryptojacking,CoinIMP (CPU) (100%),Raspberry Pi 3B 1GB,ACS712,1
02:53:47.139,2.51,0.09,0.91,4.53,526.351,Attack,Cryptojacking,CoinIMP (CPU) (100%),Raspberry Pi 3B 1GB,ACS712,1
02:53:48.148,2.51,0.09,0.91,4.53,527.36,Attack,Cryptojacking,CoinIMP (CPU) (100%),Raspberry Pi 3B 1GB,ACS712,1
02:53:49.123,2.52,0.1,1.0,5.02,528.335,Attack,Cryptojacking,CoinIMP (CPU) (100%),Raspberry Pi 3B 1GB,ACS712,1
02:53:50.133,2.52,0.1,1.0,5.02,529.345,Attack,Cryptojacking,CoinIMP (CPU) (100%),Raspberry Pi 3B 1GB,ACS712,1
02:53:51.137,2.52,0.11,1.05,5.26,530.349,Attack,Cryptojacking,CoinIMP (CPU) (100%),Raspberry Pi 3B 1GB,ACS712,1
02:53:52.143,2.52,0.11,1.05,5.26,531.355,Attack,Cryptojacking,CoinIMP (CPU) (100%),Raspberry Pi 3B 1GB,ACS712,1
02:53:53.148,2.51,0.09,0.91,4.53,532.36,Attack,Cryptojacking,CoinIMP (CPU) (100%),Raspberry Pi 3B 1GB,ACS712,1
02:53:54.122,2.52,0.11,1.05,5.26,533.334,Attack,Cryptojacking,CoinIMP (CPU) (100%),Raspberry Pi 3B 1GB,ACS712,1
02:53:55.129,2.53,0.11,1.1,5.51,534.341,Attack,Cryptojacking,CoinIMP (CPU) (100%),Raspberry Pi 3B 1GB,ACS712,1
02:53:56.138,2.52,0.11,1.05,5.26,535.35,Attack,Cryptojacking,CoinIMP (CPU) (100%),Raspberry Pi 3B 1GB,ACS712,1
02:53:57.141,2.51,0.1,0.95,4.77,536.353,Attack,Cryptojacking,CoinIMP (CPU) (100%),Raspberry Pi 3B 1GB,ACS712,1
02:53:58.147,2.53,0.11,1.1,5.51,537.359,Attack,Cryptojacking,CoinIMP (CPU) (100%),Raspberry Pi 3B 1GB,ACS712,1
02:53:59.126,2.52,0.11,1.05,5.26,538.338,Attack,Cryptojacking,CoinIMP (CPU) (100%),Raspberry Pi 3B 1GB,ACS712,1
02:54:00.132,2.51,0.09,0.91,4.53,539.344,Attack,Cryptojacking,CoinIMP (CPU) (100%),Raspberry Pi 3B 1GB,ACS712,1
02:54:01.138,2.52,0.1,1.0,5.02,540.35,Attack,Cryptojacking,CoinIMP (CPU) (100%),Raspberry Pi 3B 1GB,ACS712,1
02:54:02.146,2.5,0.08,0.81,4.04,541.358,Attack,Cryptojacking,CoinIMP (CPU) (100%),Raspberry Pi 3B 1GB,ACS712,1
02:54:03.153,2.51,0.1,0.95,4.77,542.365,Attack,Cryptojacking,CoinIMP (CPU) (100%),Raspberry Pi 3B 1GB,ACS712,1
02:54:04.130,2.53,0.11,1.1,5.51,543.342,Attack,Cryptojacking,CoinIMP (CPU) (100%),Raspberry Pi 3B 1GB,ACS712,1
02:54:05.159,2.53,0.12,1.15,5.75,544.371,Attack,Cryptojacking,CoinIMP (CPU) (100%),Raspberry Pi 3B 1GB,ACS712,1
02:54:06.131,2.52,0.1,1.0,5.02,545.343,Attack,Cryptojacking,CoinIMP (CPU) (100%),Raspberry Pi 3B 1GB,ACS712,1
02:54:07.135,2.52,0.1,1.0,5.02,546.347,Attack,Cryptojacking,CoinIMP (CPU) (100%),Raspberry Pi 3B 1GB,ACS712,1
02:54:08.142,2.52,0.1,1.0,5.02,547.354,Attack,Cryptojacking,CoinIMP (CPU) (100%),Raspberry Pi 3B 1GB,ACS712,1
02:54:09.149,2.51,0.1,0.95,4.77,548.361,Attack,Cryptojacking,CoinIMP (CPU) (100%),Raspberry Pi 3B 1GB,ACS712,1
02:54:10.151,2.53,0.11,1.1,5.51,549.363,Attack,Cryptojacking,CoinIMP (CPU) (100%),Raspberry Pi 3B 1GB,ACS712,1
02:54:11.159,2.51,0.09,0.91,4.53,550.371,Attack,Cryptojacking,CoinIMP (CPU) (100%),Raspberry Pi 3B 1GB,ACS712,1
02:54:12.132,2.51,0.1,0.95,4.77,551.344,Attack,Cryptojacking,CoinIMP (CPU) (100%),Raspberry Pi 3B 1GB,ACS712,1
02:54:13.136,2.51,0.09,0.91,4.53,552.348,Attack,Cryptojacking,CoinIMP (CPU) (100%),Raspberry Pi 3B 1GB,ACS712,1
02:54:14.137,2.52,0.1,1.0,5.02,553.349,Attack,Cryptojacking,CoinIMP (CPU) (100%),Raspberry Pi 3B 1GB,ACS712,1
02:54:15.145,2.52,0.11,1.05,5.26,554.357,Attack,Cryptojacking,CoinIMP (CPU) (100%),Raspberry Pi 3B 1GB,ACS712,1
02:54:16.151,2.52,0.1,1.0,5.02,555.363,Attack,Cryptojacking,CoinIMP (CPU) (100%),Raspberry Pi 3B 1GB,ACS712,1
02:54:17.157,2.52,0.11,1.05,5.26,556.369,Attack,Cryptojacking,CoinIMP (CPU) (100%),Raspberry Pi 3B 1GB,ACS712,1
02:54:18.162,2.51,0.1,0.95,4.77,557.374,Attack,Cryptojacking,CoinIMP (CPU) (100%),Raspberry Pi 3B 1GB,ACS712,1
02:54:19.169,2.53,0.11,1.1,5.51,558.381,Attack,Cryptojacking,CoinIMP (CPU) (100%),Raspberry Pi 3B 1GB,ACS712,1
02:54:20.143,2.52,0.1,1.0,5.02,559.355,Attack,Cryptojacking,CoinIMP (CPU) (100%),Raspberry Pi 3B 1GB,ACS712,1
02:54:21.141,2.53,0.11,1.1,5.51,560.353,Attack,Cryptojacking,CoinIMP (CPU) (100%),Raspberry Pi 3B 1GB,ACS712,1
02:54:22.142,2.51,0.09,0.91,4.53,561.354,Attack,Cryptojacking,CoinIMP (CPU) (100%),Raspberry Pi 3B 1GB,ACS712,1
02:54:23.147,2.51,0.09,0.91,4.53,562.359,Attack,Cryptojacking,CoinIMP (CPU) (100%),Raspberry Pi 3B 1GB,ACS712,1
02:54:24.165,2.52,0.1,1.0,5.02,563.377,Attack,Cryptojacking,CoinIMP (CPU) (100%),Raspberry Pi 3B 1GB,ACS712,1
02:54:25.174,2.53,0.11,1.1,5.51,564.386,Attack,Cryptojacking,CoinIMP (CPU) (100%),Raspberry Pi 3B 1GB,ACS712,1
02:54:26.143,2.52,0.1,1.0,5.02,565.355,Attack,Cryptojacking,CoinIMP (CPU) (100%),Raspberry Pi 3B 1GB,ACS712,1
02:54:27.154,2.53,0.11,1.1,5.51,566.366,Attack,Cryptojacking,CoinIMP (CPU) (100%),Raspberry Pi 3B 1GB,ACS712,1
02:54:28.157,2.53,0.12,1.15,5.75,567.369,Attack,Cryptojacking,CoinIMP (CPU) (100%),Raspberry Pi 3B 1GB,ACS712,1
02:54:29.166,2.53,0.12,1.15,5.75,568.378,Attack,Cryptojacking,CoinIMP (CPU) (100%),Raspberry Pi 3B 1GB,ACS712,1
02:54:30.172,2.52,0.1,1.0,5.02,569.384,Attack,Cryptojacking,CoinIMP (CPU) (100%),Raspberry Pi 3B 1GB,ACS712,1
02:54:31.145,2.51,0.1,0.95,4.77,570.357,Attack,Cryptojacking,CoinIMP (CPU) (100%),Raspberry Pi 3B 1GB,ACS712,1
02:54:32.151,2.51,0.1,0.95,4.77,571.363,Attack,Cryptojacking,CoinIMP (CPU) (100%),Raspberry Pi 3B 1GB,ACS712,1
02:54:33.160,2.51,0.09,0.91,4.53,572.372,Attack,Cryptojacking,CoinIMP (CPU) (100%),Raspberry Pi 3B 1GB,ACS712,1
02:54:34.163,2.53,0.12,1.15,5.75,573.375,Attack,Cryptojacking,CoinIMP (CPU) (100%),Raspberry Pi 3B 1GB,ACS712,1
02:54:35.177,2.52,0.1,1.0,5.02,574.389,Attack,Cryptojacking,CoinIMP (CPU) (100%),Raspberry Pi 3B 1GB,ACS712,1
02:54:36.148,2.51,0.1,0.95,4.77,575.36,Attack,Cryptojacking,CoinIMP (CPU) (100%),Raspberry Pi 3B 1GB,ACS712,1
02:54:37.156,2.52,0.11,1.05,5.26,576.368,Attack,Cryptojacking,CoinIMP (CPU) (100%),Raspberry Pi 3B 1GB,ACS712,1
02:54:38.169,2.51,0.1,0.95,4.77,577.381,Attack,Cryptojacking,CoinIMP (CPU) (100%),Raspberry Pi 3B 1GB,ACS712,1
02:54:39.176,2.51,0.1,0.95,4.77,578.388,Attack,Cryptojacking,CoinIMP (CPU) (100%),Raspberry Pi 3B 1GB,ACS712,1
02:54:40.178,2.52,0.1,1.0,5.02,579.39,Attack,Cryptojacking,CoinIMP (CPU) (100%),Raspberry Pi 3B 1GB,ACS712,1
02:54:41.154,2.52,0.1,1.0,5.02,580.366,Attack,Cryptojacking,CoinIMP (CPU) (100%),Raspberry Pi 3B 1GB,ACS712,1
02:54:42.158,2.51,0.09,0.91,4.53,581.37,Attack,Cryptojacking,CoinIMP (CPU) (100%),Raspberry Pi 3B 1GB,ACS712,1
02:54:43.159,2.52,0.11,1.05,5.26,582.371,Attack,Cryptojacking,CoinIMP (CPU) (100%),Raspberry Pi 3B 1GB,ACS712,1
02:54:44.165,2.52,0.11,1.05,5.26,583.377,Attack,Cryptojacking,CoinIMP (CPU) (100%),Raspberry Pi 3B 1GB,ACS712,1
02:54:45.170,2.5,0.09,0.86,4.28,584.382,Attack,Cryptojacking,CoinIMP (CPU) (100%),Raspberry Pi 3B 1GB,ACS712,1
02:54:46.181,2.53,0.11,1.1,5.51,585.393,Attack,Cryptojacking,CoinIMP (CPU) (100%),Raspberry Pi 3B 1GB,ACS712,1
02:54:47.186,2.52,0.1,1.0,5.02,586.398,Attack,Cryptojacking,CoinIMP (CPU) (100%),Raspberry Pi 3B 1GB,ACS712,1
02:54:48.155,2.51,0.09,0.91,4.53,587.367,Attack,Cryptojacking,CoinIMP (CPU) (100%),Raspberry Pi 3B 1GB,ACS712,1
02:54:49.165,2.52,0.11,1.05,5.26,588.377,Attack,Cryptojacking,CoinIMP (CPU) (100%),Raspberry Pi 3B 1GB,ACS712,1
02:54:50.165,2.5,0.09,0.86,4.28,589.377,Attack,Cryptojacking,CoinIMP (CPU) (100%),Raspberry Pi 3B 1GB,ACS712,1
02:54:51.174,2.52,0.11,1.05,5.26,590.386,Attack,Cryptojacking,CoinIMP (CPU) (100%),Raspberry Pi 3B 1GB,ACS712,1
02:54:52.181,2.51,0.1,0.95,4.77,591.393,Attack,Cryptojacking,CoinIMP (CPU) (100%),Raspberry Pi 3B 1GB,ACS712,1
02:54:53.168,2.53,0.11,1.1,5.51,592.38,Attack,Cryptojacking,CoinIMP (CPU) (100%),Raspberry Pi 3B 1GB,ACS712,1
02:54:54.173,2.52,0.11,1.05,5.26,593.385,Attack,Cryptojacking,CoinIMP (CPU) (100%),Raspberry Pi 3B 1GB,ACS712,1
02:54:55.180,2.5,0.09,0.86,4.28,594.392,Attack,Cryptojacking,CoinIMP (CPU) (100%),Raspberry Pi 3B 1GB,ACS712,1
02:54:56.187,2.5,0.09,0.86,4.28,595.399,Attack,Cryptojacking,CoinIMP (CPU) (100%),Raspberry Pi 3B 1GB,ACS712,1
02:54:57.190,2.53,0.11,1.1,5.51,596.402,Attack,Cryptojacking,CoinIMP (CPU) (100%),Raspberry Pi 3B 1GB,ACS712,1
02:54:58.163,2.52,0.1,1.0,5.02,597.375,Attack,Cryptojacking,CoinIMP (CPU) (100%),Raspberry Pi 3B 1GB,ACS712,1
02:54:59.167,2.52,0.11,1.05,5.26,598.379,Attack,Cryptojacking,CoinIMP (CPU) (100%),Raspberry Pi 3B 1GB,ACS712,1
02:55:00.180,2.52,0.1,1.0,5.02,599.392,Recovery,Cryptojacking,CoinIMP (CPU) (100%),Raspberry Pi 3B 1GB,ACS712,1
02:55:01.195,2.52,0.1,1.0,5.02,600.407,Recovery,Cryptojacking,CoinIMP (CPU) (100%),Raspberry Pi 3B 1GB,ACS712,1
02:55:02.168,2.47,0.05,0.51,2.57,601.38,Recovery,Cryptojacking,CoinIMP (CPU) (100%),Raspberry Pi 3B 1GB,ACS712,1
02:55:03.171,2.47,0.05,0.51,2.57,602.383,Recovery,Cryptojacking,CoinIMP (CPU) (100%),Raspberry Pi 3B 1GB,ACS712,1
02:55:04.179,2.48,0.06,0.61,3.06,603.391,Recovery,Cryptojacking,CoinIMP (CPU) (100%),Raspberry Pi 3B 1GB,ACS712,1
02:55:05.185,2.46,0.05,0.47,2.33,604.397,Recovery,Cryptojacking,CoinIMP (CPU) (100%),Raspberry Pi 3B 1GB,ACS712,1
02:55:06.190,2.47,0.05,0.51,2.57,605.402,Recovery,Cryptojacking,CoinIMP (CPU) (100%),Raspberry Pi 3B 1GB,ACS712,1
02:55:07.201,2.47,0.05,0.51,2.57,606.413,Recovery,Cryptojacking,CoinIMP (CPU) (100%),Raspberry Pi 3B 1GB,ACS712,1
02:55:08.179,2.46,0.05,0.47,2.33,607.391,Recovery,Cryptojacking,CoinIMP (CPU) (100%),Raspberry Pi 3B 1GB,ACS712,1
02:55:09.178,2.46,0.05,0.47,2.33,608.39,Recovery,Cryptojacking,CoinIMP (CPU) (100%),Raspberry Pi 3B 1GB,ACS712,1
02:55:10.182,2.47,0.06,0.56,2.82,609.394,Recovery,Cryptojacking,CoinIMP (CPU) (100%),Raspberry Pi 3B 1GB,ACS712,1
02:55:11.187,2.46,0.05,0.47,2.33,610.399,Recovery,Cryptojacking,CoinIMP (CPU) (100%),Raspberry Pi 3B 1GB,ACS712,1
02:55:12.197,2.46,0.04,0.42,2.09,611.409,Recovery,Cryptojacking,CoinIMP (CPU) (100%),Raspberry Pi 3B 1GB,ACS712,1
02:55:13.200,2.47,0.05,0.51,2.57,612.412,Recovery,Cryptojacking,CoinIMP (CPU) (100%),Raspberry Pi 3B 1GB,ACS712,1
02:55:14.202,2.46,0.04,0.42,2.09,613.414,Recovery,Cryptojacking,CoinIMP (CPU) (100%),Raspberry Pi 3B 1GB,ACS712,1
02:55:15.172,2.45,0.03,0.32,1.6,614.384,Recovery,Cryptojacking,CoinIMP (CPU) (100%),Raspberry Pi 3B 1GB,ACS712,1
02:55:16.181,2.47,0.06,0.56,2.82,615.393,Recovery,Cryptojacking,CoinIMP (CPU) (100%),Raspberry Pi 3B 1GB,ACS712,1
02:55:17.190,2.45,0.03,0.32,1.6,616.402,Recovery,Cryptojacking,CoinIMP (CPU) (100%),Raspberry Pi 3B 1GB,ACS712,1
02:55:18.193,2.46,0.05,0.47,2.33,617.405,Recovery,Cryptojacking,CoinIMP (CPU) (100%),Raspberry Pi 3B 1GB,ACS712,1
02:55:19.199,2.46,0.05,0.47,2.33,618.411,Recovery,Cryptojacking,CoinIMP (CPU) (100%),Raspberry Pi 3B 1GB,ACS712,1
02:55:20.206,2.46,0.04,0.42,2.09,619.418,Recovery,Cryptojacking,CoinIMP (CPU) (100%),Raspberry Pi 3B 1GB,ACS712,1
02:55:21.179,2.46,0.04,0.42,2.09,620.391,Recovery,Cryptojacking,CoinIMP (CPU) (100%),Raspberry Pi 3B 1GB,ACS712,1
02:55:22.188,2.46,0.05,0.47,2.33,621.4,Recovery,Cryptojacking,CoinIMP (CPU) (100%),Raspberry Pi 3B 1GB,ACS712,1
02:55:23.194,2.46,0.05,0.47,2.33,622.406,Recovery,Cryptojacking,CoinIMP (CPU) (100%),Raspberry Pi 3B 1GB,ACS712,1
02:55:24.193,2.46,0.04,0.42,2.09,623.405,Recovery,Cryptojacking,CoinIMP (CPU) (100%),Raspberry Pi 3B 1GB,ACS712,1
02:55:25.200,2.44,0.03,0.27,1.35,624.412,Recovery,Cryptojacking,CoinIMP (CPU) (100%),Raspberry Pi 3B 1GB,ACS712,1
02:55:26.205,2.46,0.05,0.47,2.33,625.417,Recovery,Cryptojacking,CoinIMP (CPU) (100%),Raspberry Pi 3B 1GB,ACS712,1
02:55:27.211,2.46,0.05,0.47,2.33,626.423,Recovery,Cryptojacking,CoinIMP (CPU) (100%),Raspberry Pi 3B 1GB,ACS712,1
02:55:28.183,2.46,0.04,0.42,2.09,627.395,Recovery,Cryptojacking,CoinIMP (CPU) (100%),Raspberry Pi 3B 1GB,ACS712,1
02:55:29.186,2.46,0.05,0.47,2.33,628.398,Recovery,Cryptojacking,CoinIMP (CPU) (100%),Raspberry Pi 3B 1GB,ACS712,1
02:55:30.199,2.46,0.05,0.47,2.33,629.411,Recovery,Cryptojacking,CoinIMP (CPU) (100%),Raspberry Pi 3B 1GB,ACS712,1
02:55:31.201,2.46,0.05,0.47,2.33,630.413,Recovery,Cryptojacking,CoinIMP (CPU) (100%),Raspberry Pi 3B 1GB,ACS712,1
02:55:32.208,2.47,0.05,0.51,2.57,631.42,Recovery,Cryptojacking,CoinIMP (CPU) (100%),Raspberry Pi 3B 1GB,ACS712,1
02:55:33.213,2.46,0.04,0.42,2.09,632.425,Recovery,Cryptojacking,CoinIMP (CPU) (100%),Raspberry Pi 3B 1GB,ACS712,1
02:55:34.215,2.45,0.04,0.37,1.84,633.427,Recovery,Cryptojacking,CoinIMP (CPU) (100%),Raspberry Pi 3B 1GB,ACS712,1
02:55:35.190,2.45,0.04,0.37,1.84,634.402,Recovery,Cryptojacking,CoinIMP (CPU) (100%),Raspberry Pi 3B 1GB,ACS712,1
02:55:36.189,2.46,0.05,0.47,2.33,635.401,Recovery,Cryptojacking,CoinIMP (CPU) (100%),Raspberry Pi 3B 1GB,ACS712,1
02:55:37.199,2.46,0.05,0.47,2.33,636.411,Recovery,Cryptojacking,CoinIMP (CPU) (100%),Raspberry Pi 3B 1GB,ACS712,1
02:55:38.208,2.46,0.05,0.47,2.33,637.42,Recovery,Cryptojacking,CoinIMP (CPU) (100%),Raspberry Pi 3B 1GB,ACS712,1
02:55:39.210,2.46,0.05,0.47,2.33,638.422,Recovery,Cryptojacking,CoinIMP (CPU) (100%),Raspberry Pi 3B 1GB,ACS712,1
02:55:40.188,2.46,0.05,0.47,2.33,639.4,Recovery,Cryptojacking,CoinIMP (CPU) (100%),Raspberry Pi 3B 1GB,ACS712,1
02:55:41.194,2.47,0.05,0.51,2.57,640.406,Recovery,Cryptojacking,CoinIMP (CPU) (100%),Raspberry Pi 3B 1GB,ACS712,1
02:55:42.200,2.46,0.04,0.42,2.09,641.412,Recovery,Cryptojacking,CoinIMP (CPU) (100%),Raspberry Pi 3B 1GB,ACS712,1
02:55:43.198,2.46,0.05,0.47,2.33,642.41,Recovery,Cryptojacking,CoinIMP (CPU) (100%),Raspberry Pi 3B 1GB,ACS712,1
02:55:44.205,2.45,0.04,0.37,1.84,643.417,Recovery,Cryptojacking,CoinIMP (CPU) (100%),Raspberry Pi 3B 1GB,ACS712,1
02:55:45.208,2.46,0.05,0.47,2.33,644.42,Recovery,Cryptojacking,CoinIMP (CPU) (100%),Raspberry Pi 3B 1GB,ACS712,1
02:55:46.214,2.46,0.04,0.42,2.09,645.426,Recovery,Cryptojacking,CoinIMP (CPU) (100%),Raspberry Pi 3B 1GB,ACS712,1
02:55:47.223,2.46,0.04,0.42,2.09,646.435,Recovery,Cryptojacking,CoinIMP (CPU) (100%),Raspberry Pi 3B 1GB,ACS712,1
02:55:48.199,2.45,0.04,0.37,1.84,647.411,Recovery,Cryptojacking,CoinIMP (CPU) (100%),Raspberry Pi 3B 1GB,ACS712,1
02:55:49.207,2.45,0.03,0.32,1.6,648.419,Recovery,Cryptojacking,CoinIMP (CPU) (100%),Raspberry Pi 3B 1GB,ACS712,1
02:55:50.217,2.46,0.05,0.47,2.33,649.429,Recovery,Cryptojacking,CoinIMP (CPU) (100%),Raspberry Pi 3B 1GB,ACS712,1
02:55:51.227,2.46,0.04,0.42,2.09,650.439,Recovery,Cryptojacking,CoinIMP (CPU) (100%),Raspberry Pi 3B 1GB,ACS712,1
02:55:52.230,2.46,0.05,0.47,2.33,651.442,Recovery,Cryptojacking,CoinIMP (CPU) (100%),Raspberry Pi 3B 1GB,ACS712,1
02:55:53.200,2.47,0.05,0.51,2.57,652.412,Recovery,Cryptojacking,CoinIMP (CPU) (100%),Raspberry Pi 3B 1GB,ACS712,1
02:55:54.203,2.45,0.03,0.32,1.6,653.415,Recovery,Cryptojacking,CoinIMP (CPU) (100%),Raspberry Pi 3B 1GB,ACS712,1
02:55:55.206,2.45,0.04,0.37,1.84,654.418,Recovery,Cryptojacking,CoinIMP (CPU) (100%),Raspberry Pi 3B 1GB,ACS712,1
02:55:56.219,2.45,0.03,0.32,1.6,655.431,Recovery,Cryptojacking,CoinIMP (CPU) (100%),Raspberry Pi 3B 1GB,ACS712,1
02:55:57.226,2.45,0.03,0.32,1.6,656.438,Recovery,Cryptojacking,CoinIMP (CPU) (100%),Raspberry Pi 3B 1GB,ACS712,1
02:55:58.227,2.45,0.04,0.37,1.84,657.439,Recovery,Cryptojacking,CoinIMP (CPU) (100%),Raspberry Pi 3B 1GB,ACS712,1
02:55:59.234,2.46,0.04,0.42,2.09,658.446,Recovery,Cryptojacking,CoinIMP (CPU) (100%),Raspberry Pi 3B 1GB,ACS712,1
02:56:00.200,2.47,0.06,0.56,2.82,659.412,Recovery,Cryptojacking,CoinIMP (CPU) (100%),Raspberry Pi 3B 1GB,ACS712,1
02:56:01.204,2.45,0.03,0.32,1.6,660.416,Recovery,Cryptojacking,CoinIMP (CPU) (100%),Raspberry Pi 3B 1GB,ACS712,1
02:56:02.208,2.45,0.03,0.32,1.6,661.42,Recovery,Cryptojacking,CoinIMP (CPU) (100%),Raspberry Pi 3B 1GB,ACS712,1
02:56:03.212,2.46,0.04,0.42,2.09,662.424,Recovery,Cryptojacking,CoinIMP (CPU) (100%),Raspberry Pi 3B 1GB,ACS712,1
02:56:04.220,2.46,0.04,0.42,2.09,663.432,Recovery,Cryptojacking,CoinIMP (CPU) (100%),Raspberry Pi 3B 1GB,ACS712,1
02:56:05.227,2.46,0.05,0.47,2.33,664.439,Recovery,Cryptojacking,CoinIMP (CPU) (100%),Raspberry Pi 3B 1GB,ACS712,1
02:56:06.232,2.48,0.06,0.61,3.06,665.444,Recovery,Cryptojacking,CoinIMP (CPU) (100%),Raspberry Pi 3B 1GB,ACS712,1
02:56:07.237,2.46,0.04,0.42,2.09,666.449,Recovery,Cryptojacking,CoinIMP (CPU) (100%),Raspberry Pi 3B 1GB,ACS712,1
02:56:08.208,2.46,0.05,0.47,2.33,667.42,Recovery,Cryptojacking,CoinIMP (CPU) (100%),Raspberry Pi 3B 1GB,ACS712,1
02:56:09.223,2.45,0.04,0.37,1.84,668.435,Recovery,Cryptojacking,CoinIMP (CPU) (100%),Raspberry Pi 3B 1GB,ACS712,1
02:56:10.226,2.47,0.05,0.51,2.57,669.438,Recovery,Cryptojacking,CoinIMP (CPU) (100%),Raspberry Pi 3B 1GB,ACS712,1
02:56:11.230,2.47,0.05,0.51,2.57,670.442,Recovery,Cryptojacking,CoinIMP (CPU) (100%),Raspberry Pi 3B 1GB,ACS712,1
02:56:12.237,2.45,0.03,0.32,1.6,671.449,Recovery,Cryptojacking,CoinIMP (CPU) (100%),Raspberry Pi 3B 1GB,ACS712,1
02:56:13.213,2.45,0.04,0.37,1.84,672.425,Recovery,Cryptojacking,CoinIMP (CPU) (100%),Raspberry Pi 3B 1GB,ACS712,1
02:56:14.219,2.46,0.05,0.47,2.33,673.431,Recovery,Cryptojacking,CoinIMP (CPU) (100%),Raspberry Pi 3B 1GB,ACS712,1
02:56:15.223,2.45,0.03,0.32,1.6,674.435,Recovery,Cryptojacking,CoinIMP (CPU) (100%),Raspberry Pi 3B 1GB,ACS712,1
02:56:16.227,2.46,0.04,0.42,2.09,675.439,Recovery,Cryptojacking,CoinIMP (CPU) (100%),Raspberry Pi 3B 1GB,ACS712,1
02:56:17.235,2.46,0.05,0.47,2.33,676.447,Recovery,Cryptojacking,CoinIMP (CPU) (100%),Raspberry Pi 3B 1GB,ACS712,1
02:56:18.246,2.45,0.04,0.37,1.84,677.458,Recovery,Cryptojacking,CoinIMP (CPU) (100%),Raspberry Pi 3B 1GB,ACS712,1
02:56:19.218,2.46,0.04,0.42,2.09,678.43,Recovery,Cryptojacking,CoinIMP (CPU) (100%),Raspberry Pi 3B 1GB,ACS712,1
02:56:20.220,2.46,0.05,0.47,2.33,679.432,Recovery,Cryptojacking,CoinIMP (CPU) (100%),Raspberry Pi 3B 1GB,ACS712,1
02:56:21.226,2.47,0.05,0.51,2.57,680.438,Recovery,Cryptojacking,CoinIMP (CPU) (100%),Raspberry Pi 3B 1GB,ACS712,1
02:56:22.243,2.47,0.05,0.51,2.57,681.455,Recovery,Cryptojacking,CoinIMP (CPU) (100%),Raspberry Pi 3B 1GB,ACS712,1
02:56:23.246,2.46,0.05,0.47,2.33,682.458,Recovery,Cryptojacking,CoinIMP (CPU) (100%),Raspberry Pi 3B 1GB,ACS712,1
02:56:24.219,2.46,0.05,0.47,2.33,683.431,Recovery,Cryptojacking,CoinIMP (CPU) (100%),Raspberry Pi 3B 1GB,ACS712,1
02:56:25.225,2.47,0.06,0.56,2.82,684.437,Recovery,Cryptojacking,CoinIMP (CPU) (100%),Raspberry Pi 3B 1GB,ACS712,1
02:56:26.235,2.47,0.06,0.56,2.82,685.447,Recovery,Cryptojacking,CoinIMP (CPU) (100%),Raspberry Pi 3B 1GB,ACS712,1
02:56:27.236,2.46,0.05,0.47,2.33,686.448,Recovery,Cryptojacking,CoinIMP (CPU) (100%),Raspberry Pi 3B 1GB,ACS712,1
02:56:28.240,2.46,0.05,0.47,2.33,687.452,Recovery,Cryptojacking,CoinIMP (CPU) (100%),Raspberry Pi 3B 1GB,ACS712,1
02:56:29.249,2.46,0.05,0.47,2.33,688.461,Recovery,Cryptojacking,CoinIMP (CPU) (100%),Raspberry Pi 3B 1GB,ACS712,1
02:56:30.226,2.47,0.06,0.56,2.82,689.438,Recovery,Cryptojacking,CoinIMP (CPU) (100%),Raspberry Pi 3B 1GB,ACS712,1
02:56:31.246,2.47,0.05,0.51,2.57,690.458,Recovery,Cryptojacking,CoinIMP (CPU) (100%),Raspberry Pi 3B 1GB,ACS712,1
02:56:32.221,2.47,0.05,0.51,2.57,691.433,Recovery,Cryptojacking,CoinIMP (CPU) (100%),Raspberry Pi 3B 1GB,ACS712,1
02:56:33.225,2.48,0.06,0.61,3.06,692.437,Recovery,Cryptojacking,CoinIMP (CPU) (100%),Raspberry Pi 3B 1GB,ACS712,1
02:56:34.232,2.47,0.06,0.56,2.82,693.444,Recovery,Cryptojacking,CoinIMP (CPU) (100%),Raspberry Pi 3B 1GB,ACS712,1
02:56:35.238,2.47,0.05,0.51,2.57,694.45,Recovery,Cryptojacking,CoinIMP (CPU) (100%),Raspberry Pi 3B 1GB,ACS712,1
02:56:36.244,2.47,0.06,0.56,2.82,695.456,Recovery,Cryptojacking,CoinIMP (CPU) (100%),Raspberry Pi 3B 1GB,ACS712,1
02:56:37.250,2.46,0.04,0.42,2.09,696.462,Recovery,Cryptojacking,CoinIMP (CPU) (100%),Raspberry Pi 3B 1GB,ACS712,1
02:56:38.259,2.47,0.06,0.56,2.82,697.471,Recovery,Cryptojacking,CoinIMP (CPU) (100%),Raspberry Pi 3B 1GB,ACS712,1
02:56:39.237,2.46,0.04,0.42,2.09,698.449,Recovery,Cryptojacking,CoinIMP (CPU) (100%),Raspberry Pi 3B 1GB,ACS712,1
02:56:40.245,2.47,0.06,0.56,2.82,699.457,Recovery,Cryptojacking,CoinIMP (CPU) (100%),Raspberry Pi 3B 1GB,ACS712,1
02:56:41.244,2.48,0.06,0.61,3.06,700.456,Recovery,Cryptojacking,CoinIMP (CPU) (100%),Raspberry Pi 3B 1GB,ACS712,1
02:56:42.256,2.47,0.06,0.56,2.82,701.468,Recovery,Cryptojacking,CoinIMP (CPU) (100%),Raspberry Pi 3B 1GB,ACS712,1
02:56:43.262,2.47,0.06,0.56,2.82,702.474,Recovery,Cryptojacking,CoinIMP (CPU) (100%),Raspberry Pi 3B 1GB,ACS712,1
02:56:44.233,2.46,0.05,0.47,2.33,703.445,Recovery,Cryptojacking,CoinIMP (CPU) (100%),Raspberry Pi 3B 1GB,ACS712,1
02:56:45.237,2.47,0.05,0.51,2.57,704.449,Recovery,Cryptojacking,CoinIMP (CPU) (100%),Raspberry Pi 3B 1GB,ACS712,1
02:56:46.241,2.47,0.06,0.56,2.82,705.453,Recovery,Cryptojacking,CoinIMP (CPU) (100%),Raspberry Pi 3B 1GB,ACS712,1
02:56:47.250,2.48,0.06,0.61,3.06,706.462,Recovery,Cryptojacking,CoinIMP (CPU) (100%),Raspberry Pi 3B 1GB,ACS712,1
02:56:48.250,2.46,0.04,0.42,2.09,707.462,Recovery,Cryptojacking,CoinIMP (CPU) (100%),Raspberry Pi 3B 1GB,ACS712,1
02:56:49.254,2.47,0.05,0.51,2.57,708.466,Recovery,Cryptojacking,CoinIMP (CPU) (100%),Raspberry Pi 3B 1GB,ACS712,1
02:56:50.261,2.46,0.04,0.42,2.09,709.473,Recovery,Cryptojacking,CoinIMP (CPU) (100%),Raspberry Pi 3B 1GB,ACS712,1
02:56:51.263,2.48,0.07,0.66,3.31,710.475,Recovery,Cryptojacking,CoinIMP (CPU) (100%),Raspberry Pi 3B 1GB,ACS712,1
02:56:52.235,2.48,0.06,0.61,3.06,711.447,Recovery,Cryptojacking,CoinIMP (CPU) (100%),Raspberry Pi 3B 1GB,ACS712,1
02:56:53.249,2.47,0.05,0.51,2.57,712.461,Recovery,Cryptojacking,CoinIMP (CPU) (100%),Raspberry Pi 3B 1GB,ACS712,1
02:56:54.255,2.48,0.06,0.61,3.06,713.467,Recovery,Cryptojacking,CoinIMP (CPU) (100%),Raspberry Pi 3B 1GB,ACS712,1
02:56:55.252,2.46,0.04,0.42,2.09,714.464,Recovery,Cryptojacking,CoinIMP (CPU) (100%),Raspberry Pi 3B 1GB,ACS712,1
02:56:56.259,2.47,0.05,0.51,2.57,715.471,Recovery,Cryptojacking,CoinIMP (CPU) (100%),Raspberry Pi 3B 1GB,ACS712,1
02:56:57.267,2.49,0.07,0.71,3.55,716.479,Recovery,Cryptojacking,CoinIMP (CPU) (100%),Raspberry Pi 3B 1GB,ACS712,1
02:56:58.240,2.47,0.06,0.56,2.82,717.452,Recovery,Cryptojacking,CoinIMP (CPU) (100%),Raspberry Pi 3B 1GB,ACS712,1
02:56:59.241,2.46,0.05,0.47,2.33,718.453,Recovery,Cryptojacking,CoinIMP (CPU) (100%),Raspberry Pi 3B 1GB,ACS712,1
02:57:00.252,2.48,0.06,0.61,3.06,719.464,Recovery,Cryptojacking,CoinIMP (CPU) (100%),Raspberry Pi 3B 1GB,ACS712,1
02:57:01.257,2.46,0.05,0.47,2.33,720.469,Recovery,Cryptojacking,CoinIMP (CPU) (100%),Raspberry Pi 3B 1GB,ACS712,1
02:57:02.262,2.48,0.06,0.61,3.06,721.474,Recovery,Cryptojacking,CoinIMP (CPU) (100%),Raspberry Pi 3B 1GB,ACS712,1
02:57:03.265,2.46,0.04,0.42,2.09,722.477,Recovery,Cryptojacking,CoinIMP (CPU) (100%),Raspberry Pi 3B 1GB,ACS712,1
02:57:04.242,2.47,0.06,0.56,2.82,723.454,Recovery,Cryptojacking,CoinIMP (CPU) (100%),Raspberry Pi 3B 1GB,ACS712,1
02:57:05.250,2.48,0.06,0.61,3.06,724.462,Recovery,Cryptojacking,CoinIMP (CPU) (100%),Raspberry Pi 3B 1GB,ACS712,1
02:57:06.253,2.47,0.06,0.56,2.82,725.465,Recovery,Cryptojacking,CoinIMP (CPU) (100%),Raspberry Pi 3B 1GB,ACS712,1
02:57:07.259,2.48,0.06,0.61,3.06,726.471,Recovery,Cryptojacking,CoinIMP (CPU) (100%),Raspberry Pi 3B 1GB,ACS712,1
02:57:08.264,2.47,0.05,0.51,2.57,727.476,Recovery,Cryptojacking,CoinIMP (CPU) (100%),Raspberry Pi 3B 1GB,ACS712,1
02:57:09.278,2.45,0.04,0.37,1.84,728.49,Recovery,Cryptojacking,CoinIMP (CPU) (100%),Raspberry Pi 3B 1GB,ACS712,1
02:57:10.248,2.46,0.05,0.47,2.33,729.46,Recovery,Cryptojacking,CoinIMP (CPU) (100%),Raspberry Pi 3B 1GB,ACS712,1
02:57:11.251,2.47,0.05,0.51,2.57,730.463,Recovery,Cryptojacking,CoinIMP (CPU) (100%),Raspberry Pi 3B 1GB,ACS712,1
02:57:12.257,2.46,0.05,0.47,2.33,731.469,Recovery,Cryptojacking,CoinIMP (CPU) (100%),Raspberry Pi 3B 1GB,ACS712,1
02:57:13.268,2.47,0.05,0.51,2.57,732.48,Recovery,Cryptojacking,CoinIMP (CPU) (100%),Raspberry Pi 3B 1GB,ACS712,1
02:57:14.273,2.47,0.06,0.56,2.82,733.485,Recovery,Cryptojacking,CoinIMP (CPU) (100%),Raspberry Pi 3B 1GB,ACS712,1
02:57:15.281,2.47,0.05,0.51,2.57,734.493,Recovery,Cryptojacking,CoinIMP (CPU) (100%),Raspberry Pi 3B 1GB,ACS712,1
02:57:16.256,2.47,0.05,0.51,2.57,735.468,Recovery,Cryptojacking,CoinIMP (CPU) (100%),Raspberry Pi 3B 1GB,ACS712,1
02:57:17.258,2.47,0.05,0.51,2.57,736.47,Recovery,Cryptojacking,CoinIMP (CPU) (100%),Raspberry Pi 3B 1GB,ACS712,1
02:57:18.273,2.47,0.05,0.51,2.57,737.485,Recovery,Cryptojacking,CoinIMP (CPU) (100%),Raspberry Pi 3B 1GB,ACS712,1
02:57:19.272,2.47,0.06,0.56,2.82,738.484,Recovery,Cryptojacking,CoinIMP (CPU) (100%),Raspberry Pi 3B 1GB,ACS712,1
02:57:20.275,2.47,0.05,0.51,2.57,739.487,Recovery,Cryptojacking,CoinIMP (CPU) (100%),Raspberry Pi 3B 1GB,ACS712,1
02:57:21.276,2.46,0.05,0.47,2.33,740.488,Recovery,Cryptojacking,CoinIMP (CPU) (100%),Raspberry Pi 3B 1GB,ACS712,1
02:57:22.283,2.48,0.07,0.66,3.31,741.495,Recovery,Cryptojacking,CoinIMP (CPU) (100%),Raspberry Pi 3B 1GB,ACS712,1
02:57:23.281,2.46,0.05,0.47,2.33,742.493,Recovery,Cryptojacking,CoinIMP (CPU) (100%),Raspberry Pi 3B 1GB,ACS712,1
02:57:24.256,2.48,0.06,0.61,3.06,743.468,Recovery,Cryptojacking,CoinIMP (CPU) (100%),Raspberry Pi 3B 1GB,ACS712,1
02:57:25.266,2.48,0.06,0.61,3.06,744.478,Recovery,Cryptojacking,CoinIMP (CPU) (100%),Raspberry Pi 3B 1GB,ACS712,1
02:57:26.280,2.47,0.06,0.56,2.82,745.492,Recovery,Cryptojacking,CoinIMP (CPU) (100%),Raspberry Pi 3B 1GB,ACS712,1
02:57:27.257,2.47,0.05,0.51,2.57,746.469,Recovery,Cryptojacking,CoinIMP (CPU) (100%),Raspberry Pi 3B 1GB,ACS712,1
02:57:28.267,2.48,0.06,0.61,3.06,747.479,Recovery,Cryptojacking,CoinIMP (CPU) (100%),Raspberry Pi 3B 1GB,ACS712,1
02:57:29.273,2.47,0.05,0.51,2.57,748.485,Recovery,Cryptojacking,CoinIMP (CPU) (100%),Raspberry Pi 3B 1GB,ACS712,1
02:57:30.279,2.47,0.06,0.56,2.82,749.491,Recovery,Cryptojacking,CoinIMP (CPU) (100%),Raspberry Pi 3B 1GB,ACS712,1
02:57:31.284,2.47,0.06,0.56,2.82,750.496,Recovery,Cryptojacking,CoinIMP (CPU) (100%),Raspberry Pi 3B 1GB,ACS712,1
02:57:32.262,2.49,0.07,0.71,3.55,751.474,Recovery,Cryptojacking,CoinIMP (CPU) (100%),Raspberry Pi 3B 1GB,ACS712,1
02:57:33.266,2.46,0.04,0.42,2.09,752.478,Recovery,Cryptojacking,CoinIMP (CPU) (100%),Raspberry Pi 3B 1GB,ACS712,1
02:57:34.264,2.46,0.05,0.47,2.33,753.476,Recovery,Cryptojacking,CoinIMP (CPU) (100%),Raspberry Pi 3B 1GB,ACS712,1
02:57:35.269,2.46,0.04,0.42,2.09,754.481,Recovery,Cryptojacking,CoinIMP (CPU) (100%),Raspberry Pi 3B 1GB,ACS712,1
02:57:36.271,2.46,0.05,0.47,2.33,755.483,Recovery,Cryptojacking,CoinIMP (CPU) (100%),Raspberry Pi 3B 1GB,ACS712,1
02:57:37.267,2.48,0.06,0.61,3.06,756.479,Recovery,Cryptojacking,CoinIMP (CPU) (100%),Raspberry Pi 3B 1GB,ACS712,1
02:57:38.278,2.47,0.06,0.56,2.82,757.49,Recovery,Cryptojacking,CoinIMP (CPU) (100%),Raspberry Pi 3B 1GB,ACS712,1
02:57:39.283,2.46,0.05,0.47,2.33,758.495,Recovery,Cryptojacking,CoinIMP (CPU) (100%),Raspberry Pi 3B 1GB,ACS712,1
02:57:40.287,2.46,0.04,0.42,2.09,759.499,Recovery,Cryptojacking,CoinIMP (CPU) (100%),Raspberry Pi 3B 1GB,ACS712,1
02:57:41.268,2.47,0.06,0.56,2.82,760.48,Recovery,Cryptojacking,CoinIMP (CPU) (100%),Raspberry Pi 3B 1GB,ACS712,1
02:57:42.275,2.48,0.06,0.61,3.06,761.487,Recovery,Cryptojacking,CoinIMP (CPU) (100%),Raspberry Pi 3B 1GB,ACS712,1
02:57:43.289,2.47,0.06,0.56,2.82,762.501,Recovery,Cryptojacking,CoinIMP (CPU) (100%),Raspberry Pi 3B 1GB,ACS712,1
02:57:44.294,2.47,0.06,0.56,2.82,763.506,Recovery,Cryptojacking,CoinIMP (CPU) (100%),Raspberry Pi 3B 1GB,ACS712,1
02:57:45.301,2.47,0.05,0.51,2.57,764.513,Recovery,Cryptojacking,CoinIMP (CPU) (100%),Raspberry Pi 3B 1GB,ACS712,1
02:57:46.270,2.47,0.06,0.56,2.82,765.482,Recovery,Cryptojacking,CoinIMP (CPU) (100%),Raspberry Pi 3B 1GB,ACS712,1
02:57:47.276,2.51,0.09,0.91,4.53,766.488,Recovery,Cryptojacking,CoinIMP (CPU) (100%),Raspberry Pi 3B 1GB,ACS712,1
02:57:48.278,2.46,0.04,0.42,2.09,767.49,Recovery,Cryptojacking,CoinIMP (CPU) (100%),Raspberry Pi 3B 1GB,ACS712,1
02:57:49.282,2.47,0.05,0.51,2.57,768.494,Recovery,Cryptojacking,CoinIMP (CPU) (100%),Raspberry Pi 3B 1GB,ACS712,1
02:57:50.285,2.47,0.05,0.51,2.57,769.497,Recovery,Cryptojacking,CoinIMP (CPU) (100%),Raspberry Pi 3B 1GB,ACS712,1
02:57:51.286,2.46,0.04,0.42,2.09,770.498,Recovery,Cryptojacking,CoinIMP (CPU) (100%),Raspberry Pi 3B 1GB,ACS712,1
02:57:52.282,2.45,0.04,0.37,1.84,771.494,Recovery,Cryptojacking,CoinIMP (CPU) (100%),Raspberry Pi 3B 1GB,ACS712,1
02:57:53.282,2.49,0.07,0.71,3.55,772.494,Recovery,Cryptojacking,CoinIMP (CPU) (100%),Raspberry Pi 3B 1GB,ACS712,1
02:57:54.283,2.46,0.05,0.47,2.33,773.495,Recovery,Cryptojacking,CoinIMP (CPU) (100%),Raspberry Pi 3B 1GB,ACS712,1
02:57:55.287,2.47,0.05,0.51,2.57,774.499,Recovery,Cryptojacking,CoinIMP (CPU) (100%),Raspberry Pi 3B 1GB,ACS712,1
02:57:56.302,2.46,0.05,0.47,2.33,775.514,Recovery,Cryptojacking,CoinIMP (CPU) (100%),Raspberry Pi 3B 1GB,ACS712,1
02:57:57.309,2.45,0.04,0.37,1.84,776.521,Recovery,Cryptojacking,CoinIMP (CPU) (100%),Raspberry Pi 3B 1GB,ACS712,1
02:57:58.283,2.46,0.05,0.47,2.33,777.495,Recovery,Cryptojacking,CoinIMP (CPU) (100%),Raspberry Pi 3B 1GB,ACS712,1
02:57:59.292,2.47,0.05,0.51,2.57,778.504,Recovery,Cryptojacking,CoinIMP (CPU) (100%),Raspberry Pi 3B 1GB,ACS712,1
02:58:00.303,2.47,0.05,0.51,2.57,779.515,Recovery,Cryptojacking,CoinIMP (CPU) (100%),Raspberry Pi 3B 1GB,ACS712,1
02:58:01.307,2.45,0.04,0.37,1.84,780.519,Recovery,Cryptojacking,CoinIMP (CPU) (100%),Raspberry Pi 3B 1GB,ACS712,1
02:58:02.313,2.47,0.05,0.51,2.57,781.525,Recovery,Cryptojacking,CoinIMP (CPU) (100%),Raspberry Pi 3B 1GB,ACS712,1
02:58:03.284,2.46,0.05,0.47,2.33,782.496,Recovery,Cryptojacking,CoinIMP (CPU) (100%),Raspberry Pi 3B 1GB,ACS712,1
02:58:04.292,2.46,0.04,0.42,2.09,783.504,Recovery,Cryptojacking,CoinIMP (CPU) (100%),Raspberry Pi 3B 1GB,ACS712,1
02:58:05.297,2.46,0.05,0.47,2.33,784.509,Recovery,Cryptojacking,CoinIMP (CPU) (100%),Raspberry Pi 3B 1GB,ACS712,1
02:58:06.296,2.47,0.05,0.51,2.57,785.508,Recovery,Cryptojacking,CoinIMP (CPU) (100%),Raspberry Pi 3B 1GB,ACS712,1
02:58:07.305,2.46,0.05,0.47,2.33,786.517,Recovery,Cryptojacking,CoinIMP (CPU) (100%),Raspberry Pi 3B 1GB,ACS712,1
02:58:08.304,2.47,0.06,0.56,2.82,787.516,Recovery,Cryptojacking,CoinIMP (CPU) (100%),Raspberry Pi 3B 1GB,ACS712,1
02:58:09.311,2.47,0.05,0.51,2.57,788.523,Recovery,Cryptojacking,CoinIMP (CPU) (100%),Raspberry Pi 3B 1GB,ACS712,1
02:58:10.315,2.47,0.05,0.51,2.57,789.527,Recovery,Cryptojacking,CoinIMP (CPU) (100%),Raspberry Pi 3B 1GB,ACS712,1
02:58:11.319,2.47,0.05,0.51,2.57,790.531,Recovery,Cryptojacking,CoinIMP (CPU) (100%),Raspberry Pi 3B 1GB,ACS712,1
02:58:12.294,2.46,0.05,0.47,2.33,791.506,Recovery,Cryptojacking,CoinIMP (CPU) (100%),Raspberry Pi 3B 1GB,ACS712,1
02:58:13.294,2.46,0.05,0.47,2.33,792.506,Recovery,Cryptojacking,CoinIMP (CPU) (100%),Raspberry Pi 3B 1GB,ACS712,1
02:58:14.305,2.47,0.06,0.56,2.82,793.517,Recovery,Cryptojacking,CoinIMP (CPU) (100%),Raspberry Pi 3B 1GB,ACS712,1
02:58:15.299,2.47,0.05,0.51,2.57,794.511,Recovery,Cryptojacking,CoinIMP (CPU) (100%),Raspberry Pi 3B 1GB,ACS712,1
02:58:16.307,2.46,0.04,0.42,2.09,795.519,Recovery,Cryptojacking,CoinIMP (CPU) (100%),Raspberry Pi 3B 1GB,ACS712,1
02:58:17.308,2.46,0.05,0.47,2.33,796.52,Recovery,Cryptojacking,CoinIMP (CPU) (100%),Raspberry Pi 3B 1GB,ACS712,1
02:58:18.307,2.46,0.05,0.47,2.33,797.519,Recovery,Cryptojacking,CoinIMP (CPU) (100%),Raspberry Pi 3B 1GB,ACS712,1
02:58:19.311,2.47,0.05,0.51,2.57,798.523,Recovery,Cryptojacking,CoinIMP (CPU) (100%),Raspberry Pi 3B 1GB,ACS712,1
02:58:20.318,2.46,0.04,0.42,2.09,799.53,Recovery,Cryptojacking,CoinIMP (CPU) (100%),Raspberry Pi 3B 1GB,ACS712,1
02:58:21.294,2.47,0.05,0.51,2.57,800.506,Recovery,Cryptojacking,CoinIMP (CPU) (100%),Raspberry Pi 3B 1GB,ACS712,1
02:58:22.301,2.47,0.05,0.51,2.57,801.513,Recovery,Cryptojacking,CoinIMP (CPU) (100%),Raspberry Pi 3B 1GB,ACS712,1
02:58:23.312,2.47,0.05,0.51,2.57,802.524,Recovery,Cryptojacking,CoinIMP (CPU) (100%),Raspberry Pi 3B 1GB,ACS712,1
02:58:24.325,2.45,0.04,0.37,1.84,803.537,Recovery,Cryptojacking,CoinIMP (CPU) (100%),Raspberry Pi 3B 1GB,ACS712,1
02:58:25.298,2.46,0.04,0.42,2.09,804.51,Recovery,Cryptojacking,CoinIMP (CPU) (100%),Raspberry Pi 3B 1GB,ACS712,1
02:58:26.301,2.46,0.05,0.47,2.33,805.513,Recovery,Cryptojacking,CoinIMP (CPU) (100%),Raspberry Pi 3B 1GB,ACS712,1
02:58:27.308,2.46,0.05,0.47,2.33,806.52,Recovery,Cryptojacking,CoinIMP (CPU) (100%),Raspberry Pi 3B 1GB,ACS712,1
02:58:28.314,2.46,0.04,0.42,2.09,807.526,Recovery,Cryptojacking,CoinIMP (CPU) (100%),Raspberry Pi 3B 1GB,ACS712,1
02:58:29.317,2.46,0.05,0.47,2.33,808.529,Recovery,Cryptojacking,CoinIMP (CPU) (100%),Raspberry Pi 3B 1GB,ACS712,1
02:58:30.320,2.46,0.05,0.47,2.33,809.532,Recovery,Cryptojacking,CoinIMP (CPU) (100%),Raspberry Pi 3B 1GB,ACS712,1
02:58:31.322,2.46,0.05,0.47,2.33,810.534,Recovery,Cryptojacking,CoinIMP (CPU) (100%),Raspberry Pi 3B 1GB,ACS712,1
02:58:32.300,2.45,0.03,0.32,1.6,811.512,Recovery,Cryptojacking,CoinIMP (CPU) (100%),Raspberry Pi 3B 1GB,ACS712,1
02:58:33.313,2.46,0.05,0.47,2.33,812.525,Recovery,Cryptojacking,CoinIMP (CPU) (100%),Raspberry Pi 3B 1GB,ACS712,1
02:58:34.318,2.47,0.05,0.51,2.57,813.53,Recovery,Cryptojacking,CoinIMP (CPU) (100%),Raspberry Pi 3B 1GB,ACS712,1
02:58:35.323,2.47,0.05,0.51,2.57,814.535,Recovery,Cryptojacking,CoinIMP (CPU) (100%),Raspberry Pi 3B 1GB,ACS712,1
02:58:36.328,2.46,0.04,0.42,2.09,815.54,Recovery,Cryptojacking,CoinIMP (CPU) (100%),Raspberry Pi 3B 1GB,ACS712,1
02:58:37.324,2.47,0.05,0.51,2.57,816.536,Recovery,Cryptojacking,CoinIMP (CPU) (100%),Raspberry Pi 3B 1GB,ACS712,1
02:58:38.333,2.46,0.05,0.47,2.33,817.545,Recovery,Cryptojacking,CoinIMP (CPU) (100%),Raspberry Pi 3B 1GB,ACS712,1
02:58:39.335,2.48,0.07,0.66,3.31,818.547,Recovery,Cryptojacking,CoinIMP (CPU) (100%),Raspberry Pi 3B 1GB,ACS712,1
02:58:40.307,2.45,0.04,0.37,1.84,819.519,Recovery,Cryptojacking,CoinIMP (CPU) (100%),Raspberry Pi 3B 1GB,ACS712,1
02:58:41.307,2.45,0.04,0.37,1.84,820.519,Recovery,Cryptojacking,CoinIMP (CPU) (100%),Raspberry Pi 3B 1GB,ACS712,1
02:58:42.324,2.46,0.04,0.42,2.09,821.536,Recovery,Cryptojacking,CoinIMP (CPU) (100%),Raspberry Pi 3B 1GB,ACS712,1
02:58:43.328,2.47,0.06,0.56,2.82,822.54,Recovery,Cryptojacking,CoinIMP (CPU) (100%),Raspberry Pi 3B 1GB,ACS712,1
02:58:44.336,2.45,0.04,0.37,1.84,823.548,Recovery,Cryptojacking,CoinIMP (CPU) (100%),Raspberry Pi 3B 1GB,ACS712,1
02:58:45.314,2.46,0.04,0.42,2.09,824.526,Recovery,Cryptojacking,CoinIMP (CPU) (100%),Raspberry Pi 3B 1GB,ACS712,1
02:58:46.316,2.46,0.04,0.42,2.09,825.528,Recovery,Cryptojacking,CoinIMP (CPU) (100%),Raspberry Pi 3B 1GB,ACS712,1
02:58:47.330,2.46,0.04,0.42,2.09,826.542,Recovery,Cryptojacking,CoinIMP (CPU) (100%),Raspberry Pi 3B 1GB,ACS712,1
02:58:48.329,2.46,0.04,0.42,2.09,827.541,Recovery,Cryptojacking,CoinIMP (CPU) (100%),Raspberry Pi 3B 1GB,ACS712,1
02:58:49.336,2.48,0.06,0.61,3.06,828.548,Recovery,Cryptojacking,CoinIMP (CPU) (100%),Raspberry Pi 3B 1GB,ACS712,1
02:58:50.342,2.46,0.04,0.42,2.09,829.554,Recovery,Cryptojacking,CoinIMP (CPU) (100%),Raspberry Pi 3B 1GB,ACS712,1
02:58:51.337,2.46,0.04,0.42,2.09,830.549,Recovery,Cryptojacking,CoinIMP (CPU) (100%),Raspberry Pi 3B 1GB,ACS712,1
02:58:52.344,2.46,0.04,0.42,2.09,831.556,Recovery,Cryptojacking,CoinIMP (CPU) (100%),Raspberry Pi 3B 1GB,ACS712,1
02:58:53.348,2.46,0.04,0.42,2.09,832.56,Recovery,Cryptojacking,CoinIMP (CPU) (100%),Raspberry Pi 3B 1GB,ACS712,1
02:58:54.322,2.46,0.05,0.47,2.33,833.534,Recovery,Cryptojacking,CoinIMP (CPU) (100%),Raspberry Pi 3B 1GB,ACS712,1
02:58:55.324,2.45,0.04,0.37,1.84,834.536,Recovery,Cryptojacking,CoinIMP (CPU) (100%),Raspberry Pi 3B 1GB,ACS712,1
02:58:56.328,2.45,0.04,0.37,1.84,835.54,Recovery,Cryptojacking,CoinIMP (CPU) (100%),Raspberry Pi 3B 1GB,ACS712,1
02:58:57.335,2.45,0.03,0.32,1.6,836.547,Recovery,Cryptojacking,CoinIMP (CPU) (100%),Raspberry Pi 3B 1GB,ACS712,1
02:58:58.341,2.46,0.04,0.42,2.09,837.553,Recovery,Cryptojacking,CoinIMP (CPU) (100%),Raspberry Pi 3B 1GB,ACS712,1
02:58:59.339,2.48,0.06,0.61,3.06,838.551,Recovery,Cryptojacking,CoinIMP (CPU) (100%),Raspberry Pi 3B 1GB,ACS712,1
02:59:00.341,2.45,0.03,0.32,1.6,839.553,Recovery,Cryptojacking,CoinIMP (CPU) (100%),Raspberry Pi 3B 1GB,ACS712,1
02:59:01.345,2.47,0.05,0.51,2.57,840.557,Recovery,Cryptojacking,CoinIMP (CPU) (100%),Raspberry Pi 3B 1GB,ACS712,1
02:59:02.320,2.45,0.04,0.37,1.84,841.532,Recovery,Cryptojacking,CoinIMP (CPU) (100%),Raspberry Pi 3B 1GB,ACS712,1
02:59:03.327,2.45,0.03,0.32,1.6,842.539,Recovery,Cryptojacking,CoinIMP (CPU) (100%),Raspberry Pi 3B 1GB,ACS712,1
02:59:04.337,2.47,0.06,0.56,2.82,843.549,Recovery,Cryptojacking,CoinIMP (CPU) (100%),Raspberry Pi 3B 1GB,ACS712,1
02:59:05.350,2.45,0.04,0.37,1.84,844.562,Recovery,Cryptojacking,CoinIMP (CPU) (100%),Raspberry Pi 3B 1GB,ACS712,1
02:59:06.327,2.45,0.04,0.37,1.84,845.539,Recovery,Cryptojacking,CoinIMP (CPU) (100%),Raspberry Pi 3B 1GB,ACS712,1
02:59:07.329,2.46,0.04,0.42,2.09,846.541,Recovery,Cryptojacking,CoinIMP (CPU) (100%),Raspberry Pi 3B 1GB,ACS712,1
02:59:08.335,2.45,0.04,0.37,1.84,847.547,Recovery,Cryptojacking,CoinIMP (CPU) (100%),Raspberry Pi 3B 1GB,ACS712,1
02:59:09.337,2.48,0.07,0.66,3.31,848.549,Recovery,Cryptojacking,CoinIMP (CPU) (100%),Raspberry Pi 3B 1GB,ACS712,1
02:59:10.347,2.45,0.04,0.37,1.84,849.559,Recovery,Cryptojacking,CoinIMP (CPU) (100%),Raspberry Pi 3B 1GB,ACS712,1
02:59:11.349,2.45,0.04,0.37,1.84,850.561,Recovery,Cryptojacking,CoinIMP (CPU) (100%),Raspberry Pi 3B 1GB,ACS712,1
02:59:12.358,2.45,0.04,0.37,1.84,851.57,Recovery,Cryptojacking,CoinIMP (CPU) (100%),Raspberry Pi 3B 1GB,ACS712,1
02:59:13.328,2.45,0.03,0.32,1.6,852.54,Recovery,Cryptojacking,CoinIMP (CPU) (100%),Raspberry Pi 3B 1GB,ACS712,1
02:59:14.333,2.45,0.03,0.32,1.6,853.545,Recovery,Cryptojacking,CoinIMP (CPU) (100%),Raspberry Pi 3B 1GB,ACS712,1
02:59:15.338,2.45,0.03,0.32,1.6,854.55,Recovery,Cryptojacking,CoinIMP (CPU) (100%),Raspberry Pi 3B 1GB,ACS712,1
02:59:16.341,2.45,0.04,0.37,1.84,855.553,Recovery,Cryptojacking,CoinIMP (CPU) (100%),Raspberry Pi 3B 1GB,ACS712,1
02:59:17.348,2.45,0.04,0.37,1.84,856.56,Recovery,Cryptojacking,CoinIMP (CPU) (100%),Raspberry Pi 3B 1GB,ACS712,1
02:59:18.356,2.45,0.04,0.37,1.84,857.568,Recovery,Cryptojacking,CoinIMP (CPU) (100%),Raspberry Pi 3B 1GB,ACS712,1
02:59:19.331,2.45,0.04,0.37,1.84,858.543,Recovery,Cryptojacking,CoinIMP (CPU) (100%),Raspberry Pi 3B 1GB,ACS712,1
02:59:20.332,2.45,0.03,0.32,1.6,859.544,Recovery,Cryptojacking,CoinIMP (CPU) (100%),Raspberry Pi 3B 1GB,ACS712,1
02:59:21.335,2.45,0.03,0.32,1.6,860.547,Recovery,Cryptojacking,CoinIMP (CPU) (100%),Raspberry Pi 3B 1GB,ACS712,1
02:59:22.336,2.44,0.03,0.27,1.35,861.548,Recovery,Cryptojacking,CoinIMP (CPU) (100%),Raspberry Pi 3B 1GB,ACS712,1
02:59:23.340,2.45,0.04,0.37,1.84,862.552,Recovery,Cryptojacking,CoinIMP (CPU) (100%),Raspberry Pi 3B 1GB,ACS712,1
02:59:24.347,2.43,0.02,0.17,0.86,863.559,Recovery,Cryptojacking,CoinIMP (CPU) (100%),Raspberry Pi 3B 1GB,ACS712,1
02:59:25.357,2.45,0.03,0.32,1.6,864.569,Recovery,Cryptojacking,CoinIMP (CPU) (100%),Raspberry Pi 3B 1GB,ACS712,1
02:59:26.365,2.46,0.04,0.42,2.09,865.577,Recovery,Cryptojacking,CoinIMP (CPU) (100%),Raspberry Pi 3B 1GB,ACS712,1
02:59:27.370,2.46,0.04,0.42,2.09,866.582,Recovery,Cryptojacking,CoinIMP (CPU) (100%),Raspberry Pi 3B 1GB,ACS712,1
02:59:28.346,2.45,0.04,0.37,1.84,867.558,Recovery,Cryptojacking,CoinIMP (CPU) (100%),Raspberry Pi 3B 1GB,ACS712,1
02:59:29.355,2.46,0.04,0.42,2.09,868.567,Recovery,Cryptojacking,CoinIMP (CPU) (100%),Raspberry Pi 3B 1GB,ACS712,1
02:59:30.363,2.45,0.03,0.32,1.6,869.575,Recovery,Cryptojacking,CoinIMP (CPU) (100%),Raspberry Pi 3B 1GB,ACS712,1
02:59:31.366,2.46,0.05,0.47,2.33,870.578,Recovery,Cryptojacking,CoinIMP (CPU) (100%),Raspberry Pi 3B 1GB,ACS712,1
02:59:32.367,2.45,0.04,0.37,1.84,871.579,Recovery,Cryptojacking,CoinIMP (CPU) (100%),Raspberry Pi 3B 1GB,ACS712,1
02:59:33.347,2.45,0.04,0.37,1.84,872.559,Recovery,Cryptojacking,CoinIMP (CPU) (100%),Raspberry Pi 3B 1GB,ACS712,1
02:59:34.350,2.46,0.04,0.42,2.09,873.562,Recovery,Cryptojacking,CoinIMP (CPU) (100%),Raspberry Pi 3B 1GB,ACS712,1
02:59:35.355,2.44,0.02,0.22,1.11,874.567,Recovery,Cryptojacking,CoinIMP (CPU) (100%),Raspberry Pi 3B 1GB,ACS712,1
02:59:36.358,2.45,0.03,0.32,1.6,875.57,Recovery,Cryptojacking,CoinIMP (CPU) (100%),Raspberry Pi 3B 1GB,ACS712,1
02:59:37.363,2.46,0.04,0.42,2.09,876.575,Recovery,Cryptojacking,CoinIMP (CPU) (100%),Raspberry Pi 3B 1GB,ACS712,1
02:59:38.376,2.45,0.03,0.32,1.6,877.588,Recovery,Cryptojacking,CoinIMP (CPU) (100%),Raspberry Pi 3B 1GB,ACS712,1
02:59:39.346,2.44,0.03,0.27,1.35,878.558,Recovery,Cryptojacking,CoinIMP (CPU) (100%),Raspberry Pi 3B 1GB,ACS712,1
02:59:40.358,2.44,0.03,0.27,1.35,879.57,Recovery,Cryptojacking,CoinIMP (CPU) (100%),Raspberry Pi 3B 1GB,ACS712,1
02:59:41.364,2.43,0.02,0.17,0.86,880.576,Recovery,Cryptojacking,CoinIMP (CPU) (100%),Raspberry Pi 3B 1GB,ACS712,1
02:59:42.375,2.44,0.03,0.27,1.35,881.587,Recovery,Cryptojacking,CoinIMP (CPU) (100%),Raspberry Pi 3B 1GB,ACS712,1
02:59:43.349,2.45,0.04,0.37,1.84,882.561,Recovery,Cryptojacking,CoinIMP (CPU) (100%),Raspberry Pi 3B 1GB,ACS712,1
02:59:44.355,2.44,0.02,0.22,1.11,883.567,Recovery,Cryptojacking,CoinIMP (CPU) (100%),Raspberry Pi 3B 1GB,ACS712,1
02:59:45.361,2.45,0.03,0.32,1.6,884.573,Recovery,Cryptojacking,CoinIMP (CPU) (100%),Raspberry Pi 3B 1GB,ACS712,1
02:59:46.368,2.45,0.03,0.32,1.6,885.58,Recovery,Cryptojacking,CoinIMP (CPU) (100%),Raspberry Pi 3B 1GB,ACS712,1
02:59:47.373,2.44,0.02,0.22,1.11,886.585,Recovery,Cryptojacking,CoinIMP (CPU) (100%),Raspberry Pi 3B 1GB,ACS712,1
02:59:48.352,2.46,0.04,0.42,2.09,887.564,Recovery,Cryptojacking,CoinIMP (CPU) (100%),Raspberry Pi 3B 1GB,ACS712,1
02:59:49.356,2.45,0.03,0.32,1.6,888.568,Recovery,Cryptojacking,CoinIMP (CPU) (100%),Raspberry Pi 3B 1GB,ACS712,1
02:59:50.363,2.45,0.03,0.32,1.6,889.575,Recovery,Cryptojacking,CoinIMP (CPU) (100%),Raspberry Pi 3B 1GB,ACS712,1
02:59:51.364,2.44,0.03,0.27,1.35,890.576,Recovery,Cryptojacking,CoinIMP (CPU) (100%),Raspberry Pi 3B 1GB,ACS712,1
02:59:52.358,2.45,0.03,0.32,1.6,891.57,Recovery,Cryptojacking,CoinIMP (CPU) (100%),Raspberry Pi 3B 1GB,ACS712,1
02:59:53.364,2.45,0.04,0.37,1.84,892.576,Recovery,Cryptojacking,CoinIMP (CPU) (100%),Raspberry Pi 3B 1GB,ACS712,1
02:59:54.369,2.44,0.03,0.27,1.35,893.581,Recovery,Cryptojacking,CoinIMP (CPU) (100%),Raspberry Pi 3B 1GB,ACS712,1
02:59:55.373,2.45,0.03,0.32,1.6,894.585,Recovery,Cryptojacking,CoinIMP (CPU) (100%),Raspberry Pi 3B 1GB,ACS712,1
02:59:56.372,2.45,0.04,0.37,1.84,895.584,Recovery,Cryptojacking,CoinIMP (CPU) (100%),Raspberry Pi 3B 1GB,ACS712,1
02:59:57.382,2.45,0.03,0.32,1.6,896.594,Recovery,Cryptojacking,CoinIMP (CPU) (100%),Raspberry Pi 3B 1GB,ACS712,1
02:59:58.357,2.45,0.04,0.37,1.84,897.569,Recovery,Cryptojacking,CoinIMP (CPU) (100%),Raspberry Pi 3B 1GB,ACS712,1
02:59:59.368,2.45,0.03,0.32,1.6,898.58,Recovery,Cryptojacking,CoinIMP (CPU) (100%),Raspberry Pi 3B 1GB,ACS712,1
03:00:00.370,2.45,0.04,0.37,1.84,899.582,Recovery,Cryptojacking,CoinIMP (CPU) (100%),Raspberry Pi 3B 1GB,ACS712,1
03:00:01.373,2.44,0.02,0.22,1.11,900.585,Recovery,Cryptojacking,CoinIMP (CPU) (100%),Raspberry Pi 3B 1GB,ACS712,1
