Timestamp,CPU Usage User (%),CPU Usage System (%),CPU Usage Wait (%),CPU Usage Idle (%),Memory Total (Mo),Memory Free (Mo),Memory Cached (Mo),Memory Active (Mo),Memory Buffers (Mo),Memory Inactive (Mo),Swap Total (Mo),Swap Free (Mo),Processes Runnable,Processes Blocked,Process Switches,Process Forks,Process Execs,Network lo Received (Ko/s),Network eth0 Received (Ko/s),Network wlan0 Received (Ko/s),Network lo Sent (Ko/s),Network eth0 Sent (Ko/s),Network wlan0 Sent (Ko/s),Network Packet lo Received,Network Packet eth0 Received,Network Packet wlan0 Received,Network Packet lo Sent,Network Packet eth0 Sent,Network Packet wlan0 Sent,Disk mmcblk1 Usage (%),Disk mmcblk1p1 Usage (%),Disk mmcblk1p2 Usage (%),Disk mmcblk1 Read (Ko/s),Disk mmcblk1p1 Read (Ko/s),Disk mmcblk1p2 Read (Ko/s),Disk mmcblk1 Write (Ko/s),Disk mmcblk1p1 Write (Ko/s),Disk mmcblk1p2 Write (Ko/s),Disk mmcblk1 Block Size (Ko),Disk mmcblk1p1 Block Size (Ko),Disk mmcblk1p2 Block Size (Ko),Disk mmcblk1 Transfers,Disk mmcblk1p1 Transfers,Disk mmcblk1p2 Transfers,JFS dev Usage (%),JFS run Usage (%),JFS Usage (%),JFS boot/firmware Usage (%)
15:59:47.000,0.7,2.8,0.0,96.5,3787.2,3507.0,145.6,69.7,14.5,112.9,0.0,0.0,1,0,0.0,0.0,0.0,0.0,0.0,0.0,-0.0,-0.0,-0.0,0.0,0.0,0.0,0.0,0.0,0.0,0.0,0.0,0.0,0.0,0.0,0.0,0.0,0.0,0.0,0.0,0.0,0.0,0.0,0.0,0.0,0.0,0.2,7.7,28.0
15:59:48.000,0.0,0.0,0.0,100.0,3787.2,3507.0,145.6,69.7,14.5,112.9,0.0,0.0,1,0,40.9,0.0,0.0,0.0,0.0,0.0,-0.0,-0.0,-0.0,0.0,0.0,0.0,0.0,0.0,0.0,0.0,0.0,0.0,0.0,0.0,0.0,0.0,0.0,0.0,0.0,0.0,0.0,0.0,0.0,0.0,0.0,0.2,7.7,28.0
15:59:49.000,0.0,0.0,0.0,100.0,3787.2,3507.0,145.6,69.7,14.5,112.9,0.0,0.0,1,0,51.9,0.0,0.0,0.0,0.0,0.0,-0.0,-0.0,-0.0,0.0,0.0,0.0,0.0,0.0,0.0,1.0,0.0,0.0,0.0,0.0,0.0,31.9,0.0,31.9,32.0,0.0,32.0,1.0,0.0,1.0,0.0,0.2,7.7,28.0
15:59:50.000,0.0,0.0,0.0,100.0,3787.2,3507.0,145.6,69.7,14.5,112.9,0.0,0.0,1,0,37.9,0.0,0.0,0.0,0.0,0.0,-0.0,-0.0,-0.0,0.0,0.0,0.0,0.0,0.0,0.0,0.0,0.0,0.0,0.0,0.0,0.0,0.0,0.0,0.0,0.0,0.0,0.0,0.0,0.0,0.0,0.0,0.2,7.7,28.0
15:59:51.000,0.2,0.0,0.0,99.8,3787.2,3507.0,145.6,69.7,14.5,112.9,0.0,0.0,1,0,55.9,0.0,0.0,0.0,0.0,0.0,-0.0,-0.0,-0.0,0.0,0.0,0.0,0.0,0.0,0.0,0.0,0.0,0.0,0.0,0.0,0.0,0.0,0.0,0.0,0.0,0.0,0.0,0.0,0.0,0.0,0.0,0.2,7.7,28.0
15:59:52.000,0.0,0.0,0.2,99.8,3787.2,3507.0,145.6,69.7,14.5,112.9,0.0,0.0,1,0,65.7,0.0,0.0,0.0,0.0,0.0,-0.0,-0.0,-0.0,0.0,0.0,0.0,0.0,0.0,0.0,0.0,0.0,1.0,0.0,0.0,0.0,39.8,0.0,39.8,20.0,0.0,20.0,2.0,0.0,2.0,0.0,0.2,7.7,28.0
15:59:53.000,0.0,0.0,0.0,100.0,3787.2,3507.0,145.6,69.8,14.5,112.9,0.0,0.0,1,0,39.9,0.0,0.0,0.0,0.0,0.0,-0.0,-0.0,-0.0,0.0,0.0,0.0,0.0,0.0,0.0,0.0,0.0,0.0,0.0,0.0,0.0,0.0,0.0,0.0,0.0,0.0,0.0,0.0,0.0,0.0,0.0,0.2,7.7,28.0
15:59:54.000,0.0,0.0,0.0,100.0,3787.2,3507.0,145.6,69.8,14.5,112.9,0.0,0.0,1,0,60.9,1.0,0.0,0.0,0.0,0.0,-0.0,-0.0,-0.0,0.0,0.0,0.0,0.0,0.0,0.0,0.0,0.0,0.0,0.0,0.0,0.0,4.0,0.0,4.0,4.0,0.0,4.0,1.0,0.0,1.0,0.0,0.2,7.7,28.0
15:59:55.000,0.0,0.0,0.0,100.0,3787.2,3507.0,145.6,69.8,14.5,112.9,0.0,0.0,1,0,71.9,0.0,0.0,0.0,0.0,0.0,-0.0,-0.0,-0.0,0.0,0.0,0.0,0.0,0.0,0.0,0.0,0.0,0.0,0.0,0.0,0.0,0.0,0.0,0.0,0.0,0.0,0.0,0.0,0.0,0.0,0.0,0.2,7.7,28.0
15:59:56.000,0.0,0.0,0.0,100.0,3787.2,3507.0,145.6,69.8,14.5,112.9,0.0,0.0,1,0,65.9,0.0,0.0,0.0,0.0,0.0,-0.0,-0.0,-0.0,0.0,0.0,0.0,0.0,0.0,0.0,0.0,0.0,0.0,0.0,0.0,0.0,0.0,0.0,0.0,0.0,0.0,0.0,0.0,0.0,0.0,0.0,0.2,7.7,28.0
15:59:57.000,0.0,0.2,0.0,99.8,3787.2,3507.0,145.6,69.8,14.5,112.9,0.0,0.0,1,0,98.7,0.0,0.0,0.0,0.0,0.0,-0.0,-0.0,-0.0,0.0,0.0,0.0,0.0,0.0,0.0,1.0,0.0,1.0,0.0,0.0,0.0,39.9,0.0,39.9,5.0,0.0,5.0,8.0,0.0,8.0,0.0,0.2,7.7,28.0
15:59:58.000,0.0,0.0,0.0,100.0,3787.2,3507.0,145.6,69.8,14.5,112.9,0.0,0.0,1,0,39.9,0.0,0.0,0.0,0.0,0.0,-0.0,-0.0,-0.0,0.0,0.0,0.0,0.0,0.0,0.0,0.0,0.0,0.0,0.0,0.0,0.0,0.0,0.0,0.0,0.0,0.0,0.0,0.0,0.0,0.0,0.0,0.2,7.7,28.0
15:59:59.000,0.0,0.0,0.0,100.0,3787.2,3507.0,145.6,69.8,14.5,112.9,0.0,0.0,1,0,43.9,0.0,0.0,0.0,0.0,0.0,-0.0,-0.0,-0.0,0.0,0.0,0.0,0.0,0.0,0.0,0.0,0.0,0.0,0.0,0.0,0.0,0.0,0.0,0.0,0.0,0.0,0.0,0.0,0.0,0.0,0.0,0.2,7.7,28.0
16:00:00.000,0.2,0.0,0.0,99.8,3787.2,3507.0,145.6,69.8,14.5,112.9,0.0,0.0,1,0,50.9,0.0,0.0,0.0,0.0,0.0,-0.0,-0.0,-0.0,0.0,0.0,0.0,0.0,0.0,0.0,0.0,0.0,0.0,0.0,0.0,0.0,8.0,0.0,8.0,4.0,0.0,4.0,2.0,0.0,2.0,0.0,0.2,7.7,28.0
16:00:01.000,0.0,0.0,0.0,100.0,3787.2,3507.0,145.6,69.8,14.6,112.9,0.0,0.0,1,0,27.9,0.0,0.0,0.0,0.0,0.0,-0.0,-0.0,-0.0,0.0,0.0,0.0,0.0,0.0,0.0,1.0,0.0,0.0,0.0,0.0,0.0,0.0,0.0,0.0,0.0,0.0,0.0,0.0,0.0,0.0,0.0,0.2,7.7,28.0
16:00:02.000,0.0,0.0,0.2,99.8,3787.2,3507.0,145.6,69.8,14.6,112.9,0.0,0.0,1,0,59.8,0.0,0.0,0.0,0.0,0.0,-0.0,-0.0,-0.0,0.0,0.0,0.0,0.0,0.0,0.0,0.0,0.0,0.0,0.0,0.0,0.0,19.9,0.0,19.9,10.0,0.0,10.0,2.0,0.0,2.0,0.0,0.2,7.7,28.0
16:00:03.000,0.0,0.2,0.0,99.8,3787.2,3507.0,145.6,69.8,14.6,112.9,0.0,0.0,1,0,61.9,1.0,0.0,0.0,0.0,0.0,-0.0,-0.0,-0.0,0.0,0.0,0.0,0.0,0.0,0.0,0.0,0.0,0.0,0.0,0.0,0.0,0.0,0.0,0.0,0.0,0.0,0.0,0.0,0.0,0.0,0.0,0.2,7.7,28.0
16:00:04.000,0.0,0.0,0.0,100.0,3787.2,3507.0,145.6,69.8,14.6,112.9,0.0,0.0,1,0,58.9,0.0,0.0,0.0,0.0,0.0,-0.0,-0.0,-0.0,0.0,0.0,0.0,0.0,0.0,0.0,0.0,0.0,0.0,0.0,0.0,0.0,0.0,0.0,0.0,0.0,0.0,0.0,0.0,0.0,0.0,0.0,0.2,7.7,28.0
16:00:05.000,0.0,0.0,0.0,100.0,3787.2,3507.0,145.6,69.8,14.6,112.9,0.0,0.0,1,0,31.9,0.0,0.0,0.0,0.0,0.0,-0.0,-0.0,-0.0,0.0,0.0,0.0,0.0,0.0,0.0,0.0,0.0,0.0,0.0,0.0,0.0,0.0,0.0,0.0,0.0,0.0,0.0,0.0,0.0,0.0,0.0,0.2,7.7,28.0
16:00:06.000,0.0,0.0,0.0,100.0,3787.2,3507.0,145.6,69.8,14.6,112.9,0.0,0.0,1,0,55.9,0.0,0.0,0.0,0.0,0.0,-0.0,-0.0,-0.0,0.0,0.0,0.0,0.0,0.0,0.0,0.0,0.0,1.0,0.0,0.0,0.0,8.0,0.0,8.0,4.0,0.0,4.0,2.0,0.0,2.0,0.0,0.2,7.7,28.0
16:00:07.000,0.0,0.2,0.0,99.8,3787.2,3507.0,145.6,69.8,14.6,112.9,0.0,0.0,1,0,60.9,0.0,0.0,0.0,0.0,0.0,-0.0,-0.0,-0.0,0.0,0.0,0.0,0.0,0.0,0.0,0.0,0.0,0.0,0.0,0.0,0.0,20.0,0.0,20.0,10.0,0.0,10.0,2.0,0.0,2.0,0.0,0.2,7.7,28.0
16:00:08.000,0.0,0.0,0.0,100.0,3787.2,3507.0,145.6,69.8,14.6,112.9,0.0,0.0,1,0,43.9,0.0,0.0,0.0,0.0,0.0,-0.0,-0.0,-0.0,0.0,0.0,0.0,0.0,0.0,0.0,0.0,0.0,0.0,0.0,0.0,0.0,0.0,0.0,0.0,0.0,0.0,0.0,0.0,0.0,0.0,0.0,0.2,7.7,28.0
16:00:09.000,0.0,0.0,0.0,100.0,3787.2,3507.0,145.6,69.8,14.6,112.9,0.0,0.0,1,0,31.9,0.0,0.0,0.0,0.0,0.0,-0.0,-0.0,-0.0,0.0,0.0,0.0,0.0,0.0,0.0,0.0,0.0,0.0,0.0,0.0,0.0,0.0,0.0,0.0,0.0,0.0,0.0,0.0,0.0,0.0,0.0,0.2,7.7,28.0
16:00:10.000,0.0,0.0,0.0,100.0,3787.2,3507.0,145.6,69.8,14.6,112.9,0.0,0.0,1,0,40.9,0.0,0.0,0.0,0.0,0.0,-0.0,-0.0,-0.0,0.0,0.0,0.0,0.0,0.0,0.0,0.0,0.0,0.0,0.0,0.0,0.0,0.0,0.0,0.0,0.0,0.0,0.0,0.0,0.0,0.0,0.0,0.2,7.7,28.0
16:00:11.000,0.2,0.0,0.0,99.8,3787.2,3507.0,145.6,69.8,14.6,112.9,0.0,0.0,1,0,69.9,0.0,0.0,0.0,0.0,0.1,-0.0,-0.0,-0.0,0.0,0.0,1.0,0.0,0.0,0.0,0.0,0.0,0.0,0.0,0.0,0.0,0.0,0.0,0.0,0.0,0.0,0.0,0.0,0.0,0.0,0.0,0.2,7.7,28.0
16:00:12.000,0.0,0.0,0.2,99.8,3787.2,3507.0,145.6,69.8,14.6,112.9,0.0,0.0,1,0,87.7,0.0,0.0,0.0,0.0,0.0,-0.0,-0.0,-0.0,0.0,0.0,0.0,0.0,0.0,0.0,1.0,0.0,0.0,0.0,0.0,0.0,19.9,0.0,19.9,5.0,0.0,5.0,4.0,0.0,4.0,0.0,0.2,7.7,28.0
16:00:13.000,0.0,0.0,0.0,100.0,3787.2,3506.8,145.6,69.8,14.6,112.9,0.0,0.0,1,0,31.9,0.0,0.0,0.0,0.0,0.0,-0.0,-0.0,-0.0,0.0,0.0,0.0,0.0,0.0,0.0,0.0,0.0,0.0,0.0,0.0,0.0,0.0,0.0,0.0,0.0,0.0,0.0,0.0,0.0,0.0,0.0,0.2,7.7,28.0
16:00:14.000,0.0,0.0,0.0,100.0,3787.2,3506.8,145.6,69.8,14.6,112.9,0.0,0.0,1,0,37.9,0.0,0.0,0.0,0.0,0.0,-0.0,-0.0,-0.0,0.0,0.0,0.0,0.0,0.0,0.0,0.0,0.0,0.0,0.0,0.0,0.0,0.0,0.0,0.0,0.0,0.0,0.0,0.0,0.0,0.0,0.0,0.2,7.7,28.0
16:00:15.000,0.0,0.0,0.0,100.0,3787.2,3506.8,145.6,69.8,14.6,112.9,0.0,0.0,1,0,39.9,0.0,0.0,0.0,0.0,0.0,-0.0,-0.0,-0.0,0.0,0.0,0.0,0.0,0.0,0.0,0.0,0.0,0.0,0.0,0.0,0.0,0.0,0.0,0.0,0.0,0.0,0.0,0.0,0.0,0.0,0.0,0.2,7.7,28.0
16:00:16.000,0.0,0.0,0.0,100.0,3787.2,3506.8,145.6,69.8,14.6,112.9,0.0,0.0,1,0,37.9,0.0,0.0,0.0,0.0,0.0,-0.0,-0.0,-0.0,0.0,0.0,0.0,0.0,0.0,0.0,0.0,0.0,0.0,0.0,0.0,0.0,0.0,0.0,0.0,0.0,0.0,0.0,0.0,0.0,0.0,0.0,0.2,7.7,28.0
16:00:17.000,0.0,0.0,0.2,99.8,3787.2,3506.8,145.6,69.8,14.6,112.9,0.0,0.0,1,0,51.6,0.0,0.0,0.0,0.0,0.0,-0.0,-0.0,-0.0,0.0,0.0,0.0,0.0,0.0,0.0,1.0,0.0,1.0,0.0,0.0,0.0,19.8,0.0,19.8,10.0,0.0,10.0,2.0,0.0,2.0,0.0,0.2,7.7,28.0
16:00:18.000,0.0,0.0,0.0,100.0,3787.2,3506.8,145.6,69.8,14.6,112.9,0.0,0.0,1,0,49.9,0.0,0.0,0.0,0.0,0.0,-0.0,-0.0,-0.0,0.0,0.0,0.0,0.0,0.0,0.0,0.0,0.0,0.0,0.0,0.0,0.0,8.0,0.0,8.0,8.0,0.0,8.0,1.0,0.0,1.0,0.0,0.2,7.7,28.0
16:00:19.000,0.0,0.0,0.0,100.0,3787.2,3506.8,145.6,69.8,14.6,112.9,0.0,0.0,1,0,37.9,0.0,0.0,0.0,0.0,0.0,-0.0,-0.0,-0.0,0.0,0.0,0.0,0.0,0.0,0.0,0.0,0.0,0.0,0.0,0.0,0.0,0.0,0.0,0.0,0.0,0.0,0.0,0.0,0.0,0.0,0.0,0.2,7.7,28.0
16:00:20.000,0.0,0.0,0.0,100.0,3787.2,3506.8,145.6,69.8,14.6,112.9,0.0,0.0,1,0,35.9,0.0,0.0,0.0,0.0,0.0,-0.0,-0.0,-0.0,0.0,0.0,0.0,0.0,0.0,0.0,0.0,0.0,0.0,0.0,0.0,0.0,0.0,0.0,0.0,0.0,0.0,0.0,0.0,0.0,0.0,0.0,0.2,7.7,28.0
16:00:22.000,0.0,0.0,0.0,100.0,3787.2,3506.8,145.6,69.8,14.6,112.9,0.0,0.0,1,0,35.9,0.0,0.0,0.0,0.0,0.0,-0.0,-0.0,-0.0,0.0,0.0,0.0,0.0,0.0,0.0,0.0,0.0,0.0,0.0,0.0,0.0,0.0,0.0,0.0,0.0,0.0,0.0,0.0,0.0,0.0,0.0,0.2,7.7,28.0
16:00:23.000,0.0,0.0,0.2,99.8,3787.2,3506.8,145.6,69.8,14.6,112.9,0.0,0.0,1,0,70.7,0.0,0.0,0.0,0.0,0.0,-0.0,-0.0,-0.0,0.0,0.0,0.0,0.0,0.0,0.0,0.0,0.0,1.0,0.0,0.0,0.0,31.9,0.0,31.9,16.0,0.0,16.0,2.0,0.0,2.0,0.0,0.2,7.7,28.0
16:00:24.000,0.0,0.0,0.0,100.0,3787.2,3506.8,145.6,69.8,14.6,112.9,0.0,0.0,1,0,61.9,0.0,0.0,0.0,0.0,0.0,-0.0,-0.0,-0.0,0.0,0.0,0.0,0.0,0.0,0.0,0.0,0.0,0.0,0.0,0.0,0.0,8.0,0.0,8.0,4.0,0.0,4.0,2.0,0.0,2.0,0.0,0.2,7.7,28.0
16:00:25.000,0.0,0.2,0.0,99.8,3787.2,3506.8,145.6,69.8,14.6,112.9,0.0,0.0,1,0,35.9,0.0,0.0,0.0,0.0,0.0,-0.0,-0.0,-0.0,0.0,0.0,0.0,0.0,0.0,0.0,0.0,0.0,0.0,0.0,0.0,0.0,0.0,0.0,0.0,0.0,0.0,0.0,0.0,0.0,0.0,0.0,0.2,7.7,28.0
16:00:26.000,0.0,0.0,0.0,100.0,3787.2,3506.8,145.6,69.8,14.6,112.9,0.0,0.0,1,0,39.9,0.0,0.0,0.0,0.0,0.0,-0.0,-0.0,-0.0,0.0,0.0,0.0,0.0,0.0,0.0,0.0,0.0,0.0,0.0,0.0,0.0,0.0,0.0,0.0,0.0,0.0,0.0,0.0,0.0,0.0,0.0,0.2,7.7,28.0
16:00:27.000,0.0,0.0,0.0,100.0,3787.2,3506.8,145.6,69.8,14.6,112.9,0.0,0.0,1,0,37.9,0.0,0.0,0.0,0.0,0.0,-0.0,-0.0,-0.0,0.0,0.0,0.0,0.0,0.0,0.0,0.0,0.0,0.0,0.0,0.0,0.0,0.0,0.0,0.0,0.0,0.0,0.0,0.0,0.0,0.0,0.0,0.2,7.7,28.0
16:00:28.000,0.0,0.2,0.2,99.5,3787.2,3506.8,145.6,69.8,14.6,112.9,0.0,0.0,1,0,66.8,0.0,0.0,0.0,0.0,0.0,-0.0,-0.0,-0.0,0.0,0.0,0.0,0.0,0.0,0.0,1.0,0.0,0.0,0.0,0.0,0.0,31.9,0.0,31.9,16.0,0.0,16.0,2.0,0.0,2.0,0.0,0.2,7.7,28.0
16:00:29.000,0.2,0.0,0.0,99.8,3787.2,3506.8,145.6,69.8,14.6,112.9,0.0,0.0,1,0,37.9,0.0,0.0,0.0,0.0,0.0,-0.0,-0.0,-0.0,0.0,0.0,0.0,0.0,0.0,0.0,0.0,0.0,0.0,0.0,0.0,0.0,0.0,0.0,0.0,0.0,0.0,0.0,0.0,0.0,0.0,0.0,0.2,7.7,28.0
16:00:30.000,0.0,0.0,0.0,100.0,3787.2,3506.8,145.6,69.8,14.6,112.9,0.0,0.0,1,0,51.9,0.0,0.0,0.0,0.0,0.0,-0.0,-0.0,-0.0,0.0,0.0,0.0,0.0,0.0,0.0,0.0,0.0,0.0,0.0,0.0,0.0,8.0,0.0,8.0,8.0,0.0,8.0,1.0,0.0,1.0,0.0,0.2,7.7,28.0
16:00:31.000,0.0,0.0,0.0,100.0,3787.2,3506.8,145.6,69.8,14.6,112.9,0.0,0.0,1,0,39.9,0.0,0.0,0.0,0.0,0.0,-0.0,-0.0,-0.0,0.0,0.0,0.0,0.0,0.0,0.0,0.0,0.0,0.0,0.0,0.0,0.0,0.0,0.0,0.0,0.0,0.0,0.0,0.0,0.0,0.0,0.0,0.2,7.7,28.0
16:00:32.000,0.0,0.0,0.0,100.0,3787.2,3506.8,145.6,69.8,14.6,112.9,0.0,0.0,1,0,45.9,0.0,0.0,0.0,0.0,0.0,-0.0,-0.0,-0.0,0.0,0.0,0.0,0.0,0.0,0.0,0.0,0.0,1.0,0.0,0.0,0.0,0.0,0.0,0.0,0.0,0.0,0.0,0.0,0.0,0.0,0.0,0.2,7.7,28.0
16:00:33.000,0.0,0.0,0.0,100.0,3787.2,3506.8,145.6,69.8,14.6,112.9,0.0,0.0,1,0,79.7,0.0,0.0,0.0,0.0,0.0,-0.0,-0.0,-0.0,0.0,0.0,0.0,0.0,0.0,0.0,1.0,0.0,0.0,0.0,0.0,0.0,47.8,0.0,47.8,6.9,0.0,6.9,7.0,0.0,7.0,0.0,0.2,7.7,28.0
16:00:34.000,0.0,0.0,0.0,100.0,3787.2,3506.8,145.6,69.8,14.6,112.9,0.0,0.0,1,0,45.9,0.0,0.0,0.0,0.0,0.0,-0.0,-0.0,-0.0,0.0,0.0,0.0,0.0,0.0,0.0,0.0,0.0,0.0,0.0,0.0,0.0,0.0,0.0,0.0,0.0,0.0,0.0,0.0,0.0,0.0,0.0,0.2,7.7,28.0
16:00:35.000,0.0,0.0,0.0,100.0,3787.2,3506.8,145.6,69.8,14.6,112.9,0.0,0.0,1,0,35.9,0.0,0.0,0.0,0.0,0.0,-0.0,-0.0,-0.0,0.0,0.0,0.0,0.0,0.0,0.0,0.0,0.0,0.0,0.0,0.0,0.0,0.0,0.0,0.0,0.0,0.0,0.0,0.0,0.0,0.0,0.0,0.2,7.7,28.0
16:00:36.000,0.0,0.2,0.0,99.8,3787.2,3506.8,145.6,69.8,14.6,112.9,0.0,0.0,1,0,56.9,0.0,0.0,0.0,0.0,0.0,-0.0,-0.0,-0.0,0.0,0.0,0.0,0.0,0.0,0.0,0.0,0.0,0.0,0.0,0.0,0.0,8.0,0.0,8.0,4.0,0.0,4.0,2.0,0.0,2.0,0.0,0.2,7.7,28.0
16:00:37.000,0.0,0.0,0.0,100.0,3787.2,3506.8,145.6,69.8,14.6,112.9,0.0,0.0,1,0,39.9,0.0,0.0,0.0,0.0,0.0,-0.0,-0.0,-0.0,0.0,0.0,0.0,0.0,0.0,0.0,0.0,0.0,1.0,0.0,0.0,0.0,0.0,0.0,0.0,0.0,0.0,0.0,0.0,0.0,0.0,0.0,0.2,7.7,28.0
16:00:38.000,0.0,0.0,0.2,99.8,3787.2,3506.8,145.6,69.8,14.6,112.9,0.0,0.0,1,0,55.8,0.0,0.0,0.0,0.0,0.0,-0.0,-0.0,-0.0,0.0,0.0,0.0,0.0,0.0,0.0,0.0,0.0,0.0,0.0,0.0,0.0,23.9,0.0,23.9,12.0,0.0,12.0,2.0,0.0,2.0,0.0,0.2,7.7,28.0
16:00:39.000,0.0,0.2,0.0,99.8,3787.2,3506.8,145.6,69.8,14.6,112.9,0.0,0.0,1,0,41.9,0.0,0.0,0.0,0.0,0.0,-0.0,-0.0,-0.0,0.0,0.0,0.0,0.0,0.0,0.0,0.0,0.0,0.0,0.0,0.0,0.0,0.0,0.0,0.0,0.0,0.0,0.0,0.0,0.0,0.0,0.0,0.2,7.7,28.0
16:00:40.000,0.0,0.0,0.0,100.0,3787.2,3506.8,145.6,69.8,14.6,112.9,0.0,0.0,1,0,41.9,0.0,0.0,0.0,0.0,0.0,-0.0,-0.0,-0.0,0.0,0.0,0.0,0.0,0.0,0.0,0.0,0.0,0.0,0.0,0.0,0.0,0.0,0.0,0.0,0.0,0.0,0.0,0.0,0.0,0.0,0.0,0.2,7.7,28.0
16:00:41.000,0.0,0.0,0.0,100.0,3787.2,3506.8,145.6,69.8,14.6,112.9,0.0,0.0,1,0,38.9,0.0,0.0,0.0,0.0,0.0,-0.0,-0.0,-0.0,0.0,0.0,0.0,0.0,0.0,0.0,0.0,0.0,0.0,0.0,0.0,0.0,0.0,0.0,0.0,0.0,0.0,0.0,0.0,0.0,0.0,0.0,0.2,7.7,28.0
16:00:42.000,0.0,0.0,0.0,100.0,3787.2,3506.8,145.6,69.8,14.6,112.9,0.0,0.0,1,0,78.8,0.0,0.0,0.0,0.0,0.1,-0.0,-0.0,-0.0,0.0,0.0,1.0,0.0,0.0,0.0,1.0,0.0,1.0,0.0,0.0,0.0,8.0,0.0,8.0,4.0,0.0,4.0,2.0,0.0,2.0,0.0,0.2,7.7,28.0
16:00:43.000,0.0,0.0,0.0,100.0,3787.2,3506.8,145.6,69.8,14.6,112.9,0.0,0.0,1,0,60.9,0.0,0.0,0.0,0.0,0.0,-0.0,-0.0,-0.0,0.0,0.0,0.0,0.0,0.0,0.0,1.0,0.0,0.0,0.0,0.0,0.0,27.9,0.0,27.9,14.0,0.0,14.0,2.0,0.0,2.0,0.0,0.2,7.7,28.0
16:00:44.000,0.0,0.0,0.0,100.0,3787.2,3506.8,145.7,69.8,14.6,112.9,0.0,0.0,1,0,54.9,0.0,0.0,0.0,0.0,0.0,-0.0,-0.0,-0.0,0.0,0.0,0.0,0.0,0.0,0.0,0.0,0.0,0.0,0.0,0.0,0.0,0.0,0.0,0.0,0.0,0.0,0.0,0.0,0.0,0.0,0.0,0.2,7.7,28.0
16:00:45.000,0.2,0.0,0.0,99.8,3787.2,3506.8,145.7,69.8,14.6,112.9,0.0,0.0,1,0,36.9,0.0,0.0,0.0,0.0,0.0,-0.0,-0.0,-0.0,0.0,0.0,0.0,0.0,0.0,0.0,0.0,0.0,0.0,0.0,0.0,0.0,0.0,0.0,0.0,0.0,0.0,0.0,0.0,0.0,0.0,0.0,0.2,7.7,28.0
16:00:46.000,0.0,0.0,0.0,100.0,3787.2,3506.8,145.7,69.8,14.6,112.9,0.0,0.0,1,0,30.9,0.0,0.0,0.0,0.0,0.0,-0.0,-0.0,-0.0,0.0,0.0,0.0,0.0,0.0,0.0,0.0,0.0,0.0,0.0,0.0,0.0,0.0,0.0,0.0,0.0,0.0,0.0,0.0,0.0,0.0,0.0,0.2,7.7,28.0
16:00:47.000,0.0,0.0,0.0,100.0,3787.2,3506.8,145.6,69.8,14.6,112.9,0.0,0.0,1,0,50.9,0.0,0.0,0.0,0.0,0.0,-0.0,-0.0,-0.0,0.0,0.0,0.0,0.0,0.0,0.0,0.0,0.0,0.0,0.0,0.0,0.0,0.0,0.0,0.0,0.0,0.0,0.0,0.0,0.0,0.0,0.0,0.2,7.7,28.0
16:00:48.000,0.0,0.0,0.2,99.8,3787.2,3506.8,145.6,69.8,14.6,112.9,0.0,0.0,1,0,83.7,0.0,0.0,0.0,0.0,0.0,-0.0,-0.0,-0.0,0.0,0.0,0.0,0.0,0.0,0.0,0.0,0.0,1.0,0.0,0.0,0.0,19.9,0.0,19.9,5.0,0.0,5.0,4.0,0.0,4.0,0.0,0.2,7.7,28.0
16:00:49.000,0.0,0.0,0.0,100.0,3787.2,3506.8,145.7,69.8,14.6,112.9,0.0,0.0,1,0,28.9,0.0,0.0,0.0,0.0,0.0,-0.0,-0.0,-0.0,0.0,0.0,0.0,0.0,0.0,0.0,0.0,0.0,0.0,0.0,0.0,0.0,0.0,0.0,0.0,0.0,0.0,0.0,0.0,0.0,0.0,0.0,0.2,7.7,28.0
16:00:50.000,0.0,0.0,0.0,100.0,3787.2,3506.8,145.7,69.8,14.6,112.9,0.0,0.0,1,0,34.9,0.0,0.0,0.0,0.0,0.0,-0.0,-0.0,-0.0,0.0,0.0,0.0,0.0,0.0,0.0,0.0,0.0,0.0,0.0,0.0,0.0,0.0,0.0,0.0,0.0,0.0,0.0,0.0,0.0,0.0,0.0,0.2,7.7,28.0
16:00:51.000,0.0,0.0,0.0,100.0,3787.2,3506.8,145.7,69.8,14.6,112.9,0.0,0.0,1,0,30.9,0.0,0.0,0.0,0.0,0.0,-0.0,-0.0,-0.0,0.0,0.0,0.0,0.0,0.0,0.0,0.0,0.0,0.0,0.0,0.0,0.0,0.0,0.0,0.0,0.0,0.0,0.0,0.0,0.0,0.0,0.0,0.2,7.7,28.0
16:00:52.000,0.2,0.0,0.0,99.8,3787.2,3506.8,145.7,69.8,14.6,112.9,0.0,0.0,1,0,39.9,0.0,0.0,0.0,0.0,0.0,-0.0,-0.0,-0.0,0.0,0.0,0.0,0.0,0.0,0.0,0.0,0.0,0.0,0.0,0.0,0.0,0.0,0.0,0.0,0.0,0.0,0.0,0.0,0.0,0.0,0.0,0.2,7.7,28.0
16:00:53.000,0.0,0.0,0.0,100.0,3787.2,3506.8,145.7,69.8,14.6,112.9,0.0,0.0,1,0,60.8,0.0,0.0,0.0,0.0,0.0,-0.0,-0.0,-0.0,0.0,0.0,0.0,0.0,0.0,0.0,1.0,0.0,0.0,0.0,0.0,0.0,23.9,0.0,23.9,12.0,0.0,12.0,2.0,0.0,2.0,0.0,0.2,7.7,28.0
16:00:54.000,0.0,0.0,0.0,100.0,3787.2,3506.8,145.7,69.9,14.6,112.9,0.0,0.0,1,0,51.9,0.0,0.0,0.0,0.0,0.0,-0.0,-0.0,-0.0,0.0,0.0,0.0,0.0,0.0,0.0,0.0,0.0,0.0,0.0,0.0,0.0,8.0,0.0,8.0,8.0,0.0,8.0,1.0,0.0,1.0,0.0,0.2,7.7,28.0
16:00:55.000,0.0,0.0,0.0,100.0,3787.2,3506.8,145.7,69.9,14.6,112.9,0.0,0.0,1,0,40.9,0.0,0.0,0.0,0.0,0.0,-0.0,-0.0,-0.0,0.0,0.0,0.0,0.0,0.0,0.0,0.0,0.0,0.0,0.0,0.0,0.0,0.0,0.0,0.0,0.0,0.0,0.0,0.0,0.0,0.0,0.0,0.2,7.7,28.0
16:00:56.000,0.0,0.0,0.0,100.0,3787.2,3506.8,145.7,69.9,14.6,112.9,0.0,0.0,1,0,40.9,0.0,0.0,0.0,0.0,0.0,-0.0,-0.0,-0.0,0.0,0.0,0.0,0.0,0.0,0.0,0.0,0.0,0.0,0.0,0.0,0.0,0.0,0.0,0.0,0.0,0.0,0.0,0.0,0.0,0.0,0.0,0.2,7.7,28.0
16:00:57.000,0.2,0.0,0.0,99.8,3787.2,3506.8,145.7,69.9,14.6,112.9,0.0,0.0,1,0,38.9,0.0,0.0,0.0,0.0,0.0,-0.0,-0.0,-0.0,0.0,0.0,0.0,0.0,0.0,0.0,0.0,0.0,0.0,0.0,0.0,0.0,0.0,0.0,0.0,0.0,0.0,0.0,0.0,0.0,0.0,0.0,0.2,7.7,28.0
16:00:58.000,0.0,0.0,0.2,99.8,3787.2,3506.8,145.7,69.9,14.6,112.9,0.0,0.0,1,0,49.8,0.0,0.0,0.0,0.0,0.0,-0.0,-0.0,-0.0,0.0,0.0,0.0,0.0,0.0,0.0,1.0,0.0,1.0,0.0,0.0,0.0,23.9,0.0,23.9,12.0,0.0,12.0,2.0,0.0,2.0,0.0,0.2,7.7,28.0
16:00:59.000,0.0,0.0,0.0,100.0,3787.2,3506.8,145.7,69.9,14.6,112.9,0.0,0.0,1,0,44.9,0.0,0.0,0.0,0.0,0.0,-0.0,-0.0,-0.0,0.0,0.0,0.0,0.0,0.0,0.0,0.0,0.0,0.0,0.0,0.0,0.0,0.0,0.0,0.0,0.0,0.0,0.0,0.0,0.0,0.0,0.0,0.2,7.7,28.0
16:01:00.000,0.0,0.2,0.0,99.8,3787.2,3506.8,145.7,69.9,14.6,112.9,0.0,0.0,1,0,52.9,0.0,0.0,0.0,0.0,0.0,-0.0,-0.0,-0.0,0.0,0.0,0.0,0.0,0.0,0.0,0.0,0.0,0.0,0.0,0.0,0.0,8.0,0.0,8.0,8.0,0.0,8.0,1.0,0.0,1.0,0.0,0.2,7.7,28.0
16:01:01.000,0.0,0.0,0.0,100.0,3787.2,3506.8,145.7,69.9,14.6,112.9,0.0,0.0,1,0,38.9,0.0,0.0,0.0,0.0,0.0,-0.0,-0.0,-0.0,0.0,0.0,0.0,0.0,0.0,0.0,0.0,0.0,0.0,0.0,0.0,0.0,0.0,0.0,0.0,0.0,0.0,0.0,0.0,0.0,0.0,0.0,0.2,7.7,28.0
16:01:02.000,0.0,0.0,0.0,100.0,3787.2,3506.8,145.7,69.9,14.7,112.9,0.0,0.0,1,0,39.9,0.0,0.0,0.0,0.0,0.0,-0.0,-0.0,-0.0,0.0,0.0,0.0,0.0,0.0,0.0,0.0,0.0,0.0,0.0,0.0,0.0,0.0,0.0,0.0,0.0,0.0,0.0,0.0,0.0,0.0,0.0,0.2,7.7,28.0
16:01:03.000,0.0,0.0,0.2,99.8,3787.2,3506.8,145.7,69.9,14.7,112.9,0.0,0.0,1,0,60.8,0.0,0.0,0.0,0.0,0.0,-0.0,-0.0,-0.0,0.0,0.0,0.0,0.0,0.0,0.0,0.0,0.0,1.0,0.0,0.0,0.0,23.9,0.0,23.9,12.0,0.0,12.0,2.0,0.0,2.0,0.0,0.2,7.7,28.0
16:01:04.000,0.0,0.0,0.0,100.0,3787.2,3506.8,145.7,69.9,14.7,112.9,0.0,0.0,1,0,51.9,0.0,0.0,0.0,0.0,0.0,-0.0,-0.0,-0.0,0.0,0.0,0.0,0.0,0.0,0.0,0.0,0.0,0.0,0.0,0.0,0.0,0.0,0.0,0.0,0.0,0.0,0.0,0.0,0.0,0.0,0.0,0.2,7.7,28.0
16:01:05.000,0.0,0.0,0.0,100.0,3787.2,3506.8,145.7,69.9,14.7,112.9,0.0,0.0,1,0,42.9,0.0,0.0,0.0,0.0,0.0,-0.0,-0.0,-0.0,0.0,0.0,0.0,0.0,0.0,0.0,0.0,0.0,0.0,0.0,0.0,0.0,0.0,0.0,0.0,0.0,0.0,0.0,0.0,0.0,0.0,0.0,0.2,7.7,28.0
16:01:06.000,0.2,0.0,0.0,99.8,3787.2,3506.8,145.7,69.9,14.7,112.9,0.0,0.0,1,0,43.9,0.0,0.0,0.0,0.0,0.0,-0.0,-0.0,-0.0,0.0,0.0,0.0,0.0,0.0,0.0,0.0,0.0,0.0,0.0,0.0,0.0,8.0,0.0,8.0,8.0,0.0,8.0,1.0,0.0,1.0,0.0,0.2,7.7,28.0
16:01:07.000,0.0,0.0,0.0,100.0,3787.2,3506.8,145.7,69.9,14.7,112.9,0.0,0.0,1,0,39.9,0.0,0.0,0.0,0.0,0.0,-0.0,-0.0,-0.0,0.0,0.0,0.0,0.0,0.0,0.0,0.0,0.0,0.0,0.0,0.0,0.0,0.0,0.0,0.0,0.0,0.0,0.0,0.0,0.0,0.0,0.0,0.2,7.7,28.0
16:01:08.000,0.0,0.2,0.0,99.8,3787.2,3506.8,145.7,69.9,14.7,112.9,0.0,0.0,1,0,85.7,0.0,0.0,0.0,0.0,0.0,-0.0,-0.0,-0.0,0.0,0.0,0.0,0.0,0.0,0.0,1.0,0.0,1.0,0.0,0.0,0.0,43.8,0.0,43.8,6.3,0.0,6.3,7.0,0.0,7.0,0.0,0.2,7.7,28.0
16:01:09.000,0.0,0.0,0.0,100.0,3787.2,3506.8,145.7,69.9,14.7,112.9,0.0,0.0,1,0,43.9,0.0,0.0,0.0,0.0,0.0,-0.0,-0.0,-0.0,0.0,0.0,0.0,0.0,0.0,0.0,0.0,0.0,0.0,0.0,0.0,0.0,0.0,0.0,0.0,0.0,0.0,0.0,0.0,0.0,0.0,0.0,0.2,7.7,28.0
16:01:10.000,0.0,0.0,0.0,100.0,3787.2,3506.8,145.7,69.9,14.7,112.9,0.0,0.0,1,0,136.7,0.0,0.0,0.0,0.0,0.1,-0.0,-0.0,-0.1,0.0,0.0,2.0,0.0,0.0,1.0,0.0,0.0,0.0,0.0,0.0,0.0,0.0,0.0,0.0,0.0,0.0,0.0,0.0,0.0,0.0,0.0,0.2,7.7,28.0
16:01:11.000,0.0,0.0,0.0,100.0,3787.2,3506.8,145.7,69.9,14.7,112.9,0.0,0.0,1,0,37.9,0.0,0.0,0.0,0.0,0.0,-0.0,-0.0,-0.0,0.0,0.0,0.0,0.0,0.0,0.0,0.0,0.0,0.0,0.0,0.0,0.0,0.0,0.0,0.0,0.0,0.0,0.0,0.0,0.0,0.0,0.0,0.2,7.7,28.0
16:01:12.000,0.0,0.0,0.0,100.0,3787.2,3506.8,145.7,69.9,14.7,112.9,0.0,0.0,1,0,92.8,0.0,0.0,0.0,0.0,0.1,-0.0,-0.0,-0.0,0.0,0.0,1.0,0.0,0.0,0.0,1.0,0.0,0.0,0.0,0.0,0.0,8.0,0.0,8.0,8.0,0.0,8.0,1.0,0.0,1.0,0.0,0.2,7.7,28.0
16:01:13.000,0.0,0.2,0.2,99.5,3787.2,3506.8,145.7,69.9,14.7,112.9,0.0,0.0,1,0,57.9,0.0,0.0,0.0,0.0,0.0,-0.0,-0.0,-0.0,0.0,0.0,0.0,0.0,0.0,0.0,0.0,0.0,0.0,0.0,0.0,0.0,23.9,0.0,23.9,12.0,0.0,12.0,2.0,0.0,2.0,0.0,0.2,7.7,28.0
16:01:14.000,0.0,0.0,0.0,100.0,3787.2,3506.8,145.7,69.9,14.7,112.9,0.0,0.0,1,0,44.9,0.0,0.0,0.0,0.0,0.0,-0.0,-0.0,-0.0,0.0,0.0,0.0,0.0,0.0,0.0,0.0,0.0,0.0,0.0,0.0,0.0,0.0,0.0,0.0,0.0,0.0,0.0,0.0,0.0,0.0,0.0,0.2,7.7,28.0
16:01:15.000,0.0,0.0,0.0,100.0,3787.2,3506.8,145.7,69.9,14.7,112.9,0.0,0.0,1,0,43.9,0.0,0.0,0.0,0.0,0.0,-0.0,-0.0,-0.0,0.0,0.0,0.0,0.0,0.0,0.0,0.0,0.0,0.0,0.0,0.0,0.0,0.0,0.0,0.0,0.0,0.0,0.0,0.0,0.0,0.0,0.0,0.2,7.7,28.0
16:01:16.000,0.0,0.0,0.0,100.0,3787.2,3506.8,145.7,69.9,14.7,112.9,0.0,0.0,1,0,35.9,0.0,0.0,0.0,0.0,0.0,-0.0,-0.0,-0.0,0.0,0.0,0.0,0.0,0.0,0.0,0.0,0.0,0.0,0.0,0.0,0.0,0.0,0.0,0.0,0.0,0.0,0.0,0.0,0.0,0.0,0.0,0.2,7.7,28.0
16:01:17.000,0.0,0.0,0.0,100.0,3787.2,3506.8,145.7,69.9,14.7,112.9,0.0,0.0,1,0,39.9,0.0,0.0,0.0,0.0,0.0,-0.0,-0.0,-0.0,0.0,0.0,0.0,0.0,0.0,0.0,0.0,0.0,0.0,0.0,0.0,0.0,0.0,0.0,0.0,0.0,0.0,0.0,0.0,0.0,0.0,0.0,0.2,7.7,28.0
16:01:18.000,0.0,0.0,0.0,100.0,3787.2,3506.8,145.7,69.9,14.7,112.9,0.0,0.0,1,0,63.8,0.0,0.0,0.0,0.0,0.0,-0.0,-0.0,-0.0,0.0,0.0,0.0,0.0,0.0,0.0,0.0,0.0,1.0,0.0,0.0,0.0,19.9,0.0,19.9,6.7,0.0,6.7,3.0,0.0,3.0,0.0,0.2,7.7,28.0
16:01:19.000,0.0,0.0,0.0,100.0,3787.2,3506.8,145.7,69.9,14.7,112.9,0.0,0.0,1,0,47.9,0.0,0.0,0.0,0.0,0.0,-0.0,-0.0,-0.0,0.0,0.0,0.0,0.0,0.0,0.0,0.0,0.0,0.0,0.0,0.0,0.0,0.0,0.0,0.0,0.0,0.0,0.0,0.0,0.0,0.0,0.0,0.2,7.7,28.0
16:01:20.000,0.0,0.2,0.0,99.8,3787.2,3506.8,145.7,69.9,14.7,112.9,0.0,0.0,1,0,35.9,0.0,0.0,0.0,0.0,0.0,-0.0,-0.0,-0.0,0.0,0.0,0.0,0.0,0.0,0.0,0.0,0.0,0.0,0.0,0.0,0.0,0.0,0.0,0.0,0.0,0.0,0.0,0.0,0.0,0.0,0.0,0.2,7.7,28.0
16:01:21.000,0.0,0.0,0.0,100.0,3787.2,3506.8,145.7,69.9,14.7,112.9,0.0,0.0,1,0,40.9,0.0,0.0,0.0,0.0,0.0,-0.0,-0.0,-0.0,0.0,0.0,0.0,0.0,0.0,0.0,0.0,0.0,0.0,0.0,0.0,0.0,0.0,0.0,0.0,0.0,0.0,0.0,0.0,0.0,0.0,0.0,0.2,7.7,28.0
16:01:22.000,0.0,0.0,0.0,100.0,3787.2,3506.8,145.7,69.9,14.7,112.9,0.0,0.0,1,0,28.9,0.0,0.0,0.0,0.0,0.0,-0.0,-0.0,-0.0,0.0,0.0,0.0,0.0,0.0,0.0,0.0,0.0,0.0,0.0,0.0,0.0,0.0,0.0,0.0,0.0,0.0,0.0,0.0,0.0,0.0,0.0,0.2,7.7,28.0
16:01:23.000,0.0,0.0,0.2,99.8,3787.2,3506.8,145.7,69.9,14.7,112.9,0.0,0.0,1,0,60.8,0.0,0.0,0.0,0.0,0.0,-0.0,-0.0,-0.0,0.0,0.0,0.0,0.0,0.0,0.0,0.0,0.0,0.0,0.0,0.0,0.0,23.9,0.0,23.9,12.0,0.0,12.0,2.0,0.0,2.0,0.0,0.2,7.7,28.0
16:01:24.000,0.0,0.0,0.0,100.0,3787.2,3506.8,145.7,69.9,14.7,112.9,0.0,0.0,1,0,53.9,0.0,0.0,0.0,0.0,0.0,-0.0,-0.0,-0.0,0.0,0.0,0.0,0.0,0.0,0.0,0.0,0.0,0.0,0.0,0.0,0.0,8.0,0.0,8.0,8.0,0.0,8.0,1.0,0.0,1.0,0.0,0.2,7.7,28.0
16:01:25.000,0.0,0.0,0.0,100.0,3787.2,3506.8,145.7,69.9,14.7,112.9,0.0,0.0,1,0,50.9,0.0,0.0,0.0,0.0,0.0,-0.0,-0.0,-0.0,0.0,0.0,0.0,0.0,0.0,0.0,0.0,0.0,0.0,0.0,0.0,0.0,0.0,0.0,0.0,0.0,0.0,0.0,0.0,0.0,0.0,0.0,0.2,7.7,28.0
16:01:26.000,0.0,0.0,0.0,100.0,3787.2,3506.8,145.7,69.9,14.7,112.9,0.0,0.0,1,0,32.9,0.0,0.0,0.0,0.0,0.0,-0.0,-0.0,-0.0,0.0,0.0,0.0,0.0,0.0,0.0,0.0,0.0,0.0,0.0,0.0,0.0,0.0,0.0,0.0,0.0,0.0,0.0,0.0,0.0,0.0,0.0,0.2,7.7,28.0
16:01:27.000,0.2,0.0,0.0,99.8,3787.2,3506.8,145.7,69.9,14.7,112.9,0.0,0.0,1,0,38.9,0.0,0.0,0.0,0.0,0.0,-0.0,-0.0,-0.0,0.0,0.0,0.0,0.0,0.0,0.0,0.0,0.0,0.0,0.0,0.0,0.0,0.0,0.0,0.0,0.0,0.0,0.0,0.0,0.0,0.0,0.0,0.2,7.7,28.0
16:01:28.000,0.0,0.0,0.0,100.0,3787.2,3506.8,145.7,69.9,14.7,112.9,0.0,0.0,1,0,60.8,0.0,0.0,0.0,0.0,0.0,-0.0,-0.0,-0.0,0.0,0.0,0.0,0.0,0.0,0.0,1.0,0.0,1.0,0.0,0.0,0.0,23.9,0.0,23.9,12.0,0.0,12.0,2.0,0.0,2.0,0.0,0.2,7.7,28.0
16:01:29.000,0.0,0.0,0.0,100.0,3787.2,3506.8,145.7,69.9,14.7,112.9,0.0,0.0,1,0,39.9,0.0,0.0,0.0,0.0,0.0,-0.0,-0.0,-0.0,0.0,0.0,0.0,0.0,0.0,0.0,0.0,0.0,0.0,0.0,0.0,0.0,0.0,0.0,0.0,0.0,0.0,0.0,0.0,0.0,0.0,0.0,0.2,7.7,28.0
16:01:30.000,0.0,0.2,0.0,99.8,3787.2,3506.8,145.7,69.9,14.7,112.9,0.0,0.0,1,0,43.9,0.0,0.0,0.0,0.0,0.0,-0.0,-0.0,-0.0,0.0,0.0,0.0,0.0,0.0,0.0,0.0,0.0,0.0,0.0,0.0,0.0,8.0,0.0,8.0,8.0,0.0,8.0,1.0,0.0,1.0,0.0,0.2,7.7,28.0
16:01:31.000,0.0,0.0,0.0,100.0,3787.2,3506.8,145.7,69.9,14.7,112.9,0.0,0.0,1,0,40.9,0.0,0.0,0.0,0.0,0.0,-0.0,-0.0,-0.0,0.0,0.0,0.0,0.0,0.0,0.0,0.0,0.0,0.0,0.0,0.0,0.0,0.0,0.0,0.0,0.0,0.0,0.0,0.0,0.0,0.0,0.0,0.2,7.7,28.0
16:01:32.000,0.0,0.0,0.0,100.0,3787.2,3506.8,145.7,69.9,14.7,112.9,0.0,0.0,1,0,37.9,0.0,0.0,0.0,0.0,0.0,-0.0,-0.0,-0.0,0.0,0.0,0.0,0.0,0.0,0.0,0.0,0.0,0.0,0.0,0.0,0.0,0.0,0.0,0.0,0.0,0.0,0.0,0.0,0.0,0.0,0.0,0.2,7.7,28.0
16:01:33.000,0.0,0.0,0.2,99.8,3787.2,3506.8,145.7,69.9,14.7,112.9,0.0,0.0,1,0,62.8,0.0,0.0,0.0,0.0,0.0,-0.0,-0.0,-0.0,0.0,0.0,0.0,0.0,0.0,0.0,1.0,0.0,0.0,0.0,0.0,0.0,23.9,0.0,23.9,12.0,0.0,12.0,2.0,0.0,2.0,0.0,0.2,7.7,28.0
16:01:34.000,0.0,0.0,0.0,100.0,3787.2,3506.8,145.7,69.9,14.7,112.9,0.0,0.0,1,0,27.9,0.0,0.0,0.0,0.0,0.0,-0.0,-0.0,-0.0,0.0,0.0,0.0,0.0,0.0,0.0,0.0,0.0,0.0,0.0,0.0,0.0,0.0,0.0,0.0,0.0,0.0,0.0,0.0,0.0,0.0,0.0,0.2,7.7,28.0
16:01:35.000,0.0,0.2,0.0,99.8,3787.2,3506.8,145.7,69.9,14.7,112.9,0.0,0.0,1,0,50.9,0.0,0.0,0.0,0.0,0.0,-0.0,-0.0,-0.0,0.0,0.0,0.0,0.0,0.0,0.0,0.0,0.0,0.0,0.0,0.0,0.0,0.0,0.0,0.0,0.0,0.0,0.0,0.0,0.0,0.0,0.0,0.2,7.7,28.0
16:01:36.000,0.0,0.0,0.0,100.0,3787.2,3506.8,145.7,69.9,14.7,112.9,0.0,0.0,1,0,39.9,0.0,0.0,0.0,0.0,0.0,-0.0,-0.0,-0.0,0.0,0.0,0.0,0.0,0.0,0.0,0.0,0.0,0.0,0.0,0.0,0.0,8.0,0.0,8.0,8.0,0.0,8.0,1.0,0.0,1.0,0.0,0.2,7.7,28.0
16:01:37.000,0.0,0.0,0.0,100.0,3787.2,3506.8,145.7,69.9,14.7,112.9,0.0,0.0,1,0,36.9,0.0,0.0,0.0,0.0,0.0,-0.0,-0.0,-0.0,0.0,0.0,0.0,0.0,0.0,0.0,0.0,0.0,0.0,0.0,0.0,0.0,0.0,0.0,0.0,0.0,0.0,0.0,0.0,0.0,0.0,0.0,0.2,7.7,28.0
16:01:38.000,0.0,0.0,0.0,100.0,3787.2,3506.8,145.7,69.9,14.7,112.9,0.0,0.0,1,0,45.8,0.0,0.0,0.0,0.0,0.0,-0.0,-0.0,-0.0,0.0,0.0,0.0,0.0,0.0,0.0,0.0,0.0,1.0,0.0,0.0,0.0,23.9,0.0,23.9,12.0,0.0,12.0,2.0,0.0,2.0,0.0,0.2,7.7,28.0
16:01:39.000,0.0,0.0,0.0,100.0,3787.2,3506.8,145.7,69.9,14.7,112.9,0.0,0.0,1,0,42.9,0.0,0.0,0.0,0.0,0.0,-0.0,-0.0,-0.0,0.0,0.0,0.0,0.0,0.0,0.0,0.0,0.0,0.0,0.0,0.0,0.0,0.0,0.0,0.0,0.0,0.0,0.0,0.0,0.0,0.0,0.0,0.2,7.7,28.0
16:01:40.000,0.0,0.0,0.0,100.0,3787.2,3506.8,145.7,69.9,14.7,112.9,0.0,0.0,1,0,37.9,0.0,0.0,0.0,0.0,0.0,-0.0,-0.0,-0.0,0.0,0.0,0.0,0.0,0.0,0.0,0.0,0.0,0.0,0.0,0.0,0.0,0.0,0.0,0.0,0.0,0.0,0.0,0.0,0.0,0.0,0.0,0.2,7.7,28.0
16:01:41.000,0.2,0.0,0.0,99.8,3787.2,3506.8,145.7,69.9,14.7,112.9,0.0,0.0,1,0,40.9,0.0,0.0,0.0,0.0,0.0,-0.0,-0.0,-0.0,0.0,0.0,0.0,0.0,0.0,0.0,0.0,0.0,0.0,0.0,0.0,0.0,0.0,0.0,0.0,0.0,0.0,0.0,0.0,0.0,0.0,0.0,0.2,7.7,28.0
16:01:42.000,0.0,0.0,0.0,100.0,3787.2,3506.8,145.7,69.9,14.7,112.9,0.0,0.0,1,0,71.9,0.0,0.0,0.0,0.0,0.1,-0.0,-0.0,-0.0,0.0,0.0,1.0,0.0,0.0,0.0,0.0,0.0,0.0,0.0,0.0,0.0,8.0,0.0,8.0,8.0,0.0,8.0,1.0,0.0,1.0,0.0,0.2,7.7,28.0
16:01:43.000,0.0,0.0,0.2,99.8,3787.2,3506.8,145.7,69.9,14.7,112.9,0.0,0.0,1,0,81.8,0.0,0.0,0.0,0.0,0.0,-0.0,-0.0,-0.0,0.0,0.0,0.0,0.0,0.0,0.0,1.0,0.0,1.0,0.0,0.0,0.0,35.9,0.0,35.9,7.2,0.0,7.2,5.0,0.0,5.0,0.0,0.2,7.7,28.0
16:01:44.000,0.0,0.0,0.0,100.0,3787.2,3506.8,145.7,69.9,14.7,112.9,0.0,0.0,1,0,42.9,0.0,0.0,0.0,0.0,0.0,-0.0,-0.0,-0.0,0.0,0.0,0.0,0.0,0.0,0.0,0.0,0.0,0.0,0.0,0.0,0.0,0.0,0.0,0.0,0.0,0.0,0.0,0.0,0.0,0.0,0.0,0.2,7.7,28.0
16:01:45.000,0.0,0.0,0.0,100.0,3787.2,3506.8,145.7,69.9,14.7,112.9,0.0,0.0,1,0,50.9,0.0,0.0,0.0,0.0,0.0,-0.0,-0.0,-0.0,0.0,0.0,0.0,0.0,0.0,0.0,0.0,0.0,0.0,0.0,0.0,0.0,0.0,0.0,0.0,0.0,0.0,0.0,0.0,0.0,0.0,0.0,0.2,7.7,28.0
16:01:46.000,0.0,0.0,0.0,100.0,3787.2,3506.8,145.7,69.9,14.7,112.9,0.0,0.0,1,0,33.9,0.0,0.0,0.0,0.0,0.0,-0.0,-0.0,-0.0,0.0,0.0,0.0,0.0,0.0,0.0,0.0,0.0,0.0,0.0,0.0,0.0,0.0,0.0,0.0,0.0,0.0,0.0,0.0,0.0,0.0,0.0,0.2,7.7,28.0
16:01:47.000,0.0,0.2,0.0,99.8,3787.2,3506.8,145.7,69.9,14.7,112.9,0.0,0.0,1,0,37.9,0.0,0.0,0.0,0.0,0.0,-0.0,-0.0,-0.0,0.0,0.0,0.0,0.0,0.0,0.0,0.0,0.0,0.0,0.0,0.0,0.0,0.0,0.0,0.0,0.0,0.0,0.0,0.0,0.0,0.0,0.0,0.2,7.7,28.0
16:01:48.000,0.0,0.0,0.2,99.8,3787.2,3506.8,145.7,69.9,14.7,112.9,0.0,0.0,1,0,81.7,0.0,0.0,0.0,0.0,0.0,-0.0,-0.0,-0.0,0.0,0.0,0.0,0.0,0.0,0.0,1.0,0.0,0.0,0.0,0.0,0.0,19.9,0.0,19.9,6.7,0.0,6.7,3.0,0.0,3.0,0.0,0.2,7.7,28.0
16:01:49.000,0.0,0.0,0.0,100.0,3787.2,3506.8,145.7,69.9,14.7,112.9,0.0,0.0,1,0,39.9,0.0,0.0,0.0,0.0,0.0,-0.0,-0.0,-0.0,0.0,0.0,0.0,0.0,0.0,0.0,0.0,0.0,0.0,0.0,0.0,0.0,0.0,0.0,0.0,0.0,0.0,0.0,0.0,0.0,0.0,0.0,0.2,7.7,28.0
16:01:50.000,0.0,0.2,0.0,99.8,3787.2,3506.8,145.7,69.9,14.7,112.9,0.0,0.0,1,0,41.9,0.0,0.0,0.0,0.0,0.0,-0.0,-0.0,-0.0,0.0,0.0,0.0,0.0,0.0,0.0,0.0,0.0,0.0,0.0,0.0,0.0,0.0,0.0,0.0,0.0,0.0,0.0,0.0,0.0,0.0,0.0,0.2,7.7,28.0
16:01:51.000,0.0,0.0,0.0,100.0,3787.2,3506.8,145.7,69.9,14.7,112.9,0.0,0.0,1,0,41.9,0.0,0.0,0.0,0.0,0.0,-0.0,-0.0,-0.0,0.0,0.0,0.0,0.0,0.0,0.0,0.0,0.0,0.0,0.0,0.0,0.0,0.0,0.0,0.0,0.0,0.0,0.0,0.0,0.0,0.0,0.0,0.2,7.7,28.0
16:01:52.000,0.0,0.0,0.0,100.0,3787.2,3506.8,145.7,69.9,14.7,112.9,0.0,0.0,1,0,41.9,0.0,0.0,0.0,0.0,0.0,-0.0,-0.0,-0.0,0.0,0.0,0.0,0.0,0.0,0.0,0.0,0.0,0.0,0.0,0.0,0.0,0.0,0.0,0.0,0.0,0.0,0.0,0.0,0.0,0.0,0.0,0.2,7.7,28.0
16:01:53.000,0.0,0.0,0.0,100.0,3787.2,3506.8,145.7,69.9,14.7,112.9,0.0,0.0,1,0,59.8,0.0,0.0,0.0,0.0,0.0,-0.0,-0.0,-0.0,0.0,0.0,0.0,0.0,0.0,0.0,0.0,0.0,1.0,0.0,0.0,0.0,27.9,0.0,27.9,14.0,0.0,14.0,2.0,0.0,2.0,0.0,0.2,7.7,28.0
16:01:54.000,0.0,0.0,0.0,100.0,3787.2,3506.8,145.7,69.9,14.7,112.9,0.0,0.0,1,0,34.9,0.0,0.0,0.0,0.0,0.0,-0.0,-0.0,-0.0,0.0,0.0,0.0,0.0,0.0,0.0,0.0,0.0,0.0,0.0,0.0,0.0,0.0,0.0,0.0,0.0,0.0,0.0,0.0,0.0,0.0,0.0,0.2,7.7,28.0
16:01:55.000,0.0,0.0,0.0,100.0,3787.2,3506.8,145.7,69.9,14.7,112.9,0.0,0.0,1,0,51.9,0.0,0.0,0.0,0.0,0.0,-0.0,-0.0,-0.0,0.0,0.0,0.0,0.0,0.0,0.0,0.0,0.0,0.0,0.0,0.0,0.0,0.0,0.0,0.0,0.0,0.0,0.0,0.0,0.0,0.0,0.0,0.2,7.7,28.0
16:01:56.000,0.0,0.0,0.0,100.0,3787.2,3506.8,145.7,69.9,14.7,113.0,0.0,0.0,1,0,39.9,0.0,0.0,0.0,0.0,0.0,-0.0,-0.0,-0.0,0.0,0.0,0.0,0.0,0.0,0.0,0.0,0.0,0.0,0.0,0.0,0.0,0.0,0.0,0.0,0.0,0.0,0.0,0.0,0.0,0.0,0.0,0.2,7.7,28.0
16:01:57.000,0.0,0.2,0.0,99.8,3787.2,3506.8,145.7,69.9,14.7,113.0,0.0,0.0,1,0,45.9,0.0,0.0,0.0,0.0,0.0,-0.0,-0.0,-0.0,0.0,0.0,0.0,0.0,0.0,0.0,0.0,0.0,0.0,0.0,0.0,0.0,0.0,0.0,0.0,0.0,0.0,0.0,0.0,0.0,0.0,0.0,0.2,7.7,28.0
16:01:58.000,0.0,0.0,0.2,99.8,3787.2,3506.8,145.7,69.9,14.7,113.0,0.0,0.0,1,0,51.8,0.0,0.0,0.0,0.0,0.0,-0.0,-0.0,-0.0,0.0,0.0,0.0,0.0,0.0,0.0,0.0,0.0,0.0,0.0,0.0,0.0,12.0,0.0,12.0,6.0,0.0,6.0,2.0,0.0,2.0,0.0,0.2,7.7,28.0
16:01:59.000,0.0,0.0,0.0,100.0,3787.2,3506.8,145.7,69.9,14.7,113.0,0.0,0.0,1,0,39.9,0.0,0.0,0.0,0.0,0.0,-0.0,-0.0,-0.0,0.0,0.0,0.0,0.0,0.0,0.0,0.0,0.0,0.0,0.0,0.0,0.0,0.0,0.0,0.0,0.0,0.0,0.0,0.0,0.0,0.0,0.0,0.2,7.7,28.0
16:02:00.000,0.0,0.2,0.0,99.8,3787.2,3506.8,145.7,69.9,14.7,113.0,0.0,0.0,1,0,41.9,0.0,0.0,0.0,0.0,0.0,-0.0,-0.0,-0.0,0.0,0.0,0.0,0.0,0.0,0.0,0.0,0.0,0.0,0.0,0.0,0.0,0.0,0.0,0.0,0.0,0.0,0.0,0.0,0.0,0.0,0.0,0.2,7.7,28.0
16:02:01.000,0.0,0.0,0.0,100.0,3787.2,3506.8,145.7,69.9,14.7,113.0,0.0,0.0,1,0,39.9,0.0,0.0,0.0,0.0,0.0,-0.0,-0.0,-0.0,0.0,0.0,0.0,0.0,0.0,0.0,0.0,0.0,0.0,0.0,0.0,0.0,0.0,0.0,0.0,0.0,0.0,0.0,0.0,0.0,0.0,0.0,0.2,7.7,28.0
16:02:02.000,0.0,0.0,0.0,100.0,3787.2,3506.8,145.7,69.9,14.7,113.0,0.0,0.0,1,0,35.9,0.0,0.0,0.0,0.0,0.0,-0.0,-0.0,-0.0,0.0,0.0,0.0,0.0,0.0,0.0,0.0,0.0,0.0,0.0,0.0,0.0,0.0,0.0,0.0,0.0,0.0,0.0,0.0,0.0,0.0,0.0,0.2,7.7,28.0
16:02:03.000,0.0,0.0,0.0,100.0,3787.2,3506.8,145.7,69.9,14.8,113.0,0.0,0.0,1,0,57.8,0.0,0.0,0.0,0.0,0.0,-0.0,-0.0,-0.0,0.0,0.0,0.0,0.0,0.0,0.0,1.0,0.0,0.0,0.0,0.0,0.0,12.0,0.0,12.0,6.0,0.0,6.0,2.0,0.0,2.0,0.0,0.2,7.7,28.0
16:02:04.000,0.0,0.0,0.0,100.0,3787.2,3506.8,145.7,69.9,14.8,113.0,0.0,0.0,1,0,44.9,0.0,0.0,0.0,0.0,0.0,-0.0,-0.0,-0.0,0.0,0.0,0.0,0.0,0.0,0.0,0.0,0.0,0.0,0.0,0.0,0.0,0.0,0.0,0.0,0.0,0.0,0.0,0.0,0.0,0.0,0.0,0.2,7.7,28.0
16:02:05.000,0.0,0.0,0.0,100.0,3787.2,3506.8,145.7,69.9,14.8,113.0,0.0,0.0,1,0,44.9,0.0,0.0,0.0,0.0,0.0,-0.0,-0.0,-0.0,0.0,0.0,0.0,0.0,0.0,0.0,0.0,0.0,0.0,0.0,0.0,0.0,0.0,0.0,0.0,0.0,0.0,0.0,0.0,0.0,0.0,0.0,0.2,7.7,28.0
16:02:06.000,0.0,0.0,0.0,100.0,3787.2,3506.8,145.7,70.0,14.8,113.0,0.0,0.0,1,0,32.9,0.0,0.0,0.0,0.0,0.0,-0.0,-0.0,-0.0,0.0,0.0,0.0,0.0,0.0,0.0,0.0,0.0,0.0,0.0,0.0,0.0,0.0,0.0,0.0,0.0,0.0,0.0,0.0,0.0,0.0,0.0,0.2,7.7,28.0
16:02:07.000,0.0,0.2,0.0,99.8,3787.2,3506.8,145.7,70.0,14.8,113.0,0.0,0.0,1,0,40.9,0.0,0.0,0.0,0.0,0.0,-0.0,-0.0,-0.0,0.0,0.0,0.0,0.0,0.0,0.0,0.0,0.0,0.0,0.0,0.0,0.0,0.0,0.0,0.0,0.0,0.0,0.0,0.0,0.0,0.0,0.0,0.2,7.7,28.0
16:02:08.000,0.0,0.0,0.2,99.8,3787.2,3506.8,145.7,70.0,14.8,113.0,0.0,0.0,1,0,62.8,0.0,0.0,0.0,0.0,0.0,-0.0,-0.0,-0.0,0.0,0.0,0.0,0.0,0.0,0.0,0.0,0.0,1.0,0.0,0.0,0.0,12.0,0.0,12.0,6.0,0.0,6.0,2.0,0.0,2.0,0.0,0.2,7.7,28.0
16:02:09.000,0.2,0.0,0.0,99.8,3787.2,3506.8,145.7,70.0,14.8,113.0,0.0,0.0,1,0,42.9,0.0,0.0,0.0,0.0,0.0,-0.0,-0.0,-0.0,0.0,0.0,0.0,0.0,0.0,0.0,0.0,0.0,0.0,0.0,0.0,0.0,0.0,0.0,0.0,0.0,0.0,0.0,0.0,0.0,0.0,0.0,0.2,7.7,28.0
16:02:10.000,0.0,0.0,0.0,100.0,3787.2,3506.8,145.7,70.0,14.8,113.0,0.0,0.0,1,0,28.9,0.0,0.0,0.0,0.0,0.0,-0.0,-0.0,-0.0,0.0,0.0,0.0,0.0,0.0,0.0,0.0,0.0,0.0,0.0,0.0,0.0,0.0,0.0,0.0,0.0,0.0,0.0,0.0,0.0,0.0,0.0,0.2,7.7,28.0
16:02:11.000,0.0,0.0,0.0,100.0,3787.2,3506.8,145.7,70.0,14.8,113.0,0.0,0.0,1,0,62.9,0.0,0.0,0.0,0.0,0.1,-0.0,-0.0,-0.0,0.0,0.0,1.0,0.0,0.0,0.0,0.0,0.0,0.0,0.0,0.0,0.0,0.0,0.0,0.0,0.0,0.0,0.0,0.0,0.0,0.0,0.0,0.2,7.7,28.0
16:02:12.000,0.0,0.0,0.0,100.0,3787.2,3506.8,145.7,70.0,14.8,113.0,0.0,0.0,1,0,48.9,0.0,0.0,0.0,0.0,0.0,-0.0,-0.0,-0.0,0.0,0.0,0.0,0.0,0.0,0.0,0.0,0.0,0.0,0.0,0.0,0.0,0.0,0.0,0.0,0.0,0.0,0.0,0.0,0.0,0.0,0.0,0.2,7.7,28.0
16:02:13.000,0.0,0.0,0.0,100.0,3787.2,3506.8,145.7,70.0,14.8,113.0,0.0,0.0,1,0,62.8,0.0,0.0,0.0,0.0,0.0,-0.0,-0.0,-0.0,0.0,0.0,0.0,0.0,0.0,0.0,0.0,0.0,0.0,0.0,0.0,0.0,12.0,0.0,12.0,6.0,0.0,6.0,2.0,0.0,2.0,0.0,0.2,7.7,28.0
16:02:14.000,0.2,0.0,0.0,99.8,3787.2,3506.8,145.7,70.0,14.8,113.0,0.0,0.0,1,0,37.9,0.0,0.0,0.0,0.0,0.0,-0.0,-0.0,-0.0,0.0,0.0,0.0,0.0,0.0,0.0,0.0,0.0,0.0,0.0,0.0,0.0,0.0,0.0,0.0,0.0,0.0,0.0,0.0,0.0,0.0,0.0,0.2,7.7,28.0
16:02:15.000,0.0,0.0,0.0,100.0,3787.2,3506.8,145.7,70.0,14.8,113.0,0.0,0.0,1,0,38.9,0.0,0.0,0.0,0.0,0.0,-0.0,-0.0,-0.0,0.0,0.0,0.0,0.0,0.0,0.0,0.0,0.0,0.0,0.0,0.0,0.0,0.0,0.0,0.0,0.0,0.0,0.0,0.0,0.0,0.0,0.0,0.2,7.7,28.0
16:02:16.000,0.0,0.0,0.0,100.0,3787.2,3506.8,145.7,70.0,14.8,113.0,0.0,0.0,1,0,83.8,0.0,0.0,0.0,0.0,0.1,-0.0,-0.0,-0.0,0.0,0.0,1.0,0.0,0.0,0.0,0.0,0.0,0.0,0.0,0.0,0.0,0.0,0.0,0.0,0.0,0.0,0.0,0.0,0.0,0.0,0.0,0.2,7.7,28.0
16:02:17.000,0.0,0.0,0.0,100.0,3787.2,3506.8,145.7,70.0,14.8,113.0,0.0,0.0,1,0,44.9,0.0,0.0,0.0,0.0,0.0,-0.0,-0.0,-0.0,0.0,0.0,0.0,0.0,0.0,0.0,1.0,0.0,0.0,0.0,0.0,0.0,0.0,0.0,0.0,0.0,0.0,0.0,0.0,0.0,0.0,0.0,0.2,7.7,28.0
16:02:18.000,0.2,0.0,0.2,99.5,3787.2,3506.8,145.7,70.0,14.8,113.0,0.0,0.0,1,0,51.8,0.0,0.0,0.0,0.0,0.0,-0.0,-0.0,-0.0,0.0,0.0,0.0,0.0,0.0,0.0,0.0,0.0,0.0,0.0,0.0,0.0,12.0,0.0,12.0,6.0,0.0,6.0,2.0,0.0,2.0,0.0,0.2,7.7,28.0
16:02:19.000,0.0,0.2,0.0,99.8,3787.2,3506.8,145.7,70.0,14.8,113.0,0.0,0.0,1,0,85.8,0.0,0.0,0.0,0.0,0.1,-0.0,-0.0,-0.0,0.0,0.0,1.0,0.0,0.0,0.0,0.0,0.0,0.0,0.0,0.0,0.0,23.9,0.0,23.9,24.0,0.0,24.0,1.0,0.0,1.0,0.0,0.2,7.7,28.0
16:02:20.000,0.0,0.0,0.0,100.0,3787.2,3506.8,145.7,70.0,14.8,113.0,0.0,0.0,1,0,39.9,0.0,0.0,0.0,0.0,0.0,-0.0,-0.0,-0.0,0.0,0.0,0.0,0.0,0.0,0.0,0.0,0.0,0.0,0.0,0.0,0.0,0.0,0.0,0.0,0.0,0.0,0.0,0.0,0.0,0.0,0.0,0.2,7.7,28.0
16:02:21.000,0.0,0.0,0.0,100.0,3787.2,3506.8,145.7,70.0,14.8,113.0,0.0,0.0,1,0,40.9,0.0,0.0,0.0,0.0,0.0,-0.0,-0.0,-0.0,0.0,0.0,0.0,0.0,0.0,0.0,0.0,0.0,0.0,0.0,0.0,0.0,0.0,0.0,0.0,0.0,0.0,0.0,0.0,0.0,0.0,0.0,0.2,7.7,28.0
16:02:22.000,0.0,0.0,0.0,100.0,3787.2,3506.8,145.7,70.0,14.8,113.0,0.0,0.0,1,0,29.9,0.0,0.0,0.0,0.0,0.0,-0.0,-0.0,-0.0,0.0,0.0,0.0,0.0,0.0,0.0,0.0,0.0,1.0,0.0,0.0,0.0,0.0,0.0,0.0,0.0,0.0,0.0,0.0,0.0,0.0,0.0,0.2,7.7,28.0
16:02:23.000,0.0,0.0,0.0,100.0,3787.2,3506.8,145.7,70.0,14.8,113.0,0.0,0.0,1,0,80.7,0.0,0.0,0.0,0.0,0.0,-0.0,-0.0,-0.0,0.0,0.0,0.0,0.0,0.0,0.0,1.0,0.0,0.0,0.0,0.0,0.0,39.9,0.0,39.9,6.7,0.0,6.7,6.0,0.0,6.0,0.0,0.2,7.7,28.0
16:02:24.000,0.0,0.0,0.0,100.0,3787.2,3506.8,145.7,70.0,14.8,113.0,0.0,0.0,1,0,25.9,0.0,0.0,0.0,0.0,0.0,-0.0,-0.0,-0.0,0.0,0.0,0.0,0.0,0.0,0.0,0.0,0.0,0.0,0.0,0.0,0.0,0.0,0.0,0.0,0.0,0.0,0.0,0.0,0.0,0.0,0.0,0.2,7.7,28.0
16:02:25.000,0.0,0.0,0.0,100.0,3787.2,3506.8,145.7,70.0,14.8,113.0,0.0,0.0,1,0,34.9,0.0,0.0,0.0,0.0,0.0,-0.0,-0.0,-0.0,0.0,0.0,0.0,0.0,0.0,0.0,0.0,0.0,0.0,0.0,0.0,0.0,0.0,0.0,0.0,0.0,0.0,0.0,0.0,0.0,0.0,0.0,0.2,7.7,28.0
16:02:26.000,0.0,0.0,0.0,100.0,3787.2,3506.8,145.7,70.0,14.8,113.0,0.0,0.0,1,0,42.9,0.0,0.0,0.0,0.0,0.0,-0.0,-0.0,-0.0,0.0,0.0,0.0,0.0,0.0,0.0,0.0,0.0,0.0,0.0,0.0,0.0,0.0,0.0,0.0,0.0,0.0,0.0,0.0,0.0,0.0,0.0,0.2,7.7,28.0
16:02:27.000,0.0,0.0,0.0,100.0,3787.2,3506.8,145.7,70.0,14.8,113.0,0.0,0.0,1,0,40.9,0.0,0.0,0.0,0.0,0.0,-0.0,-0.0,-0.0,0.0,0.0,0.0,0.0,0.0,0.0,0.0,0.0,1.0,0.0,0.0,0.0,0.0,0.0,0.0,0.0,0.0,0.0,0.0,0.0,0.0,0.0,0.2,7.7,28.0
16:02:28.000,0.0,0.2,0.2,99.5,3787.2,3506.8,145.7,70.0,14.8,113.0,0.0,0.0,1,0,68.8,0.0,0.0,0.0,0.0,0.0,-0.0,-0.0,-0.0,0.0,0.0,0.0,0.0,0.0,0.0,0.0,0.0,0.0,0.0,0.0,0.0,12.0,0.0,12.0,6.0,0.0,6.0,2.0,0.0,2.0,0.0,0.2,7.7,28.0
16:02:29.000,0.0,0.0,0.0,100.0,3787.2,3506.8,145.7,70.0,14.8,113.0,0.0,0.0,1,0,37.9,0.0,0.0,0.0,0.0,0.0,-0.0,-0.0,-0.0,0.0,0.0,0.0,0.0,0.0,0.0,0.0,0.0,0.0,0.0,0.0,0.0,0.0,0.0,0.0,0.0,0.0,0.0,0.0,0.0,0.0,0.0,0.2,7.7,28.0
16:02:30.000,0.0,0.0,0.0,100.0,3787.2,3506.8,145.7,70.0,14.8,113.0,0.0,0.0,1,0,36.9,0.0,0.0,0.0,0.0,0.0,-0.0,-0.0,-0.0,0.0,0.0,0.0,0.0,0.0,0.0,0.0,0.0,0.0,0.0,0.0,0.0,0.0,0.0,0.0,0.0,0.0,0.0,0.0,0.0,0.0,0.0,0.2,7.7,28.0
16:02:31.000,0.0,0.2,0.0,99.8,3787.2,3506.8,145.7,70.0,14.8,113.0,0.0,0.0,1,0,41.9,0.0,0.0,0.0,0.0,0.0,-0.0,-0.0,-0.0,0.0,0.0,0.0,0.0,0.0,0.0,0.0,0.0,0.0,0.0,0.0,0.0,0.0,0.0,0.0,0.0,0.0,0.0,0.0,0.0,0.0,0.0,0.2,7.7,28.0
16:02:32.000,0.0,0.0,0.0,100.0,3787.2,3506.8,145.7,70.0,14.8,113.0,0.0,0.0,1,0,43.9,0.0,0.0,0.0,0.0,0.0,-0.0,-0.0,-0.0,0.0,0.0,0.0,0.0,0.0,0.0,1.0,0.0,0.0,0.0,0.0,0.0,0.0,0.0,0.0,0.0,0.0,0.0,0.0,0.0,0.0,0.0,0.2,7.7,28.0
16:02:33.000,0.2,0.0,0.0,99.8,3787.2,3506.8,145.7,70.0,14.8,113.0,0.0,0.0,1,0,57.8,0.0,0.0,0.0,0.0,0.0,-0.0,-0.0,-0.0,0.0,0.0,0.0,0.0,0.0,0.0,0.0,0.0,0.0,0.0,0.0,0.0,12.0,0.0,12.0,6.0,0.0,6.0,2.0,0.0,2.0,0.0,0.2,7.7,28.0
16:02:34.000,0.0,0.0,0.0,100.0,3787.2,3506.8,145.7,70.0,14.8,113.0,0.0,0.0,1,0,34.9,0.0,0.0,0.0,0.0,0.0,-0.0,-0.0,-0.0,0.0,0.0,0.0,0.0,0.0,0.0,0.0,0.0,0.0,0.0,0.0,0.0,0.0,0.0,0.0,0.0,0.0,0.0,0.0,0.0,0.0,0.0,0.2,7.7,28.0
16:02:35.000,0.0,0.0,0.0,100.0,3787.2,3506.8,145.7,70.0,14.8,113.0,0.0,0.0,1,0,39.9,0.0,0.0,0.0,0.0,0.0,-0.0,-0.0,-0.0,0.0,0.0,0.0,0.0,0.0,0.0,0.0,0.0,0.0,0.0,0.0,0.0,0.0,0.0,0.0,0.0,0.0,0.0,0.0,0.0,0.0,0.0,0.2,7.7,28.0
16:02:36.000,0.0,0.0,0.0,100.0,3787.2,3506.8,145.7,70.0,14.8,113.0,0.0,0.0,1,0,46.9,0.0,0.0,0.0,0.0,0.0,-0.0,-0.0,-0.0,0.0,0.0,0.0,0.0,0.0,0.0,0.0,0.0,0.0,0.0,0.0,0.0,0.0,0.0,0.0,0.0,0.0,0.0,0.0,0.0,0.0,0.0,0.2,7.7,28.0
16:02:37.000,0.0,0.0,0.0,100.0,3787.2,3506.8,145.7,70.0,14.8,113.0,0.0,0.0,1,0,43.9,0.0,0.0,0.0,0.0,0.0,-0.0,-0.0,-0.0,0.0,0.0,0.0,0.0,0.0,0.0,0.0,0.0,1.0,0.0,0.0,0.0,0.0,0.0,0.0,0.0,0.0,0.0,0.0,0.0,0.0,0.0,0.2,7.7,28.0
16:02:38.000,0.0,0.2,0.2,99.5,3787.2,3506.8,145.7,70.0,14.8,113.0,0.0,0.0,1,0,49.8,0.0,0.0,0.0,0.0,0.0,-0.0,-0.0,-0.0,0.0,0.0,0.0,0.0,0.0,0.0,0.0,0.0,0.0,0.0,0.0,0.0,12.0,0.0,12.0,6.0,0.0,6.0,2.0,0.0,2.0,0.0,0.2,7.7,28.0
16:02:39.000,0.0,0.0,0.0,100.0,3787.2,3506.8,145.7,70.0,14.8,113.0,0.0,0.0,1,0,39.9,0.0,0.0,0.0,0.0,0.0,-0.0,-0.0,-0.0,0.0,0.0,0.0,0.0,0.0,0.0,0.0,0.0,0.0,0.0,0.0,0.0,0.0,0.0,0.0,0.0,0.0,0.0,0.0,0.0,0.0,0.0,0.2,7.7,28.0
16:02:40.000,0.0,0.0,0.0,100.0,3787.2,3506.8,145.7,70.0,14.8,113.0,0.0,0.0,1,0,39.9,0.0,0.0,0.0,0.0,0.0,-0.0,-0.0,-0.0,0.0,0.0,0.0,0.0,0.0,0.0,0.0,0.0,0.0,0.0,0.0,0.0,0.0,0.0,0.0,0.0,0.0,0.0,0.0,0.0,0.0,0.0,0.2,7.7,28.0
16:02:41.000,0.0,0.2,0.0,99.8,3787.2,3506.8,145.7,70.0,14.8,113.0,0.0,0.0,1,0,37.9,0.0,0.0,0.0,0.0,0.0,-0.0,-0.0,-0.0,0.0,0.0,0.0,0.0,0.0,0.0,0.0,0.0,0.0,0.0,0.0,0.0,0.0,0.0,0.0,0.0,0.0,0.0,0.0,0.0,0.0,0.0,0.2,7.7,28.0
16:02:42.000,0.0,0.0,0.0,100.0,3787.2,3506.8,145.7,70.0,14.8,113.0,0.0,0.0,1,0,31.9,0.0,0.0,0.0,0.0,0.0,-0.0,-0.0,-0.0,0.0,0.0,0.0,0.0,0.0,0.0,0.0,0.0,0.0,0.0,0.0,0.0,0.0,0.0,0.0,0.0,0.0,0.0,0.0,0.0,0.0,0.0,0.2,7.7,28.0
16:02:43.000,0.0,0.0,0.0,100.0,3787.2,3506.8,145.7,70.0,14.8,113.0,0.0,0.0,1,0,51.8,0.0,0.0,0.0,0.0,0.0,-0.0,-0.0,-0.0,0.0,0.0,0.0,0.0,0.0,0.0,0.0,0.0,0.0,0.0,0.0,0.0,12.0,0.0,12.0,6.0,0.0,6.0,2.0,0.0,2.0,0.0,0.2,7.7,28.0
16:02:44.000,0.0,0.0,0.0,100.0,3787.2,3506.8,145.7,70.0,14.8,113.0,0.0,0.0,1,0,49.9,0.0,0.0,0.0,0.0,0.0,-0.0,-0.0,-0.0,0.0,0.0,0.0,0.0,0.0,0.0,0.0,0.0,0.0,0.0,0.0,0.0,0.0,0.0,0.0,0.0,0.0,0.0,0.0,0.0,0.0,0.0,0.2,7.7,28.0
16:02:45.000,0.0,0.0,0.0,100.0,3787.2,3506.8,145.7,70.0,14.8,113.0,0.0,0.0,1,0,38.9,0.0,0.0,0.0,0.0,0.0,-0.0,-0.0,-0.0,0.0,0.0,0.0,0.0,0.0,0.0,0.0,0.0,0.0,0.0,0.0,0.0,0.0,0.0,0.0,0.0,0.0,0.0,0.0,0.0,0.0,0.0,0.2,7.7,28.0
16:02:46.000,0.0,0.0,0.0,100.0,3787.2,3506.8,145.7,70.0,14.8,113.0,0.0,0.0,1,0,38.9,0.0,0.0,0.0,0.0,0.0,-0.0,-0.0,-0.0,0.0,0.0,0.0,0.0,0.0,0.0,0.0,0.0,0.0,0.0,0.0,0.0,0.0,0.0,0.0,0.0,0.0,0.0,0.0,0.0,0.0,0.0,0.2,7.7,28.0
16:02:47.000,0.0,0.0,0.0,100.0,3787.2,3506.8,145.7,70.0,14.8,113.0,0.0,0.0,1,0,42.9,0.0,0.0,0.0,0.0,0.0,-0.0,-0.0,-0.0,0.0,0.0,0.0,0.0,0.0,0.0,1.0,0.0,0.0,0.0,0.0,0.0,0.0,0.0,0.0,0.0,0.0,0.0,0.0,0.0,0.0,0.0,0.2,7.7,28.0
16:02:48.000,0.0,0.0,0.0,100.0,3787.2,3506.8,145.7,70.0,14.8,113.0,0.0,0.0,1,0,68.8,0.0,0.0,0.0,0.0,0.0,-0.0,-0.0,-0.0,0.0,0.0,0.0,0.0,0.0,0.0,0.0,0.0,0.0,0.0,0.0,0.0,12.0,0.0,12.0,6.0,0.0,6.0,2.0,0.0,2.0,0.0,0.2,7.7,28.0
16:02:49.000,0.0,0.0,0.0,100.0,3787.2,3506.8,145.7,70.0,14.8,113.0,0.0,0.0,2,0,69.8,0.0,0.0,0.0,0.0,0.1,-0.0,-0.0,-0.0,0.0,0.0,1.0,0.0,0.0,0.0,0.0,0.0,0.0,0.0,0.0,0.0,0.0,0.0,0.0,0.0,0.0,0.0,0.0,0.0,0.0,0.0,0.2,7.7,28.0
16:02:50.000,0.2,0.2,0.2,99.3,3787.2,3506.8,145.7,70.0,14.8,113.0,0.0,0.0,1,0,82.8,0.0,0.0,0.0,0.0,0.0,-0.0,-0.0,-0.0,0.0,0.0,0.0,0.0,0.0,0.0,0.0,0.0,1.0,0.0,0.0,0.0,47.9,0.0,47.9,12.0,0.0,12.0,4.0,0.0,4.0,0.0,0.2,7.7,28.0
16:02:51.000,0.0,0.0,0.0,100.0,3787.2,3506.8,145.7,70.0,14.8,113.0,0.0,0.0,1,0,74.8,0.0,0.0,0.0,0.0,0.1,-0.0,-0.0,-0.0,0.0,0.0,1.0,0.0,0.0,0.0,0.0,0.0,0.0,0.0,0.0,0.0,0.0,0.0,0.0,0.0,0.0,0.0,0.0,0.0,0.0,0.0,0.2,7.7,28.0
16:02:52.000,0.0,0.0,0.0,100.0,3787.2,3506.8,145.7,70.0,14.8,113.0,0.0,0.0,1,0,42.9,0.0,0.0,0.0,0.0,0.0,-0.0,-0.0,-0.0,0.0,0.0,0.0,0.0,0.0,0.0,0.0,0.0,0.0,0.0,0.0,0.0,0.0,0.0,0.0,0.0,0.0,0.0,0.0,0.0,0.0,0.0,0.2,7.7,28.0
16:02:53.000,0.0,0.2,0.0,99.8,3787.2,3506.8,145.7,70.0,14.8,113.0,0.0,0.0,1,0,40.9,0.0,0.0,0.0,0.0,0.0,-0.0,-0.0,-0.0,0.0,0.0,0.0,0.0,0.0,0.0,0.0,0.0,0.0,0.0,0.0,0.0,0.0,0.0,0.0,0.0,0.0,0.0,0.0,0.0,0.0,0.0,0.2,7.7,28.0
16:02:54.000,0.0,0.0,0.0,100.0,3787.2,3506.8,145.7,70.0,14.8,113.0,0.0,0.0,1,0,38.9,0.0,0.0,0.0,0.0,0.0,-0.0,-0.0,-0.0,0.0,0.0,0.0,0.0,0.0,0.0,1.0,0.0,0.0,0.0,0.0,0.0,0.0,0.0,0.0,0.0,0.0,0.0,0.0,0.0,0.0,0.0,0.2,7.7,28.0
16:02:55.000,0.0,0.0,0.2,99.8,3787.2,3506.8,145.7,70.0,14.8,113.0,0.0,0.0,1,0,143.1,1.0,0.0,0.0,0.0,0.0,-0.0,-0.0,-0.0,0.0,0.0,0.0,0.0,0.0,0.0,2.0,0.0,2.0,0.0,0.0,0.0,95.4,0.0,95.4,8.0,0.0,8.0,11.9,0.0,11.9,0.0,0.2,7.7,28.0
16:02:56.000,0.0,0.0,0.0,100.0,3787.2,3506.8,145.7,70.0,14.8,113.0,0.0,0.0,1,0,43.9,0.0,0.0,0.0,0.0,0.0,-0.0,-0.0,-0.0,0.0,0.0,0.0,0.0,0.0,0.0,0.0,0.0,0.0,0.0,0.0,0.0,0.0,0.0,0.0,0.0,0.0,0.0,0.0,0.0,0.0,0.0,0.2,7.7,28.0
16:02:57.000,0.0,0.0,0.0,100.0,3787.2,3506.8,145.7,70.0,14.8,113.0,0.0,0.0,1,0,95.8,1.0,0.0,0.0,0.0,0.0,-0.0,-0.0,-0.0,0.0,0.0,0.0,0.0,0.0,0.0,0.0,0.0,0.0,0.0,0.0,0.0,0.0,0.0,0.0,0.0,0.0,0.0,0.0,0.0,0.0,0.0,0.2,7.7,28.0
16:02:58.000,0.0,0.0,0.0,100.0,3787.2,3506.8,145.7,70.0,14.8,113.0,0.0,0.0,1,0,58.9,0.0,0.0,0.0,0.0,0.0,-0.0,-0.0,-0.0,0.0,0.0,0.0,0.0,0.0,0.0,0.0,0.0,0.0,0.0,0.0,0.0,0.0,0.0,0.0,0.0,0.0,0.0,0.0,0.0,0.0,0.0,0.2,7.7,28.0
16:02:59.000,0.0,0.0,0.0,100.0,3787.2,3506.8,145.7,70.0,14.8,113.0,0.0,0.0,1,0,39.9,0.0,0.0,0.0,0.0,0.0,-0.0,-0.0,-0.0,0.0,0.0,0.0,0.0,0.0,0.0,0.0,0.0,0.0,0.0,0.0,0.0,0.0,0.0,0.0,0.0,0.0,0.0,0.0,0.0,0.0,0.0,0.2,7.7,28.0
16:03:00.000,0.0,0.0,0.2,99.8,3787.2,3506.8,145.7,70.0,14.8,113.0,0.0,0.0,1,0,67.7,0.0,0.0,0.0,0.0,0.0,-0.0,-0.0,-0.0,0.0,0.0,0.0,0.0,0.0,0.0,0.0,0.0,1.0,0.0,0.0,0.0,23.9,0.0,23.9,12.0,0.0,12.0,2.0,0.0,2.0,0.0,0.2,7.7,28.0
16:03:01.000,0.0,0.2,0.0,99.8,3787.2,3506.8,145.7,70.0,14.8,113.0,0.0,0.0,1,0,47.9,0.0,0.0,0.0,0.0,0.0,-0.0,-0.0,-0.0,0.0,0.0,0.0,0.0,0.0,0.0,0.0,0.0,0.0,0.0,0.0,0.0,0.0,0.0,0.0,0.0,0.0,0.0,0.0,0.0,0.0,0.0,0.2,7.7,28.0
16:03:02.000,0.0,0.0,0.0,100.0,3787.2,3506.8,145.7,70.0,14.8,113.0,0.0,0.0,1,0,29.9,0.0,0.0,0.0,0.0,0.0,-0.0,-0.0,-0.0,0.0,0.0,0.0,0.0,0.0,0.0,0.0,0.0,0.0,0.0,0.0,0.0,0.0,0.0,0.0,0.0,0.0,0.0,0.0,0.0,0.0,0.0,0.2,7.7,28.0
16:03:03.000,0.0,0.0,0.0,100.0,3787.2,3506.8,145.7,70.0,14.8,113.0,0.0,0.0,1,0,44.9,0.0,0.0,0.0,0.0,0.0,-0.0,-0.0,-0.0,0.0,0.0,0.0,0.0,0.0,0.0,0.0,0.0,0.0,0.0,0.0,0.0,0.0,0.0,0.0,0.0,0.0,0.0,0.0,0.0,0.0,0.0,0.2,7.7,28.0
16:03:04.000,0.0,0.0,0.0,100.0,3787.2,3506.8,145.7,70.0,14.8,113.0,0.0,0.0,1,0,37.9,0.0,0.0,0.0,0.0,0.0,-0.0,-0.0,-0.0,0.0,0.0,0.0,0.0,0.0,0.0,0.0,0.0,0.0,0.0,0.0,0.0,0.0,0.0,0.0,0.0,0.0,0.0,0.0,0.0,0.0,0.0,0.2,7.7,28.0
16:03:05.000,0.0,0.2,0.0,99.8,3787.2,3506.8,145.7,70.0,14.9,113.0,0.0,0.0,1,0,66.8,0.0,0.0,0.0,0.0,0.0,-0.0,-0.0,-0.0,0.0,0.0,0.0,0.0,0.0,0.0,0.0,0.0,0.0,0.0,0.0,0.0,12.0,0.0,12.0,6.0,0.0,6.0,2.0,0.0,2.0,0.0,0.2,7.7,28.0
16:03:06.000,0.2,0.0,0.0,99.8,3787.2,3506.8,145.7,70.0,14.9,113.0,0.0,0.0,1,0,29.9,0.0,0.0,0.0,0.0,0.0,-0.0,-0.0,-0.0,0.0,0.0,0.0,0.0,0.0,0.0,0.0,0.0,0.0,0.0,0.0,0.0,0.0,0.0,0.0,0.0,0.0,0.0,0.0,0.0,0.0,0.0,0.2,7.7,28.0
16:03:07.000,12.8,2.8,0.0,84.5,3787.2,3488.3,145.7,70.1,14.9,138.6,0.0,0.0,2,0,313.3,1.0,0.0,0.0,0.0,0.1,-0.0,-0.0,-0.4,0.0,0.0,1.0,0.0,0.0,1.0,0.0,0.0,0.0,0.0,0.0,0.0,0.0,0.0,0.0,0.0,0.0,0.0,0.0,0.0,0.0,0.0,0.2,7.7,28.0
16:03:08.000,14.5,24.1,0.0,61.4,3787.2,3485.7,145.7,70.1,14.9,140.6,0.0,0.0,2,0,37028.7,4.0,0.0,0.0,0.0,237.7,-0.0,-0.0,-10895.1,0.0,0.0,420.4,0.0,0.0,17317.0,0.0,0.0,0.0,0.0,0.0,0.0,0.0,0.0,0.0,0.0,0.0,0.0,0.0,0.0,0.0,0.0,0.2,7.7,28.0
16:03:09.000,13.2,29.8,0.0,57.0,3787.2,3484.5,145.7,70.1,14.9,140.6,0.0,0.0,3,0,36315.9,0.0,0.0,0.0,0.0,455.2,-0.0,-0.0,-12283.4,0.0,0.0,723.5,0.0,0.0,19595.5,1.0,0.0,0.0,0.0,0.0,0.0,0.0,0.0,0.0,0.0,0.0,0.0,0.0,0.0,0.0,0.0,0.2,7.7,28.0
16:03:10.000,15.4,33.2,0.3,51.1,3787.2,3484.3,145.8,70.1,14.9,140.6,0.0,0.0,3,0,44517.7,0.0,0.0,0.0,0.0,322.4,-0.0,-0.0,-12482.7,0.0,0.0,523.5,0.0,0.0,19598.8,1.0,0.0,2.0,0.0,0.0,0.0,83.8,0.0,83.8,8.4,0.0,8.4,10.0,0.0,10.0,0.0,0.2,7.7,28.0
16:03:11.000,12.5,26.1,0.0,61.4,3787.2,3484.1,145.8,70.1,14.9,140.6,0.0,0.0,3,0,32933.0,0.0,0.0,0.0,0.0,298.8,-0.0,-0.0,-12357.7,0.0,0.0,517.1,0.0,0.0,19695.9,0.0,0.0,0.0,0.0,0.0,0.0,0.0,0.0,0.0,0.0,0.0,0.0,0.0,0.0,0.0,0.0,0.2,7.7,28.0
16:03:12.000,16.3,31.1,0.0,52.6,3787.2,3483.4,145.8,70.1,14.9,140.6,0.0,0.0,3,0,44972.5,0.0,0.0,0.0,0.0,318.7,-0.0,-0.0,-12371.6,0.0,0.0,506.6,0.0,0.0,19361.0,0.0,0.0,0.0,0.0,0.0,0.0,0.0,0.0,0.0,0.0,0.0,0.0,0.0,0.0,0.0,0.0,0.2,7.7,28.0
16:03:13.000,13.7,31.3,0.0,55.0,3787.2,3483.2,145.8,70.1,14.9,140.6,0.0,0.0,7,0,41413.1,0.0,0.0,0.0,0.0,320.8,-0.0,-0.0,-12494.6,0.0,0.0,501.0,0.0,0.0,19642.2,0.0,0.0,0.0,0.0,0.0,0.0,0.0,0.0,0.0,0.0,0.0,0.0,0.0,0.0,0.0,0.0,0.2,7.7,28.0
16:03:14.000,14.5,27.9,0.0,57.5,3787.2,3481.8,145.7,70.1,14.9,140.6,0.0,0.0,3,0,35112.6,0.0,0.0,0.0,0.0,316.0,-0.0,-0.0,-12550.0,0.0,0.0,516.6,0.0,0.0,19919.3,1.0,0.0,0.0,0.0,0.0,0.0,16.0,0.0,16.0,8.0,0.0,8.0,2.0,0.0,2.0,0.0,0.2,7.7,28.0
16:03:15.000,14.1,26.5,0.0,59.4,3787.2,3481.4,145.8,70.1,14.9,140.6,0.0,0.0,4,0,34338.8,0.0,0.0,0.0,0.0,320.4,-0.0,-0.0,-12236.6,0.0,0.0,497.3,0.0,0.0,19510.4,0.0,0.0,0.0,0.0,0.0,0.0,0.0,0.0,0.0,0.0,0.0,0.0,0.0,0.0,0.0,0.0,0.2,7.7,28.0
16:03:16.000,14.6,31.5,0.0,53.8,3787.2,3480.1,145.8,70.1,14.9,140.6,0.0,0.0,3,0,44315.8,0.0,0.0,0.0,0.0,96.2,-0.0,-0.0,-13193.4,0.0,0.0,197.5,0.0,0.0,20819.3,0.0,0.0,0.0,0.0,0.0,0.0,0.0,0.0,0.0,0.0,0.0,0.0,0.0,0.0,0.0,0.0,0.2,7.7,28.0
16:03:17.000,15.6,29.8,0.0,54.5,3787.2,3478.7,145.8,70.1,14.9,140.7,0.0,0.0,2,0,41852.3,0.0,0.0,0.0,0.0,0.0,-0.0,-0.0,-13121.1,0.0,0.0,0.0,0.0,0.0,20627.7,0.0,0.0,0.0,0.0,0.0,0.0,0.0,0.0,0.0,0.0,0.0,0.0,0.0,0.0,0.0,0.0,0.2,7.7,28.0
16:03:18.000,14.0,31.2,0.0,54.7,3787.2,3478.2,145.8,70.1,14.9,140.7,0.0,0.0,2,0,46195.9,0.0,0.0,0.0,0.0,0.0,-0.0,-0.0,-13606.7,0.0,0.0,0.0,0.0,0.0,21423.1,0.0,0.0,0.0,0.0,0.0,0.0,0.0,0.0,0.0,0.0,0.0,0.0,0.0,0.0,0.0,0.0,0.2,7.7,28.0
16:03:19.000,13.8,31.0,0.0,55.2,3787.2,3477.6,145.8,70.1,14.9,140.7,0.0,0.0,5,0,43922.5,0.0,0.0,0.0,0.0,0.1,-0.0,-0.0,-13328.9,0.0,0.0,1.0,0.0,0.0,20974.5,0.0,0.0,1.0,0.0,0.0,0.0,0.0,0.0,0.0,0.0,0.0,0.0,0.0,0.0,0.0,0.0,0.2,7.7,28.0
16:03:20.000,14.0,33.0,0.0,53.0,3787.2,3477.1,145.8,70.1,14.9,140.7,0.0,0.0,4,0,44938.5,0.0,0.0,0.0,0.0,0.0,-0.0,-0.0,-13357.7,0.0,0.0,0.0,0.0,0.0,21103.2,1.0,0.0,1.0,0.0,0.0,0.0,39.9,0.0,39.9,4.4,0.0,4.4,9.0,0.0,9.0,0.0,0.2,7.7,28.0
16:03:21.000,16.0,30.8,0.0,53.3,3787.2,3476.2,145.8,70.1,14.9,140.7,0.0,0.0,3,0,45009.6,0.0,0.0,0.0,0.0,0.0,-0.0,-0.0,-13522.8,0.0,0.0,0.0,0.0,0.0,21237.2,0.0,0.0,0.0,0.0,0.0,0.0,23.9,0.0,23.9,24.0,0.0,24.0,1.0,0.0,1.0,0.0,0.2,7.7,28.0
16:03:22.000,14.3,34.0,0.0,51.7,3787.2,3475.6,145.8,70.1,14.9,140.7,0.0,0.0,2,0,47440.4,0.0,0.0,0.0,0.0,0.0,-0.0,-0.0,-13322.4,0.0,0.0,0.0,0.0,0.0,20886.9,0.0,0.0,0.0,0.0,0.0,0.0,0.0,0.0,0.0,0.0,0.0,0.0,0.0,0.0,0.0,0.0,0.2,7.7,28.0
16:03:23.000,12.8,28.9,0.0,58.3,3787.2,3485.8,145.8,70.1,14.9,140.7,0.0,0.0,4,0,34407.9,0.0,0.0,0.0,0.0,0.0,-0.0,-0.0,-13022.5,0.0,0.0,0.0,0.0,0.0,20382.7,0.0,0.0,0.0,0.0,0.0,0.0,0.0,0.0,0.0,0.0,0.0,0.0,0.0,0.0,0.0,0.0,0.2,7.7,28.0
16:03:24.000,16.6,34.1,0.0,49.3,3787.2,3484.6,145.8,70.1,14.9,140.7,0.0,0.0,4,0,50817.5,0.0,0.0,0.0,0.0,0.0,-0.0,-0.0,-13596.3,0.0,0.0,0.0,0.0,0.0,20975.4,1.0,0.0,0.0,0.0,0.0,0.0,0.0,0.0,0.0,0.0,0.0,0.0,0.0,0.0,0.0,0.0,0.2,7.7,28.0
16:03:25.000,14.5,32.4,0.0,53.1,3787.2,3483.5,145.8,70.1,14.9,140.7,0.0,0.0,4,0,49598.2,0.0,0.0,0.0,0.0,0.0,-0.0,-0.0,-13559.3,0.0,0.0,0.0,0.0,0.0,21129.6,0.0,0.0,0.0,0.0,0.0,0.0,24.0,0.0,24.0,12.0,0.0,12.0,2.0,0.0,2.0,0.0,0.2,7.7,28.0
16:03:26.000,14.9,36.6,0.0,48.6,3787.2,3483.3,145.8,70.1,14.9,140.7,0.0,0.0,2,0,50573.0,0.0,0.0,0.0,0.0,0.0,-0.0,-0.0,-13621.3,0.0,0.0,0.0,0.0,0.0,21097.5,0.0,0.0,0.0,0.0,0.0,0.0,0.0,0.0,0.0,0.0,0.0,0.0,0.0,0.0,0.0,0.0,0.2,7.7,28.0
16:03:27.000,15.7,30.6,0.0,53.7,3787.2,3474.7,145.8,70.1,14.9,140.7,0.0,0.0,5,0,44596.8,0.0,0.0,0.0,0.0,0.0,-0.0,-0.0,-13503.5,0.0,0.0,0.0,0.0,0.0,21176.0,0.0,0.0,0.0,0.0,0.0,0.0,0.0,0.0,0.0,0.0,0.0,0.0,0.0,0.0,0.0,0.0,0.2,7.7,28.0
16:03:28.000,13.6,29.9,0.0,56.5,3787.2,3484.1,145.8,70.1,14.9,140.7,0.0,0.0,3,0,42035.7,0.0,0.0,0.0,0.0,0.0,-0.0,-0.0,-13235.2,0.0,0.0,0.0,0.0,0.0,20927.1,0.0,0.0,0.0,0.0,0.0,0.0,0.0,0.0,0.0,0.0,0.0,0.0,0.0,0.0,0.0,0.0,0.2,7.7,28.0
16:03:29.000,15.7,30.0,0.0,54.3,3787.2,3483.0,145.8,70.1,14.9,140.7,0.0,0.0,3,0,43554.6,0.0,0.0,0.0,0.0,0.0,-0.0,-0.0,-13516.8,0.0,0.0,0.0,0.0,0.0,21110.5,1.0,0.0,1.0,0.0,0.0,0.0,0.0,0.0,0.0,0.0,0.0,0.0,0.0,0.0,0.0,0.0,0.2,7.7,28.0
16:03:30.000,17.3,34.1,0.3,48.3,3787.2,3482.8,145.8,70.1,14.9,140.7,0.0,0.0,1,0,51624.6,0.0,0.0,0.0,0.0,0.0,-0.0,-0.0,-13606.3,0.0,0.0,0.0,0.0,0.0,21041.6,1.0,0.0,1.0,0.0,0.0,0.0,19.7,0.0,19.7,10.0,0.0,10.0,2.0,0.0,2.0,0.0,0.2,7.7,28.0
16:03:31.000,14.0,32.6,0.0,53.4,3787.2,3482.3,145.8,70.1,14.9,140.7,0.0,0.0,1,0,46372.4,0.0,0.0,0.0,0.0,0.0,-0.0,-0.0,-13393.9,0.0,0.0,0.0,0.0,0.0,20887.3,0.0,0.0,0.0,0.0,0.0,0.0,0.0,0.0,0.0,0.0,0.0,0.0,0.0,0.0,0.0,0.0,0.2,7.7,28.0
16:03:32.000,14.2,35.5,0.0,50.3,3787.2,3482.1,145.8,70.1,14.9,140.7,0.0,0.0,1,0,51279.2,0.0,0.0,0.0,0.0,0.0,-0.0,-0.0,-13569.2,0.0,0.0,0.0,0.0,0.0,20811.3,0.0,0.0,0.0,0.0,0.0,0.0,0.0,0.0,0.0,0.0,0.0,0.0,0.0,0.0,0.0,0.0,0.2,7.7,28.0
16:03:33.000,14.3,35.7,0.0,50.0,3787.2,3482.1,145.8,70.1,14.9,140.7,0.0,0.0,3,0,51254.9,0.0,0.0,0.0,0.0,0.0,-0.0,-0.0,-13353.3,0.0,0.0,0.0,0.0,0.0,20578.4,0.0,0.0,0.0,0.0,0.0,0.0,0.0,0.0,0.0,0.0,0.0,0.0,0.0,0.0,0.0,0.0,0.2,7.7,28.0
16:03:34.000,12.4,27.2,0.0,60.4,3787.2,3481.2,145.8,70.1,14.9,140.7,0.0,0.0,2,0,34841.7,1.0,0.0,0.0,0.0,0.0,-0.0,-0.0,-13240.8,0.0,0.0,0.0,0.0,0.0,21032.7,2.0,0.0,2.0,0.0,0.0,0.0,71.7,0.0,71.7,7.2,0.0,7.2,10.0,0.0,10.0,0.0,0.2,7.7,28.0
16:03:35.000,15.7,30.4,0.3,53.6,3787.2,3481.0,145.8,70.1,14.9,140.7,0.0,0.0,5,0,45506.6,0.0,0.0,0.0,0.0,0.0,-0.0,-0.0,-13342.2,0.0,0.0,0.0,0.0,0.0,20796.5,0.0,0.0,0.0,0.0,0.0,0.0,8.0,0.0,8.0,4.0,0.0,4.0,2.0,0.0,2.0,0.0,0.2,7.7,28.0
16:03:36.000,15.2,34.2,0.0,50.6,3787.2,3481.0,145.8,70.1,14.9,140.7,0.0,0.0,3,0,48441.6,0.0,0.0,0.0,0.0,0.0,-0.0,-0.0,-13482.9,0.0,0.0,0.0,0.0,0.0,20980.6,0.0,0.0,0.0,0.0,0.0,0.0,0.0,0.0,0.0,0.0,0.0,0.0,0.0,0.0,0.0,0.0,0.2,7.7,28.0
16:03:37.000,15.9,30.0,0.0,54.1,3787.2,3480.3,145.8,70.1,14.9,140.7,0.0,0.0,2,0,42474.9,0.0,0.0,0.0,0.0,0.0,-0.0,-0.0,-13358.7,0.0,0.0,0.0,0.0,0.0,21046.4,0.0,0.0,0.0,0.0,0.0,0.0,0.0,0.0,0.0,0.0,0.0,0.0,0.0,0.0,0.0,0.0,0.2,7.7,28.0
16:03:38.000,14.1,33.9,0.0,52.0,3787.2,3479.8,145.8,70.1,14.9,140.7,0.0,0.0,2,0,48023.1,0.0,0.0,0.0,0.0,0.0,-0.0,-0.0,-13254.9,0.0,0.0,0.0,0.0,0.0,20684.0,0.0,0.0,0.0,0.0,0.0,0.0,0.0,0.0,0.0,0.0,0.0,0.0,0.0,0.0,0.0,0.0,0.2,7.7,28.0
16:03:39.000,13.6,32.3,0.0,54.1,3787.2,3478.6,145.8,70.1,14.9,140.7,0.0,0.0,1,0,44976.9,0.0,0.0,0.0,0.0,0.0,-0.0,-0.0,-13455.1,0.0,0.0,0.0,0.0,0.0,21134.7,0.0,0.0,0.0,0.0,0.0,0.0,11.9,0.0,11.9,6.0,0.0,6.0,2.0,0.0,2.0,0.0,0.2,7.7,28.0
16:03:40.000,13.6,31.2,0.0,55.1,3787.2,3477.9,145.8,70.1,14.9,140.7,0.0,0.0,3,0,42001.0,0.0,0.0,0.0,0.0,0.0,-0.0,-0.0,-13350.8,0.0,0.0,0.0,0.0,0.0,20985.6,0.0,0.0,0.0,0.0,0.0,0.0,0.0,0.0,0.0,0.0,0.0,0.0,0.0,0.0,0.0,0.0,0.2,7.7,28.0
16:03:41.000,16.3,29.8,0.0,53.9,3787.2,3488.3,145.8,70.1,14.9,140.7,0.0,0.0,2,0,46020.0,0.0,0.0,0.0,0.0,0.0,-0.0,-0.0,-13216.9,0.0,0.0,0.0,0.0,0.0,20709.6,0.0,0.0,0.0,0.0,0.0,0.0,0.0,0.0,0.0,0.0,0.0,0.0,0.0,0.0,0.0,0.0,0.2,7.7,28.0
16:03:42.000,12.6,34.6,0.0,52.8,3787.2,3487.8,145.8,70.1,14.9,140.7,0.0,0.0,4,0,48897.1,0.0,0.0,0.0,0.0,0.0,-0.0,-0.0,-13464.1,0.0,0.0,0.0,0.0,0.0,20846.2,0.0,0.0,0.0,0.0,0.0,0.0,0.0,0.0,0.0,0.0,0.0,0.0,0.0,0.0,0.0,0.0,0.2,7.7,28.0
16:03:43.000,14.6,31.0,0.0,54.4,3787.2,3486.9,145.8,70.1,14.9,140.7,0.0,0.0,4,0,44180.4,0.0,0.0,0.0,0.0,0.0,-0.0,-0.0,-13571.1,0.0,0.0,0.0,0.0,0.0,21269.7,0.0,0.0,0.0,0.0,0.0,0.0,0.0,0.0,0.0,0.0,0.0,0.0,0.0,0.0,0.0,0.0,0.2,7.7,28.0
16:03:44.000,14.7,30.8,0.0,54.5,3787.2,3486.0,145.8,70.1,14.9,140.7,0.0,0.0,1,0,38202.8,0.0,0.0,0.0,0.0,0.0,-0.0,-0.0,-13239.6,0.0,0.0,0.0,0.0,0.0,20972.9,0.0,0.0,1.0,0.0,0.0,0.0,12.0,0.0,12.0,12.0,0.0,12.0,1.0,0.0,1.0,0.0,0.2,7.7,28.0
16:03:45.000,15.5,32.2,0.3,52.0,3787.2,3486.0,145.8,70.1,14.9,140.7,0.0,0.0,3,0,47966.0,0.0,0.0,0.0,0.0,0.0,-0.0,-0.0,-13404.5,0.0,0.0,0.0,0.0,0.0,20812.9,0.0,0.0,0.0,0.0,0.0,0.0,4.0,0.0,4.0,4.0,0.0,4.0,1.0,0.0,1.0,0.0,0.2,7.7,28.0
16:03:46.000,17.3,30.7,0.0,52.0,3787.2,3485.1,145.8,70.1,14.9,140.7,0.0,0.0,4,0,45067.5,0.0,0.0,0.0,0.0,0.0,-0.0,-0.0,-13285.2,0.0,0.0,0.0,0.0,0.0,20877.0,0.0,0.0,0.0,0.0,0.0,0.0,0.0,0.0,0.0,0.0,0.0,0.0,0.0,0.0,0.0,0.0,0.2,7.7,28.0
16:03:47.000,16.7,33.9,0.0,49.4,3787.2,3484.4,145.8,70.1,14.9,140.7,0.0,0.0,3,0,47312.9,0.0,0.0,0.0,0.0,0.0,-0.0,-0.0,-13306.9,0.0,0.0,0.0,0.0,0.0,20795.1,0.0,0.0,0.0,0.0,0.0,0.0,0.0,0.0,0.0,0.0,0.0,0.0,0.0,0.0,0.0,0.0,0.2,7.7,28.0
16:03:48.000,13.9,35.7,0.0,50.4,3787.2,3484.0,145.8,70.1,14.9,140.7,0.0,0.0,2,0,52043.6,0.0,0.0,0.0,0.0,0.0,-0.0,-0.0,-13607.6,0.0,0.0,0.0,0.0,0.0,21272.8,0.0,0.0,0.0,0.0,0.0,0.0,0.0,0.0,0.0,0.0,0.0,0.0,0.0,0.0,0.0,0.0,0.2,7.7,28.0
16:03:49.000,12.7,29.0,0.0,58.3,3787.2,3483.0,145.8,70.1,14.9,140.7,0.0,0.0,2,0,40357.8,0.0,0.0,0.0,0.0,0.1,-0.0,-0.0,-13382.5,0.0,0.0,1.0,0.0,0.0,21243.1,1.0,0.0,1.0,0.0,0.0,0.0,63.9,0.0,63.9,8.0,0.0,8.0,8.0,0.0,8.0,0.0,0.2,7.7,28.0
16:03:50.000,15.6,30.1,0.0,54.3,3787.2,3482.6,145.8,70.1,14.9,140.7,0.0,0.0,2,0,45264.5,0.0,0.0,0.0,0.0,0.0,-0.0,-0.0,-13479.2,0.0,0.0,0.0,0.0,0.0,21110.5,1.0,0.0,0.0,0.0,0.0,0.0,20.0,0.0,20.0,10.0,0.0,10.0,2.0,0.0,2.0,0.0,0.2,7.7,28.0
16:03:51.000,13.6,31.2,0.0,55.2,3787.2,3480.9,145.8,70.1,14.9,140.7,0.0,0.0,3,0,44936.8,7.0,0.0,0.0,0.0,0.0,-0.0,-0.0,-13353.7,0.0,0.0,0.0,0.0,0.0,20682.8,0.0,0.0,0.0,0.0,0.0,0.0,0.0,0.0,0.0,0.0,0.0,0.0,0.0,0.0,0.0,0.0,0.2,7.7,28.0
16:03:52.000,15.4,31.1,0.0,53.4,3787.2,3480.3,145.8,70.1,14.9,140.7,0.0,0.0,3,0,42179.4,0.0,0.0,0.0,0.0,0.0,-0.0,-0.0,-13090.6,0.0,0.0,0.0,0.0,0.0,20617.4,1.0,0.0,1.0,0.0,0.0,0.0,23.9,0.0,23.9,24.0,0.0,24.0,1.0,0.0,1.0,0.0,0.2,7.7,28.0
16:03:53.000,14.0,32.3,0.0,53.7,3787.2,3480.3,145.8,70.1,14.9,140.7,0.0,0.0,2,0,45003.8,0.0,0.0,0.0,0.0,0.0,-0.0,-0.0,-13567.4,0.0,0.0,0.0,0.0,0.0,21378.1,0.0,0.0,0.0,0.0,0.0,0.0,0.0,0.0,0.0,0.0,0.0,0.0,0.0,0.0,0.0,0.0,0.2,7.7,28.0
16:03:54.000,17.0,31.6,0.0,51.4,3787.2,3479.8,145.8,70.1,14.9,140.7,0.0,0.0,2,0,47906.3,1.0,0.0,0.0,0.0,0.0,-0.0,-0.0,-13323.0,0.0,0.0,0.0,0.0,0.0,20499.8,0.0,0.0,0.0,0.0,0.0,0.0,0.0,0.0,0.0,0.0,0.0,0.0,0.0,0.0,0.0,0.0,0.2,7.7,28.0
16:03:55.000,14.5,35.3,0.0,50.1,3787.2,3479.2,145.8,70.1,14.9,140.7,0.0,0.0,2,0,48783.2,0.0,0.0,0.0,0.0,0.0,-0.0,-0.0,-13206.6,0.0,0.0,0.0,0.0,0.0,20630.1,1.0,0.0,1.0,0.0,0.0,0.0,51.6,0.0,51.6,7.4,0.0,7.4,6.9,0.0,6.9,0.0,0.2,7.7,28.0
16:03:56.000,13.9,33.8,0.0,52.3,3787.2,3478.7,145.8,70.1,14.9,140.7,0.0,0.0,2,0,46910.3,0.0,0.0,0.0,0.0,0.0,-0.0,-0.0,-13539.1,0.0,0.0,0.0,0.0,0.0,21218.9,1.0,0.0,2.0,0.0,0.0,0.0,59.9,0.0,59.9,7.5,0.0,7.5,8.0,0.0,8.0,0.0,0.2,7.7,28.0
16:03:57.000,14.8,31.2,0.0,54.0,3787.2,3487.7,145.8,70.1,14.9,140.7,0.0,0.0,2,0,41715.9,0.0,0.0,0.0,0.0,0.0,-0.0,-0.0,-13513.7,0.0,0.0,0.0,0.0,0.0,21387.3,0.0,0.0,0.0,0.0,0.0,0.0,0.0,0.0,0.0,0.0,0.0,0.0,0.0,0.0,0.0,0.0,0.2,7.7,28.0
16:03:58.000,14.4,33.0,0.0,52.7,3787.2,3487.0,145.8,70.1,14.9,140.7,0.0,0.0,1,0,46105.0,0.0,0.0,0.0,0.0,0.0,-0.0,-0.0,-13408.5,0.0,0.0,0.0,0.0,0.0,20752.7,0.0,0.0,0.0,0.0,0.0,0.0,0.0,0.0,0.0,0.0,0.0,0.0,0.0,0.0,0.0,0.0,0.2,7.7,28.0
16:03:59.000,13.3,34.7,0.0,52.0,3787.2,3485.9,145.8,70.1,14.9,140.7,0.0,0.0,2,0,46219.2,0.0,0.0,0.0,0.0,0.0,-0.0,-0.0,-13436.5,0.0,0.0,0.0,0.0,0.0,21008.2,0.0,0.0,0.0,0.0,0.0,0.0,12.0,0.0,12.0,6.0,0.0,6.0,2.0,0.0,2.0,0.0,0.2,7.7,28.0
16:04:00.000,17.3,26.1,0.3,56.2,3787.2,3485.6,145.8,70.1,14.9,140.7,0.0,0.0,3,0,43488.4,0.0,0.0,0.0,0.0,0.0,-0.0,-0.0,-4469.1,0.0,0.0,0.0,0.0,0.0,7030.6,0.0,0.0,0.0,0.0,0.0,0.0,0.0,0.0,0.0,0.0,0.0,0.0,0.0,0.0,0.0,0.0,0.2,7.7,28.0
16:04:01.000,14.5,31.9,0.0,53.6,3787.2,3485.4,145.8,70.1,14.9,140.7,0.0,0.0,3,0,47145.2,0.0,0.0,0.0,0.0,243.2,-0.0,-0.0,-7901.2,0.0,0.0,367.1,0.0,0.0,12360.4,0.0,0.0,0.0,0.0,0.0,0.0,0.0,0.0,0.0,0.0,0.0,0.0,0.0,0.0,0.0,0.0,0.2,7.7,28.0
16:04:02.000,12.8,33.9,0.0,53.3,3787.2,3484.9,145.8,70.1,14.9,140.7,0.0,0.0,3,0,44107.9,0.0,0.0,0.0,0.0,329.5,-0.0,-0.0,-12549.8,0.0,0.0,500.8,0.0,0.0,19772.3,0.0,0.0,0.0,0.0,0.0,0.0,0.0,0.0,0.0,0.0,0.0,0.0,0.0,0.0,0.0,0.0,0.2,7.7,28.0
16:04:03.000,14.0,32.2,0.0,53.8,3787.2,3484.7,145.8,70.1,14.9,140.7,0.0,0.0,5,0,42597.7,0.0,0.0,0.0,0.0,329.4,-0.0,-0.0,-12384.7,0.0,0.0,510.8,0.0,0.0,19435.8,0.0,0.0,0.0,0.0,0.0,0.0,0.0,0.0,0.0,0.0,0.0,0.0,0.0,0.0,0.0,0.0,0.2,7.7,28.0
16:04:04.000,11.9,32.3,0.0,55.8,3787.2,3483.8,145.8,70.1,14.9,140.7,0.0,0.0,2,0,41524.4,0.0,0.0,0.0,0.0,329.3,-0.0,-0.0,-12751.6,0.0,0.0,496.9,0.0,0.0,19983.9,1.0,0.0,0.0,0.0,0.0,0.0,0.0,0.0,0.0,0.0,0.0,0.0,0.0,0.0,0.0,0.0,0.2,7.7,28.0
16:04:05.000,13.8,31.0,0.0,55.2,3787.2,3483.6,145.8,70.1,14.9,140.7,0.0,0.0,2,0,40537.9,0.0,0.0,0.0,0.0,318.1,-0.0,-0.0,-12680.5,0.0,0.0,487.0,0.0,0.0,19978.6,0.0,0.0,1.0,0.0,0.0,0.0,12.0,0.0,12.0,6.0,0.0,6.0,2.0,0.0,2.0,0.0,0.2,7.7,28.0
16:04:06.000,13.5,28.2,0.0,58.3,3787.2,3482.6,145.8,70.1,14.9,140.7,0.0,0.0,4,0,36940.9,0.0,0.0,0.0,0.0,327.2,-0.0,-0.0,-12422.1,0.0,0.0,491.6,0.0,0.0,19775.1,0.0,0.0,0.0,0.0,0.0,0.0,0.0,0.0,0.0,0.0,0.0,0.0,0.0,0.0,0.0,0.0,0.2,7.7,28.0
16:04:07.000,10.2,19.3,0.0,70.5,3787.2,3482.6,145.8,70.1,14.9,140.7,0.0,0.0,3,0,17274.2,0.0,0.0,0.0,0.0,300.6,-0.0,-0.0,-11747.8,0.0,0.0,486.4,0.0,0.0,18847.1,0.0,0.0,0.0,0.0,0.0,0.0,0.0,0.0,0.0,0.0,0.0,0.0,0.0,0.0,0.0,0.0,0.2,7.7,28.0
16:04:08.000,14.3,33.2,0.0,52.4,3787.2,3482.2,145.8,70.2,14.9,140.7,0.0,0.0,5,0,44133.1,0.0,0.0,0.0,0.0,292.7,-0.0,-0.0,-12323.1,0.0,0.0,474.1,0.0,0.0,19212.4,0.0,0.0,0.0,0.0,0.0,0.0,0.0,0.0,0.0,0.0,0.0,0.0,0.0,0.0,0.0,0.0,0.2,7.7,28.0
16:04:09.000,12.4,30.6,0.0,56.9,3787.2,3491.5,145.8,70.2,14.9,140.7,0.0,0.0,1,0,39268.3,0.0,0.0,0.0,0.0,347.5,-0.0,-0.0,-12508.3,0.0,0.0,610.4,0.0,0.0,19791.7,1.0,0.0,0.0,0.0,0.0,0.0,0.0,0.0,0.0,0.0,0.0,0.0,0.0,0.0,0.0,0.0,0.2,7.7,28.0
16:04:10.000,15.2,29.6,0.0,55.2,3787.2,3490.8,145.8,70.2,15.0,140.7,0.0,0.0,4,0,42813.9,0.0,0.0,0.0,0.0,329.7,-0.0,-0.0,-12665.1,0.0,0.0,501.8,0.0,0.0,20075.7,0.0,0.0,0.0,0.0,0.0,0.0,16.0,0.0,16.0,8.0,0.0,8.0,2.0,0.0,2.0,0.0,0.2,7.7,28.0
16:04:11.000,13.6,31.4,0.0,55.0,3787.2,3490.1,145.8,70.2,15.0,140.7,0.0,0.0,2,0,38564.2,0.0,0.0,0.0,0.0,316.5,-0.0,-0.0,-12561.6,0.0,0.0,487.1,0.0,0.0,19811.6,0.0,0.0,0.0,0.0,0.0,0.0,0.0,0.0,0.0,0.0,0.0,0.0,0.0,0.0,0.0,0.0,0.2,7.7,28.0
16:04:12.000,11.5,20.5,0.0,68.0,3787.2,3490.1,145.8,70.2,15.0,140.7,0.0,0.0,4,0,17591.3,0.0,0.0,0.0,0.0,322.4,-0.0,-0.0,-11868.6,0.0,0.0,473.7,0.0,0.0,19179.9,0.0,0.0,0.0,0.0,0.0,0.0,0.0,0.0,0.0,0.0,0.0,0.0,0.0,0.0,0.0,0.0,0.2,7.7,28.0
16:04:13.000,10.0,20.9,0.0,69.1,3787.2,3489.8,145.8,70.2,15.0,140.7,0.0,0.0,3,0,16926.4,0.0,0.0,0.0,0.0,345.2,-0.0,-0.0,-12080.1,0.0,0.0,480.7,0.0,0.0,19469.5,0.0,0.0,0.0,0.0,0.0,0.0,0.0,0.0,0.0,0.0,0.0,0.0,0.0,0.0,0.0,0.0,0.2,7.7,28.0
16:04:14.000,11.7,24.6,0.0,63.6,3787.2,3489.4,145.8,70.2,15.0,140.7,0.0,0.0,3,0,27380.2,0.0,0.0,0.0,0.0,320.3,-0.0,-0.0,-11881.5,0.0,0.0,506.8,0.0,0.0,18963.8,0.0,0.0,1.0,0.0,0.0,0.0,0.0,0.0,0.0,0.0,0.0,0.0,0.0,0.0,0.0,0.0,0.2,7.7,28.0
16:04:15.000,13.5,32.1,0.3,54.1,3787.2,3489.1,145.8,70.2,15.0,140.7,0.0,0.0,4,0,39756.1,0.0,0.0,0.0,0.0,290.7,-0.0,-0.0,-12456.5,0.0,0.0,446.9,0.0,0.0,19592.3,0.0,0.0,0.0,0.0,0.0,0.0,12.0,0.0,12.0,6.0,0.0,6.0,2.0,0.0,2.0,0.0,0.2,7.7,28.0
16:04:16.000,13.6,33.0,0.0,53.4,3787.2,3488.5,145.8,70.2,15.0,140.7,0.0,0.0,2,0,42107.3,0.0,0.0,0.0,0.0,325.3,-0.0,-0.0,-12588.8,0.0,0.0,501.9,0.0,0.0,19878.2,0.0,0.0,0.0,0.0,0.0,0.0,0.0,0.0,0.0,0.0,0.0,0.0,0.0,0.0,0.0,0.0,0.2,7.7,28.0
16:04:17.000,13.9,30.5,0.0,55.7,3787.2,3487.5,145.8,70.2,15.0,140.7,0.0,0.0,4,0,34785.9,0.0,0.0,0.0,0.0,325.7,-0.0,-0.0,-12303.7,0.0,0.0,501.0,0.0,0.0,19759.0,0.0,0.0,0.0,0.0,0.0,0.0,0.0,0.0,0.0,0.0,0.0,0.0,0.0,0.0,0.0,0.0,0.2,7.7,28.0
16:04:18.000,15.2,29.0,0.0,55.8,3787.2,3486.9,145.8,70.2,15.0,140.7,0.0,0.0,2,0,41634.8,0.0,0.0,0.0,0.0,311.9,-0.0,-0.0,-12596.8,0.0,0.0,486.9,0.0,0.0,19998.7,0.0,0.0,0.0,0.0,0.0,0.0,0.0,0.0,0.0,0.0,0.0,0.0,0.0,0.0,0.0,0.0,0.2,7.7,28.0
16:04:19.000,10.6,25.2,0.0,64.2,3787.2,3486.7,145.8,70.2,15.0,140.7,0.0,0.0,3,0,25088.8,0.0,0.0,0.0,0.0,325.9,-0.0,-0.0,-12160.9,0.0,0.0,512.8,0.0,0.0,19473.1,0.0,0.0,0.0,0.0,0.0,0.0,12.0,0.0,12.0,6.0,0.0,6.0,2.0,0.0,2.0,0.0,0.2,7.7,28.0
16:04:20.000,9.3,21.6,0.0,69.2,3787.2,3486.0,145.8,70.2,15.0,140.7,0.0,0.0,3,0,17090.9,0.0,0.0,0.0,0.0,310.8,-0.0,-0.0,-11730.9,0.0,0.0,489.5,0.0,0.0,18863.8,0.0,0.0,0.0,0.0,0.0,0.0,0.0,0.0,0.0,0.0,0.0,0.0,0.0,0.0,0.0,0.0,0.2,7.7,28.0
16:04:21.000,12.4,34.4,0.0,53.2,3787.2,3485.3,145.8,70.2,15.0,140.7,0.0,0.0,4,0,41442.7,0.0,0.0,0.0,0.0,306.3,-0.0,-0.0,-12216.5,0.0,0.0,485.6,0.0,0.0,19232.6,0.0,0.0,0.0,0.0,0.0,0.0,0.0,0.0,0.0,0.0,0.0,0.0,0.0,0.0,0.0,0.0,0.2,7.7,28.0
16:04:22.000,13.6,31.2,0.0,55.2,3787.2,3484.6,145.8,70.2,15.0,140.7,0.0,0.0,3,0,44062.7,0.0,0.0,0.0,0.0,308.3,-0.0,-0.0,-12632.5,0.0,0.0,488.0,0.0,0.0,19992.8,0.0,0.0,0.0,0.0,0.0,0.0,0.0,0.0,0.0,0.0,0.0,0.0,0.0,0.0,0.0,0.0,0.2,7.7,28.0
16:04:23.000,14.4,34.2,0.0,51.4,3787.2,3484.1,145.8,70.2,15.0,140.7,0.0,0.0,1,0,43864.4,0.0,0.0,0.0,0.0,317.5,-0.0,-0.0,-12582.0,0.0,0.0,493.1,0.0,0.0,19849.6,0.0,0.0,0.0,0.0,0.0,0.0,27.9,0.0,27.9,28.0,0.0,28.0,1.0,0.0,1.0,0.0,0.2,7.7,28.0
16:04:24.000,12.2,19.2,0.0,68.6,3787.2,3483.7,145.8,70.2,15.0,140.7,0.0,0.0,2,0,21963.0,0.0,0.0,0.0,0.0,311.6,-0.0,-0.0,-11132.2,0.0,0.0,491.1,0.0,0.0,17978.6,1.0,0.0,0.0,0.0,0.0,0.0,0.0,0.0,0.0,0.0,0.0,0.0,0.0,0.0,0.0,0.0,0.2,7.7,28.0
16:04:25.000,13.7,26.6,0.0,59.7,3787.2,3483.2,145.8,70.2,15.0,140.7,0.0,0.0,2,0,34144.3,0.0,0.0,0.0,0.0,323.9,-0.0,-0.0,-12111.3,0.0,0.0,505.6,0.0,0.0,19054.5,0.0,0.0,1.0,0.0,0.0,0.0,23.9,0.0,23.9,12.0,0.0,12.0,2.0,0.0,2.0,0.0,0.2,7.7,28.0
16:04:26.000,12.7,27.6,0.0,59.7,3787.2,3492.1,145.8,70.2,15.0,140.7,0.0,0.0,3,0,34013.3,0.0,0.0,0.0,0.0,323.3,-0.0,-0.0,-12603.9,0.0,0.0,493.0,0.0,0.0,20018.5,0.0,0.0,0.0,0.0,0.0,0.0,0.0,0.0,0.0,0.0,0.0,0.0,0.0,0.0,0.0,0.0,0.2,7.7,28.0
16:04:27.000,14.5,31.3,0.0,54.2,3787.2,3491.7,145.8,70.2,15.0,140.7,0.0,0.0,2,0,41723.7,0.0,0.0,0.0,0.0,277.0,-0.0,-0.0,-12591.1,0.0,0.0,437.0,0.0,0.0,19793.3,0.0,0.0,0.0,0.0,0.0,0.0,0.0,0.0,0.0,0.0,0.0,0.0,0.0,0.0,0.0,0.0,0.2,7.7,28.0
16:04:28.000,15.0,25.9,0.0,59.1,3787.2,3490.7,145.8,70.2,15.0,140.7,0.0,0.0,3,0,35162.5,0.0,0.0,0.0,0.0,359.6,-0.0,-0.0,-12462.3,0.0,0.0,553.8,0.0,0.0,19884.4,0.0,0.0,0.0,0.0,0.0,0.0,0.0,0.0,0.0,0.0,0.0,0.0,0.0,0.0,0.0,0.0,0.2,7.7,28.0
16:04:29.000,13.3,34.5,0.0,52.2,3787.2,3490.0,145.8,70.2,15.0,140.7,0.0,0.0,3,0,45623.0,0.0,0.0,0.0,0.0,290.8,-0.0,-0.0,-12502.8,0.0,0.0,447.6,0.0,0.0,19684.1,0.0,0.0,0.0,0.0,0.0,0.0,8.0,0.0,8.0,8.0,0.0,8.0,1.0,0.0,1.0,0.0,0.2,7.7,28.0
16:04:30.000,14.0,29.1,0.3,56.7,3787.2,3489.8,145.8,70.2,15.0,140.7,0.0,0.0,4,0,36382.9,0.0,0.0,0.0,0.0,279.8,-0.0,-0.0,-12176.2,0.0,0.0,430.9,0.0,0.0,19237.7,1.0,0.0,0.0,0.0,0.0,0.0,23.9,0.0,23.9,12.0,0.0,12.0,2.0,0.0,2.0,0.0,0.2,7.7,28.0
16:04:31.000,15.9,30.2,0.0,53.9,3787.2,3488.7,145.8,70.2,15.0,140.7,0.0,0.0,4,0,43100.2,0.0,0.0,0.0,0.0,285.8,-0.0,-0.0,-12652.6,0.0,0.0,442.5,0.0,0.0,19846.5,0.0,0.0,0.0,0.0,0.0,0.0,0.0,0.0,0.0,0.0,0.0,0.0,0.0,0.0,0.0,0.0,0.2,7.7,28.0
16:04:32.000,15.1,33.0,0.0,51.9,3787.2,3488.4,145.8,70.2,15.0,140.7,0.0,0.0,4,0,45438.1,0.0,0.0,0.0,0.0,300.7,-0.0,-0.0,-12571.6,0.0,0.0,471.7,0.0,0.0,19783.5,0.0,0.0,0.0,0.0,0.0,0.0,0.0,0.0,0.0,0.0,0.0,0.0,0.0,0.0,0.0,0.0,0.2,7.7,28.0
16:04:33.000,14.6,31.8,0.0,53.6,3787.2,3488.0,145.8,70.2,15.0,140.7,0.0,0.0,6,0,44163.6,0.0,0.0,0.0,0.0,294.3,-0.0,-0.0,-12564.1,0.0,0.0,450.8,0.0,0.0,19641.3,0.0,0.0,0.0,0.0,0.0,0.0,0.0,0.0,0.0,0.0,0.0,0.0,0.0,0.0,0.0,0.0,0.2,7.7,28.0
16:04:34.000,14.3,27.2,0.0,58.5,3787.2,3487.5,145.8,70.2,15.0,140.7,0.0,0.0,3,0,37923.4,0.0,0.0,0.0,0.0,292.5,-0.0,-0.0,-12732.3,0.0,0.0,449.0,0.0,0.0,20088.8,0.0,0.0,1.0,0.0,0.0,0.0,0.0,0.0,0.0,0.0,0.0,0.0,0.0,0.0,0.0,0.0,0.2,7.7,28.0
16:04:35.000,15.9,32.4,0.0,51.6,3787.2,3487.3,145.8,70.2,15.0,140.7,0.0,0.0,2,0,47130.4,0.0,0.0,0.0,0.0,0.0,-0.0,-0.0,-13230.2,0.0,0.0,0.0,0.0,0.0,20543.9,0.0,0.0,0.0,0.0,0.0,0.0,19.9,0.0,19.9,6.7,0.0,6.7,3.0,0.0,3.0,0.0,0.2,7.7,28.0
16:04:36.000,13.4,33.6,0.0,52.9,3787.2,3486.6,145.8,70.2,15.0,140.7,0.0,0.0,2,0,46706.3,0.0,0.0,0.0,0.0,0.0,-0.0,-0.0,-13488.3,0.0,0.0,0.0,0.0,0.0,21229.5,0.0,0.0,0.0,0.0,0.0,0.0,0.0,0.0,0.0,0.0,0.0,0.0,0.0,0.0,0.0,0.0,0.2,7.7,28.0
16:04:37.000,14.6,33.9,0.0,51.5,3787.2,3486.0,145.8,70.2,15.0,140.7,0.0,0.0,2,0,47730.6,0.0,0.0,0.0,0.0,0.0,-0.0,-0.0,-13425.2,0.0,0.0,0.0,0.0,0.0,20913.6,0.0,0.0,0.0,0.0,0.0,0.0,0.0,0.0,0.0,0.0,0.0,0.0,0.0,0.0,0.0,0.0,0.2,7.7,28.0
16:04:38.000,16.5,31.5,0.0,52.0,3787.2,3485.5,145.8,70.2,15.0,140.7,0.0,0.0,2,0,48687.4,0.0,0.0,0.0,0.0,0.0,-0.0,-0.0,-13412.2,0.0,0.0,0.0,0.0,0.0,20722.1,0.0,0.0,0.0,0.0,0.0,0.0,0.0,0.0,0.0,0.0,0.0,0.0,0.0,0.0,0.0,0.0,0.2,7.7,28.0
16:04:39.000,15.1,36.7,0.0,48.2,3787.2,3485.3,145.8,70.2,15.0,140.7,0.0,0.0,2,0,51735.7,0.0,0.0,0.0,0.0,0.0,-0.0,-0.0,-13471.4,0.0,0.0,0.0,0.0,0.0,20813.5,0.0,0.0,0.0,0.0,0.0,0.0,0.0,0.0,0.0,0.0,0.0,0.0,0.0,0.0,0.0,0.0,0.2,7.7,28.0
16:04:40.000,12.7,34.8,0.3,52.2,3787.2,3484.2,145.8,70.2,15.0,140.7,0.0,0.0,2,0,42785.5,0.0,0.0,0.0,0.0,0.0,-0.0,-0.0,-13466.7,0.0,0.0,0.0,0.0,0.0,21182.2,2.0,0.0,1.0,0.0,0.0,0.0,39.9,0.0,39.9,6.7,0.0,6.7,6.0,0.0,6.0,0.0,0.2,7.7,28.0
16:04:41.000,15.4,34.9,0.0,49.7,3787.2,3484.2,145.8,70.2,15.0,140.7,0.0,0.0,4,0,51765.5,0.0,0.0,0.0,0.0,0.0,-0.0,-0.0,-13405.1,0.0,0.0,0.0,0.0,0.0,20675.7,0.0,0.0,0.0,0.0,0.0,0.0,8.0,0.0,8.0,8.0,0.0,8.0,1.0,0.0,1.0,0.0,0.2,7.7,28.0
16:04:42.000,16.0,33.7,0.0,50.3,3787.2,3483.7,145.8,70.2,15.0,140.7,0.0,0.0,2,0,48852.3,0.0,0.0,0.0,0.0,0.0,-0.0,-0.0,-13476.1,0.0,0.0,0.0,0.0,0.0,21023.7,0.0,0.0,0.0,0.0,0.0,0.0,0.0,0.0,0.0,0.0,0.0,0.0,0.0,0.0,0.0,0.0,0.2,7.7,28.0
16:04:43.000,15.5,27.1,0.0,57.4,3787.2,3483.5,145.8,70.2,15.0,140.7,0.0,0.0,1,0,36734.0,0.0,0.0,0.0,0.0,0.0,-0.0,-0.0,-13352.8,0.0,0.0,0.0,0.0,0.0,21063.1,0.0,0.0,0.0,0.0,0.0,0.0,0.0,0.0,0.0,0.0,0.0,0.0,0.0,0.0,0.0,0.0,0.2,7.7,28.0
16:04:44.000,12.2,22.3,0.0,65.5,3787.2,3483.5,145.8,70.2,15.0,140.7,0.0,0.0,6,0,21127.2,0.0,0.0,0.0,0.0,0.0,-0.0,-0.0,-12350.8,0.0,0.0,0.0,0.0,0.0,19762.1,0.0,0.0,1.0,0.0,0.0,0.0,0.0,0.0,0.0,0.0,0.0,0.0,0.0,0.0,0.0,0.0,0.2,7.7,28.0
16:04:45.000,14.4,34.3,0.0,51.3,3787.2,3483.0,145.8,70.2,15.0,140.7,0.0,0.0,4,0,48739.3,0.0,0.0,0.0,0.0,0.0,-0.0,-0.0,-13372.4,0.0,0.0,0.0,0.0,0.0,20672.8,0.0,0.0,0.0,0.0,0.0,0.0,23.9,0.0,23.9,12.0,0.0,12.0,2.0,0.0,2.0,0.0,0.2,7.7,28.0
16:04:46.000,14.4,33.7,0.0,51.9,3787.2,3483.0,145.8,70.2,15.0,140.7,0.0,0.0,1,0,52148.5,0.0,0.0,0.0,0.0,0.0,-0.0,-0.0,-13840.9,0.0,0.0,0.0,0.0,0.0,21394.3,0.0,0.0,0.0,0.0,0.0,0.0,0.0,0.0,0.0,0.0,0.0,0.0,0.0,0.0,0.0,0.0,0.2,7.7,28.0
16:04:47.000,14.8,27.4,0.0,57.8,3787.2,3482.3,145.8,70.2,15.0,140.7,0.0,0.0,4,0,37415.8,0.0,0.0,0.0,0.0,0.0,-0.0,-0.0,-13065.6,0.0,0.0,0.0,0.0,0.0,20657.8,0.0,0.0,0.0,0.0,0.0,0.0,8.0,0.0,8.0,8.0,0.0,8.0,1.0,0.0,1.0,0.0,0.2,7.7,28.0
16:04:48.000,16.0,30.8,0.0,53.2,3787.2,3481.9,145.8,70.2,15.0,140.7,0.0,0.0,2,0,42041.4,0.0,0.0,0.0,0.0,0.0,-0.0,-0.0,-13519.9,0.0,0.0,0.0,0.0,0.0,21218.7,0.0,0.0,0.0,0.0,0.0,0.0,0.0,0.0,0.0,0.0,0.0,0.0,0.0,0.0,0.0,0.0,0.2,7.7,28.0
16:04:49.000,15.3,33.4,0.0,51.3,3787.2,3481.5,145.8,70.2,15.0,140.7,0.0,0.0,2,0,47577.9,0.0,0.0,0.0,0.0,0.1,-0.0,-0.0,-13190.8,0.0,0.0,1.0,0.0,0.0,20600.5,0.0,0.0,0.0,0.0,0.0,0.0,0.0,0.0,0.0,0.0,0.0,0.0,0.0,0.0,0.0,0.0,0.2,7.7,28.0
16:04:50.000,17.1,32.7,0.0,50.3,3787.2,3480.8,145.8,70.2,15.0,140.7,0.0,0.0,2,0,46982.6,0.0,0.0,0.0,0.0,0.0,-0.0,-0.0,-13146.4,0.0,0.0,0.0,0.0,0.0,20655.6,0.0,0.0,0.0,0.0,0.0,0.0,23.9,0.0,23.9,12.0,0.0,12.0,2.0,0.0,2.0,0.0,0.2,7.7,28.0
16:04:51.000,15.4,31.7,0.0,52.9,3787.2,3480.1,145.8,70.2,15.0,140.7,0.0,0.0,2,0,45778.1,0.0,0.0,0.0,0.0,0.0,-0.0,-0.0,-13205.7,0.0,0.0,0.0,0.0,0.0,20557.1,0.0,0.0,0.0,0.0,0.0,0.0,0.0,0.0,0.0,0.0,0.0,0.0,0.0,0.0,0.0,0.0,0.2,7.7,28.0
16:04:52.000,13.7,30.7,0.0,55.7,3787.2,3479.7,145.8,70.2,15.0,140.7,0.0,0.0,1,0,46086.4,0.0,0.0,0.0,0.0,0.0,-0.0,-0.0,-13551.8,0.0,0.0,0.0,0.0,0.0,21128.8,0.0,0.0,0.0,0.0,0.0,0.0,0.0,0.0,0.0,0.0,0.0,0.0,0.0,0.0,0.0,0.0,0.2,7.7,28.0
16:04:53.000,15.7,31.7,0.0,52.6,3787.2,3479.2,145.8,70.2,15.0,140.7,0.0,0.0,2,0,47914.4,0.0,0.0,0.0,0.0,276.2,-0.0,-0.0,-11325.8,0.0,0.0,429.8,0.0,0.0,17668.9,1.0,0.0,0.0,0.0,0.0,0.0,8.0,0.0,8.0,8.0,0.0,8.0,1.0,0.0,1.0,0.0,0.2,7.7,28.0
16:04:54.000,13.9,27.6,0.0,58.5,3787.2,3479.0,145.8,70.2,15.0,140.7,0.0,0.0,3,0,35279.4,0.0,0.0,0.0,0.0,310.3,-0.0,-0.0,-12332.9,0.0,0.0,469.0,0.0,0.0,19611.1,0.0,0.0,0.0,0.0,0.0,0.0,0.0,0.0,0.0,0.0,0.0,0.0,0.0,0.0,0.0,0.0,0.2,7.7,28.0
16:04:55.000,12.6,32.6,0.3,54.5,3787.2,3478.3,145.8,70.2,15.0,140.7,0.0,0.0,2,0,42364.7,0.0,0.0,0.0,0.0,303.6,-0.0,-0.0,-12498.2,0.0,0.0,478.8,0.0,0.0,19687.6,0.0,0.0,1.0,0.0,0.0,0.0,23.9,0.0,23.9,12.0,0.0,12.0,2.0,0.0,2.0,0.0,0.2,7.7,28.0
16:04:56.000,14.8,28.2,0.0,57.0,3787.2,3477.8,145.8,70.2,15.0,140.7,0.0,0.0,3,0,35220.7,0.0,0.0,0.0,0.0,312.4,-0.0,-0.0,-12434.8,0.0,0.0,485.9,0.0,0.0,19808.3,0.0,0.0,0.0,0.0,0.0,0.0,0.0,0.0,0.0,0.0,0.0,0.0,0.0,0.0,0.0,0.0,0.2,7.7,28.0
16:04:57.000,13.6,27.6,0.0,58.8,3787.2,3477.2,145.8,70.2,15.0,140.7,0.0,0.0,3,0,33439.1,0.0,0.0,0.0,0.0,309.0,-0.0,-0.0,-12366.9,0.0,0.0,482.8,0.0,0.0,19661.4,0.0,0.0,0.0,0.0,0.0,0.0,0.0,0.0,0.0,0.0,0.0,0.0,0.0,0.0,0.0,0.0,0.2,7.7,28.0
16:04:58.000,14.5,30.4,0.0,55.2,3787.2,3476.7,145.8,70.2,15.0,140.7,0.0,0.0,2,0,41108.2,0.0,0.0,0.0,0.0,307.3,-0.0,-0.0,-12717.3,0.0,0.0,473.7,0.0,0.0,20048.0,0.0,0.0,0.0,0.0,0.0,0.0,0.0,0.0,0.0,0.0,0.0,0.0,0.0,0.0,0.0,0.0,0.2,7.7,28.0
16:04:59.000,13.1,22.1,0.0,64.8,3787.2,3476.1,145.8,70.2,15.0,140.8,0.0,0.0,2,0,24547.0,0.0,0.0,0.0,0.0,320.3,-0.0,-0.0,-11980.8,0.0,0.0,493.7,0.0,0.0,19291.3,0.0,0.0,0.0,0.0,0.0,0.0,8.0,0.0,8.0,8.0,0.0,8.0,1.0,0.0,1.0,0.0,0.2,7.7,28.0
16:05:00.000,13.1,33.7,0.0,53.1,3787.2,3475.6,145.8,70.2,15.0,140.8,0.0,0.0,3,0,43736.0,0.0,0.0,0.0,0.0,309.3,-0.0,-0.0,-12682.9,0.0,0.0,485.7,0.0,0.0,19996.2,0.0,0.0,0.0,0.0,0.0,0.0,23.9,0.0,23.9,12.0,0.0,12.0,2.0,0.0,2.0,0.0,0.2,7.7,28.0
16:05:01.000,13.2,26.9,0.0,59.9,3787.2,3474.9,145.8,70.2,15.0,140.8,0.0,0.0,4,0,33572.3,0.0,0.0,0.0,0.0,312.1,-0.0,-0.0,-12182.9,0.0,0.0,480.2,0.0,0.0,19367.7,0.0,0.0,0.0,0.0,0.0,0.0,0.0,0.0,0.0,0.0,0.0,0.0,0.0,0.0,0.0,0.0,0.2,7.7,28.0
16:05:02.000,15.3,35.2,0.0,49.6,3787.2,3474.7,145.8,70.2,15.0,140.8,0.0,0.0,3,0,46772.0,0.0,0.0,0.0,0.0,320.2,-0.0,-0.0,-12649.1,0.0,0.0,488.7,0.0,0.0,19758.8,0.0,0.0,0.0,0.0,0.0,0.0,0.0,0.0,0.0,0.0,0.0,0.0,0.0,0.0,0.0,0.0,0.2,7.7,28.0
16:05:03.000,13.0,28.5,0.0,58.5,3787.2,3473.8,145.8,70.2,15.0,140.8,0.0,0.0,3,0,35567.5,0.0,0.0,0.0,0.0,320.0,-0.0,-0.0,-12637.7,0.0,0.0,485.8,0.0,0.0,20018.2,0.0,0.0,0.0,0.0,0.0,0.0,0.0,0.0,0.0,0.0,0.0,0.0,0.0,0.0,0.0,0.0,0.2,7.7,28.0
16:05:04.000,15.4,30.7,0.0,53.9,3787.2,3473.6,145.8,70.2,15.0,140.8,0.0,0.0,5,0,41656.0,0.0,0.0,0.0,0.0,299.0,-0.0,-0.0,-12452.8,0.0,0.0,462.0,0.0,0.0,19484.8,0.0,0.0,0.0,0.0,0.0,0.0,0.0,0.0,0.0,0.0,0.0,0.0,0.0,0.0,0.0,0.0,0.2,7.7,28.0
16:05:05.000,13.7,31.7,0.0,54.6,3787.2,3472.7,145.8,70.2,15.0,140.8,0.0,0.0,2,0,40612.7,0.0,0.0,0.0,0.0,272.2,-0.0,-0.0,-12574.7,0.0,0.0,417.1,0.0,0.0,19912.8,1.0,0.0,0.0,0.0,0.0,0.0,20.0,0.0,20.0,6.7,0.0,6.7,3.0,0.0,3.0,0.0,0.2,7.7,28.0
16:05:06.000,15.5,30.2,0.0,54.2,3787.2,3472.7,145.8,70.2,15.0,140.8,0.0,0.0,2,0,42315.1,0.0,0.0,0.0,0.0,266.9,-0.0,-0.0,-12555.1,0.0,0.0,414.2,0.0,0.0,19762.9,0.0,0.0,0.0,0.0,0.0,0.0,0.0,0.0,0.0,0.0,0.0,0.0,0.0,0.0,0.0,0.0,0.2,7.7,28.0
16:05:07.000,14.0,29.6,0.0,56.4,3787.2,3472.0,145.8,70.2,15.0,140.8,0.0,0.0,4,0,36887.5,0.0,0.0,0.0,0.0,327.9,-0.0,-0.0,-12361.0,0.0,0.0,493.0,0.0,0.0,19685.2,0.0,0.0,0.0,0.0,0.0,0.0,0.0,0.0,0.0,0.0,0.0,0.0,0.0,0.0,0.0,0.0,0.2,7.7,28.0
16:05:08.000,15.2,28.2,0.0,56.6,3787.2,3471.3,145.8,70.2,15.0,140.8,0.0,0.0,4,0,37140.4,0.0,0.0,0.0,0.0,317.6,-0.0,-0.0,-12549.8,0.0,0.0,517.6,0.0,0.0,19855.6,0.0,0.0,0.0,0.0,0.0,0.0,0.0,0.0,0.0,0.0,0.0,0.0,0.0,0.0,0.0,0.0,0.2,7.7,28.0
16:05:09.000,13.3,29.1,0.0,57.6,3787.2,3471.1,145.8,70.2,15.0,140.8,0.0,0.0,1,0,36623.9,0.0,0.0,0.0,0.0,307.3,-0.0,-0.0,-12328.5,0.0,0.0,475.7,0.0,0.0,19466.3,0.0,0.0,0.0,0.0,0.0,0.0,0.0,0.0,0.0,0.0,0.0,0.0,0.0,0.0,0.0,0.0,0.2,7.7,28.0
16:05:10.000,14.3,26.9,0.3,58.5,3787.2,3470.4,145.8,70.2,15.0,140.8,0.0,0.0,2,0,33546.9,0.0,0.0,0.0,0.0,381.6,-0.0,-0.0,-12325.5,0.0,0.0,596.0,0.0,0.0,19627.8,0.0,0.0,1.0,0.0,0.0,0.0,24.0,0.0,24.0,12.0,0.0,12.0,2.0,0.0,2.0,0.0,0.2,7.7,28.0
16:05:11.000,14.5,29.2,0.0,56.3,3787.2,3470.2,145.8,70.2,15.0,140.8,0.0,0.0,2,0,39615.1,0.0,0.0,0.0,0.0,231.4,-0.0,-0.0,-12790.4,0.0,0.0,362.2,0.0,0.0,19981.7,0.0,0.0,0.0,0.0,0.0,0.0,8.0,0.0,8.0,8.0,0.0,8.0,1.0,0.0,1.0,0.0,0.2,7.7,28.0
16:05:12.000,13.6,31.9,0.0,54.5,3787.2,3470.2,145.8,70.2,15.0,140.8,0.0,0.0,2,0,39347.8,0.0,0.0,0.0,0.0,301.3,-0.0,-0.0,-12087.2,0.0,0.0,510.6,0.0,0.0,19084.5,0.0,0.0,0.0,0.0,0.0,0.0,0.0,0.0,0.0,0.0,0.0,0.0,0.0,0.0,0.0,0.0,0.2,7.7,28.0
16:05:13.000,15.1,29.4,0.0,55.4,3787.2,3469.1,145.8,70.2,15.0,140.8,0.0,0.0,3,0,38470.7,0.0,0.0,0.0,0.0,300.5,-0.0,-0.0,-12608.9,0.0,0.0,458.6,0.0,0.0,19887.9,0.0,0.0,0.0,0.0,0.0,0.0,0.0,0.0,0.0,0.0,0.0,0.0,0.0,0.0,0.0,0.0,0.2,7.7,28.0
16:05:14.000,12.4,31.6,0.0,56.0,3787.2,3477.9,145.8,70.2,15.1,140.8,0.0,0.0,2,0,41426.6,0.0,0.0,0.0,0.0,321.7,-0.0,-0.0,-12507.9,0.0,0.0,500.0,0.0,0.0,19779.1,1.0,0.0,0.0,0.0,0.0,0.0,0.0,0.0,0.0,0.0,0.0,0.0,0.0,0.0,0.0,0.0,0.2,7.7,28.0
16:05:15.000,14.2,31.4,0.0,54.4,3787.2,3477.2,145.8,70.2,15.1,140.8,0.0,0.0,2,0,40724.0,0.0,0.0,0.0,0.0,312.0,-0.0,-0.0,-12781.7,0.0,0.0,486.9,0.0,0.0,20288.7,1.0,0.0,1.0,0.0,0.0,0.0,35.9,0.0,35.9,7.2,0.0,7.2,5.0,0.0,5.0,0.0,0.2,7.7,28.0
16:05:16.000,11.0,20.5,0.0,68.5,3787.2,3477.2,145.8,70.2,15.1,140.8,0.0,0.0,3,0,17244.0,0.0,0.0,0.0,0.0,299.3,-0.0,-0.0,-12109.8,0.0,0.0,467.8,0.0,0.0,19470.4,0.0,0.0,0.0,0.0,0.0,0.0,0.0,0.0,0.0,0.0,0.0,0.0,0.0,0.0,0.0,0.0,0.2,7.7,28.0
16:05:17.000,12.7,27.2,0.0,60.1,3787.2,3476.9,145.8,70.2,15.1,140.8,0.0,0.0,2,0,31732.2,0.0,0.0,0.0,0.0,309.7,-0.0,-0.0,-12099.6,0.0,0.0,488.7,0.0,0.0,19144.4,0.0,0.0,0.0,0.0,0.0,0.0,8.0,0.0,8.0,8.0,0.0,8.0,1.0,0.0,1.0,0.0,0.2,7.7,28.0
16:05:18.000,15.0,29.7,0.0,55.3,3787.2,3476.3,145.8,70.2,15.1,140.8,0.0,0.0,3,0,38381.7,0.0,0.0,0.0,0.0,305.6,-0.0,-0.0,-12477.3,0.0,0.0,460.8,0.0,0.0,19618.3,0.0,0.0,0.0,0.0,0.0,0.0,0.0,0.0,0.0,0.0,0.0,0.0,0.0,0.0,0.0,0.0,0.2,7.7,28.0
16:05:19.000,12.3,22.2,0.0,65.5,3787.2,3476.3,145.8,70.2,15.1,140.8,0.0,0.0,4,0,22584.9,0.0,0.0,0.0,0.0,307.4,-0.0,-0.0,-11837.0,0.0,0.0,474.0,0.0,0.0,18822.9,0.0,0.0,0.0,0.0,0.0,0.0,0.0,0.0,0.0,0.0,0.0,0.0,0.0,0.0,0.0,0.0,0.2,7.7,28.0
16:05:20.000,12.9,31.9,0.0,55.2,3787.2,3475.8,145.8,70.3,15.1,140.8,0.0,0.0,2,0,41028.7,0.0,0.0,0.0,0.0,318.4,-0.0,-0.0,-12581.5,0.0,0.0,500.6,0.0,0.0,19935.5,0.0,0.0,1.0,0.0,0.0,0.0,27.9,0.0,27.9,14.0,0.0,14.0,2.0,0.0,2.0,0.0,0.2,7.7,28.0
16:05:21.000,10.9,26.7,0.0,62.5,3787.2,3475.6,145.8,70.3,15.1,140.8,0.0,0.0,4,0,28764.9,0.0,0.0,0.0,0.0,315.6,-0.0,-0.0,-12188.3,0.0,0.0,481.6,0.0,0.0,19344.4,0.0,0.0,0.0,0.0,0.0,0.0,0.0,0.0,0.0,0.0,0.0,0.0,0.0,0.0,0.0,0.0,0.2,7.7,28.0
16:05:22.000,14.1,30.2,0.0,55.7,3787.2,3484.9,145.8,70.3,15.1,140.8,0.0,0.0,3,0,40580.7,0.0,0.0,0.0,0.0,303.5,-0.0,-0.0,-12428.0,0.0,0.0,466.9,0.0,0.0,19813.5,0.0,0.0,0.0,0.0,0.0,0.0,0.0,0.0,0.0,0.0,0.0,0.0,0.0,0.0,0.0,0.0,0.2,7.7,28.0
16:05:23.000,13.3,28.1,0.0,58.6,3787.2,3484.9,145.8,70.3,15.1,140.8,0.0,0.0,3,0,31990.7,1.0,0.0,0.0,0.0,320.2,-0.0,-0.0,-12118.7,0.0,0.0,495.0,0.0,0.0,19258.9,0.0,0.0,0.0,0.0,0.0,0.0,8.0,0.0,8.0,8.0,0.0,8.0,1.0,0.0,1.0,0.0,0.2,7.7,28.0
16:05:24.000,16.0,28.9,0.0,55.2,3787.2,3484.0,145.8,70.3,15.1,140.8,0.0,0.0,2,0,35896.5,0.0,0.0,0.0,0.0,323.3,-0.0,-0.0,-12338.0,0.0,0.0,495.9,0.0,0.0,19503.4,0.0,0.0,0.0,0.0,0.0,0.0,0.0,0.0,0.0,0.0,0.0,0.0,0.0,0.0,0.0,0.0,0.2,7.7,28.0
16:05:25.000,14.0,31.9,0.0,54.1,3787.2,3482.9,145.8,70.3,15.1,140.8,0.0,0.0,4,0,42236.4,0.0,0.0,0.0,0.0,325.2,-0.0,-0.0,-12565.3,0.0,0.0,506.6,0.0,0.0,19864.6,0.0,0.0,0.0,0.0,0.0,0.0,23.9,0.0,23.9,12.0,0.0,12.0,2.0,0.0,2.0,0.0,0.2,7.7,28.0
16:05:26.000,13.8,30.5,0.0,55.7,3787.2,3481.7,145.8,70.3,15.1,140.8,0.0,0.0,5,0,38670.6,0.0,0.0,0.0,0.0,334.1,-0.0,-0.0,-12403.2,0.0,0.0,524.6,0.0,0.0,19662.5,0.0,0.0,0.0,0.0,0.0,0.0,0.0,0.0,0.0,0.0,0.0,0.0,0.0,0.0,0.0,0.0,0.2,7.7,28.0
16:05:27.000,12.1,34.7,0.0,53.2,3787.2,3480.8,145.8,70.3,15.1,140.8,0.0,0.0,1,0,45099.5,0.0,0.0,0.0,0.0,1.0,-0.0,-0.0,-13338.3,0.0,0.0,2.0,0.0,0.0,20932.0,0.0,0.0,0.0,0.0,0.0,0.0,0.0,0.0,0.0,0.0,0.0,0.0,0.0,0.0,0.0,0.0,0.2,7.7,28.0
16:05:28.000,12.8,31.1,0.0,56.1,3787.2,3480.8,145.8,70.3,15.1,140.8,0.0,0.0,2,0,45794.5,0.0,0.0,0.0,0.0,0.0,-0.0,-0.0,-13339.2,0.0,0.0,0.0,0.0,0.0,20943.1,0.0,0.0,0.0,0.0,0.0,0.0,0.0,0.0,0.0,0.0,0.0,0.0,0.0,0.0,0.0,0.0,0.2,7.7,28.0
16:05:29.000,16.9,31.5,0.0,51.5,3787.2,3480.4,145.8,70.3,15.1,140.8,0.0,0.0,3,0,44756.5,0.0,0.0,0.0,0.0,0.0,-0.0,-0.0,-13367.2,0.0,0.0,0.0,0.0,0.0,20905.3,0.0,0.0,0.0,0.0,0.0,0.0,31.9,0.0,31.9,10.7,0.0,10.7,3.0,0.0,3.0,0.0,0.2,7.7,28.0
16:05:30.000,12.5,24.6,0.0,62.9,3787.2,3480.2,145.8,70.3,15.1,140.8,0.0,0.0,3,0,34171.9,0.0,0.0,0.0,0.0,0.0,-0.0,-0.0,-12232.7,0.0,0.0,0.0,0.0,0.0,19387.7,0.0,0.0,0.0,0.0,0.0,0.0,0.0,0.0,0.0,0.0,0.0,0.0,0.0,0.0,0.0,0.0,0.2,7.7,28.0
16:05:31.000,15.3,33.8,0.0,50.9,3787.2,3479.7,145.8,70.3,15.1,140.8,0.0,0.0,2,0,53484.7,0.0,0.0,0.0,0.0,0.0,-0.0,-0.0,-12549.6,0.0,0.0,0.0,0.0,0.0,19182.0,0.0,0.0,0.0,0.0,0.0,0.0,0.0,0.0,0.0,0.0,0.0,0.0,0.0,0.0,0.0,0.0,0.2,7.7,28.0
16:05:32.000,13.9,30.7,0.0,55.4,3787.2,3479.0,145.8,70.3,15.1,140.8,0.0,0.0,2,0,41351.1,0.0,0.0,0.0,0.0,0.0,-0.0,-0.0,-13478.2,0.0,0.0,0.0,0.0,0.0,21241.8,0.0,0.0,0.0,0.0,0.0,0.0,0.0,0.0,0.0,0.0,0.0,0.0,0.0,0.0,0.0,0.0,0.2,7.7,28.0
16:05:33.000,15.2,33.6,0.0,51.2,3787.2,3478.1,145.8,70.3,15.1,140.8,0.0,0.0,3,0,48119.8,0.0,0.0,0.0,0.0,0.0,-0.0,-0.0,-13025.3,0.0,0.0,0.0,0.0,0.0,20122.1,0.0,0.0,0.0,0.0,0.0,0.0,0.0,0.0,0.0,0.0,0.0,0.0,0.0,0.0,0.0,0.0,0.2,7.7,28.0
16:05:34.000,15.1,33.2,0.0,51.7,3787.2,3477.9,145.8,70.3,15.1,140.8,0.0,0.0,2,0,47091.3,0.0,0.0,0.0,0.0,0.0,-0.0,-0.0,-13298.4,0.0,0.0,0.0,0.0,0.0,20770.9,0.0,0.0,0.0,0.0,0.0,0.0,0.0,0.0,0.0,0.0,0.0,0.0,0.0,0.0,0.0,0.0,0.2,7.7,28.0
16:05:35.000,15.1,29.5,0.3,55.1,3787.2,3477.5,145.8,70.3,15.1,140.8,0.0,0.0,5,0,42605.2,0.0,0.0,0.0,0.0,0.0,-0.0,-0.0,-12866.6,0.0,0.0,0.0,0.0,0.0,20360.7,1.0,0.0,1.0,0.0,0.0,0.0,20.0,0.0,20.0,6.7,0.0,6.7,3.0,0.0,3.0,0.0,0.2,7.7,28.0
16:05:36.000,14.7,34.3,0.0,51.0,3787.2,3477.5,145.8,70.3,15.1,140.8,0.0,0.0,1,0,52373.9,0.0,0.0,0.0,0.0,0.0,-0.0,-0.0,-13181.4,0.0,0.0,0.0,0.0,0.0,20378.5,0.0,0.0,0.0,0.0,0.0,0.0,0.0,0.0,0.0,0.0,0.0,0.0,0.0,0.0,0.0,0.0,0.2,7.7,28.0
16:05:37.000,15.3,28.0,0.0,56.6,3787.2,3476.8,145.8,70.3,15.1,140.8,0.0,0.0,3,0,41942.8,0.0,0.0,0.0,0.0,0.0,-0.0,-0.0,-12262.8,0.0,0.0,0.0,0.0,0.0,19175.8,0.0,0.0,0.0,0.0,0.0,0.0,0.0,0.0,0.0,0.0,0.0,0.0,0.0,0.0,0.0,0.0,0.2,7.7,28.0
16:05:38.000,12.8,33.4,0.0,53.8,3787.2,3476.3,145.9,70.3,15.1,140.8,0.0,0.0,2,0,45622.2,0.0,0.0,0.0,0.0,0.0,-0.0,-0.0,-13446.9,0.0,0.0,0.0,0.0,0.0,20980.4,0.0,0.0,0.0,0.0,0.0,0.0,0.0,0.0,0.0,0.0,0.0,0.0,0.0,0.0,0.0,0.0,0.2,7.7,28.0
16:05:39.000,14.9,30.6,0.0,54.5,3787.2,3475.9,145.8,70.3,15.1,140.8,0.0,0.0,3,0,44057.0,0.0,0.0,0.0,0.0,0.0,-0.0,-0.0,-13268.2,0.0,0.0,0.0,0.0,0.0,21015.0,0.0,0.0,0.0,0.0,0.0,0.0,0.0,0.0,0.0,0.0,0.0,0.0,0.0,0.0,0.0,0.0,0.2,7.7,28.0
16:05:40.000,13.5,29.6,0.0,56.9,3787.2,3475.4,145.9,70.3,15.1,140.8,0.0,0.0,4,0,39981.1,0.0,0.0,0.0,0.0,0.0,-0.0,-0.0,-13166.2,0.0,0.0,0.0,0.0,0.0,20724.4,1.0,0.0,1.0,0.0,0.0,0.0,23.9,0.0,23.9,12.0,0.0,12.0,2.0,0.0,2.0,0.0,0.2,7.7,28.0
16:05:41.000,14.0,32.6,0.0,53.4,3787.2,3474.3,145.9,70.3,15.1,140.8,0.0,0.0,3,0,48635.6,0.0,0.0,0.0,0.0,0.0,-0.0,-0.0,-13479.4,0.0,0.0,0.0,0.0,0.0,21135.6,0.0,0.0,0.0,0.0,0.0,0.0,8.0,0.0,8.0,8.0,0.0,8.0,1.0,0.0,1.0,0.0,0.2,7.7,28.0
16:05:42.000,15.4,29.1,0.0,55.5,3787.2,3474.3,145.9,70.3,15.1,140.8,0.0,0.0,2,0,44025.4,0.0,0.0,0.0,0.0,0.0,-0.0,-0.0,-5792.3,0.0,0.0,0.0,0.0,0.0,9084.9,0.0,0.0,0.0,0.0,0.0,0.0,0.0,0.0,0.0,0.0,0.0,0.0,0.0,0.0,0.0,0.0,0.2,7.7,28.0
16:05:43.000,13.6,29.0,0.0,57.4,3787.2,3474.1,145.9,70.3,15.1,140.8,0.0,0.0,2,0,46202.5,0.0,0.0,0.0,0.0,119.6,-0.0,-0.0,-3530.3,0.0,0.0,187.5,0.0,0.0,5489.3,0.0,0.0,0.0,0.0,0.0,0.0,0.0,0.0,0.0,0.0,0.0,0.0,0.0,0.0,0.0,0.0,0.2,7.7,28.0
16:05:44.000,15.1,31.7,0.0,53.2,3787.2,3473.6,145.9,70.3,15.1,140.8,0.0,0.0,4,0,43155.1,0.0,0.0,0.0,0.0,318.4,-0.0,-0.0,-12417.6,0.0,0.0,484.9,0.0,0.0,19393.4,0.0,0.0,0.0,0.0,0.0,0.0,0.0,0.0,0.0,0.0,0.0,0.0,0.0,0.0,0.0,0.0,0.2,7.7,28.0
16:05:45.000,15.1,29.3,0.0,55.6,3787.2,3473.6,145.9,70.3,15.1,140.8,0.0,0.0,3,0,40280.3,0.0,0.0,0.0,0.0,305.4,-0.0,-0.0,-12133.4,0.0,0.0,449.8,0.0,0.0,19050.1,0.0,0.0,0.0,0.0,0.0,0.0,23.9,0.0,23.9,12.0,0.0,12.0,2.0,0.0,2.0,0.0,0.2,7.7,28.0
16:05:46.000,13.6,33.0,0.0,53.3,3787.2,3483.6,145.9,70.3,15.1,140.8,0.0,0.0,1,0,44716.6,0.0,0.0,0.0,0.0,315.8,-0.0,-0.0,-12738.1,0.0,0.0,489.6,0.0,0.0,20102.6,0.0,0.0,0.0,0.0,0.0,0.0,0.0,0.0,0.0,0.0,0.0,0.0,0.0,0.0,0.0,0.0,0.2,7.7,28.0
16:05:47.000,10.6,21.1,0.0,68.3,3787.2,3483.4,145.9,70.3,15.1,140.8,0.0,0.0,3,0,17721.0,0.0,0.0,0.0,0.0,327.1,-0.0,-0.0,-12107.9,0.0,0.0,501.1,0.0,0.0,19475.9,0.0,0.0,0.0,0.0,0.0,0.0,8.0,0.0,8.0,8.0,0.0,8.0,1.0,0.0,1.0,0.0,0.2,7.7,28.0
16:05:48.000,10.3,21.0,0.0,68.7,3787.2,3483.1,145.9,70.3,15.1,140.8,0.0,0.0,3,0,17887.2,0.0,0.0,0.0,0.0,320.7,-0.0,-0.0,-11790.1,0.0,0.0,494.6,0.0,0.0,18954.2,0.0,0.0,0.0,0.0,0.0,0.0,0.0,0.0,0.0,0.0,0.0,0.0,0.0,0.0,0.0,0.0,0.2,7.7,28.0
16:05:49.000,10.0,22.7,0.0,67.3,3787.2,3482.7,145.9,70.3,15.1,140.8,0.0,0.0,1,0,18337.6,0.0,0.0,0.0,0.0,307.7,-0.0,-0.0,-11870.2,0.0,0.0,514.6,0.0,0.0,19158.3,0.0,0.0,0.0,0.0,0.0,0.0,0.0,0.0,0.0,0.0,0.0,0.0,0.0,0.0,0.0,0.0,0.2,7.7,28.0
16:05:50.000,13.7,28.1,0.3,57.9,3787.2,3482.0,145.9,70.3,15.1,140.8,0.0,0.0,2,0,34527.2,0.0,0.0,0.0,0.0,293.6,-0.0,-0.0,-12201.5,0.0,0.0,480.4,0.0,0.0,19313.6,1.0,0.0,1.0,0.0,0.0,0.0,39.8,0.0,39.8,6.7,0.0,6.7,6.0,0.0,6.0,0.0,0.2,7.7,28.0
16:05:51.000,9.1,18.3,0.0,72.6,3787.2,3481.5,145.9,70.3,15.1,140.8,0.0,0.0,1,0,25724.4,0.0,0.0,0.0,0.0,186.0,-0.0,-0.0,-7982.3,0.0,0.0,316.2,0.0,0.0,12818.8,0.0,0.0,0.0,0.0,0.0,0.0,0.0,0.0,0.0,0.0,0.0,0.0,0.0,0.0,0.0,0.0,0.2,7.7,28.0
16:05:52.000,0.3,1.5,0.0,98.2,3787.2,3481.5,145.9,70.3,15.1,140.8,0.0,0.0,1,0,3402.2,0.0,0.0,0.0,0.0,0.0,-0.0,-0.0,-592.1,0.0,0.0,0.0,0.0,0.0,939.6,0.0,0.0,0.0,0.0,0.0,0.0,0.0,0.0,0.0,0.0,0.0,0.0,0.0,0.0,0.0,0.0,0.2,7.7,28.0
16:05:53.000,4.9,11.5,0.0,83.5,3787.2,3481.5,145.9,70.3,15.1,140.8,0.0,0.0,2,0,15961.9,0.0,0.0,0.0,0.0,0.0,-0.0,-0.0,-5931.5,0.0,0.0,0.0,0.0,0.0,9514.5,0.0,0.0,0.0,0.0,0.0,0.0,8.0,0.0,8.0,8.0,0.0,8.0,1.0,0.0,1.0,0.0,0.2,7.7,28.0
16:05:54.000,13.6,31.8,0.0,54.5,3787.2,3480.8,145.9,70.3,15.1,140.8,0.0,0.0,2,0,40149.4,0.0,0.0,0.0,0.0,0.0,-0.0,-0.0,-12564.3,0.0,0.0,0.0,0.0,0.0,19830.4,0.0,0.0,0.0,0.0,0.0,0.0,0.0,0.0,0.0,0.0,0.0,0.0,0.0,0.0,0.0,0.0,0.2,7.7,28.0
16:05:55.000,14.1,30.2,0.3,55.4,3787.2,3479.9,145.9,70.3,15.1,140.8,0.0,0.0,3,0,41682.8,0.0,0.0,0.0,0.0,153.1,-0.0,-0.0,-13114.4,0.0,0.0,245.5,0.0,0.0,20686.2,1.0,0.0,1.0,0.0,0.0,0.0,23.9,0.0,23.9,12.0,0.0,12.0,2.0,0.0,2.0,0.0,0.2,7.7,28.0
16:05:56.000,14.6,33.2,0.0,52.1,3787.2,3479.7,145.9,70.3,15.1,140.8,0.0,0.0,5,0,48108.5,0.0,0.0,0.0,0.0,296.1,-0.0,-0.0,-12939.7,0.0,0.0,465.9,0.0,0.0,20252.9,0.0,0.0,0.0,0.0,0.0,0.0,0.0,0.0,0.0,0.0,0.0,0.0,0.0,0.0,0.0,0.0,0.2,7.7,28.0
16:05:57.000,13.7,27.9,0.0,58.4,3787.2,3479.4,145.9,70.3,15.1,140.8,0.0,0.0,2,0,36466.3,0.0,0.0,0.0,0.0,331.1,-0.0,-0.0,-12427.7,0.0,0.0,523.6,0.0,0.0,19633.3,0.0,0.0,0.0,0.0,0.0,0.0,0.0,0.0,0.0,0.0,0.0,0.0,0.0,0.0,0.0,0.0,0.2,7.7,28.0
16:05:58.000,13.7,31.1,0.0,55.2,3787.2,3478.8,145.9,70.3,15.1,140.8,0.0,0.0,1,0,39837.9,0.0,0.0,0.0,0.0,328.9,-0.0,-0.0,-12652.5,0.0,0.0,530.6,0.0,0.0,20006.7,0.0,0.0,0.0,0.0,0.0,0.0,0.0,0.0,0.0,0.0,0.0,0.0,0.0,0.0,0.0,0.0,0.2,7.7,28.0
16:05:59.000,14.4,27.7,0.0,57.9,3787.2,3478.5,145.9,70.3,15.1,140.8,0.0,0.0,3,0,41483.0,0.0,0.0,0.0,0.0,320.9,-0.0,-0.0,-12513.4,0.0,0.0,500.7,0.0,0.0,19758.6,1.0,0.0,1.0,0.0,0.0,0.0,8.0,0.0,8.0,8.0,0.0,8.0,1.0,0.0,1.0,0.0,0.2,7.7,28.0
16:06:00.000,14.2,32.4,0.0,53.5,3787.2,3477.6,145.9,70.3,15.1,140.8,0.0,0.0,5,0,42431.3,0.0,0.0,0.0,0.0,324.3,-0.0,-0.0,-12703.5,0.0,0.0,544.5,0.0,0.0,20162.5,0.0,0.0,0.0,0.0,0.0,0.0,23.9,0.0,23.9,12.0,0.0,12.0,2.0,0.0,2.0,0.0,0.2,7.7,28.0
16:06:01.000,13.8,29.4,0.0,56.8,3787.2,3477.2,145.9,70.3,15.1,140.8,0.0,0.0,3,0,39187.5,0.0,0.0,0.0,0.0,310.4,-0.0,-0.0,-12513.3,0.0,0.0,527.8,0.0,0.0,19866.7,0.0,0.0,0.0,0.0,0.0,0.0,0.0,0.0,0.0,0.0,0.0,0.0,0.0,0.0,0.0,0.0,0.2,7.7,28.0
16:06:02.000,11.4,32.2,0.0,56.4,3787.2,3476.8,145.9,70.3,15.1,140.8,0.0,0.0,3,0,38989.8,0.0,0.0,0.0,0.0,330.7,-0.0,-0.0,-12625.6,0.0,0.0,499.8,0.0,0.0,19876.9,0.0,0.0,0.0,0.0,0.0,0.0,0.0,0.0,0.0,0.0,0.0,0.0,0.0,0.0,0.0,0.0,0.2,7.7,28.0
16:06:03.000,13.9,31.8,0.0,54.3,3787.2,3476.5,145.9,70.3,15.1,140.8,0.0,0.0,3,0,38237.5,0.0,0.0,0.0,0.0,316.5,-0.0,-0.0,-12601.6,0.0,0.0,515.9,0.0,0.0,19665.9,0.0,0.0,0.0,0.0,0.0,0.0,0.0,0.0,0.0,0.0,0.0,0.0,0.0,0.0,0.0,0.0,0.2,7.7,28.0
16:06:04.000,14.5,30.9,0.0,54.6,3787.2,3475.6,145.9,70.3,15.1,140.8,0.0,0.0,2,0,38319.2,0.0,0.0,0.0,0.0,321.6,-0.0,-0.0,-12483.5,0.0,0.0,507.7,0.0,0.0,19822.0,0.0,0.0,0.0,0.0,0.0,0.0,0.0,0.0,0.0,0.0,0.0,0.0,0.0,0.0,0.0,0.0,0.2,7.7,28.0
16:06:05.000,14.2,30.2,0.0,55.5,3787.2,3474.5,145.9,70.3,15.1,140.8,0.0,0.0,3,0,38811.0,0.0,0.0,0.0,0.0,336.7,-0.0,-0.0,-12477.2,0.0,0.0,534.7,0.0,0.0,19717.8,1.0,0.0,1.0,0.0,0.0,0.0,23.9,0.0,23.9,8.0,0.0,8.0,3.0,0.0,3.0,0.0,0.2,7.7,28.0
16:06:06.000,13.5,32.2,0.0,54.3,3787.2,3474.0,145.9,70.3,15.1,140.8,0.0,0.0,3,0,42540.8,0.0,0.0,0.0,0.0,328.3,-0.0,-0.0,-12505.1,0.0,0.0,510.8,0.0,0.0,19627.9,0.0,0.0,0.0,0.0,0.0,0.0,0.0,0.0,0.0,0.0,0.0,0.0,0.0,0.0,0.0,0.0,0.2,7.7,28.0
16:06:07.000,17.1,30.3,0.0,52.7,3787.2,3473.4,145.9,70.3,15.1,140.8,0.0,0.0,3,0,42988.3,0.0,0.0,0.0,0.0,327.4,-0.0,-0.0,-12481.7,0.0,0.0,512.0,0.0,0.0,19672.8,0.0,0.0,0.0,0.0,0.0,0.0,0.0,0.0,0.0,0.0,0.0,0.0,0.0,0.0,0.0,0.0,0.2,7.7,28.0
16:06:08.000,15.1,31.9,0.0,53.0,3787.2,3472.5,145.9,70.3,15.1,140.8,0.0,0.0,2,0,40260.6,0.0,0.0,0.0,0.0,319.6,-0.0,-0.0,-12673.9,0.0,0.0,509.6,0.0,0.0,20007.6,0.0,0.0,0.0,0.0,0.0,0.0,0.0,0.0,0.0,0.0,0.0,0.0,0.0,0.0,0.0,0.0,0.2,7.7,28.0
16:06:09.000,13.3,27.8,0.0,58.8,3787.2,3472.1,145.9,70.3,15.1,140.8,0.0,0.0,3,0,37711.8,0.0,0.0,0.0,0.0,327.3,-0.0,-0.0,-12471.7,0.0,0.0,518.9,0.0,0.0,19906.1,0.0,0.0,0.0,0.0,0.0,0.0,0.0,0.0,0.0,0.0,0.0,0.0,0.0,0.0,0.0,0.0,0.2,7.7,28.0
16:06:10.000,11.3,25.1,0.0,63.6,3787.2,3472.1,145.9,70.3,15.1,140.8,0.0,0.0,2,0,28373.6,0.0,0.0,0.0,0.0,307.5,-0.0,-0.0,-11828.1,0.0,0.0,483.9,0.0,0.0,18657.2,0.0,0.0,0.0,0.0,0.0,0.0,23.9,0.0,23.9,12.0,0.0,12.0,2.0,0.0,2.0,0.0,0.2,7.7,28.0
16:06:11.000,14.6,30.0,0.0,55.4,3787.2,3471.4,145.9,70.4,15.1,140.8,0.0,0.0,2,0,38516.9,0.0,0.0,0.0,0.0,347.3,-0.0,-0.0,-12536.1,0.0,0.0,541.5,0.0,0.0,19753.6,0.0,0.0,0.0,0.0,0.0,0.0,8.0,0.0,8.0,8.0,0.0,8.0,1.0,0.0,1.0,0.0,0.2,7.7,28.0
16:06:12.000,14.0,32.8,0.0,53.2,3787.2,3470.9,145.9,70.4,15.1,140.8,0.0,0.0,3,0,47198.0,0.0,0.0,0.0,0.0,316.0,-0.0,-0.0,-12850.1,0.0,0.0,495.8,0.0,0.0,19908.5,0.0,0.0,0.0,0.0,0.0,0.0,0.0,0.0,0.0,0.0,0.0,0.0,0.0,0.0,0.0,0.0,0.2,7.7,28.0
16:06:13.000,13.9,28.4,0.0,57.7,3787.2,3470.7,145.9,70.4,15.1,140.8,0.0,0.0,5,0,38658.0,0.0,0.0,0.0,0.0,321.0,-0.0,-0.0,-12425.9,0.0,0.0,494.9,0.0,0.0,19689.2,0.0,0.0,0.0,0.0,0.0,0.0,0.0,0.0,0.0,0.0,0.0,0.0,0.0,0.0,0.0,0.0,0.2,7.7,28.0
16:06:14.000,12.8,33.5,0.0,53.6,3787.2,3470.2,145.9,70.4,15.1,140.8,0.0,0.0,2,0,42633.5,0.0,0.0,0.0,0.0,327.1,-0.0,-0.0,-12544.1,0.0,0.0,515.7,0.0,0.0,19718.6,0.0,0.0,0.0,0.0,0.0,0.0,0.0,0.0,0.0,0.0,0.0,0.0,0.0,0.0,0.0,0.0,0.2,7.7,28.0
16:06:15.000,15.9,32.1,0.3,51.7,3787.2,3469.5,145.9,70.4,15.1,140.8,0.0,0.0,2,0,45231.4,0.0,0.0,0.0,0.0,333.5,-0.0,-0.0,-12363.0,0.0,0.0,539.7,0.0,0.0,19350.1,1.0,0.0,1.0,0.0,0.0,0.0,23.9,0.0,23.9,12.0,0.0,12.0,2.0,0.0,2.0,0.0,0.2,7.7,28.0
16:06:16.000,14.0,29.9,0.0,56.1,3787.2,3469.1,145.9,70.4,15.1,140.8,0.0,0.0,2,0,42394.2,0.0,0.0,0.0,0.0,314.1,-0.0,-0.0,-12525.0,0.0,0.0,493.0,0.0,0.0,19929.7,0.0,0.0,0.0,0.0,0.0,0.0,0.0,0.0,0.0,0.0,0.0,0.0,0.0,0.0,0.0,0.0,0.2,7.7,28.0
16:06:17.000,12.5,31.5,0.0,56.0,3787.2,3478.4,145.9,70.4,15.1,140.8,0.0,0.0,1,0,38849.3,0.0,0.0,0.0,0.0,335.1,-0.0,-0.0,-12262.7,0.0,0.0,534.7,0.0,0.0,19309.9,0.0,0.0,0.0,0.0,0.0,0.0,8.0,0.0,8.0,8.0,0.0,8.0,1.0,0.0,1.0,0.0,0.2,7.7,28.0
16:06:18.000,14.7,30.3,0.0,55.0,3787.2,3488.2,145.9,70.4,15.1,140.8,0.0,0.0,2,0,37572.8,0.0,0.0,0.0,0.0,323.7,-0.0,-0.0,-12188.0,0.0,0.0,514.0,0.0,0.0,19282.5,0.0,0.0,0.0,0.0,0.0,0.0,0.0,0.0,0.0,0.0,0.0,0.0,0.0,0.0,0.0,0.0,0.2,7.7,28.0
16:06:19.000,11.2,21.3,0.0,67.5,3787.2,3487.3,145.9,70.4,15.2,140.8,0.0,0.0,3,0,22193.0,0.0,0.0,0.0,0.0,327.1,-0.0,-0.0,-12356.2,0.0,0.0,513.9,0.0,0.0,19729.2,0.0,0.0,0.0,0.0,0.0,0.0,0.0,0.0,0.0,0.0,0.0,0.0,0.0,0.0,0.0,0.0,0.2,7.7,28.0
16:06:20.000,10.9,27.3,0.0,61.8,3787.2,3486.2,145.9,70.4,15.2,140.8,0.0,0.0,3,0,29159.6,0.0,0.0,0.0,0.0,332.9,-0.0,-0.0,-12051.5,0.0,0.0,502.6,0.0,0.0,19068.8,0.0,0.0,0.0,0.0,0.0,0.0,23.9,0.0,23.9,12.0,0.0,12.0,2.0,0.0,2.0,0.0,0.2,7.7,28.0
16:06:21.000,13.9,30.4,0.0,55.7,3787.2,3484.4,145.9,70.4,15.2,140.8,0.0,0.0,2,0,39865.1,0.0,0.0,0.0,0.0,340.4,-0.0,-0.0,-12545.0,0.0,0.0,502.9,0.0,0.0,19860.7,0.0,0.0,0.0,0.0,0.0,0.0,0.0,0.0,0.0,0.0,0.0,0.0,0.0,0.0,0.0,0.0,0.2,7.7,28.0
16:06:22.000,10.6,22.7,0.0,66.7,3787.2,3482.8,145.9,70.4,15.2,140.8,0.0,0.0,4,0,26813.2,0.0,0.0,0.0,0.0,311.9,-0.0,-0.0,-11205.5,0.0,0.0,468.9,0.0,0.0,17838.2,0.0,0.0,0.0,0.0,0.0,0.0,0.0,0.0,0.0,0.0,0.0,0.0,0.0,0.0,0.0,0.0,0.2,7.7,28.0
16:06:23.000,10.5,26.6,0.0,62.9,3787.2,3493.6,145.9,70.4,15.2,140.8,0.0,0.0,4,0,30510.3,0.0,0.0,0.0,0.0,319.8,-0.0,-0.0,-12159.9,0.0,0.0,501.5,0.0,0.0,19182.2,0.0,0.0,0.0,0.0,0.0,0.0,0.0,0.0,0.0,0.0,0.0,0.0,0.0,0.0,0.0,0.0,0.2,7.7,28.0
16:06:25.000,11.4,21.6,0.0,67.1,3787.2,3491.5,145.9,70.4,15.2,140.8,0.0,0.0,2,0,18265.3,0.0,0.0,0.0,0.0,322.0,-0.0,-0.0,-11926.1,0.0,0.0,506.9,0.0,0.0,19218.7,1.0,0.0,1.0,0.0,0.0,0.0,0.0,0.0,0.0,0.0,0.0,0.0,0.0,0.0,0.0,0.0,0.2,7.7,28.0
16:06:26.000,10.5,29.2,0.0,60.3,3787.2,3490.8,145.9,70.4,15.2,140.8,0.0,0.0,2,0,32354.9,0.0,0.0,0.0,0.0,334.0,-0.0,-0.0,-12097.2,0.0,0.0,527.7,0.0,0.0,19222.4,0.0,0.0,0.0,0.0,0.0,0.0,27.9,0.0,27.9,4.7,0.0,4.7,6.0,0.0,6.0,0.0,0.2,7.7,28.0
16:06:27.000,14.6,32.6,0.0,52.8,3787.2,3489.9,145.9,70.4,15.2,140.8,0.0,0.0,3,0,37918.4,0.0,0.0,0.0,0.0,311.3,-0.0,-0.0,-12293.3,0.0,0.0,480.2,0.0,0.0,19517.1,0.0,0.0,0.0,0.0,0.0,0.0,0.0,0.0,0.0,0.0,0.0,0.0,0.0,0.0,0.0,0.0,0.2,7.7,28.0
16:06:28.000,13.0,20.3,0.0,66.8,3787.2,3519.9,145.9,70.4,15.2,112.9,0.0,0.0,1,0,28957.7,0.0,0.0,0.0,0.0,315.9,-0.0,-0.0,-7790.9,0.0,0.0,483.9,0.0,0.0,12330.2,0.0,0.0,0.0,0.0,0.0,0.0,0.0,0.0,0.0,0.0,0.0,0.0,0.0,0.0,0.0,0.0,0.2,7.7,28.0
16:06:29.000,0.0,0.3,0.0,99.7,3787.2,3519.9,145.9,70.4,15.2,112.9,0.0,0.0,1,0,1217.9,0.0,0.0,0.0,0.0,115.0,-0.0,-0.0,-0.3,0.0,0.0,192.5,0.0,0.0,2.0,0.0,0.0,0.0,0.0,0.0,0.0,0.0,0.0,0.0,0.0,0.0,0.0,0.0,0.0,0.0,0.0,0.2,7.7,28.0
16:06:30.000,0.2,0.0,0.0,99.8,3787.2,3519.9,145.9,70.4,15.2,112.9,0.0,0.0,1,0,36.9,0.0,0.0,0.0,0.0,0.0,-0.0,-0.0,-0.0,0.0,0.0,0.0,0.0,0.0,0.0,0.0,0.0,0.0,0.0,0.0,0.0,0.0,0.0,0.0,0.0,0.0,0.0,0.0,0.0,0.0,0.0,0.2,7.7,28.0
16:06:31.000,0.0,0.0,0.2,99.8,3787.2,3519.9,145.9,70.4,15.2,112.9,0.0,0.0,1,0,46.8,0.0,0.0,0.0,0.0,0.0,-0.0,-0.0,-0.0,0.0,0.0,0.0,0.0,0.0,0.0,0.0,0.0,0.0,0.0,0.0,0.0,12.0,0.0,12.0,6.0,0.0,6.0,2.0,0.0,2.0,0.0,0.2,7.7,28.0
16:06:32.000,0.0,0.0,0.0,100.0,3787.2,3519.7,145.9,70.4,15.2,112.9,0.0,0.0,1,0,62.9,0.0,0.0,0.0,0.0,0.0,-0.0,-0.0,-0.0,0.0,0.0,0.0,0.0,0.0,0.0,0.0,0.0,0.0,0.0,0.0,0.0,0.0,0.0,0.0,0.0,0.0,0.0,0.0,0.0,0.0,0.0,0.2,7.7,28.0
16:06:33.000,0.0,0.0,0.0,100.0,3787.2,3519.7,145.9,70.4,15.2,112.9,0.0,0.0,1,0,28.9,0.0,0.0,0.0,0.0,0.0,-0.0,-0.0,-0.0,0.0,0.0,0.0,0.0,0.0,0.0,0.0,0.0,0.0,0.0,0.0,0.0,0.0,0.0,0.0,0.0,0.0,0.0,0.0,0.0,0.0,0.0,0.2,7.7,28.0
16:06:34.000,0.0,0.0,0.0,100.0,3787.2,3519.7,145.9,70.4,15.2,112.9,0.0,0.0,1,0,38.9,0.0,0.0,0.0,0.0,0.0,-0.0,-0.0,-0.0,0.0,0.0,0.0,0.0,0.0,0.0,0.0,0.0,0.0,0.0,0.0,0.0,0.0,0.0,0.0,0.0,0.0,0.0,0.0,0.0,0.0,0.0,0.2,7.7,28.0
16:06:35.000,0.0,0.0,0.0,100.0,3787.2,3519.7,145.9,70.4,15.2,112.9,0.0,0.0,1,0,32.9,0.0,0.0,0.0,0.0,0.0,-0.0,-0.0,-0.0,0.0,0.0,0.0,0.0,0.0,0.0,0.0,0.0,0.0,0.0,0.0,0.0,0.0,0.0,0.0,0.0,0.0,0.0,0.0,0.0,0.0,0.0,0.2,7.7,28.0
16:06:36.000,0.0,0.0,0.0,100.0,3787.2,3519.7,145.9,70.4,15.2,112.9,0.0,0.0,1,0,60.8,0.0,0.0,0.0,0.0,0.0,-0.0,-0.0,-0.0,0.0,0.0,0.0,0.0,0.0,0.0,1.0,0.0,1.0,0.0,0.0,0.0,12.0,0.0,12.0,6.0,0.0,6.0,2.0,0.0,2.0,0.0,0.2,7.7,28.0
16:06:37.000,0.0,0.0,0.0,100.0,3787.2,3519.7,145.9,70.4,15.2,112.9,0.0,0.0,1,0,30.9,0.0,0.0,0.0,0.0,0.0,-0.0,-0.0,-0.0,0.0,0.0,0.0,0.0,0.0,0.0,0.0,0.0,0.0,0.0,0.0,0.0,0.0,0.0,0.0,0.0,0.0,0.0,0.0,0.0,0.0,0.0,0.2,7.7,28.0
16:06:38.000,0.0,0.2,0.0,99.8,3787.2,3519.7,145.9,70.4,15.2,112.9,0.0,0.0,1,0,40.9,0.0,0.0,0.0,0.0,0.0,-0.0,-0.0,-0.0,0.0,0.0,0.0,0.0,0.0,0.0,0.0,0.0,0.0,0.0,0.0,0.0,0.0,0.0,0.0,0.0,0.0,0.0,0.0,0.0,0.0,0.0,0.2,7.7,28.0
16:06:39.000,0.0,0.0,0.0,100.0,3787.2,3519.7,145.9,70.4,15.2,112.9,0.0,0.0,1,0,34.9,0.0,0.0,0.0,0.0,0.0,-0.0,-0.0,-0.0,0.0,0.0,0.0,0.0,0.0,0.0,0.0,0.0,0.0,0.0,0.0,0.0,0.0,0.0,0.0,0.0,0.0,0.0,0.0,0.0,0.0,0.0,0.2,7.7,28.0
16:06:40.000,0.2,0.0,0.0,99.8,3787.2,3519.7,145.9,70.4,15.2,112.9,0.0,0.0,1,0,40.9,0.0,0.0,0.0,0.0,0.0,-0.0,-0.0,-0.0,0.0,0.0,0.0,0.0,0.0,0.0,0.0,0.0,0.0,0.0,0.0,0.0,0.0,0.0,0.0,0.0,0.0,0.0,0.0,0.0,0.0,0.0,0.2,7.7,28.0
16:06:41.000,0.0,0.0,0.2,99.8,3787.2,3519.7,145.9,70.4,15.2,112.9,0.0,0.0,1,0,50.8,0.0,0.0,0.0,0.0,0.0,-0.0,-0.0,-0.0,0.0,0.0,0.0,0.0,0.0,0.0,0.0,0.0,0.0,0.0,0.0,0.0,12.0,0.0,12.0,6.0,0.0,6.0,2.0,0.0,2.0,0.0,0.2,7.7,28.0
16:06:42.000,0.0,0.0,0.0,100.0,3787.2,3519.7,145.9,70.4,15.2,112.9,0.0,0.0,1,0,44.9,0.0,0.0,0.0,0.0,0.0,-0.0,-0.0,-0.0,0.0,0.0,0.0,0.0,0.0,0.0,0.0,0.0,0.0,0.0,0.0,0.0,0.0,0.0,0.0,0.0,0.0,0.0,0.0,0.0,0.0,0.0,0.2,7.7,28.0
16:06:43.000,0.0,0.0,0.0,100.0,3787.2,3519.7,145.9,70.4,15.2,112.9,0.0,0.0,1,0,30.9,0.0,0.0,0.0,0.0,0.0,-0.0,-0.0,-0.0,0.0,0.0,0.0,0.0,0.0,0.0,0.0,0.0,0.0,0.0,0.0,0.0,0.0,0.0,0.0,0.0,0.0,0.0,0.0,0.0,0.0,0.0,0.2,7.7,28.0
16:06:44.000,0.0,0.0,0.0,100.0,3787.2,3519.7,145.9,70.4,15.2,112.9,0.0,0.0,1,0,48.9,0.0,0.0,0.0,0.0,0.0,-0.0,-0.0,-0.0,0.0,0.0,0.0,0.0,0.0,0.0,0.0,0.0,0.0,0.0,0.0,0.0,0.0,0.0,0.0,0.0,0.0,0.0,0.0,0.0,0.0,0.0,0.2,7.7,28.0
16:06:45.000,0.0,0.0,0.0,100.0,3787.2,3519.7,145.9,70.4,15.2,112.9,0.0,0.0,1,0,30.9,0.0,0.0,0.0,0.0,0.0,-0.0,-0.0,-0.0,0.0,0.0,0.0,0.0,0.0,0.0,0.0,0.0,0.0,0.0,0.0,0.0,0.0,0.0,0.0,0.0,0.0,0.0,0.0,0.0,0.0,0.0,0.2,7.7,28.0
16:06:46.000,0.0,0.0,0.0,100.0,3787.2,3519.7,145.9,70.4,15.2,112.9,0.0,0.0,1,0,56.8,0.0,0.0,0.0,0.0,0.0,-0.0,-0.0,-0.0,0.0,0.0,0.0,0.0,0.0,0.0,1.0,0.0,1.0,0.0,0.0,0.0,12.0,0.0,12.0,6.0,0.0,6.0,2.0,0.0,2.0,0.0,0.2,7.7,28.0
16:06:47.000,0.0,0.0,0.0,100.0,3787.2,3519.7,145.9,70.4,15.2,112.9,0.0,0.0,1,0,69.9,0.0,0.0,0.0,0.0,0.1,-0.0,-0.0,-0.0,0.0,0.0,1.0,0.0,0.0,0.0,0.0,0.0,0.0,0.0,0.0,0.0,0.0,0.0,0.0,0.0,0.0,0.0,0.0,0.0,0.0,0.0,0.2,7.7,28.0
16:06:48.000,0.0,0.0,0.0,100.0,3787.2,3519.7,145.9,70.4,15.2,112.9,0.0,0.0,1,0,49.9,0.0,0.0,0.0,0.0,0.0,-0.0,-0.0,-0.0,0.0,0.0,0.0,0.0,0.0,0.0,0.0,0.0,0.0,0.0,0.0,0.0,0.0,0.0,0.0,0.0,0.0,0.0,0.0,0.0,0.0,0.0,0.2,7.7,28.0
16:06:49.000,0.0,0.0,0.0,100.0,3787.2,3519.7,145.9,70.4,15.2,112.9,0.0,0.0,1,0,44.9,0.0,0.0,0.0,0.0,0.0,-0.0,-0.0,-0.0,0.0,0.0,0.0,0.0,0.0,0.0,0.0,0.0,0.0,0.0,0.0,0.0,23.9,0.0,23.9,24.0,0.0,24.0,1.0,0.0,1.0,0.0,0.2,7.7,28.0
16:06:50.000,0.0,0.2,0.0,99.8,3787.2,3519.4,145.9,70.4,15.2,112.9,0.0,0.0,1,0,42.9,0.0,0.0,0.0,0.0,0.0,-0.0,-0.0,-0.0,0.0,0.0,0.0,0.0,0.0,0.0,0.0,0.0,0.0,0.0,0.0,0.0,0.0,0.0,0.0,0.0,0.0,0.0,0.0,0.0,0.0,0.0,0.2,7.7,28.0
16:06:51.000,0.0,0.0,0.2,99.8,3787.2,3519.4,145.9,70.4,15.2,112.9,0.0,0.0,1,0,52.8,0.0,0.0,0.0,0.0,0.0,-0.0,-0.0,-0.0,0.0,0.0,0.0,0.0,0.0,0.0,0.0,0.0,0.0,0.0,0.0,0.0,23.9,0.0,23.9,12.0,0.0,12.0,2.0,0.0,2.0,0.0,0.2,7.7,28.0
16:06:52.000,0.0,0.0,0.0,100.0,3787.2,3519.4,145.9,70.4,15.2,112.9,0.0,0.0,1,0,54.9,0.0,0.0,0.0,0.0,0.0,-0.0,-0.0,-0.0,0.0,0.0,0.0,0.0,0.0,0.0,0.0,0.0,0.0,0.0,0.0,0.0,0.0,0.0,0.0,0.0,0.0,0.0,0.0,0.0,0.0,0.0,0.2,7.7,28.0
16:06:53.000,0.2,0.0,0.0,99.8,3787.2,3519.4,145.9,70.4,15.2,112.9,0.0,0.0,1,0,36.9,0.0,0.0,0.0,0.0,0.0,-0.0,-0.0,-0.0,0.0,0.0,0.0,0.0,0.0,0.0,0.0,0.0,0.0,0.0,0.0,0.0,0.0,0.0,0.0,0.0,0.0,0.0,0.0,0.0,0.0,0.0,0.2,7.7,28.0
16:06:54.000,0.0,0.0,0.0,100.0,3787.2,3519.4,145.9,70.4,15.2,112.9,0.0,0.0,1,0,34.9,0.0,0.0,0.0,0.0,0.0,-0.0,-0.0,-0.0,0.0,0.0,0.0,0.0,0.0,0.0,0.0,0.0,0.0,0.0,0.0,0.0,0.0,0.0,0.0,0.0,0.0,0.0,0.0,0.0,0.0,0.0,0.2,7.7,28.0
16:06:55.000,0.0,0.0,0.0,100.0,3787.2,3519.2,145.9,70.4,15.2,112.9,0.0,0.0,1,0,34.9,0.0,0.0,0.0,0.0,0.0,-0.0,-0.0,-0.0,0.0,0.0,0.0,0.0,0.0,0.0,0.0,0.0,0.0,0.0,0.0,0.0,0.0,0.0,0.0,0.0,0.0,0.0,0.0,0.0,0.0,0.0,0.2,7.7,28.0
16:06:56.000,0.0,0.0,0.0,100.0,3787.2,3519.2,145.9,70.4,15.2,112.9,0.0,0.0,1,0,64.8,0.0,0.0,0.0,0.0,0.0,-0.0,-0.0,-0.0,0.0,0.0,0.0,0.0,0.0,0.0,1.0,0.0,1.0,0.0,0.0,0.0,12.0,0.0,12.0,6.0,0.0,6.0,2.0,0.0,2.0,0.0,0.2,7.7,28.0
16:06:57.000,0.0,0.0,0.0,100.0,3787.2,3519.2,145.9,70.4,15.2,112.9,0.0,0.0,1,0,30.9,0.0,0.0,0.0,0.0,0.0,-0.0,-0.0,-0.0,0.0,0.0,0.0,0.0,0.0,0.0,0.0,0.0,0.0,0.0,0.0,0.0,0.0,0.0,0.0,0.0,0.0,0.0,0.0,0.0,0.0,0.0,0.2,7.7,28.0
16:06:58.000,0.0,0.0,0.0,100.0,3787.2,3519.2,145.9,70.4,15.2,112.9,0.0,0.0,1,0,35.9,0.0,0.0,0.0,0.0,0.0,-0.0,-0.0,-0.0,0.0,0.0,0.0,0.0,0.0,0.0,0.0,0.0,0.0,0.0,0.0,0.0,0.0,0.0,0.0,0.0,0.0,0.0,0.0,0.0,0.0,0.0,0.2,7.7,28.0
16:06:59.000,0.0,0.0,0.0,100.0,3787.2,3519.2,145.9,70.4,15.2,112.9,0.0,0.0,1,0,32.9,0.0,0.0,0.0,0.0,0.0,-0.0,-0.0,-0.0,0.0,0.0,0.0,0.0,0.0,0.0,0.0,0.0,0.0,0.0,0.0,0.0,0.0,0.0,0.0,0.0,0.0,0.0,0.0,0.0,0.0,0.0,0.2,7.7,28.0
16:07:00.000,0.0,0.0,0.0,100.0,3787.2,3519.2,145.9,70.4,15.2,112.9,0.0,0.0,1,0,47.9,0.0,0.0,0.0,0.0,0.0,-0.0,-0.0,-0.0,0.0,0.0,0.0,0.0,0.0,0.0,0.0,0.0,0.0,0.0,0.0,0.0,0.0,0.0,0.0,0.0,0.0,0.0,0.0,0.0,0.0,0.0,0.2,7.7,28.0
16:07:01.000,0.0,0.0,0.2,99.8,3787.2,3519.2,145.9,70.4,15.2,112.9,0.0,0.0,1,0,53.8,0.0,0.0,0.0,0.0,0.0,-0.0,-0.0,-0.0,0.0,0.0,0.0,0.0,0.0,0.0,0.0,0.0,0.0,0.0,0.0,0.0,12.0,0.0,12.0,6.0,0.0,6.0,2.0,0.0,2.0,0.0,0.2,7.7,28.0
16:07:02.000,0.0,0.0,0.0,100.0,3787.2,3519.2,145.9,70.4,15.2,112.9,0.0,0.0,1,0,44.9,0.0,0.0,0.0,0.0,0.0,-0.0,-0.0,-0.0,0.0,0.0,0.0,0.0,0.0,0.0,0.0,0.0,0.0,0.0,0.0,0.0,0.0,0.0,0.0,0.0,0.0,0.0,0.0,0.0,0.0,0.0,0.2,7.7,28.0
16:07:03.000,0.2,0.0,0.0,99.8,3787.2,3519.2,145.9,70.4,15.2,112.9,0.0,0.0,1,0,38.9,0.0,0.0,0.0,0.0,0.0,-0.0,-0.0,-0.0,0.0,0.0,0.0,0.0,0.0,0.0,0.0,0.0,0.0,0.0,0.0,0.0,0.0,0.0,0.0,0.0,0.0,0.0,0.0,0.0,0.0,0.0,0.2,7.7,28.0
16:07:04.000,0.0,0.0,0.0,100.0,3787.2,3519.2,145.9,70.4,15.2,112.9,0.0,0.0,1,0,44.9,0.0,0.0,0.0,0.0,0.0,-0.0,-0.0,-0.0,0.0,0.0,0.0,0.0,0.0,0.0,0.0,0.0,0.0,0.0,0.0,0.0,0.0,0.0,0.0,0.0,0.0,0.0,0.0,0.0,0.0,0.0,0.2,7.7,28.0
16:07:05.000,0.0,0.2,0.0,99.8,3787.2,3519.2,145.9,70.4,15.2,112.9,0.0,0.0,1,0,34.9,0.0,0.0,0.0,0.0,0.0,-0.0,-0.0,-0.0,0.0,0.0,0.0,0.0,0.0,0.0,0.0,0.0,0.0,0.0,0.0,0.0,0.0,0.0,0.0,0.0,0.0,0.0,0.0,0.0,0.0,0.0,0.2,7.7,28.0
16:07:06.000,0.0,0.0,0.0,100.0,3787.2,3519.2,145.9,70.4,15.2,112.9,0.0,0.0,1,0,57.8,0.0,0.0,0.0,0.0,0.0,-0.0,-0.0,-0.0,0.0,0.0,0.0,0.0,0.0,0.0,1.0,0.0,1.0,0.0,0.0,0.0,12.0,0.0,12.0,6.0,0.0,6.0,2.0,0.0,2.0,0.0,0.2,7.7,28.0
16:07:07.000,0.0,0.0,0.0,100.0,3787.2,3519.2,145.9,70.4,15.2,112.9,0.0,0.0,1,0,33.9,0.0,0.0,0.0,0.0,0.0,-0.0,-0.0,-0.0,0.0,0.0,0.0,0.0,0.0,0.0,0.0,0.0,0.0,0.0,0.0,0.0,0.0,0.0,0.0,0.0,0.0,0.0,0.0,0.0,0.0,0.0,0.2,7.7,28.0
16:07:08.000,0.0,0.0,0.0,100.0,3787.2,3519.2,145.9,70.4,15.2,112.9,0.0,0.0,1,0,49.9,0.0,0.0,0.0,0.0,0.0,-0.0,-0.0,-0.0,0.0,0.0,0.0,0.0,0.0,0.0,0.0,0.0,0.0,0.0,0.0,0.0,0.0,0.0,0.0,0.0,0.0,0.0,0.0,0.0,0.0,0.0,0.2,7.7,28.0
16:07:09.000,0.0,0.0,0.0,100.0,3787.2,3519.2,145.9,70.4,15.2,112.9,0.0,0.0,1,0,30.9,0.0,0.0,0.0,0.0,0.0,-0.0,-0.0,-0.0,0.0,0.0,0.0,0.0,0.0,0.0,0.0,0.0,0.0,0.0,0.0,0.0,0.0,0.0,0.0,0.0,0.0,0.0,0.0,0.0,0.0,0.0,0.2,7.7,28.0
16:07:10.000,0.0,0.2,0.0,99.8,3787.2,3519.2,145.9,70.4,15.2,112.9,0.0,0.0,1,0,38.9,0.0,0.0,0.0,0.0,0.0,-0.0,-0.0,-0.0,0.0,0.0,0.0,0.0,0.0,0.0,0.0,0.0,0.0,0.0,0.0,0.0,0.0,0.0,0.0,0.0,0.0,0.0,0.0,0.0,0.0,0.0,0.2,7.7,28.0
16:07:11.000,0.0,0.0,0.2,99.8,3787.2,3519.2,145.9,70.4,15.2,112.9,0.0,0.0,1,0,53.8,0.0,0.0,0.0,0.0,0.0,-0.0,-0.0,-0.0,0.0,0.0,0.0,0.0,0.0,0.0,0.0,0.0,0.0,0.0,0.0,0.0,15.9,0.0,15.9,8.0,0.0,8.0,2.0,0.0,2.0,0.0,0.2,7.7,28.0
16:07:12.000,0.0,0.0,0.0,100.0,3787.2,3519.2,145.9,70.4,15.2,112.9,0.0,0.0,1,0,44.9,0.0,0.0,0.0,0.0,0.0,-0.0,-0.0,-0.0,0.0,0.0,0.0,0.0,0.0,0.0,0.0,0.0,0.0,0.0,0.0,0.0,0.0,0.0,0.0,0.0,0.0,0.0,0.0,0.0,0.0,0.0,0.2,7.7,28.0
16:07:13.000,0.0,0.0,0.0,100.0,3787.2,3519.2,145.9,70.4,15.2,112.9,0.0,0.0,1,0,38.9,0.0,0.0,0.0,0.0,0.0,-0.0,-0.0,-0.0,0.0,0.0,0.0,0.0,0.0,0.0,0.0,0.0,0.0,0.0,0.0,0.0,0.0,0.0,0.0,0.0,0.0,0.0,0.0,0.0,0.0,0.0,0.2,7.7,28.0
16:07:14.000,0.0,0.0,0.0,100.0,3787.2,3519.2,145.9,70.4,15.2,112.9,0.0,0.0,1,0,37.9,0.0,0.0,0.0,0.0,0.0,-0.0,-0.0,-0.0,0.0,0.0,0.0,0.0,0.0,0.0,0.0,0.0,0.0,0.0,0.0,0.0,0.0,0.0,0.0,0.0,0.0,0.0,0.0,0.0,0.0,0.0,0.2,7.7,28.0
16:07:15.000,0.0,0.2,0.0,99.8,3787.2,3519.2,145.9,70.4,15.2,112.9,0.0,0.0,1,0,36.9,0.0,0.0,0.0,0.0,0.0,-0.0,-0.0,-0.0,0.0,0.0,0.0,0.0,0.0,0.0,0.0,0.0,0.0,0.0,0.0,0.0,0.0,0.0,0.0,0.0,0.0,0.0,0.0,0.0,0.0,0.0,0.2,7.7,28.0
16:07:16.000,0.0,0.0,0.0,100.0,3787.2,3519.2,145.9,70.4,15.2,112.9,0.0,0.0,1,0,83.7,0.0,0.0,0.0,0.0,0.1,-0.0,-0.0,-0.0,0.0,0.0,1.0,0.0,0.0,0.0,0.0,0.0,0.0,0.0,0.0,0.0,12.0,0.0,12.0,6.0,0.0,6.0,2.0,0.0,2.0,0.0,0.2,7.7,28.0
16:07:17.000,0.0,0.0,0.0,100.0,3787.2,3519.2,145.9,70.4,15.2,112.9,0.0,0.0,1,0,31.9,0.0,0.0,0.0,0.0,0.0,-0.0,-0.0,-0.0,0.0,0.0,0.0,0.0,0.0,0.0,0.0,0.0,0.0,0.0,0.0,0.0,0.0,0.0,0.0,0.0,0.0,0.0,0.0,0.0,0.0,0.0,0.2,7.7,28.0
16:07:18.000,0.0,0.0,0.0,100.0,3787.2,3519.2,145.9,70.4,15.2,112.9,0.0,0.0,1,0,32.9,0.0,0.0,0.0,0.0,0.0,-0.0,-0.0,-0.0,0.0,0.0,0.0,0.0,0.0,0.0,0.0,0.0,0.0,0.0,0.0,0.0,0.0,0.0,0.0,0.0,0.0,0.0,0.0,0.0,0.0,0.0,0.2,7.7,28.0
16:07:19.000,0.0,0.0,0.0,100.0,3787.2,3519.2,145.9,70.4,15.2,112.9,0.0,0.0,1,0,30.9,0.0,0.0,0.0,0.0,0.0,-0.0,-0.0,-0.0,0.0,0.0,0.0,0.0,0.0,0.0,0.0,0.0,0.0,0.0,0.0,0.0,0.0,0.0,0.0,0.0,0.0,0.0,0.0,0.0,0.0,0.0,0.2,7.7,28.0
16:07:20.000,0.2,0.0,0.0,99.8,3787.2,3519.2,145.9,70.4,15.2,112.9,0.0,0.0,1,0,84.8,0.0,0.0,0.0,0.0,0.1,-0.0,-0.0,-0.0,0.0,0.0,1.0,0.0,0.0,0.0,0.0,0.0,0.0,0.0,0.0,0.0,27.9,0.0,27.9,28.0,0.0,28.0,1.0,0.0,1.0,0.0,0.2,7.7,28.0
16:07:21.000,0.0,0.0,0.2,99.8,3787.2,3519.2,145.9,70.4,15.2,112.9,0.0,0.0,1,0,76.8,0.0,0.0,0.0,0.0,0.0,-0.0,-0.0,-0.0,0.0,0.0,0.0,0.0,0.0,0.0,1.0,0.0,1.0,0.0,0.0,0.0,39.9,0.0,39.9,6.7,0.0,6.7,6.0,0.0,6.0,0.0,0.2,7.7,28.0
16:07:22.000,0.0,0.2,0.0,99.8,3787.2,3519.2,145.9,70.4,15.2,112.9,0.0,0.0,1,0,36.9,0.0,0.0,0.0,0.0,0.0,-0.0,-0.0,-0.0,0.0,0.0,0.0,0.0,0.0,0.0,0.0,0.0,0.0,0.0,0.0,0.0,0.0,0.0,0.0,0.0,0.0,0.0,0.0,0.0,0.0,0.0,0.2,7.7,28.0
16:07:23.000,0.0,0.0,0.0,100.0,3787.2,3519.2,145.9,70.4,15.2,112.9,0.0,0.0,1,0,41.9,0.0,0.0,0.0,0.0,0.0,-0.0,-0.0,-0.0,0.0,0.0,0.0,0.0,0.0,0.0,0.0,0.0,0.0,0.0,0.0,0.0,0.0,0.0,0.0,0.0,0.0,0.0,0.0,0.0,0.0,0.0,0.2,7.7,28.0
16:07:24.000,0.0,0.0,0.0,100.0,3787.2,3519.2,145.9,70.5,15.2,112.9,0.0,0.0,1,0,47.9,0.0,0.0,0.0,0.0,0.0,-0.0,-0.0,-0.0,0.0,0.0,0.0,0.0,0.0,0.0,0.0,0.0,0.0,0.0,0.0,0.0,0.0,0.0,0.0,0.0,0.0,0.0,0.0,0.0,0.0,0.0,0.2,7.7,28.0
16:07:25.000,0.0,0.0,0.0,100.0,3787.2,3519.2,145.9,70.5,15.3,112.9,0.0,0.0,1,0,140.7,0.0,0.0,0.0,0.0,0.1,-0.0,-0.0,-0.1,0.0,0.0,2.0,0.0,0.0,1.0,1.0,0.0,1.0,0.0,0.0,0.0,0.0,0.0,0.0,0.0,0.0,0.0,0.0,0.0,0.0,0.0,0.2,7.7,28.0
16:07:26.000,0.0,0.0,0.0,100.0,3787.2,3519.2,145.9,70.5,15.3,112.9,0.0,0.0,1,0,60.8,0.0,0.0,0.0,0.0,0.0,-0.0,-0.0,-0.0,0.0,0.0,0.0,0.0,0.0,0.0,0.0,0.0,0.0,0.0,0.0,0.0,12.0,0.0,12.0,6.0,0.0,6.0,2.0,0.0,2.0,0.0,0.2,7.7,28.0
16:07:27.000,0.0,0.2,0.0,99.8,3787.2,3519.2,145.9,70.5,15.3,112.9,0.0,0.0,1,0,30.9,0.0,0.0,0.0,0.0,0.0,-0.0,-0.0,-0.0,0.0,0.0,0.0,0.0,0.0,0.0,0.0,0.0,0.0,0.0,0.0,0.0,0.0,0.0,0.0,0.0,0.0,0.0,0.0,0.0,0.0,0.0,0.2,7.7,28.0
16:07:28.000,0.0,0.0,0.0,100.0,3787.2,3519.2,145.9,70.5,15.3,112.9,0.0,0.0,1,0,42.9,0.0,0.0,0.0,0.0,0.0,-0.0,-0.0,-0.0,0.0,0.0,0.0,0.0,0.0,0.0,0.0,0.0,0.0,0.0,0.0,0.0,0.0,0.0,0.0,0.0,0.0,0.0,0.0,0.0,0.0,0.0,0.2,7.7,28.0
16:07:29.000,0.0,0.0,0.0,100.0,3787.2,3519.2,145.9,70.5,15.3,112.9,0.0,0.0,1,0,37.9,0.0,0.0,0.0,0.0,0.0,-0.0,-0.0,-0.0,0.0,0.0,0.0,0.0,0.0,0.0,0.0,0.0,0.0,0.0,0.0,0.0,0.0,0.0,0.0,0.0,0.0,0.0,0.0,0.0,0.0,0.0,0.2,7.7,28.0
16:07:30.000,0.0,0.0,0.0,100.0,3787.2,3519.2,145.9,70.5,15.3,112.9,0.0,0.0,1,0,36.9,0.0,0.0,0.0,0.0,0.0,-0.0,-0.0,-0.0,0.0,0.0,0.0,0.0,0.0,0.0,0.0,0.0,0.0,0.0,0.0,0.0,0.0,0.0,0.0,0.0,0.0,0.0,0.0,0.0,0.0,0.0,0.2,7.7,28.0
16:07:31.000,0.0,0.2,0.2,99.5,3787.2,3519.2,145.9,70.5,15.3,112.9,0.0,0.0,1,0,56.8,0.0,0.0,0.0,0.0,0.0,-0.0,-0.0,-0.0,0.0,0.0,0.0,0.0,0.0,0.0,0.0,0.0,0.0,0.0,0.0,0.0,12.0,0.0,12.0,6.0,0.0,6.0,2.0,0.0,2.0,0.0,0.2,7.7,28.0
16:07:32.000,0.0,0.0,0.0,100.0,3787.2,3519.2,145.9,70.5,15.3,112.9,0.0,0.0,1,0,49.9,0.0,0.0,0.0,0.0,0.0,-0.0,-0.0,-0.0,0.0,0.0,0.0,0.0,0.0,0.0,0.0,0.0,0.0,0.0,0.0,0.0,0.0,0.0,0.0,0.0,0.0,0.0,0.0,0.0,0.0,0.0,0.2,7.7,28.0
16:07:33.000,0.0,0.0,0.0,100.0,3787.2,3519.2,145.9,70.5,15.3,112.9,0.0,0.0,1,0,40.9,0.0,0.0,0.0,0.0,0.0,-0.0,-0.0,-0.0,0.0,0.0,0.0,0.0,0.0,0.0,0.0,0.0,0.0,0.0,0.0,0.0,0.0,0.0,0.0,0.0,0.0,0.0,0.0,0.0,0.0,0.0,0.2,7.7,28.0
16:07:34.000,0.0,0.0,0.0,100.0,3787.2,3519.2,145.9,70.5,15.3,112.9,0.0,0.0,1,0,39.9,0.0,0.0,0.0,0.0,0.0,-0.0,-0.0,-0.0,0.0,0.0,0.0,0.0,0.0,0.0,0.0,0.0,0.0,0.0,0.0,0.0,0.0,0.0,0.0,0.0,0.0,0.0,0.0,0.0,0.0,0.0,0.2,7.7,28.0
16:07:35.000,0.0,0.0,0.0,100.0,3787.2,3519.2,145.9,70.5,15.3,112.9,0.0,0.0,1,0,30.9,0.0,0.0,0.0,0.0,0.0,-0.0,-0.0,-0.0,0.0,0.0,0.0,0.0,0.0,0.0,0.0,0.0,0.0,0.0,0.0,0.0,0.0,0.0,0.0,0.0,0.0,0.0,0.0,0.0,0.0,0.0,0.2,7.7,28.0
16:07:36.000,0.0,0.0,0.0,100.0,3787.2,3519.2,145.9,70.5,15.3,112.9,0.0,0.0,1,0,65.8,0.0,0.0,0.0,0.0,0.0,-0.0,-0.0,-0.0,0.0,0.0,0.0,0.0,0.0,0.0,0.0,0.0,0.0,0.0,0.0,0.0,12.0,0.0,12.0,6.0,0.0,6.0,2.0,0.0,2.0,0.0,0.2,7.7,28.0
16:07:37.000,0.0,0.0,0.0,100.0,3787.2,3519.2,145.9,70.5,15.3,112.9,0.0,0.0,1,0,33.9,0.0,0.0,0.0,0.0,0.0,-0.0,-0.0,-0.0,0.0,0.0,0.0,0.0,0.0,0.0,0.0,0.0,0.0,0.0,0.0,0.0,0.0,0.0,0.0,0.0,0.0,0.0,0.0,0.0,0.0,0.0,0.2,7.7,28.0
16:07:38.000,0.2,0.0,0.0,99.8,3787.2,3519.2,145.9,70.5,15.3,112.9,0.0,0.0,1,0,36.9,0.0,0.0,0.0,0.0,0.0,-0.0,-0.0,-0.0,0.0,0.0,0.0,0.0,0.0,0.0,0.0,0.0,0.0,0.0,0.0,0.0,0.0,0.0,0.0,0.0,0.0,0.0,0.0,0.0,0.0,0.0,0.2,7.7,28.0
16:07:39.000,0.0,0.0,0.0,100.0,3787.2,3519.2,145.9,70.5,15.3,112.9,0.0,0.0,1,0,34.9,0.0,0.0,0.0,0.0,0.0,-0.0,-0.0,-0.0,0.0,0.0,0.0,0.0,0.0,0.0,0.0,0.0,0.0,0.0,0.0,0.0,0.0,0.0,0.0,0.0,0.0,0.0,0.0,0.0,0.0,0.0,0.2,7.7,28.0
16:07:40.000,0.0,0.0,0.0,100.0,3787.2,3519.2,145.9,70.5,15.3,112.9,0.0,0.0,1,0,38.9,0.0,0.0,0.0,0.0,0.0,-0.0,-0.0,-0.0,0.0,0.0,0.0,0.0,0.0,0.0,0.0,0.0,0.0,0.0,0.0,0.0,0.0,0.0,0.0,0.0,0.0,0.0,0.0,0.0,0.0,0.0,0.2,7.7,28.0
16:07:41.000,0.0,0.0,0.2,99.8,3787.2,3519.2,145.9,70.5,15.3,112.9,0.0,0.0,1,0,57.8,0.0,0.0,0.0,0.0,0.0,-0.0,-0.0,-0.0,0.0,0.0,0.0,0.0,0.0,0.0,1.0,0.0,1.0,0.0,0.0,0.0,12.0,0.0,12.0,6.0,0.0,6.0,2.0,0.0,2.0,0.0,0.2,7.7,28.0
16:07:42.000,0.0,0.0,0.0,100.0,3787.2,3519.2,145.9,70.5,15.3,112.9,0.0,0.0,1,0,36.9,0.0,0.0,0.0,0.0,0.0,-0.0,-0.0,-0.0,0.0,0.0,0.0,0.0,0.0,0.0,0.0,0.0,0.0,0.0,0.0,0.0,0.0,0.0,0.0,0.0,0.0,0.0,0.0,0.0,0.0,0.0,0.2,7.7,28.0
16:07:43.000,0.0,0.2,0.0,99.8,3787.2,3519.2,145.9,70.5,15.3,112.9,0.0,0.0,1,0,38.9,0.0,0.0,0.0,0.0,0.0,-0.0,-0.0,-0.0,0.0,0.0,0.0,0.0,0.0,0.0,0.0,0.0,0.0,0.0,0.0,0.0,0.0,0.0,0.0,0.0,0.0,0.0,0.0,0.0,0.0,0.0,0.2,7.7,28.0
16:07:44.000,0.0,0.0,0.0,100.0,3787.2,3519.2,145.9,70.5,15.3,112.9,0.0,0.0,1,0,46.9,0.0,0.0,0.0,0.0,0.0,-0.0,-0.0,-0.0,0.0,0.0,0.0,0.0,0.0,0.0,0.0,0.0,0.0,0.0,0.0,0.0,0.0,0.0,0.0,0.0,0.0,0.0,0.0,0.0,0.0,0.0,0.2,7.7,28.0
16:07:45.000,0.0,0.0,0.0,100.0,3787.2,3519.2,145.9,70.5,15.3,112.9,0.0,0.0,1,0,30.9,0.0,0.0,0.0,0.0,0.0,-0.0,-0.0,-0.0,0.0,0.0,0.0,0.0,0.0,0.0,0.0,0.0,0.0,0.0,0.0,0.0,0.0,0.0,0.0,0.0,0.0,0.0,0.0,0.0,0.0,0.0,0.2,7.7,28.0
16:07:46.000,0.0,0.0,0.2,99.8,3787.2,3519.2,145.9,70.5,15.3,112.9,0.0,0.0,1,0,53.8,0.0,0.0,0.0,0.0,0.0,-0.0,-0.0,-0.0,0.0,0.0,0.0,0.0,0.0,0.0,0.0,0.0,0.0,0.0,0.0,0.0,12.0,0.0,12.0,6.0,0.0,6.0,2.0,0.0,2.0,0.0,0.2,7.7,28.0
16:07:47.000,0.0,0.0,0.0,100.0,3787.2,3519.2,145.9,70.5,15.3,112.9,0.0,0.0,1,0,36.9,0.0,0.0,0.0,0.0,0.0,-0.0,-0.0,-0.0,0.0,0.0,0.0,0.0,0.0,0.0,0.0,0.0,0.0,0.0,0.0,0.0,0.0,0.0,0.0,0.0,0.0,0.0,0.0,0.0,0.0,0.0,0.2,7.7,28.0
16:07:48.000,0.2,0.0,0.0,99.8,3787.2,3519.2,145.9,70.5,15.3,112.9,0.0,0.0,1,0,49.9,0.0,0.0,0.0,0.0,0.0,-0.0,-0.0,-0.0,0.0,0.0,0.0,0.0,0.0,0.0,0.0,0.0,0.0,0.0,0.0,0.0,0.0,0.0,0.0,0.0,0.0,0.0,0.0,0.0,0.0,0.0,0.2,7.7,28.0
16:07:49.000,0.0,0.0,0.0,100.0,3787.2,3519.2,145.9,70.5,15.3,112.9,0.0,0.0,1,0,30.9,0.0,0.0,0.0,0.0,0.0,-0.0,-0.0,-0.0,0.0,0.0,0.0,0.0,0.0,0.0,0.0,0.0,0.0,0.0,0.0,0.0,0.0,0.0,0.0,0.0,0.0,0.0,0.0,0.0,0.0,0.0,0.2,7.7,28.0
16:07:50.000,0.0,0.2,0.0,99.8,3787.2,3519.2,145.9,70.5,15.3,112.9,0.0,0.0,1,0,130.7,1.0,0.0,0.0,0.0,0.1,-0.0,-0.0,-0.0,0.0,0.0,1.0,0.0,0.0,0.0,1.0,0.0,1.0,0.0,0.0,0.0,20.0,0.0,20.0,6.7,0.0,6.7,3.0,0.0,3.0,0.0,0.2,7.7,28.0
16:07:51.000,0.0,0.0,0.0,100.0,3787.2,3519.2,145.9,70.5,15.3,112.9,0.0,0.0,1,0,46.9,0.0,0.0,0.0,0.0,0.0,-0.0,-0.0,-0.0,0.0,0.0,0.0,0.0,0.0,0.0,0.0,0.0,0.0,0.0,0.0,0.0,23.9,0.0,23.9,24.0,0.0,24.0,1.0,0.0,1.0,0.0,0.2,7.7,28.0
16:07:52.000,0.0,0.0,0.0,100.0,3787.2,3519.2,145.9,70.5,15.3,112.9,0.0,0.0,1,0,44.9,0.0,0.0,0.0,0.0,0.0,-0.0,-0.0,-0.0,0.0,0.0,0.0,0.0,0.0,0.0,0.0,0.0,0.0,0.0,0.0,0.0,0.0,0.0,0.0,0.0,0.0,0.0,0.0,0.0,0.0,0.0,0.2,7.7,28.0
16:07:53.000,0.0,0.0,0.0,100.0,3787.2,3519.2,145.9,70.5,15.3,112.9,0.0,0.0,1,0,40.9,0.0,0.0,0.0,0.0,0.0,-0.0,-0.0,-0.0,0.0,0.0,0.0,0.0,0.0,0.0,0.0,0.0,0.0,0.0,0.0,0.0,0.0,0.0,0.0,0.0,0.0,0.0,0.0,0.0,0.0,0.0,0.2,7.7,28.0
16:07:54.000,0.2,0.0,0.0,99.8,3787.2,3519.2,145.9,70.5,15.3,112.9,0.0,0.0,1,0,40.9,0.0,0.0,0.0,0.0,0.0,-0.0,-0.0,-0.0,0.0,0.0,0.0,0.0,0.0,0.0,0.0,0.0,0.0,0.0,0.0,0.0,0.0,0.0,0.0,0.0,0.0,0.0,0.0,0.0,0.0,0.0,0.2,7.7,28.0
16:07:55.000,0.0,0.0,0.0,100.0,3787.2,3519.2,145.9,70.5,15.3,112.9,0.0,0.0,1,0,48.9,0.0,0.0,0.0,0.0,0.0,-0.0,-0.0,-0.0,0.0,0.0,0.0,0.0,0.0,0.0,0.0,0.0,0.0,0.0,0.0,0.0,0.0,0.0,0.0,0.0,0.0,0.0,0.0,0.0,0.0,0.0,0.2,7.7,28.0
16:07:56.000,0.0,0.0,0.2,99.8,3787.2,3519.2,145.9,70.5,15.3,112.9,0.0,0.0,1,0,62.7,0.0,0.0,0.0,0.0,0.0,-0.0,-0.0,-0.0,0.0,0.0,0.0,0.0,0.0,0.0,0.0,0.0,0.0,0.0,0.0,0.0,23.9,0.0,23.9,12.0,0.0,12.0,2.0,0.0,2.0,0.0,0.2,7.7,28.0
16:07:57.000,0.0,0.0,0.0,100.0,3787.2,3519.2,145.9,70.5,15.3,112.9,0.0,0.0,1,0,32.9,0.0,0.0,0.0,0.0,0.0,-0.0,-0.0,-0.0,0.0,0.0,0.0,0.0,0.0,0.0,0.0,0.0,0.0,0.0,0.0,0.0,0.0,0.0,0.0,0.0,0.0,0.0,0.0,0.0,0.0,0.0,0.2,7.7,28.0
16:07:58.000,0.0,0.0,0.0,100.0,3787.2,3519.2,145.9,70.5,15.3,112.9,0.0,0.0,2,0,36.9,0.0,0.0,0.0,0.0,0.0,-0.0,-0.0,-0.0,0.0,0.0,0.0,0.0,0.0,0.0,0.0,0.0,0.0,0.0,0.0,0.0,0.0,0.0,0.0,0.0,0.0,0.0,0.0,0.0,0.0,0.0,0.2,7.7,28.0
16:07:59.000,0.0,0.2,0.0,99.8,3787.2,3519.2,145.9,70.5,15.3,112.9,0.0,0.0,1,0,31.9,0.0,0.0,0.0,0.0,0.0,-0.0,-0.0,-0.0,0.0,0.0,0.0,0.0,0.0,0.0,0.0,0.0,0.0,0.0,0.0,0.0,0.0,0.0,0.0,0.0,0.0,0.0,0.0,0.0,0.0,0.0,0.2,7.7,28.0
16:08:00.000,0.0,0.0,0.0,100.0,3787.2,3519.2,145.9,70.5,15.3,112.9,0.0,0.0,1,0,46.9,0.0,0.0,0.0,0.0,0.0,-0.0,-0.0,-0.0,0.0,0.0,0.0,0.0,0.0,0.0,0.0,0.0,0.0,0.0,0.0,0.0,0.0,0.0,0.0,0.0,0.0,0.0,0.0,0.0,0.0,0.0,0.2,7.7,28.0
16:08:01.000,0.0,0.0,0.0,100.0,3787.2,3519.2,145.9,70.5,15.3,112.9,0.0,0.0,1,0,58.8,0.0,0.0,0.0,0.0,0.0,-0.0,-0.0,-0.0,0.0,0.0,0.0,0.0,0.0,0.0,0.0,0.0,0.0,0.0,0.0,0.0,12.0,0.0,12.0,6.0,0.0,6.0,2.0,0.0,2.0,0.0,0.2,7.7,28.0
16:08:02.000,0.0,0.0,0.0,100.0,3787.2,3519.2,145.9,70.5,15.3,112.9,0.0,0.0,1,0,38.9,0.0,0.0,0.0,0.0,0.0,-0.0,-0.0,-0.0,0.0,0.0,0.0,0.0,0.0,0.0,0.0,0.0,0.0,0.0,0.0,0.0,0.0,0.0,0.0,0.0,0.0,0.0,0.0,0.0,0.0,0.0,0.2,7.7,28.0
16:08:03.000,0.0,0.0,0.0,100.0,3787.2,3519.2,145.9,70.5,15.3,112.9,0.0,0.0,1,0,21.0,0.0,0.0,0.0,0.0,0.0,-0.0,-0.0,-0.0,0.0,0.0,0.0,0.0,0.0,0.0,0.0,0.0,0.0,0.0,0.0,0.0,0.0,0.0,0.0,0.0,0.0,0.0,0.0,0.0,0.0,0.0,0.2,7.7,28.0
16:08:04.000,0.0,0.0,0.0,100.0,3787.2,3519.2,145.9,70.5,15.3,112.9,0.0,0.0,1,0,50.9,0.0,0.0,0.0,0.0,0.0,-0.0,-0.0,-0.0,0.0,0.0,0.0,0.0,0.0,0.0,0.0,0.0,0.0,0.0,0.0,0.0,0.0,0.0,0.0,0.0,0.0,0.0,0.0,0.0,0.0,0.0,0.2,7.7,28.0
16:08:05.000,0.0,0.0,0.0,100.0,3787.2,3519.2,145.9,70.5,15.3,112.9,0.0,0.0,1,0,38.9,0.0,0.0,0.0,0.0,0.0,-0.0,-0.0,-0.0,0.0,0.0,0.0,0.0,0.0,0.0,0.0,0.0,0.0,0.0,0.0,0.0,0.0,0.0,0.0,0.0,0.0,0.0,0.0,0.0,0.0,0.0,0.2,7.7,28.0
16:08:06.000,0.2,0.2,0.2,99.3,3787.2,3519.2,145.9,70.5,15.3,112.9,0.0,0.0,1,0,50.8,0.0,0.0,0.0,0.0,0.0,-0.0,-0.0,-0.0,0.0,0.0,0.0,0.0,0.0,0.0,0.0,0.0,0.0,0.0,0.0,0.0,12.0,0.0,12.0,6.0,0.0,6.0,2.0,0.0,2.0,0.0,0.2,7.7,28.0
16:08:07.000,0.0,0.0,0.0,100.0,3787.2,3519.2,145.9,70.5,15.3,112.9,0.0,0.0,1,0,39.9,0.0,0.0,0.0,0.0,0.0,-0.0,-0.0,-0.0,0.0,0.0,0.0,0.0,0.0,0.0,0.0,0.0,0.0,0.0,0.0,0.0,0.0,0.0,0.0,0.0,0.0,0.0,0.0,0.0,0.0,0.0,0.2,7.7,28.0
16:08:08.000,0.0,0.0,0.0,100.0,3787.2,3519.2,145.9,70.5,15.3,112.9,0.0,0.0,1,0,48.9,0.0,0.0,0.0,0.0,0.0,-0.0,-0.0,-0.0,0.0,0.0,0.0,0.0,0.0,0.0,0.0,0.0,0.0,0.0,0.0,0.0,0.0,0.0,0.0,0.0,0.0,0.0,0.0,0.0,0.0,0.0,0.2,7.7,28.0
16:08:09.000,0.0,0.0,0.0,100.0,3787.2,3519.2,145.9,70.5,15.3,112.9,0.0,0.0,1,0,68.8,1.0,0.0,0.0,0.0,0.0,-0.0,-0.0,-0.0,0.0,0.0,0.0,0.0,0.0,0.0,0.0,0.0,0.0,0.0,0.0,0.0,0.0,0.0,0.0,0.0,0.0,0.0,0.0,0.0,0.0,0.0,0.2,7.7,28.0
16:08:10.000,0.0,0.0,0.0,100.0,3787.2,3519.2,145.9,70.5,15.3,112.9,0.0,0.0,1,0,58.9,0.0,0.0,0.0,0.0,0.0,-0.0,-0.0,-0.0,0.0,0.0,0.0,0.0,0.0,0.0,1.0,0.0,1.0,0.0,0.0,0.0,0.0,0.0,0.0,0.0,0.0,0.0,0.0,0.0,0.0,0.0,0.2,7.7,28.0
16:08:11.000,0.0,0.2,0.0,99.8,3787.2,3519.2,145.9,70.5,15.3,112.9,0.0,0.0,1,0,47.7,0.0,0.0,0.0,0.0,0.0,-0.0,-0.0,-0.0,0.0,0.0,0.0,0.0,0.0,0.0,0.0,0.0,0.0,0.0,0.0,0.0,11.9,0.0,11.9,6.0,0.0,6.0,2.0,0.0,2.0,0.0,0.2,7.7,28.0
16:08:12.000,0.0,0.0,0.0,100.0,3787.2,3519.2,145.9,70.5,15.3,112.9,0.0,0.0,1,0,48.9,0.0,0.0,0.0,0.0,0.0,-0.0,-0.0,-0.0,0.0,0.0,0.0,0.0,0.0,0.0,0.0,0.0,0.0,0.0,0.0,0.0,0.0,0.0,0.0,0.0,0.0,0.0,0.0,0.0,0.0,0.0,0.2,7.7,28.0
16:08:13.000,0.0,0.0,0.0,100.0,3787.2,3519.2,145.9,70.5,15.3,112.9,0.0,0.0,1,0,37.9,0.0,0.0,0.0,0.0,0.0,-0.0,-0.0,-0.0,0.0,0.0,0.0,0.0,0.0,0.0,0.0,0.0,0.0,0.0,0.0,0.0,0.0,0.0,0.0,0.0,0.0,0.0,0.0,0.0,0.0,0.0,0.2,7.7,28.0
16:08:14.000,0.0,0.0,0.0,100.0,3787.2,3519.2,145.9,70.5,15.3,112.9,0.0,0.0,1,0,41.9,0.0,0.0,0.0,0.0,0.0,-0.0,-0.0,-0.0,0.0,0.0,0.0,0.0,0.0,0.0,0.0,0.0,0.0,0.0,0.0,0.0,0.0,0.0,0.0,0.0,0.0,0.0,0.0,0.0,0.0,0.0,0.2,7.7,28.0
16:08:15.000,0.0,0.2,0.0,99.8,3787.2,3519.2,145.9,70.5,15.3,112.9,0.0,0.0,1,0,40.9,0.0,0.0,0.0,0.0,0.0,-0.0,-0.0,-0.0,0.0,0.0,0.0,0.0,0.0,0.0,0.0,0.0,0.0,0.0,0.0,0.0,0.0,0.0,0.0,0.0,0.0,0.0,0.0,0.0,0.0,0.0,0.2,7.7,28.0
16:08:16.000,0.0,0.0,0.2,99.8,3787.2,3519.2,145.9,70.5,15.3,112.9,0.0,0.0,1,0,63.8,0.0,0.0,0.0,0.0,0.0,-0.0,-0.0,-0.0,0.0,0.0,0.0,0.0,0.0,0.0,1.0,0.0,1.0,0.0,0.0,0.0,12.0,0.0,12.0,6.0,0.0,6.0,2.0,0.0,2.0,0.0,0.2,7.7,28.0
16:08:17.000,0.0,0.0,0.0,100.0,3787.2,3519.2,145.9,70.5,15.3,112.9,0.0,0.0,1,0,34.9,0.0,0.0,0.0,0.0,0.0,-0.0,-0.0,-0.0,0.0,0.0,0.0,0.0,0.0,0.0,0.0,0.0,0.0,0.0,0.0,0.0,0.0,0.0,0.0,0.0,0.0,0.0,0.0,0.0,0.0,0.0,0.2,7.7,28.0
16:08:18.000,0.0,0.0,0.0,100.0,3787.2,3519.2,145.9,70.5,15.3,112.9,0.0,0.0,1,0,40.9,0.0,0.0,0.0,0.0,0.0,-0.0,-0.0,-0.0,0.0,0.0,0.0,0.0,0.0,0.0,0.0,0.0,0.0,0.0,0.0,0.0,0.0,0.0,0.0,0.0,0.0,0.0,0.0,0.0,0.0,0.0,0.2,7.7,28.0
16:08:19.000,0.0,0.0,0.0,100.0,3787.2,3519.2,146.0,70.5,15.3,112.9,0.0,0.0,1,0,35.9,0.0,0.0,0.0,0.0,0.0,-0.0,-0.0,-0.0,0.0,0.0,0.0,0.0,0.0,0.0,0.0,0.0,0.0,0.0,0.0,0.0,0.0,0.0,0.0,0.0,0.0,0.0,0.0,0.0,0.0,0.0,0.2,7.7,28.0
16:08:20.000,0.0,0.2,0.0,99.8,3787.2,3519.2,145.9,70.5,15.3,112.9,0.0,0.0,2,0,92.8,0.0,0.0,0.0,0.0,0.1,-0.0,-0.0,-0.0,0.0,0.0,1.0,0.0,0.0,0.0,0.0,0.0,0.0,0.0,0.0,0.0,27.9,0.0,27.9,5.6,0.0,5.6,5.0,0.0,5.0,0.0,0.2,7.7,28.0
16:08:21.000,0.0,0.0,0.0,100.0,3787.2,3519.2,146.0,70.5,15.3,112.9,0.0,0.0,1,0,58.9,0.0,0.0,0.0,0.0,0.0,-0.0,-0.0,-0.0,0.0,0.0,0.0,0.0,0.0,0.0,0.0,0.0,0.0,0.0,0.0,0.0,4.0,0.0,4.0,4.0,0.0,4.0,1.0,0.0,1.0,0.0,0.2,7.7,28.0
16:08:22.000,0.0,0.0,0.0,100.0,3787.2,3519.2,146.0,70.5,15.3,112.9,0.0,0.0,1,0,51.9,0.0,0.0,0.0,0.0,0.0,-0.0,-0.0,-0.0,0.0,0.0,0.0,0.0,0.0,0.0,0.0,0.0,0.0,0.0,0.0,0.0,23.9,0.0,23.9,24.0,0.0,24.0,1.0,0.0,1.0,0.0,0.2,7.7,28.0
16:08:23.000,0.0,0.0,0.0,100.0,3787.2,3519.2,146.0,70.5,15.3,112.9,0.0,0.0,1,0,30.9,0.0,0.0,0.0,0.0,0.0,-0.0,-0.0,-0.0,0.0,0.0,0.0,0.0,0.0,0.0,0.0,0.0,0.0,0.0,0.0,0.0,0.0,0.0,0.0,0.0,0.0,0.0,0.0,0.0,0.0,0.0,0.2,7.7,28.0
16:08:24.000,0.0,0.0,0.0,100.0,3787.2,3519.2,146.0,70.6,15.3,112.9,0.0,0.0,1,0,54.9,0.0,0.0,0.0,0.0,0.0,-0.0,-0.0,-0.0,0.0,0.0,0.0,0.0,0.0,0.0,0.0,0.0,0.0,0.0,0.0,0.0,0.0,0.0,0.0,0.0,0.0,0.0,0.0,0.0,0.0,0.0,0.2,7.7,28.0
16:08:25.000,0.2,0.0,0.0,99.8,3787.2,3519.2,146.0,70.6,15.3,112.9,0.0,0.0,1,0,32.9,0.0,0.0,0.0,0.0,0.0,-0.0,-0.0,-0.0,0.0,0.0,0.0,0.0,0.0,0.0,0.0,0.0,0.0,0.0,0.0,0.0,0.0,0.0,0.0,0.0,0.0,0.0,0.0,0.0,0.0,0.0,0.2,7.7,28.0
16:08:26.000,0.0,0.0,0.2,99.8,3787.2,3519.2,146.0,70.6,15.4,112.9,0.0,0.0,1,0,54.8,0.0,0.0,0.0,0.0,0.0,-0.0,-0.0,-0.0,0.0,0.0,0.0,0.0,0.0,0.0,0.0,0.0,0.0,0.0,0.0,0.0,23.9,0.0,23.9,12.0,0.0,12.0,2.0,0.0,2.0,0.0,0.2,7.7,28.0
16:08:27.000,0.0,0.0,0.0,100.0,3787.2,3519.2,146.0,70.6,15.4,112.9,0.0,0.0,1,0,28.9,0.0,0.0,0.0,0.0,0.0,-0.0,-0.0,-0.0,0.0,0.0,0.0,0.0,0.0,0.0,0.0,0.0,0.0,0.0,0.0,0.0,0.0,0.0,0.0,0.0,0.0,0.0,0.0,0.0,0.0,0.0,0.2,7.7,28.0
16:08:28.000,0.0,0.2,0.0,99.8,3787.2,3519.2,146.0,70.6,15.4,112.9,0.0,0.0,1,0,59.9,0.0,0.0,0.0,0.0,0.0,-0.0,-0.0,-0.0,0.0,0.0,0.0,0.0,0.0,0.0,0.0,0.0,0.0,0.0,0.0,0.0,0.0,0.0,0.0,0.0,0.0,0.0,0.0,0.0,0.0,0.0,0.2,7.7,28.0
16:08:29.000,0.0,0.0,0.0,100.0,3787.2,3519.2,146.0,70.6,15.4,112.9,0.0,0.0,1,0,32.9,0.0,0.0,0.0,0.0,0.0,-0.0,-0.0,-0.0,0.0,0.0,0.0,0.0,0.0,0.0,0.0,0.0,0.0,0.0,0.0,0.0,0.0,0.0,0.0,0.0,0.0,0.0,0.0,0.0,0.0,0.0,0.2,7.7,28.0
16:08:30.000,0.0,0.0,0.0,100.0,3787.2,3519.2,145.9,70.6,15.4,112.9,0.0,0.0,1,0,67.9,0.0,0.0,0.0,0.0,0.0,-0.0,-0.0,-0.0,0.0,0.0,0.0,0.0,0.0,0.0,1.0,0.0,1.0,0.0,0.0,0.0,20.0,0.0,20.0,6.7,0.0,6.7,3.0,0.0,3.0,0.0,0.2,7.7,28.0
16:08:31.000,0.0,0.0,0.0,100.0,3787.2,3519.2,146.0,70.6,15.4,112.9,0.0,0.0,1,0,47.9,0.0,0.0,0.0,0.0,0.0,-0.0,-0.0,-0.0,0.0,0.0,0.0,0.0,0.0,0.0,0.0,0.0,0.0,0.0,0.0,0.0,0.0,0.0,0.0,0.0,0.0,0.0,0.0,0.0,0.0,0.0,0.2,7.7,28.0
16:08:32.000,0.0,0.0,0.0,100.0,3787.2,3519.2,146.0,70.6,15.4,112.9,0.0,0.0,1,0,48.9,0.0,0.0,0.0,0.0,0.0,-0.0,-0.0,-0.0,0.0,0.0,0.0,0.0,0.0,0.0,0.0,0.0,0.0,0.0,0.0,0.0,0.0,0.0,0.0,0.0,0.0,0.0,0.0,0.0,0.0,0.0,0.2,7.7,28.0
16:08:33.000,0.0,0.0,0.0,100.0,3787.2,3519.2,146.0,70.6,15.4,112.9,0.0,0.0,1,0,36.9,0.0,0.0,0.0,0.0,0.0,-0.0,-0.0,-0.0,0.0,0.0,0.0,0.0,0.0,0.0,0.0,0.0,0.0,0.0,0.0,0.0,0.0,0.0,0.0,0.0,0.0,0.0,0.0,0.0,0.0,0.0,0.2,7.7,28.0
16:08:34.000,0.0,0.0,0.0,100.0,3787.2,3519.2,146.0,70.6,15.4,112.9,0.0,0.0,1,0,36.9,0.0,0.0,0.0,0.0,0.0,-0.0,-0.0,-0.0,0.0,0.0,0.0,0.0,0.0,0.0,0.0,0.0,0.0,0.0,0.0,0.0,0.0,0.0,0.0,0.0,0.0,0.0,0.0,0.0,0.0,0.0,0.2,7.7,28.0
16:08:35.000,0.0,0.0,0.0,100.0,3787.2,3519.2,146.0,70.6,15.4,112.9,0.0,0.0,1,0,44.9,0.0,0.0,0.0,0.0,0.0,-0.0,-0.0,-0.0,0.0,0.0,0.0,0.0,0.0,0.0,0.0,0.0,0.0,0.0,0.0,0.0,0.0,0.0,0.0,0.0,0.0,0.0,0.0,0.0,0.0,0.0,0.2,7.7,28.0
16:08:36.000,0.2,0.5,0.2,99.0,3787.2,3519.2,146.0,70.6,15.4,112.9,0.0,0.0,1,0,139.5,1.0,0.0,0.0,0.0,0.0,-0.0,-0.0,-0.0,0.0,0.0,0.0,0.0,0.0,0.0,2.0,0.0,2.0,0.0,0.0,0.0,91.7,0.0,91.7,7.7,0.0,7.7,12.0,0.0,12.0,0.0,0.2,7.7,28.0
16:08:37.000,0.0,0.0,0.0,100.0,3787.2,3519.2,146.0,70.6,15.4,112.9,0.0,0.0,1,0,38.9,0.0,0.0,0.0,0.0,0.0,-0.0,-0.0,-0.0,0.0,0.0,0.0,0.0,0.0,0.0,0.0,0.0,0.0,0.0,0.0,0.0,0.0,0.0,0.0,0.0,0.0,0.0,0.0,0.0,0.0,0.0,0.2,7.7,28.0
16:08:38.000,0.0,0.0,0.0,100.0,3787.2,3519.2,146.0,70.6,15.4,112.9,0.0,0.0,1,0,37.9,0.0,0.0,0.0,0.0,0.0,-0.0,-0.0,-0.0,0.0,0.0,0.0,0.0,0.0,0.0,0.0,0.0,0.0,0.0,0.0,0.0,0.0,0.0,0.0,0.0,0.0,0.0,0.0,0.0,0.0,0.0,0.2,7.7,28.0
16:08:39.000,0.0,0.0,0.0,100.0,3787.2,3519.2,146.0,70.6,15.4,112.9,0.0,0.0,1,0,32.9,0.0,0.0,0.0,0.0,0.0,-0.0,-0.0,-0.0,0.0,0.0,0.0,0.0,0.0,0.0,0.0,0.0,0.0,0.0,0.0,0.0,0.0,0.0,0.0,0.0,0.0,0.0,0.0,0.0,0.0,0.0,0.2,7.7,28.0
16:08:40.000,0.0,0.0,0.0,100.0,3787.2,3519.2,146.0,70.6,15.4,112.9,0.0,0.0,1,0,40.9,0.0,0.0,0.0,0.0,0.0,-0.0,-0.0,-0.0,0.0,0.0,0.0,0.0,0.0,0.0,0.0,0.0,0.0,0.0,0.0,0.0,0.0,0.0,0.0,0.0,0.0,0.0,0.0,0.0,0.0,0.0,0.2,7.7,28.0
16:08:41.000,0.0,0.2,0.2,99.5,3787.2,3519.2,146.0,70.6,15.4,112.9,0.0,0.0,1,0,70.7,0.0,0.0,0.0,0.0,0.0,-0.0,-0.0,-0.0,0.0,0.0,0.0,0.0,0.0,0.0,1.0,0.0,1.0,0.0,0.0,0.0,19.9,0.0,19.9,10.0,0.0,10.0,2.0,0.0,2.0,0.0,0.2,7.7,28.0
16:08:42.000,0.2,0.0,0.0,99.8,3787.2,3519.2,146.0,70.6,15.4,112.9,0.0,0.0,1,0,30.9,0.0,0.0,0.0,0.0,0.0,-0.0,-0.0,-0.0,0.0,0.0,0.0,0.0,0.0,0.0,0.0,0.0,0.0,0.0,0.0,0.0,0.0,0.0,0.0,0.0,0.0,0.0,0.0,0.0,0.0,0.0,0.2,7.7,28.0
16:08:43.000,0.0,0.0,0.0,100.0,3787.2,3519.2,146.0,70.6,15.4,112.9,0.0,0.0,1,0,38.9,0.0,0.0,0.0,0.0,0.0,-0.0,-0.0,-0.0,0.0,0.0,0.0,0.0,0.0,0.0,0.0,0.0,0.0,0.0,0.0,0.0,0.0,0.0,0.0,0.0,0.0,0.0,0.0,0.0,0.0,0.0,0.2,7.7,28.0
16:08:44.000,0.0,0.0,0.0,100.0,3787.2,3519.2,146.0,70.6,15.4,112.9,0.0,0.0,1,0,50.9,0.0,0.0,0.0,0.0,0.0,-0.0,-0.0,-0.0,0.0,0.0,0.0,0.0,0.0,0.0,0.0,0.0,0.0,0.0,0.0,0.0,0.0,0.0,0.0,0.0,0.0,0.0,0.0,0.0,0.0,0.0,0.2,7.7,28.0
16:08:45.000,0.0,0.0,0.0,100.0,3787.2,3519.2,146.0,70.6,15.4,113.0,0.0,0.0,1,0,42.9,0.0,0.0,0.0,0.0,0.0,-0.0,-0.0,-0.0,0.0,0.0,0.0,0.0,0.0,0.0,0.0,0.0,0.0,0.0,0.0,0.0,0.0,0.0,0.0,0.0,0.0,0.0,0.0,0.0,0.0,0.0,0.2,7.7,28.0
16:08:46.000,0.0,0.0,0.0,100.0,3787.2,3519.2,146.0,70.6,15.4,113.0,0.0,0.0,1,0,55.8,0.0,0.0,0.0,0.0,0.0,-0.0,-0.0,-0.0,0.0,0.0,0.0,0.0,0.0,0.0,0.0,0.0,0.0,0.0,0.0,0.0,19.9,0.0,19.9,10.0,0.0,10.0,2.0,0.0,2.0,0.0,0.2,7.7,28.0
16:08:47.000,0.0,0.0,0.0,100.0,3787.2,3519.2,146.0,70.6,15.4,113.0,0.0,0.0,1,0,37.9,0.0,0.0,0.0,0.0,0.0,-0.0,-0.0,-0.0,0.0,0.0,0.0,0.0,0.0,0.0,0.0,0.0,0.0,0.0,0.0,0.0,0.0,0.0,0.0,0.0,0.0,0.0,0.0,0.0,0.0,0.0,0.2,7.7,28.0
16:08:48.000,0.0,0.0,0.0,100.0,3787.2,3519.2,146.0,70.6,15.4,113.0,0.0,0.0,1,0,57.9,0.0,0.0,0.0,0.0,0.0,-0.0,-0.0,-0.0,0.0,0.0,0.0,0.0,0.0,0.0,0.0,0.0,0.0,0.0,0.0,0.0,0.0,0.0,0.0,0.0,0.0,0.0,0.0,0.0,0.0,0.0,0.2,7.7,28.0
16:08:49.000,0.0,0.0,0.0,100.0,3787.2,3519.2,146.0,70.6,15.4,113.0,0.0,0.0,1,0,32.9,0.0,0.0,0.0,0.0,0.0,-0.0,-0.0,-0.0,0.0,0.0,0.0,0.0,0.0,0.0,0.0,0.0,0.0,0.0,0.0,0.0,0.0,0.0,0.0,0.0,0.0,0.0,0.0,0.0,0.0,0.0,0.2,7.7,28.0
16:08:50.000,0.2,0.0,0.0,99.8,3787.2,3519.2,146.0,70.6,15.4,113.0,0.0,0.0,1,0,54.9,0.0,0.0,0.0,0.0,0.1,-0.0,-0.0,-0.0,0.0,0.0,1.0,0.0,0.0,0.0,0.0,0.0,0.0,0.0,0.0,0.0,0.0,0.0,0.0,0.0,0.0,0.0,0.0,0.0,0.0,0.0,0.2,7.7,28.0
16:08:51.000,0.0,0.2,0.2,99.5,3787.2,3519.2,146.0,70.6,15.4,113.0,0.0,0.0,1,0,87.7,0.0,0.0,0.0,0.0,0.0,-0.0,-0.0,-0.0,0.0,0.0,0.0,0.0,0.0,0.0,1.0,0.0,1.0,0.0,0.0,0.0,35.9,0.0,35.9,4.5,0.0,4.5,8.0,0.0,8.0,0.0,0.2,7.7,28.0
16:08:52.000,0.0,0.0,0.0,100.0,3787.2,3519.2,146.0,70.6,15.4,113.0,0.0,0.0,1,0,34.9,0.0,0.0,0.0,0.0,0.0,-0.0,-0.0,-0.0,0.0,0.0,0.0,0.0,0.0,0.0,0.0,0.0,0.0,0.0,0.0,0.0,0.0,0.0,0.0,0.0,0.0,0.0,0.0,0.0,0.0,0.0,0.2,7.7,28.0
16:08:53.000,0.0,0.0,0.0,100.0,3787.2,3519.2,146.0,70.6,15.4,113.0,0.0,0.0,1,0,44.9,0.0,0.0,0.0,0.0,0.0,-0.0,-0.0,-0.0,0.0,0.0,0.0,0.0,0.0,0.0,0.0,0.0,0.0,0.0,0.0,0.0,23.9,0.0,23.9,24.0,0.0,24.0,1.0,0.0,1.0,0.0,0.2,7.7,28.0
16:08:54.000,0.0,0.0,0.0,100.0,3787.2,3519.2,146.0,70.6,15.4,113.0,0.0,0.0,1,0,32.9,0.0,0.0,0.0,0.0,0.0,-0.0,-0.0,-0.0,0.0,0.0,0.0,0.0,0.0,0.0,0.0,0.0,0.0,0.0,0.0,0.0,0.0,0.0,0.0,0.0,0.0,0.0,0.0,0.0,0.0,0.0,0.2,7.7,28.0
16:08:55.000,0.0,0.0,0.0,100.0,3787.2,3519.2,146.0,70.6,15.4,113.0,0.0,0.0,1,0,41.9,0.0,0.0,0.0,0.0,0.0,-0.0,-0.0,-0.0,0.0,0.0,0.0,0.0,0.0,0.0,0.0,0.0,0.0,0.0,0.0,0.0,0.0,0.0,0.0,0.0,0.0,0.0,0.0,0.0,0.0,0.0,0.2,7.7,28.0
16:08:56.000,0.0,0.0,0.0,100.0,3787.2,3519.2,146.0,70.6,15.4,113.0,0.0,0.0,1,0,63.7,0.0,0.0,0.0,0.0,0.0,-0.0,-0.0,-0.0,0.0,0.0,0.0,0.0,0.0,0.0,1.0,0.0,1.0,0.0,0.0,0.0,23.9,0.0,23.9,12.0,0.0,12.0,2.0,0.0,2.0,0.0,0.2,7.7,28.0
16:08:57.000,0.0,0.0,0.0,100.0,3787.2,3519.2,146.0,70.6,15.4,113.0,0.0,0.0,1,0,35.9,0.0,0.0,0.0,0.0,0.0,-0.0,-0.0,-0.0,0.0,0.0,0.0,0.0,0.0,0.0,0.0,0.0,0.0,0.0,0.0,0.0,0.0,0.0,0.0,0.0,0.0,0.0,0.0,0.0,0.0,0.0,0.2,7.7,28.0
16:08:58.000,0.0,0.2,0.0,99.8,3787.2,3519.2,146.0,70.6,15.4,113.0,0.0,0.0,1,0,51.9,0.0,0.0,0.0,0.0,0.0,-0.0,-0.0,-0.0,0.0,0.0,0.0,0.0,0.0,0.0,0.0,0.0,0.0,0.0,0.0,0.0,0.0,0.0,0.0,0.0,0.0,0.0,0.0,0.0,0.0,0.0,0.2,7.7,28.0
16:08:59.000,0.0,0.0,0.0,100.0,3787.2,3519.2,146.0,70.6,15.4,113.0,0.0,0.0,1,0,36.9,0.0,0.0,0.0,0.0,0.0,-0.0,-0.0,-0.0,0.0,0.0,0.0,0.0,0.0,0.0,0.0,0.0,0.0,0.0,0.0,0.0,0.0,0.0,0.0,0.0,0.0,0.0,0.0,0.0,0.0,0.0,0.2,7.7,28.0
16:09:00.000,0.0,0.0,0.0,100.0,3787.2,3519.2,146.0,70.6,15.4,113.0,0.0,0.0,1,0,44.9,0.0,0.0,0.0,0.0,0.0,-0.0,-0.0,-0.0,0.0,0.0,0.0,0.0,0.0,0.0,0.0,0.0,0.0,0.0,0.0,0.0,0.0,0.0,0.0,0.0,0.0,0.0,0.0,0.0,0.0,0.0,0.2,7.7,28.0
16:09:01.000,0.0,0.0,0.2,99.8,3787.2,3519.2,146.0,70.6,15.4,113.0,0.0,0.0,1,0,59.8,0.0,0.0,0.0,0.0,0.0,-0.0,-0.0,-0.0,0.0,0.0,0.0,0.0,0.0,0.0,0.0,0.0,0.0,0.0,0.0,0.0,19.9,0.0,19.9,10.0,0.0,10.0,2.0,0.0,2.0,0.0,0.2,7.7,28.0
16:09:02.000,0.0,0.0,0.0,100.0,3787.2,3519.2,146.0,70.6,15.4,113.0,0.0,0.0,1,0,39.9,0.0,0.0,0.0,0.0,0.0,-0.0,-0.0,-0.0,0.0,0.0,0.0,0.0,0.0,0.0,0.0,0.0,0.0,0.0,0.0,0.0,0.0,0.0,0.0,0.0,0.0,0.0,0.0,0.0,0.0,0.0,0.2,7.7,28.0
16:09:03.000,0.0,0.2,0.0,99.8,3787.2,3519.2,146.0,70.6,15.4,113.0,0.0,0.0,1,0,32.9,0.0,0.0,0.0,0.0,0.0,-0.0,-0.0,-0.0,0.0,0.0,0.0,0.0,0.0,0.0,0.0,0.0,0.0,0.0,0.0,0.0,0.0,0.0,0.0,0.0,0.0,0.0,0.0,0.0,0.0,0.0,0.2,7.7,28.0
16:09:04.000,0.0,0.0,0.0,100.0,3787.2,3519.2,146.0,70.6,15.4,113.0,0.0,0.0,1,0,46.9,0.0,0.0,0.0,0.0,0.0,-0.0,-0.0,-0.0,0.0,0.0,0.0,0.0,0.0,0.0,0.0,0.0,0.0,0.0,0.0,0.0,0.0,0.0,0.0,0.0,0.0,0.0,0.0,0.0,0.0,0.0,0.2,7.7,28.0
16:09:05.000,0.0,0.0,0.0,100.0,3787.2,3518.9,146.0,70.6,15.4,113.0,0.0,0.0,1,0,39.9,0.0,0.0,0.0,0.0,0.0,-0.0,-0.0,-0.0,0.0,0.0,0.0,0.0,0.0,0.0,0.0,0.0,0.0,0.0,0.0,0.0,0.0,0.0,0.0,0.0,0.0,0.0,0.0,0.0,0.0,0.0,0.2,7.7,28.0
16:09:06.000,0.0,0.0,0.2,99.8,3787.2,3518.9,146.0,70.6,15.4,113.0,0.0,0.0,1,0,109.6,1.0,0.0,0.0,0.0,0.0,-0.0,-0.0,-0.0,0.0,0.0,0.0,0.0,0.0,0.0,2.0,0.0,2.0,0.0,0.0,0.0,79.7,0.0,79.7,7.3,0.0,7.3,11.0,0.0,11.0,0.0,0.2,7.7,28.0
16:09:07.000,0.0,0.0,0.0,100.0,3787.2,3518.9,146.0,70.6,15.4,113.0,0.0,0.0,1,0,44.9,0.0,0.0,0.0,0.0,0.0,-0.0,-0.0,-0.0,0.0,0.0,0.0,0.0,0.0,0.0,0.0,0.0,0.0,0.0,0.0,0.0,0.0,0.0,0.0,0.0,0.0,0.0,0.0,0.0,0.0,0.0,0.2,7.7,28.0
16:09:08.000,0.0,0.0,0.0,100.0,3787.2,3518.9,146.0,70.6,15.4,113.0,0.0,0.0,1,0,45.9,0.0,0.0,0.0,0.0,0.0,-0.0,-0.0,-0.0,0.0,0.0,0.0,0.0,0.0,0.0,0.0,0.0,0.0,0.0,0.0,0.0,0.0,0.0,0.0,0.0,0.0,0.0,0.0,0.0,0.0,0.0,0.2,7.7,28.0
16:09:09.000,0.0,0.0,0.0,100.0,3787.2,3518.9,146.0,70.6,15.4,113.0,0.0,0.0,1,0,34.9,0.0,0.0,0.0,0.0,0.0,-0.0,-0.0,-0.0,0.0,0.0,0.0,0.0,0.0,0.0,0.0,0.0,0.0,0.0,0.0,0.0,0.0,0.0,0.0,0.0,0.0,0.0,0.0,0.0,0.0,0.0,0.2,7.7,28.0
16:09:10.000,0.0,0.2,0.0,99.8,3787.2,3518.9,146.0,70.6,15.4,113.0,0.0,0.0,1,0,31.9,0.0,0.0,0.0,0.0,0.0,-0.0,-0.0,-0.0,0.0,0.0,0.0,0.0,0.0,0.0,0.0,0.0,0.0,0.0,0.0,0.0,0.0,0.0,0.0,0.0,0.0,0.0,0.0,0.0,0.0,0.0,0.2,7.7,28.0
16:09:11.000,0.0,0.0,0.0,100.0,3787.2,3518.9,146.0,70.6,15.4,113.0,0.0,0.0,1,0,55.8,0.0,0.0,0.0,0.0,0.0,-0.0,-0.0,-0.0,0.0,0.0,0.0,0.0,0.0,0.0,0.0,0.0,0.0,0.0,0.0,0.0,12.0,0.0,12.0,6.0,0.0,6.0,2.0,0.0,2.0,0.0,0.2,7.7,28.0
16:09:12.000,0.0,0.2,0.0,99.8,3787.2,3518.9,146.0,70.6,15.4,113.0,0.0,0.0,1,0,50.9,0.0,0.0,0.0,0.0,0.0,-0.0,-0.0,-0.0,0.0,0.0,0.0,0.0,0.0,0.0,0.0,0.0,0.0,0.0,0.0,0.0,0.0,0.0,0.0,0.0,0.0,0.0,0.0,0.0,0.0,0.0,0.2,7.7,28.0
16:09:13.000,0.0,0.0,0.0,100.0,3787.2,3518.9,146.0,70.6,15.4,113.0,0.0,0.0,1,0,37.9,0.0,0.0,0.0,0.0,0.0,-0.0,-0.0,-0.0,0.0,0.0,0.0,0.0,0.0,0.0,0.0,0.0,0.0,0.0,0.0,0.0,0.0,0.0,0.0,0.0,0.0,0.0,0.0,0.0,0.0,0.0,0.2,7.7,28.0
16:09:14.000,0.0,0.0,0.0,100.0,3787.2,3518.9,146.0,70.6,15.4,113.0,0.0,0.0,1,0,36.9,0.0,0.0,0.0,0.0,0.0,-0.0,-0.0,-0.0,0.0,0.0,0.0,0.0,0.0,0.0,0.0,0.0,0.0,0.0,0.0,0.0,0.0,0.0,0.0,0.0,0.0,0.0,0.0,0.0,0.0,0.0,0.2,7.7,28.0
16:09:15.000,0.0,0.0,0.0,100.0,3787.2,3518.9,146.0,70.6,15.4,113.0,0.0,0.0,1,0,40.9,0.0,0.0,0.0,0.0,0.0,-0.0,-0.0,-0.0,0.0,0.0,0.0,0.0,0.0,0.0,0.0,0.0,0.0,0.0,0.0,0.0,0.0,0.0,0.0,0.0,0.0,0.0,0.0,0.0,0.0,0.0,0.2,7.7,28.0
16:09:16.000,0.0,0.0,0.2,99.8,3787.2,3518.9,146.0,70.6,15.4,113.0,0.0,0.0,1,0,65.7,0.0,0.0,0.0,0.0,0.0,-0.0,-0.0,-0.0,0.0,0.0,0.0,0.0,0.0,0.0,0.0,0.0,0.0,0.0,0.0,0.0,19.9,0.0,19.9,10.0,0.0,10.0,2.0,0.0,2.0,0.0,0.2,7.7,28.0
16:09:17.000,0.0,0.0,0.0,100.0,3787.2,3518.9,146.0,70.6,15.4,113.0,0.0,0.0,1,0,34.9,0.0,0.0,0.0,0.0,0.0,-0.0,-0.0,-0.0,0.0,0.0,0.0,0.0,0.0,0.0,0.0,0.0,0.0,0.0,0.0,0.0,0.0,0.0,0.0,0.0,0.0,0.0,0.0,0.0,0.0,0.0,0.2,7.7,28.0
16:09:18.000,0.0,0.2,0.0,99.8,3787.2,3518.9,146.0,70.6,15.4,113.0,0.0,0.0,1,0,36.9,0.0,0.0,0.0,0.0,0.0,-0.0,-0.0,-0.0,0.0,0.0,0.0,0.0,0.0,0.0,0.0,0.0,0.0,0.0,0.0,0.0,0.0,0.0,0.0,0.0,0.0,0.0,0.0,0.0,0.0,0.0,0.2,7.7,28.0
16:09:19.000,0.0,0.0,0.0,100.0,3787.2,3518.9,146.0,70.6,15.4,113.0,0.0,0.0,1,0,68.9,0.0,0.0,0.0,0.0,0.1,-0.0,-0.0,-0.0,0.0,0.0,1.0,0.0,0.0,0.0,0.0,0.0,0.0,0.0,0.0,0.0,0.0,0.0,0.0,0.0,0.0,0.0,0.0,0.0,0.0,0.0,0.2,7.7,28.0
16:09:20.000,0.0,0.2,0.0,99.8,3787.2,3518.9,146.0,70.6,15.4,113.0,0.0,0.0,1,0,50.9,0.0,0.0,0.0,0.0,0.0,-0.0,-0.0,-0.0,0.0,0.0,0.0,0.0,0.0,0.0,0.0,0.0,0.0,0.0,0.0,0.0,0.0,0.0,0.0,0.0,0.0,0.0,0.0,0.0,0.0,0.0,0.2,7.7,28.0
16:09:21.000,0.0,0.0,0.0,100.0,3787.2,3518.9,146.0,70.6,15.4,113.0,0.0,0.0,1,0,57.8,0.0,0.0,0.0,0.0,0.0,-0.0,-0.0,-0.0,0.0,0.0,0.0,0.0,0.0,0.0,1.0,0.0,1.0,0.0,0.0,0.0,19.9,0.0,19.9,10.0,0.0,10.0,2.0,0.0,2.0,0.0,0.2,7.7,28.0
16:09:22.000,0.0,0.0,0.0,100.0,3787.2,3518.9,146.0,70.6,15.4,113.0,0.0,0.0,1,0,32.9,0.0,0.0,0.0,0.0,0.0,-0.0,-0.0,-0.0,0.0,0.0,0.0,0.0,0.0,0.0,0.0,0.0,0.0,0.0,0.0,0.0,0.0,0.0,0.0,0.0,0.0,0.0,0.0,0.0,0.0,0.0,0.2,7.7,28.0
16:09:23.000,0.0,0.0,0.0,100.0,3787.2,3518.9,146.0,70.6,15.4,113.0,0.0,0.0,1,0,36.9,0.0,0.0,0.0,0.0,0.0,-0.0,-0.0,-0.0,0.0,0.0,0.0,0.0,0.0,0.0,0.0,0.0,0.0,0.0,0.0,0.0,0.0,0.0,0.0,0.0,0.0,0.0,0.0,0.0,0.0,0.0,0.2,7.7,28.0
16:09:24.000,0.0,0.0,0.0,100.0,3787.2,3518.9,146.0,70.6,15.4,113.0,0.0,0.0,1,0,55.9,0.0,0.0,0.0,0.0,0.0,-0.0,-0.0,-0.0,0.0,0.0,0.0,0.0,0.0,0.0,1.0,0.0,1.0,0.0,0.0,0.0,24.0,0.0,24.0,24.0,0.0,24.0,1.0,0.0,1.0,0.0,0.2,7.7,28.0
16:09:25.000,0.0,0.0,0.0,100.0,3787.2,3518.9,146.0,70.6,15.4,113.0,0.0,0.0,1,0,32.9,0.0,0.0,0.0,0.0,0.0,-0.0,-0.0,-0.0,0.0,0.0,0.0,0.0,0.0,0.0,0.0,0.0,0.0,0.0,0.0,0.0,0.0,0.0,0.0,0.0,0.0,0.0,0.0,0.0,0.0,0.0,0.2,7.7,28.0
16:09:26.000,0.0,0.0,0.2,99.8,3787.2,3518.9,146.0,70.7,15.4,113.0,0.0,0.0,1,0,87.6,0.0,0.0,0.0,0.0,0.0,-0.0,-0.0,-0.0,0.0,0.0,0.0,0.0,0.0,0.0,0.0,0.0,0.0,0.0,0.0,0.0,43.8,0.0,43.8,6.3,0.0,6.3,7.0,0.0,7.0,0.0,0.2,7.7,28.0
16:09:27.000,0.0,0.2,0.0,99.8,3787.2,3518.9,146.0,70.7,15.4,113.0,0.0,0.0,1,0,40.9,0.0,0.0,0.0,0.0,0.0,-0.0,-0.0,-0.0,0.0,0.0,0.0,0.0,0.0,0.0,0.0,0.0,0.0,0.0,0.0,0.0,0.0,0.0,0.0,0.0,0.0,0.0,0.0,0.0,0.0,0.0,0.2,7.7,28.0
16:09:28.000,0.0,0.0,0.0,100.0,3787.2,3518.9,146.0,70.7,15.4,113.0,0.0,0.0,1,0,50.9,0.0,0.0,0.0,0.0,0.0,-0.0,-0.0,-0.0,0.0,0.0,0.0,0.0,0.0,0.0,0.0,0.0,0.0,0.0,0.0,0.0,0.0,0.0,0.0,0.0,0.0,0.0,0.0,0.0,0.0,0.0,0.2,7.7,28.0
16:09:29.000,0.0,0.0,0.0,100.0,3787.2,3518.9,146.0,70.7,15.4,113.0,0.0,0.0,1,0,37.9,0.0,0.0,0.0,0.0,0.0,-0.0,-0.0,-0.0,0.0,0.0,0.0,0.0,0.0,0.0,0.0,0.0,0.0,0.0,0.0,0.0,0.0,0.0,0.0,0.0,0.0,0.0,0.0,0.0,0.0,0.0,0.2,7.7,28.0
16:09:30.000,0.2,0.2,0.0,99.5,3787.2,3518.9,146.0,70.7,15.4,113.0,0.0,0.0,1,0,161.7,0.0,0.0,0.0,0.0,0.1,-0.0,-0.0,-0.1,0.0,0.0,2.0,0.0,0.0,1.0,1.0,0.0,1.0,0.0,0.0,0.0,0.0,0.0,0.0,0.0,0.0,0.0,0.0,0.0,0.0,0.0,0.2,7.7,28.0
16:09:31.000,0.0,0.0,0.2,99.8,3787.2,3518.9,146.0,70.7,15.5,113.0,0.0,0.0,1,0,62.8,0.0,0.0,0.0,0.0,0.0,-0.0,-0.0,-0.0,0.0,0.0,0.0,0.0,0.0,0.0,0.0,0.0,0.0,0.0,0.0,0.0,23.9,0.0,23.9,12.0,0.0,12.0,2.0,0.0,2.0,0.0,0.2,7.7,28.0
16:09:32.000,0.0,0.5,0.0,99.5,3787.2,3518.2,146.0,70.6,15.5,113.3,0.0,0.0,1,0,133.7,7.0,0.0,0.0,0.0,0.0,-0.0,-0.0,-0.0,0.0,0.0,0.0,0.0,0.0,0.0,0.0,0.0,0.0,0.0,0.0,0.0,0.0,0.0,0.0,0.0,0.0,0.0,0.0,0.0,0.0,0.0,0.2,7.7,28.0
16:09:33.000,0.0,0.0,0.0,100.0,3787.2,3518.2,146.0,70.7,15.5,113.0,0.0,0.0,1,0,47.9,0.0,0.0,0.0,0.0,0.0,-0.0,-0.0,-0.0,0.0,0.0,0.0,0.0,0.0,0.0,0.0,0.0,0.0,0.0,0.0,0.0,0.0,0.0,0.0,0.0,0.0,0.0,0.0,0.0,0.0,0.0,0.2,7.7,28.0
16:09:34.000,0.2,0.0,0.0,99.8,3787.2,3518.2,146.0,70.7,15.5,113.0,0.0,0.0,1,0,36.9,0.0,0.0,0.0,0.0,0.0,-0.0,-0.0,-0.0,0.0,0.0,0.0,0.0,0.0,0.0,0.0,0.0,0.0,0.0,0.0,0.0,0.0,0.0,0.0,0.0,0.0,0.0,0.0,0.0,0.0,0.0,0.2,7.7,28.0
16:09:35.000,0.0,0.0,0.0,100.0,3787.2,3518.2,146.0,70.7,15.5,113.0,0.0,0.0,1,0,37.9,0.0,0.0,0.0,0.0,0.0,-0.0,-0.0,-0.0,0.0,0.0,0.0,0.0,0.0,0.0,1.0,0.0,1.0,0.0,0.0,0.0,0.0,0.0,0.0,0.0,0.0,0.0,0.0,0.0,0.0,0.0,0.2,7.7,28.0
16:09:36.000,0.0,0.0,0.0,100.0,3787.2,3518.2,146.0,70.7,15.5,113.0,0.0,0.0,1,0,73.7,0.0,0.0,0.0,0.0,0.0,-0.0,-0.0,-0.0,0.0,0.0,0.0,0.0,0.0,0.0,0.0,0.0,0.0,0.0,0.0,0.0,19.9,0.0,19.9,10.0,0.0,10.0,2.0,0.0,2.0,0.0,0.2,7.7,28.0
16:09:37.000,0.0,0.0,0.0,100.0,3787.2,3518.2,146.0,70.7,15.5,113.0,0.0,0.0,1,0,39.9,0.0,0.0,0.0,0.0,0.0,-0.0,-0.0,-0.0,0.0,0.0,0.0,0.0,0.0,0.0,0.0,0.0,0.0,0.0,0.0,0.0,0.0,0.0,0.0,0.0,0.0,0.0,0.0,0.0,0.0,0.0,0.2,7.7,28.0
16:09:38.000,0.0,0.0,0.0,100.0,3787.2,3518.2,146.0,70.7,15.5,113.0,0.0,0.0,1,0,24.0,0.0,0.0,0.0,0.0,0.0,-0.0,-0.0,-0.0,0.0,0.0,0.0,0.0,0.0,0.0,0.0,0.0,0.0,0.0,0.0,0.0,0.0,0.0,0.0,0.0,0.0,0.0,0.0,0.0,0.0,0.0,0.2,7.7,28.0
16:09:39.000,0.0,0.2,0.0,99.8,3787.2,3518.2,146.0,70.7,15.5,113.0,0.0,0.0,1,0,25.9,0.0,0.0,0.0,0.0,0.0,-0.0,-0.0,-0.0,0.0,0.0,0.0,0.0,0.0,0.0,0.0,0.0,0.0,0.0,0.0,0.0,0.0,0.0,0.0,0.0,0.0,0.0,0.0,0.0,0.0,0.0,0.2,7.7,28.0
16:09:40.000,0.0,0.0,0.0,100.0,3787.2,3518.2,146.0,70.7,15.5,113.0,0.0,0.0,1,0,46.9,0.0,0.0,0.0,0.0,0.0,-0.0,-0.0,-0.0,0.0,0.0,0.0,0.0,0.0,0.0,0.0,0.0,0.0,0.0,0.0,0.0,0.0,0.0,0.0,0.0,0.0,0.0,0.0,0.0,0.0,0.0,0.2,7.7,28.0
16:09:41.000,0.0,0.2,0.2,99.5,3787.2,3518.2,146.0,70.7,15.5,113.0,0.0,0.0,1,0,50.8,0.0,0.0,0.0,0.0,0.0,-0.0,-0.0,-0.0,0.0,0.0,0.0,0.0,0.0,0.0,0.0,0.0,0.0,0.0,0.0,0.0,12.0,0.0,12.0,6.0,0.0,6.0,2.0,0.0,2.0,0.0,0.2,7.7,28.0
16:09:42.000,0.0,0.0,0.2,99.8,3787.2,3518.2,146.0,70.7,15.5,113.0,0.0,0.0,1,0,117.7,0.0,0.0,0.0,0.0,0.0,-0.0,-0.0,-0.0,0.0,0.0,0.0,0.0,0.0,0.0,2.0,0.0,2.0,0.0,0.0,0.0,91.8,0.0,91.8,6.1,0.0,6.1,15.0,0.0,15.0,0.0,0.2,7.7,28.0
16:09:43.000,0.0,0.0,0.0,100.0,3787.2,3518.2,146.0,70.7,15.5,113.0,0.0,0.0,1,0,32.9,0.0,0.0,0.0,0.0,0.0,-0.0,-0.0,-0.0,0.0,0.0,0.0,0.0,0.0,0.0,0.0,0.0,0.0,0.0,0.0,0.0,0.0,0.0,0.0,0.0,0.0,0.0,0.0,0.0,0.0,0.0,0.2,7.7,28.0
16:09:44.000,0.2,0.0,0.0,99.8,3787.2,3518.2,146.0,70.7,15.5,113.0,0.0,0.0,1,0,43.9,0.0,0.0,0.0,0.0,0.0,-0.0,-0.0,-0.0,0.0,0.0,0.0,0.0,0.0,0.0,0.0,0.0,0.0,0.0,0.0,0.0,0.0,0.0,0.0,0.0,0.0,0.0,0.0,0.0,0.0,0.0,0.2,7.7,28.0
16:09:45.000,0.0,0.0,0.0,100.0,3787.2,3518.2,146.0,70.7,15.5,113.0,0.0,0.0,1,0,38.9,0.0,0.0,0.0,0.0,0.0,-0.0,-0.0,-0.0,0.0,0.0,0.0,0.0,0.0,0.0,1.0,0.0,1.0,0.0,0.0,0.0,0.0,0.0,0.0,0.0,0.0,0.0,0.0,0.0,0.0,0.0,0.2,7.7,28.0
16:09:46.000,0.0,0.0,0.0,100.0,3787.2,3518.2,146.0,70.7,15.5,113.0,0.0,0.0,1,0,62.8,0.0,0.0,0.0,0.0,0.0,-0.0,-0.0,-0.0,0.0,0.0,0.0,0.0,0.0,0.0,0.0,0.0,0.0,0.0,0.0,0.0,12.0,0.0,12.0,6.0,0.0,6.0,2.0,0.0,2.0,0.0,0.2,7.7,28.0
16:09:47.000,0.0,0.2,0.0,99.8,3787.2,3518.2,146.0,70.7,15.5,113.0,0.0,0.0,1,0,36.9,0.0,0.0,0.0,0.0,0.0,-0.0,-0.0,-0.0,0.0,0.0,0.0,0.0,0.0,0.0,0.0,0.0,0.0,0.0,0.0,0.0,0.0,0.0,0.0,0.0,0.0,0.0,0.0,0.0,0.0,0.0,0.2,7.7,28.0
16:09:48.000,0.0,0.0,0.0,100.0,3787.2,3518.2,146.0,70.7,15.5,113.0,0.0,0.0,1,0,54.9,0.0,0.0,0.0,0.0,0.0,-0.0,-0.0,-0.0,0.0,0.0,0.0,0.0,0.0,0.0,0.0,0.0,0.0,0.0,0.0,0.0,0.0,0.0,0.0,0.0,0.0,0.0,0.0,0.0,0.0,0.0,0.2,7.7,28.0
