Timestamp,CPU Usage User (%),CPU Usage System (%),CPU Usage Wait (%),Processes Runnable,Processes Blocked,Process Switches,Process Forks,Process Execs,Network lo Received (Ko/s),Network eth0 Received (Ko/s),Network wlan0 Received (Ko/s),Network lo Sent (Ko/s),Network eth0 Sent (Ko/s),Network wlan0 Sent (Ko/s),Network Packet lo Received,Network Packet eth0 Received,Network Packet wlan0 Received,Network Packet lo Sent,Network Packet eth0 Sent,Network Packet wlan0 Sent,Disk mmcblk0 Usage (%),Disk mmcblk0p1 Usage (%),Disk mmcblk0p2 Usage (%),Disk mmcblk0 Read (Ko/s),Disk mmcblk0p1 Read (Ko/s),Disk mmcblk0p2 Read (Ko/s),Disk mmcblk0 Write (Ko/s),Disk mmcblk0p1 Write (Ko/s),Disk mmcblk0p2 Write (Ko/s),Disk mmcblk0 Block Size (Ko),Disk mmcblk0p1 Block Size (Ko),Disk mmcblk0p2 Block Size (Ko),Disk mmcblk0 Transfers,Disk mmcblk0p1 Transfers,Disk mmcblk0p2 Transfers,JFS dev Usage (%),JFS run Usage (%),JFS Usage (%),JFS boot/firmware Usage (%),Relative Time (s),CPU Usage (%),Memory Usage (%),Memory Active (%),Memory Buffers (%),Memory Cached (%),Memory Inactive (%),Mode,Attack Type,Attack,Host,Measurement,Run
14:34:44.000,0.7,3.1,0.0,1,0,0.0,0.0,0.0,0.0,0.0,0.0,-0.0,-0.0,-0.0,0.0,0.0,0.0,0.0,0.0,0.0,0.0,0.0,0.0,0.0,0.0,0.0,0.0,0.0,0.0,0.0,0.0,0.0,0.0,0.0,0.0,0.0,0.2,8.5,28.0,0.0,3.700000000000003,6.207752429235313,1.3677651035065483,0.3459019856358259,2.3817068018588934,1.9592310942120832,Idle,Denial of Service,GoldenEye (HTTP),Raspberry Pi 4B 4GB,nmon,1
14:34:45.000,0.0,0.0,0.0,1,0,76.8,2.0,0.0,0.0,0.0,0.0,-0.0,-0.0,-0.0,0.0,0.0,0.0,0.0,0.0,0.0,0.0,0.0,0.0,0.0,0.0,0.0,0.0,0.0,0.0,0.0,0.0,0.0,0.0,0.0,0.0,0.0,0.2,8.5,28.0,1.0,0.0,6.207752429235313,1.3677651035065483,0.3459019856358259,2.3817068018588934,1.9592310942120832,Idle,Denial of Service,GoldenEye (HTTP),Raspberry Pi 4B 4GB,nmon,1
14:34:46.000,0.2,0.2,0.0,1,0,89.8,2.0,0.0,0.0,0.0,0.0,-0.0,-0.0,-0.0,0.0,0.0,0.0,0.0,0.0,0.0,0.0,0.0,0.0,0.0,0.0,0.0,0.0,0.0,0.0,0.0,0.0,0.0,0.0,0.0,0.0,0.0,0.2,8.5,28.0,2.0,0.5,6.2156738487536884,1.3677651035065483,0.3459019856358259,2.3817068018588934,1.9618715673848752,Idle,Denial of Service,GoldenEye (HTTP),Raspberry Pi 4B 4GB,nmon,1
14:34:47.000,0.0,0.2,0.0,1,0,82.8,2.0,0.0,0.0,0.0,0.0,-0.0,-0.0,-0.0,0.0,0.0,0.0,0.0,0.0,0.0,0.0,0.0,0.0,0.0,0.0,0.0,0.0,0.0,0.0,0.0,0.0,0.0,0.0,0.0,0.0,0.0,0.2,8.5,28.0,3.0,0.20000000000000284,6.220954795099276,1.3677651035065483,0.3459019856358259,2.3817068018588934,1.9618715673848752,Idle,Denial of Service,GoldenEye (HTTP),Raspberry Pi 4B 4GB,nmon,1
14:34:48.000,0.0,0.2,0.2,1,0,119.7,2.0,0.0,0.0,0.0,0.0,-0.0,-0.0,-0.0,0.0,0.0,0.0,0.0,0.0,0.0,0.0,0.0,0.0,0.0,0.0,0.0,31.9,0.0,31.9,16.0,0.0,16.0,2.0,0.0,2.0,0.0,0.2,8.5,28.0,4.0,0.5,6.2156738487536884,1.3677651035065483,0.3459019856358259,2.3817068018588934,1.9592310942120832,Idle,Denial of Service,GoldenEye (HTTP),Raspberry Pi 4B 4GB,nmon,1
14:34:49.000,0.0,0.2,0.0,1,0,79.8,2.0,0.0,0.0,0.0,0.0,-0.0,-0.0,-0.0,0.0,0.0,0.0,0.0,0.0,0.0,0.0,0.0,0.0,0.0,0.0,0.0,0.0,0.0,0.0,0.0,0.0,0.0,0.0,0.0,0.0,0.0,0.2,8.5,28.0,5.0,0.20000000000000284,6.2156738487536884,1.3677651035065483,0.3459019856358259,2.3817068018588934,1.9592310942120832,Idle,Denial of Service,GoldenEye (HTTP),Raspberry Pi 4B 4GB,nmon,1
14:34:50.000,0.0,0.0,0.0,1,0,83.8,2.0,0.0,0.0,0.0,0.0,-0.0,-0.0,-0.0,0.0,0.0,0.0,0.0,0.0,0.0,0.0,0.0,0.0,0.0,0.0,0.0,0.0,0.0,0.0,0.0,0.0,0.0,0.0,0.0,0.0,0.0,0.2,8.5,28.0,6.0,0.0,6.2183143219264885,1.3677651035065483,0.3459019856358259,2.3817068018588934,1.9565906210392903,Idle,Denial of Service,GoldenEye (HTTP),Raspberry Pi 4B 4GB,nmon,1
14:34:51.000,0.2,0.2,0.0,1,0,78.8,2.0,0.0,0.0,0.0,0.0,-0.0,-0.0,-0.0,0.0,0.0,0.0,0.0,0.0,0.0,0.0,0.0,0.0,0.0,0.0,0.0,0.0,0.0,0.0,0.0,0.0,0.0,0.0,0.0,0.0,0.0,0.2,8.5,28.0,7.0,0.5,6.2183143219264885,1.3677651035065483,0.3459019856358259,2.3817068018588934,1.9565906210392903,Idle,Denial of Service,GoldenEye (HTTP),Raspberry Pi 4B 4GB,nmon,1
14:34:52.000,0.0,0.2,0.0,1,0,99.7,2.0,0.0,0.0,0.0,0.0,-0.0,-0.0,-0.0,0.0,0.0,0.0,0.0,0.0,0.0,0.0,0.0,0.0,0.0,0.0,0.0,0.0,0.0,0.0,0.0,0.0,0.0,0.0,0.0,0.0,0.0,0.2,8.5,28.0,8.0,0.20000000000000284,6.207752429235313,1.3677651035065483,0.3459019856358259,2.3817068018588934,1.9592310942120832,Idle,Denial of Service,GoldenEye (HTTP),Raspberry Pi 4B 4GB,nmon,1
14:34:53.000,0.0,0.2,0.0,1,0,79.8,2.0,0.0,0.0,0.0,0.0,-0.0,-0.0,-0.0,0.0,0.0,0.0,0.0,0.0,0.0,1.0,0.0,1.0,0.0,0.0,0.0,0.0,0.0,0.0,0.0,0.0,0.0,0.0,0.0,0.0,0.0,0.2,8.5,28.0,9.0,0.20000000000000284,6.2156738487536884,1.3677651035065483,0.3459019856358259,2.3817068018588934,1.9592310942120832,Idle,Denial of Service,GoldenEye (HTTP),Raspberry Pi 4B 4GB,nmon,1
14:34:54.000,0.0,0.2,0.0,1,0,142.5,2.0,0.0,0.0,0.0,0.0,-0.0,-0.0,-0.0,0.0,0.0,0.0,0.0,0.0,0.0,0.0,0.0,0.0,0.0,0.0,0.0,35.9,0.0,35.9,5.1,0.0,5.1,7.0,0.0,7.0,0.0,0.2,8.5,28.0,10.0,0.20000000000000284,6.220954795099276,1.3677651035065483,0.3459019856358259,2.3817068018588934,1.9592310942120832,Idle,Denial of Service,GoldenEye (HTTP),Raspberry Pi 4B 4GB,nmon,1
14:34:55.000,0.0,0.2,0.0,1,0,127.7,2.0,0.0,0.0,0.0,0.1,-0.0,-0.0,-0.0,0.0,0.0,1.0,0.0,0.0,0.0,0.0,0.0,0.0,0.0,0.0,0.0,0.0,0.0,0.0,0.0,0.0,0.0,0.0,0.0,0.0,0.0,0.2,8.5,28.0,11.0,0.20000000000000284,6.2156738487536884,1.3677651035065483,0.3459019856358259,2.3817068018588934,1.9592310942120832,Idle,Denial of Service,GoldenEye (HTTP),Raspberry Pi 4B 4GB,nmon,1
14:34:56.000,0.0,0.2,0.0,1,0,92.8,2.0,0.0,0.0,0.0,0.0,-0.0,-0.0,-0.0,0.0,0.0,0.0,0.0,0.0,0.0,0.0,0.0,0.0,0.0,0.0,0.0,0.0,0.0,0.0,0.0,0.0,0.0,0.0,0.0,0.0,0.0,0.2,8.5,28.0,12.0,0.20000000000000284,6.220954795099276,1.3677651035065483,0.3459019856358259,2.3817068018588934,1.9618715673848752,Idle,Denial of Service,GoldenEye (HTTP),Raspberry Pi 4B 4GB,nmon,1
14:34:57.000,0.0,0.0,0.0,1,0,80.8,2.0,0.0,0.0,0.0,0.0,-0.0,-0.0,-0.0,0.0,0.0,0.0,0.0,0.0,0.0,0.0,0.0,0.0,0.0,0.0,0.0,0.0,0.0,0.0,0.0,0.0,0.0,0.0,0.0,0.0,0.0,0.2,8.5,28.0,13.0,0.0,6.2156738487536884,1.3677651035065483,0.3459019856358259,2.3817068018588934,1.9592310942120832,Idle,Denial of Service,GoldenEye (HTTP),Raspberry Pi 4B 4GB,nmon,1
14:34:58.000,0.0,0.2,0.0,1,0,76.8,2.0,0.0,0.0,0.0,0.0,-0.0,-0.0,-0.0,0.0,0.0,0.0,0.0,0.0,0.0,0.0,0.0,0.0,0.0,0.0,0.0,0.0,0.0,0.0,0.0,0.0,0.0,0.0,0.0,0.0,0.0,0.2,8.5,28.0,14.0,0.20000000000000284,6.220954795099276,1.3677651035065483,0.3459019856358259,2.3817068018588934,1.9618715673848752,Idle,Denial of Service,GoldenEye (HTTP),Raspberry Pi 4B 4GB,nmon,1
14:34:59.000,0.2,0.2,0.2,1,0,110.7,2.0,0.0,0.0,0.0,0.0,-0.0,-0.0,-0.0,0.0,0.0,0.0,0.0,0.0,0.0,1.0,0.0,1.0,0.0,0.0,0.0,16.0,0.0,16.0,8.0,0.0,8.0,2.0,0.0,2.0,0.0,0.2,8.5,28.0,15.0,0.7000000000000028,6.2156738487536884,1.3677651035065483,0.3459019856358259,2.3817068018588934,1.9592310942120832,Idle,Denial of Service,GoldenEye (HTTP),Raspberry Pi 4B 4GB,nmon,1
14:35:00.000,0.2,0.0,0.0,1,0,100.8,2.0,0.0,0.0,0.0,0.0,-0.0,-0.0,-0.0,0.0,0.0,0.0,0.0,0.0,0.0,0.0,0.0,0.0,0.0,0.0,0.0,0.0,0.0,0.0,0.0,0.0,0.0,0.0,0.0,0.0,0.0,0.2,8.5,28.0,16.0,0.20000000000000284,6.220954795099276,1.3677651035065483,0.3459019856358259,2.3817068018588934,1.9565906210392903,Idle,Denial of Service,GoldenEye (HTTP),Raspberry Pi 4B 4GB,nmon,1
14:35:01.000,0.0,0.2,0.0,1,0,77.8,2.0,0.0,0.0,0.0,0.0,-0.0,-0.0,-0.0,0.0,0.0,0.0,0.0,0.0,0.0,0.0,0.0,0.0,0.0,0.0,0.0,0.0,0.0,0.0,0.0,0.0,0.0,0.0,0.0,0.0,0.0,0.2,8.5,28.0,17.0,0.20000000000000284,6.2156738487536884,1.3677651035065483,0.3459019856358259,2.3817068018588934,1.9592310942120832,Idle,Denial of Service,GoldenEye (HTTP),Raspberry Pi 4B 4GB,nmon,1
14:35:02.000,0.0,0.2,0.0,1,0,88.8,2.0,0.0,0.0,0.0,0.0,-0.0,-0.0,-0.0,0.0,0.0,0.0,0.0,0.0,0.0,0.0,0.0,0.0,0.0,0.0,0.0,0.0,0.0,0.0,0.0,0.0,0.0,0.0,0.0,0.0,0.0,0.2,8.5,28.0,18.0,0.20000000000000284,6.213033375580901,1.3677651035065483,0.3459019856358259,2.3817068018588934,1.9592310942120832,Idle,Denial of Service,GoldenEye (HTTP),Raspberry Pi 4B 4GB,nmon,1
14:35:03.000,0.0,0.0,0.0,1,0,97.8,2.0,0.0,0.0,0.0,0.0,-0.0,-0.0,-0.0,0.0,0.0,0.0,0.0,0.0,0.0,0.0,0.0,0.0,0.0,0.0,0.0,0.0,0.0,0.0,0.0,0.0,0.0,0.0,0.0,0.0,0.0,0.2,8.5,28.0,19.0,0.0,6.220954795099276,1.3677651035065483,0.3459019856358259,2.3817068018588934,1.9592310942120832,Idle,Denial of Service,GoldenEye (HTTP),Raspberry Pi 4B 4GB,nmon,1
14:35:04.000,0.0,0.5,0.0,1,0,121.5,2.0,0.0,0.0,0.0,0.0,-0.0,-0.0,-0.0,0.0,0.0,0.0,0.0,0.0,0.0,1.0,0.0,1.0,0.0,0.0,0.0,27.9,0.0,27.9,7.0,0.0,7.0,4.0,0.0,4.0,0.0,0.2,8.5,28.0,20.0,0.5,6.2183143219264885,1.3677651035065483,0.3459019856358259,2.384347275031686,1.9618715673848752,Idle,Denial of Service,GoldenEye (HTTP),Raspberry Pi 4B 4GB,nmon,1
14:35:05.000,0.2,0.0,0.0,1,0,94.8,2.0,0.0,0.0,0.0,0.0,-0.0,-0.0,-0.0,0.0,0.0,0.0,0.0,0.0,0.0,0.0,0.0,0.0,0.0,0.0,0.0,0.0,0.0,0.0,0.0,0.0,0.0,0.0,0.0,0.0,0.0,0.2,8.5,28.0,21.0,0.20000000000000284,6.223595268272075,1.3677651035065483,0.3459019856358259,2.384347275031686,1.9565906210392903,Idle,Denial of Service,GoldenEye (HTTP),Raspberry Pi 4B 4GB,nmon,1
14:35:06.000,0.0,0.2,0.0,1,0,84.8,2.0,0.0,0.0,0.0,0.0,-0.0,-0.0,-0.0,0.0,0.0,0.0,0.0,0.0,0.0,0.0,0.0,0.0,0.0,0.0,0.0,0.0,0.0,0.0,0.0,0.0,0.0,0.0,0.0,0.0,0.0,0.2,8.5,28.0,22.0,0.20000000000000284,6.2183143219264885,1.3677651035065483,0.3459019856358259,2.384347275031686,1.9592310942120832,Idle,Denial of Service,GoldenEye (HTTP),Raspberry Pi 4B 4GB,nmon,1
14:35:07.000,0.0,0.2,0.0,1,0,90.8,2.0,0.0,0.0,0.0,0.0,-0.0,-0.0,-0.0,0.0,0.0,0.0,0.0,0.0,0.0,0.0,0.0,0.0,0.0,0.0,0.0,0.0,0.0,0.0,0.0,0.0,0.0,0.0,0.0,0.0,0.0,0.2,8.5,28.0,23.0,0.20000000000000284,6.223595268272075,1.3677651035065483,0.3459019856358259,2.384347275031686,1.9618715673848752,Idle,Denial of Service,GoldenEye (HTTP),Raspberry Pi 4B 4GB,nmon,1
14:35:08.000,0.0,0.5,0.0,1,0,92.8,2.0,0.0,0.0,0.0,0.0,-0.0,-0.0,-0.0,0.0,0.0,0.0,0.0,0.0,0.0,0.0,0.0,0.0,0.0,0.0,0.0,0.0,0.0,0.0,0.0,0.0,0.0,0.0,0.0,0.0,0.0,0.2,8.5,28.0,24.0,0.5,6.220954795099276,1.3677651035065483,0.3459019856358259,2.3817068018588934,1.9618715673848752,Idle,Denial of Service,GoldenEye (HTTP),Raspberry Pi 4B 4GB,nmon,1
14:35:09.000,0.0,0.0,0.2,1,0,100.8,2.0,0.0,0.0,0.0,0.0,-0.0,-0.0,-0.0,0.0,0.0,0.0,0.0,0.0,0.0,0.0,0.0,0.0,0.0,0.0,0.0,16.0,0.0,16.0,8.0,0.0,8.0,2.0,0.0,2.0,0.0,0.2,8.5,28.0,25.0,0.20000000000000284,6.223595268272075,1.3677651035065483,0.3459019856358259,2.384347275031686,1.9592310942120832,Idle,Denial of Service,GoldenEye (HTTP),Raspberry Pi 4B 4GB,nmon,1
14:35:10.000,0.0,0.2,0.0,1,0,78.8,2.0,0.0,0.0,0.0,0.0,-0.0,-0.0,-0.0,0.0,0.0,0.0,0.0,0.0,0.0,0.0,0.0,0.0,0.0,0.0,0.0,0.0,0.0,0.0,0.0,0.0,0.0,0.0,0.0,0.0,0.0,0.2,8.5,28.0,26.0,0.20000000000000284,6.226235741444864,1.3677651035065483,0.3459019856358259,2.384347275031686,1.9645120405576681,Idle,Denial of Service,GoldenEye (HTTP),Raspberry Pi 4B 4GB,nmon,1
14:35:11.000,0.0,0.2,0.0,1,0,74.9,2.0,0.0,0.0,0.0,0.0,-0.0,-0.0,-0.0,0.0,0.0,0.0,0.0,0.0,0.0,0.0,0.0,0.0,0.0,0.0,0.0,0.0,0.0,0.0,0.0,0.0,0.0,0.0,0.0,0.0,0.0,0.2,8.5,28.0,27.0,0.20000000000000284,6.226235741444864,1.3677651035065483,0.3459019856358259,2.384347275031686,1.9565906210392903,Idle,Denial of Service,GoldenEye (HTTP),Raspberry Pi 4B 4GB,nmon,1
14:35:12.000,0.0,0.2,0.0,1,0,187.6,2.0,0.0,0.0,0.0,0.1,-0.0,-0.0,-0.1,0.0,0.0,2.0,0.0,0.0,1.0,0.0,0.0,0.0,0.0,0.0,0.0,0.0,0.0,0.0,0.0,0.0,0.0,0.0,0.0,0.0,0.0,0.2,8.5,28.0,28.0,0.20000000000000284,6.226235741444864,1.3677651035065483,0.3459019856358259,2.384347275031686,1.9592310942120832,Idle,Denial of Service,GoldenEye (HTTP),Raspberry Pi 4B 4GB,nmon,1
14:35:13.000,0.2,0.0,0.0,1,0,137.8,3.0,0.0,0.0,0.0,0.0,-0.0,-0.0,-0.0,0.0,0.0,0.0,0.0,0.0,0.0,1.0,0.0,1.0,0.0,0.0,0.0,20.0,0.0,20.0,6.7,0.0,6.7,3.0,0.0,3.0,0.0,0.2,8.5,28.0,29.0,0.20000000000000284,6.220954795099276,1.3677651035065483,0.3459019856358259,2.3817068018588934,1.9592310942120832,Idle,Denial of Service,GoldenEye (HTTP),Raspberry Pi 4B 4GB,nmon,1
14:35:14.000,0.0,0.5,0.0,2,0,98.8,2.0,0.0,0.0,0.0,0.0,-0.0,-0.0,-0.0,0.0,0.0,0.0,0.0,0.0,0.0,0.0,0.0,0.0,0.0,0.0,0.0,47.9,0.0,47.9,48.0,0.0,48.0,1.0,0.0,1.0,0.0,0.2,8.5,28.0,30.0,0.5,6.228876214617651,1.3677651035065483,0.3459019856358259,2.3817068018588934,1.9618715673848752,Idle,Denial of Service,GoldenEye (HTTP),Raspberry Pi 4B 4GB,nmon,1
14:35:15.000,0.0,0.0,0.0,2,0,85.8,0.0,0.0,0.0,0.0,0.0,-0.0,-0.0,-0.0,0.0,0.0,0.0,0.0,0.0,0.0,0.0,0.0,0.0,0.0,0.0,0.0,0.0,0.0,0.0,0.0,0.0,0.0,0.0,0.0,0.0,0.0,0.2,8.5,28.0,31.0,0.0,6.220954795099276,1.3677651035065483,0.3459019856358259,2.384347275031686,1.9592310942120832,Idle,Denial of Service,GoldenEye (HTTP),Raspberry Pi 4B 4GB,nmon,1
14:35:16.000,0.0,0.2,0.0,1,0,86.8,2.0,0.0,0.0,0.0,0.0,-0.0,-0.0,-0.0,0.0,0.0,0.0,0.0,0.0,0.0,0.0,0.0,0.0,0.0,0.0,0.0,0.0,0.0,0.0,0.0,0.0,0.0,0.0,0.0,0.0,0.0,0.2,8.5,28.0,32.0,0.20000000000000284,6.213033375580901,1.3677651035065483,0.3459019856358259,2.384347275031686,1.9592310942120832,Idle,Denial of Service,GoldenEye (HTTP),Raspberry Pi 4B 4GB,nmon,1
14:35:17.000,0.0,0.0,0.0,1,0,90.8,2.0,0.0,0.0,0.0,0.0,-0.0,-0.0,-0.0,0.0,0.0,0.0,0.0,0.0,0.0,0.0,0.0,0.0,0.0,0.0,0.0,0.0,0.0,0.0,0.0,0.0,0.0,0.0,0.0,0.0,0.0,0.2,8.5,28.0,33.0,0.0,6.226235741444864,1.3677651035065483,0.3459019856358259,2.384347275031686,1.9592310942120832,Idle,Denial of Service,GoldenEye (HTTP),Raspberry Pi 4B 4GB,nmon,1
14:35:18.000,0.0,0.5,0.0,1,0,90.8,2.0,0.0,0.0,0.0,0.0,-0.0,-0.0,-0.0,0.0,0.0,0.0,0.0,0.0,0.0,0.0,0.0,0.0,0.0,0.0,0.0,0.0,0.0,0.0,0.0,0.0,0.0,0.0,0.0,0.0,0.0,0.2,8.5,28.0,34.0,0.5,6.226235741444864,1.3677651035065483,0.3459019856358259,2.384347275031686,1.9592310942120832,Idle,Denial of Service,GoldenEye (HTTP),Raspberry Pi 4B 4GB,nmon,1
14:35:19.000,0.0,0.0,0.2,1,0,130.4,2.0,0.0,0.0,0.0,0.0,-0.0,-0.0,-0.0,0.0,0.0,0.0,0.0,0.0,0.0,1.0,0.0,1.0,0.0,0.0,0.0,27.9,0.0,27.9,9.3,0.0,9.3,3.0,0.0,3.0,0.0,0.2,8.5,28.0,35.0,0.20000000000000284,6.226235741444864,1.3677651035065483,0.3459019856358259,2.384347275031686,1.9592310942120832,Idle,Denial of Service,GoldenEye (HTTP),Raspberry Pi 4B 4GB,nmon,1
14:35:20.000,0.0,0.2,0.0,1,0,93.8,2.0,0.0,0.0,0.0,0.0,-0.0,-0.0,-0.0,0.0,0.0,0.0,0.0,0.0,0.0,0.0,0.0,0.0,0.0,0.0,0.0,0.0,0.0,0.0,0.0,0.0,0.0,0.0,0.0,0.0,0.0,0.2,8.5,28.0,36.0,0.20000000000000284,6.228876214617651,1.3677651035065483,0.3459019856358259,2.384347275031686,1.9618715673848752,Idle,Denial of Service,GoldenEye (HTTP),Raspberry Pi 4B 4GB,nmon,1
14:35:21.000,0.0,0.2,0.0,1,0,96.8,2.0,0.0,0.0,0.0,0.0,-0.0,-0.0,-0.0,0.0,0.0,0.0,0.0,0.0,0.0,0.0,0.0,0.0,0.0,0.0,0.0,0.0,0.0,0.0,0.0,0.0,0.0,0.0,0.0,0.0,0.0,0.2,8.5,28.0,37.0,0.20000000000000284,6.226235741444864,1.3677651035065483,0.3459019856358259,2.384347275031686,1.9592310942120832,Idle,Denial of Service,GoldenEye (HTTP),Raspberry Pi 4B 4GB,nmon,1
14:35:22.000,0.2,0.2,0.0,1,0,90.8,2.0,0.0,0.0,0.0,0.0,-0.0,-0.0,-0.0,0.0,0.0,0.0,0.0,0.0,0.0,0.0,0.0,0.0,0.0,0.0,0.0,0.0,0.0,0.0,0.0,0.0,0.0,0.0,0.0,0.0,0.0,0.2,8.5,28.0,38.0,0.5,6.226235741444864,1.3677651035065483,0.3459019856358259,2.384347275031686,1.9592310942120832,Idle,Denial of Service,GoldenEye (HTTP),Raspberry Pi 4B 4GB,nmon,1
14:35:23.000,0.0,0.0,0.0,1,0,93.8,2.0,0.0,0.0,0.0,0.0,-0.0,-0.0,-0.0,0.0,0.0,0.0,0.0,0.0,0.0,0.0,0.0,0.0,0.0,0.0,0.0,0.0,0.0,0.0,0.0,0.0,0.0,0.0,0.0,0.0,0.0,0.2,8.5,28.0,39.0,0.0,6.220954795099276,1.3677651035065483,0.3459019856358259,2.384347275031686,1.9592310942120832,Idle,Denial of Service,GoldenEye (HTTP),Raspberry Pi 4B 4GB,nmon,1
14:35:24.000,0.0,0.2,0.2,1,0,136.5,2.0,0.0,0.0,0.0,0.0,-0.0,-0.0,-0.0,0.0,0.0,0.0,0.0,0.0,0.0,1.0,0.0,1.0,0.0,0.0,0.0,23.9,0.0,23.9,6.0,0.0,6.0,4.0,0.0,4.0,0.0,0.2,8.5,28.0,40.0,0.5,6.226235741444864,1.370405576679341,0.3459019856358259,2.384347275031686,1.9592310942120832,Idle,Denial of Service,GoldenEye (HTTP),Raspberry Pi 4B 4GB,nmon,1
14:35:25.000,0.0,0.5,0.0,1,0,131.7,2.0,0.0,0.0,0.0,0.1,-0.0,-0.0,-0.0,0.0,0.0,1.0,0.0,0.0,0.0,0.0,0.0,0.0,0.0,0.0,0.0,0.0,0.0,0.0,0.0,0.0,0.0,0.0,0.0,0.0,0.0,0.2,8.5,28.0,41.0,0.5,6.228876214617651,1.370405576679341,0.3459019856358259,2.384347275031686,1.9618715673848752,Idle,Denial of Service,GoldenEye (HTTP),Raspberry Pi 4B 4GB,nmon,1
14:35:26.000,0.0,0.0,0.0,1,0,92.8,2.0,0.0,0.0,0.0,0.0,-0.0,-0.0,-0.0,0.0,0.0,0.0,0.0,0.0,0.0,0.0,0.0,0.0,0.0,0.0,0.0,0.0,0.0,0.0,0.0,0.0,0.0,0.0,0.0,0.0,0.0,0.2,8.5,28.0,42.0,0.0,6.226235741444864,1.370405576679341,0.3459019856358259,2.384347275031686,1.9592310942120832,Idle,Denial of Service,GoldenEye (HTTP),Raspberry Pi 4B 4GB,nmon,1
14:35:27.000,0.2,0.2,0.0,1,0,100.8,2.0,0.0,0.0,0.0,0.0,-0.0,-0.0,-0.0,0.0,0.0,0.0,0.0,0.0,0.0,0.0,0.0,0.0,0.0,0.0,0.0,0.0,0.0,0.0,0.0,0.0,0.0,0.0,0.0,0.0,0.0,0.2,8.5,28.0,43.0,0.5,6.226235741444864,1.370405576679341,0.3459019856358259,2.384347275031686,1.9592310942120832,Idle,Denial of Service,GoldenEye (HTTP),Raspberry Pi 4B 4GB,nmon,1
14:35:28.000,0.0,0.2,0.0,1,0,102.7,2.0,0.0,0.0,0.0,0.0,-0.0,-0.0,-0.0,0.0,0.0,0.0,0.0,0.0,0.0,0.0,0.0,0.0,0.0,0.0,0.0,0.0,0.0,0.0,0.0,0.0,0.0,0.0,0.0,0.0,0.0,0.2,8.5,28.0,44.0,0.20000000000000284,6.226235741444864,1.370405576679341,0.3459019856358259,2.384347275031686,1.9618715673848752,Idle,Denial of Service,GoldenEye (HTTP),Raspberry Pi 4B 4GB,nmon,1
14:35:29.000,0.0,0.2,0.0,1,0,131.4,2.0,0.0,0.0,0.0,0.0,-0.0,-0.0,-0.0,0.0,0.0,0.0,0.0,0.0,0.0,0.0,0.0,0.0,0.0,0.0,0.0,15.9,0.0,15.9,8.0,0.0,8.0,2.0,0.0,2.0,0.0,0.2,8.5,28.0,45.0,0.20000000000000284,6.226235741444864,1.370405576679341,0.3459019856358259,2.384347275031686,1.9592310942120832,Idle,Denial of Service,GoldenEye (HTTP),Raspberry Pi 4B 4GB,nmon,1
14:35:30.000,0.0,0.0,0.0,1,0,97.8,2.0,0.0,0.0,0.0,0.0,-0.0,-0.0,-0.0,0.0,0.0,0.0,0.0,0.0,0.0,0.0,0.0,0.0,0.0,0.0,0.0,0.0,0.0,0.0,0.0,0.0,0.0,0.0,0.0,0.0,0.0,0.2,8.5,28.0,46.0,0.0,6.220954795099276,1.370405576679341,0.3459019856358259,2.384347275031686,1.9592310942120832,Idle,Denial of Service,GoldenEye (HTTP),Raspberry Pi 4B 4GB,nmon,1
14:35:31.000,0.0,0.2,0.0,1,0,88.8,2.0,0.0,0.0,0.0,0.0,-0.0,-0.0,-0.0,0.0,0.0,0.0,0.0,0.0,0.0,0.0,0.0,0.0,0.0,0.0,0.0,0.0,0.0,0.0,0.0,0.0,0.0,0.0,0.0,0.0,0.0,0.2,8.5,28.0,47.0,0.20000000000000284,6.228876214617651,1.370405576679341,0.3459019856358259,2.384347275031686,1.9592310942120832,Idle,Denial of Service,GoldenEye (HTTP),Raspberry Pi 4B 4GB,nmon,1
14:35:32.000,0.0,0.5,0.0,1,0,109.7,2.0,0.0,0.0,0.0,0.0,-0.0,-0.0,-0.0,0.0,0.0,0.0,0.0,0.0,0.0,0.0,0.0,0.0,0.0,0.0,0.0,0.0,0.0,0.0,0.0,0.0,0.0,0.0,0.0,0.0,0.0,0.2,8.5,28.0,48.0,0.5,6.226235741444864,1.370405576679341,0.3459019856358259,2.384347275031686,1.9592310942120832,Idle,Denial of Service,GoldenEye (HTTP),Raspberry Pi 4B 4GB,nmon,1
14:35:33.000,0.0,0.0,0.0,1,0,102.8,2.0,0.0,0.0,0.0,0.0,-0.0,-0.0,-0.0,0.0,0.0,0.0,0.0,0.0,0.0,1.0,0.0,1.0,0.0,0.0,0.0,0.0,0.0,0.0,0.0,0.0,0.0,0.0,0.0,0.0,0.0,0.2,8.5,28.0,49.0,0.0,6.226235741444864,1.370405576679341,0.3459019856358259,2.384347275031686,1.9592310942120832,Idle,Denial of Service,GoldenEye (HTTP),Raspberry Pi 4B 4GB,nmon,1
14:35:34.000,0.2,0.2,0.2,1,0,121.6,2.0,0.0,0.0,0.0,0.0,-0.0,-0.0,-0.0,0.0,0.0,0.0,0.0,0.0,0.0,0.0,0.0,0.0,0.0,0.0,0.0,15.9,0.0,15.9,8.0,0.0,8.0,2.0,0.0,2.0,0.0,0.2,8.5,28.0,50.0,0.7000000000000028,6.226235741444864,1.370405576679341,0.3459019856358259,2.384347275031686,1.9592310942120832,Idle,Denial of Service,GoldenEye (HTTP),Raspberry Pi 4B 4GB,nmon,1
14:35:35.000,0.0,0.2,0.0,1,0,107.7,2.0,0.0,0.0,0.0,0.0,-0.0,-0.0,-0.0,0.0,0.0,0.0,0.0,0.0,0.0,0.0,0.0,0.0,0.0,0.0,0.0,0.0,0.0,0.0,0.0,0.0,0.0,0.0,0.0,0.0,0.0,0.2,8.5,28.0,51.0,0.20000000000000284,6.226235741444864,1.370405576679341,0.3459019856358259,2.384347275031686,1.9618715673848752,Idle,Denial of Service,GoldenEye (HTTP),Raspberry Pi 4B 4GB,nmon,1
14:35:36.000,0.0,0.0,0.0,1,0,129.7,2.0,0.0,0.0,0.0,0.1,-0.0,-0.0,-0.0,0.0,0.0,1.0,0.0,0.0,0.0,0.0,0.0,0.0,0.0,0.0,0.0,0.0,0.0,0.0,0.0,0.0,0.0,0.0,0.0,0.0,0.0,0.2,8.5,28.0,52.0,0.0,6.220954795099276,1.370405576679341,0.3459019856358259,2.384347275031686,1.9592310942120832,Idle,Denial of Service,GoldenEye (HTTP),Raspberry Pi 4B 4GB,nmon,1
14:35:37.000,0.0,0.2,0.0,1,0,91.8,2.0,0.0,0.0,0.0,0.0,-0.0,-0.0,-0.0,0.0,0.0,0.0,0.0,0.0,0.0,0.0,0.0,0.0,0.0,0.0,0.0,0.0,0.0,0.0,0.0,0.0,0.0,0.0,0.0,0.0,0.0,0.2,8.5,28.0,53.0,0.20000000000000284,6.226235741444864,1.370405576679341,0.3459019856358259,2.384347275031686,1.9565906210392903,Idle,Denial of Service,GoldenEye (HTTP),Raspberry Pi 4B 4GB,nmon,1
14:35:38.000,0.0,0.2,0.0,1,0,93.8,2.0,0.0,0.0,0.0,0.0,-0.0,-0.0,-0.0,0.0,0.0,0.0,0.0,0.0,0.0,0.0,0.0,0.0,0.0,0.0,0.0,0.0,0.0,0.0,0.0,0.0,0.0,0.0,0.0,0.0,0.0,0.2,8.5,28.0,54.0,0.20000000000000284,6.226235741444864,1.370405576679341,0.3459019856358259,2.384347275031686,1.9592310942120832,Idle,Denial of Service,GoldenEye (HTTP),Raspberry Pi 4B 4GB,nmon,1
14:35:39.000,0.2,0.2,0.0,1,0,113.6,2.0,0.0,0.0,0.0,0.0,-0.0,-0.0,-0.0,0.0,0.0,0.0,0.0,0.0,0.0,0.0,0.0,0.0,0.0,0.0,0.0,15.9,0.0,15.9,8.0,0.0,8.0,2.0,0.0,2.0,0.0,0.2,8.5,28.0,55.0,0.5,6.226235741444864,1.370405576679341,0.3459019856358259,2.384347275031686,1.9565906210392903,Idle,Denial of Service,GoldenEye (HTTP),Raspberry Pi 4B 4GB,nmon,1
14:35:40.000,0.0,0.2,0.0,1,0,109.7,2.0,0.0,0.0,0.0,0.0,-0.0,-0.0,-0.0,0.0,0.0,0.0,0.0,0.0,0.0,0.0,0.0,0.0,0.0,0.0,0.0,0.0,0.0,0.0,0.0,0.0,0.0,0.0,0.0,0.0,0.0,0.2,8.5,28.0,56.0,0.20000000000000284,6.228876214617651,1.370405576679341,0.3459019856358259,2.384347275031686,1.9592310942120832,Idle,Denial of Service,GoldenEye (HTTP),Raspberry Pi 4B 4GB,nmon,1
14:35:41.000,0.0,0.0,0.0,1,0,87.8,2.0,0.0,0.0,0.0,0.0,-0.0,-0.0,-0.0,0.0,0.0,0.0,0.0,0.0,0.0,0.0,0.0,0.0,0.0,0.0,0.0,0.0,0.0,0.0,0.0,0.0,0.0,0.0,0.0,0.0,0.0,0.2,8.5,28.0,57.0,0.0,6.226235741444864,1.370405576679341,0.3459019856358259,2.384347275031686,1.9592310942120832,Idle,Denial of Service,GoldenEye (HTTP),Raspberry Pi 4B 4GB,nmon,1
14:35:42.000,0.0,0.2,0.0,1,0,91.8,2.0,0.0,0.0,0.0,0.0,-0.0,-0.0,-0.0,0.0,0.0,0.0,0.0,0.0,0.0,0.0,0.0,0.0,0.0,0.0,0.0,0.0,0.0,0.0,0.0,0.0,0.0,0.0,0.0,0.0,0.0,0.2,8.5,28.0,58.0,0.20000000000000284,6.226235741444864,1.370405576679341,0.3459019856358259,2.384347275031686,1.9592310942120832,Idle,Denial of Service,GoldenEye (HTTP),Raspberry Pi 4B 4GB,nmon,1
14:35:43.000,0.0,0.2,0.0,1,0,92.8,2.0,0.0,0.0,0.0,0.0,-0.0,-0.0,-0.0,0.0,0.0,0.0,0.0,0.0,0.0,0.0,0.0,0.0,0.0,0.0,0.0,0.0,0.0,0.0,0.0,0.0,0.0,0.0,0.0,0.0,0.0,0.2,8.5,28.0,59.0,0.20000000000000284,6.226235741444864,1.370405576679341,0.3485424588086185,2.384347275031686,1.9592310942120832,Idle,Denial of Service,GoldenEye (HTTP),Raspberry Pi 4B 4GB,nmon,1
14:35:44.000,0.2,0.0,0.2,1,0,151.1,3.0,0.0,0.0,0.0,0.0,-0.0,-0.0,-0.0,0.0,0.0,0.0,0.0,0.0,0.0,1.0,0.0,1.0,0.0,0.0,0.0,19.9,0.0,19.9,6.7,0.0,6.7,3.0,0.0,3.0,0.0,0.2,8.5,28.0,60.0,0.5,6.228876214617651,1.370405576679341,0.3485424588086185,2.384347275031686,1.9592310942120832,Idle,Denial of Service,GoldenEye (HTTP),Raspberry Pi 4B 4GB,nmon,1
14:35:45.000,0.0,0.2,0.0,1,0,117.7,2.0,0.0,0.0,0.0,0.0,-0.0,-0.0,-0.0,0.0,0.0,0.0,0.0,0.0,0.0,0.0,0.0,0.0,0.0,0.0,0.0,23.9,0.0,23.9,12.0,0.0,12.0,2.0,0.0,2.0,0.0,0.2,8.5,28.0,61.0,0.20000000000000284,6.220954795099276,1.370405576679341,0.3485424588086185,2.384347275031686,1.9618715673848752,Idle,Denial of Service,GoldenEye (HTTP),Raspberry Pi 4B 4GB,nmon,1
14:35:46.000,0.0,0.2,0.0,1,0,95.8,2.0,0.0,0.0,0.0,0.0,-0.0,-0.0,-0.0,0.0,0.0,0.0,0.0,0.0,0.0,0.0,0.0,0.0,0.0,0.0,0.0,0.0,0.0,0.0,0.0,0.0,0.0,0.0,0.0,0.0,0.0,0.2,8.5,28.0,62.0,0.20000000000000284,6.23151668779045,1.370405576679341,0.3485424588086185,2.384347275031686,1.9565906210392903,Idle,Denial of Service,GoldenEye (HTTP),Raspberry Pi 4B 4GB,nmon,1
14:35:47.000,0.0,0.2,0.0,1,0,92.8,2.0,0.0,0.0,0.0,0.0,-0.0,-0.0,-0.0,0.0,0.0,0.0,0.0,0.0,0.0,0.0,0.0,0.0,0.0,0.0,0.0,0.0,0.0,0.0,0.0,0.0,0.0,0.0,0.0,0.0,0.0,0.2,8.5,28.0,63.0,0.20000000000000284,6.220954795099276,1.370405576679341,0.3485424588086185,2.384347275031686,1.9592310942120832,Idle,Denial of Service,GoldenEye (HTTP),Raspberry Pi 4B 4GB,nmon,1
14:35:48.000,0.2,0.0,0.0,1,0,95.8,2.0,0.0,0.0,0.0,0.0,-0.0,-0.0,-0.0,0.0,0.0,0.0,0.0,0.0,0.0,0.0,0.0,0.0,0.0,0.0,0.0,0.0,0.0,0.0,0.0,0.0,0.0,0.0,0.0,0.0,0.0,0.2,8.5,28.0,64.0,0.20000000000000284,6.220954795099276,1.370405576679341,0.3485424588086185,2.384347275031686,1.9592310942120832,Idle,Denial of Service,GoldenEye (HTTP),Raspberry Pi 4B 4GB,nmon,1
14:35:49.000,0.0,0.2,0.2,1,0,108.6,2.0,0.0,0.0,0.0,0.0,-0.0,-0.0,-0.0,0.0,0.0,0.0,0.0,0.0,0.0,0.0,0.0,0.0,0.0,0.0,0.0,23.9,0.0,23.9,12.0,0.0,12.0,2.0,0.0,2.0,0.0,0.2,8.5,28.0,65.0,0.5,6.226235741444864,1.370405576679341,0.3485424588086185,2.384347275031686,1.9592310942120832,Idle,Denial of Service,GoldenEye (HTTP),Raspberry Pi 4B 4GB,nmon,1
14:35:50.000,0.2,0.0,0.0,1,0,104.8,2.0,0.0,0.0,0.0,0.0,-0.0,-0.0,-0.0,0.0,0.0,0.0,0.0,0.0,0.0,0.0,0.0,0.0,0.0,0.0,0.0,8.0,0.0,8.0,4.0,0.0,4.0,2.0,0.0,2.0,0.0,0.2,8.5,28.0,66.0,0.20000000000000284,6.220954795099276,1.370405576679341,0.3485424588086185,2.384347275031686,1.9618715673848752,Idle,Denial of Service,GoldenEye (HTTP),Raspberry Pi 4B 4GB,nmon,1
14:35:51.000,0.0,0.5,0.0,1,0,100.8,2.0,0.0,0.0,0.0,0.0,-0.0,-0.0,-0.0,0.0,0.0,0.0,0.0,0.0,0.0,0.0,0.0,0.0,0.0,0.0,0.0,0.0,0.0,0.0,0.0,0.0,0.0,0.0,0.0,0.0,0.0,0.2,8.5,28.0,67.0,0.5,6.220954795099276,1.370405576679341,0.3485424588086185,2.384347275031686,1.9592310942120832,Idle,Denial of Service,GoldenEye (HTTP),Raspberry Pi 4B 4GB,nmon,1
14:35:52.000,0.0,0.0,0.0,1,0,83.8,2.0,0.0,0.0,0.0,0.0,-0.0,-0.0,-0.0,0.0,0.0,0.0,0.0,0.0,0.0,0.0,0.0,0.0,0.0,0.0,0.0,0.0,0.0,0.0,0.0,0.0,0.0,0.0,0.0,0.0,0.0,0.2,8.5,28.0,68.0,0.0,6.226235741444864,1.370405576679341,0.3485424588086185,2.384347275031686,1.9618715673848752,Idle,Denial of Service,GoldenEye (HTTP),Raspberry Pi 4B 4GB,nmon,1
14:35:53.000,0.0,0.2,0.0,1,0,82.8,2.0,0.0,0.0,0.0,0.0,-0.0,-0.0,-0.0,0.0,0.0,0.0,0.0,0.0,0.0,0.0,0.0,0.0,0.0,0.0,0.0,0.0,0.0,0.0,0.0,0.0,0.0,0.0,0.0,0.0,0.0,0.2,8.5,28.0,69.0,0.20000000000000284,6.23151668779045,1.370405576679341,0.3485424588086185,2.384347275031686,1.9592310942120832,Idle,Denial of Service,GoldenEye (HTTP),Raspberry Pi 4B 4GB,nmon,1
14:35:54.000,0.0,0.2,0.0,1,0,121.5,2.0,0.0,0.0,0.0,0.0,-0.0,-0.0,-0.0,0.0,0.0,0.0,0.0,0.0,0.0,3.0,0.0,3.0,0.0,0.0,0.0,39.8,0.0,39.8,6.7,0.0,6.7,6.0,0.0,6.0,0.0,0.2,8.5,28.0,70.0,0.20000000000000284,6.226235741444864,1.370405576679341,0.3485424588086185,2.384347275031686,1.9645120405576681,Idle,Denial of Service,GoldenEye (HTTP),Raspberry Pi 4B 4GB,nmon,1
14:35:55.000,0.0,0.2,0.0,1,0,123.7,2.0,0.0,0.0,0.0,0.1,-0.0,-0.0,-0.0,0.0,0.0,1.0,0.0,0.0,0.0,0.0,0.0,0.0,0.0,0.0,0.0,0.0,0.0,0.0,0.0,0.0,0.0,0.0,0.0,0.0,0.0,0.2,8.5,28.0,71.0,0.20000000000000284,6.23151668779045,1.370405576679341,0.3485424588086185,2.384347275031686,1.9618715673848752,Idle,Denial of Service,GoldenEye (HTTP),Raspberry Pi 4B 4GB,nmon,1
14:35:56.000,0.0,0.2,0.0,1,0,109.7,2.0,0.0,0.0,0.0,0.0,-0.0,-0.0,-0.0,0.0,0.0,0.0,0.0,0.0,0.0,0.0,0.0,0.0,0.0,0.0,0.0,0.0,0.0,0.0,0.0,0.0,0.0,0.0,0.0,0.0,0.0,0.2,8.5,28.0,72.0,0.20000000000000284,6.228876214617651,1.370405576679341,0.3485424588086185,2.384347275031686,1.9592310942120832,Idle,Denial of Service,GoldenEye (HTTP),Raspberry Pi 4B 4GB,nmon,1
14:35:57.000,0.2,0.2,0.0,1,0,89.8,2.0,0.0,0.0,0.0,0.0,-0.0,-0.0,-0.0,0.0,0.0,0.0,0.0,0.0,0.0,0.0,0.0,0.0,0.0,0.0,0.0,0.0,0.0,0.0,0.0,0.0,0.0,0.0,0.0,0.0,0.0,0.2,8.5,28.0,73.0,0.5,6.23151668779045,1.370405576679341,0.3485424588086185,2.384347275031686,1.9592310942120832,Idle,Denial of Service,GoldenEye (HTTP),Raspberry Pi 4B 4GB,nmon,1
14:35:58.000,0.0,0.0,0.0,1,0,98.8,2.0,0.0,0.0,0.0,0.0,-0.0,-0.0,-0.0,0.0,0.0,0.0,0.0,0.0,0.0,0.0,0.0,0.0,0.0,0.0,0.0,0.0,0.0,0.0,0.0,0.0,0.0,0.0,0.0,0.0,0.0,0.2,8.5,28.0,74.0,0.0,6.226235741444864,1.370405576679341,0.3485424588086185,2.384347275031686,1.9618715673848752,Idle,Denial of Service,GoldenEye (HTTP),Raspberry Pi 4B 4GB,nmon,1
14:35:59.000,0.0,0.2,0.2,1,0,101.6,2.0,0.0,0.0,0.0,0.0,-0.0,-0.0,-0.0,0.0,0.0,0.0,0.0,0.0,0.0,0.0,0.0,0.0,0.0,0.0,0.0,15.9,0.0,15.9,8.0,0.0,8.0,2.0,0.0,2.0,0.0,0.2,8.5,28.0,75.0,0.5,6.226235741444864,1.370405576679341,0.3485424588086185,2.384347275031686,1.9618715673848752,Idle,Denial of Service,GoldenEye (HTTP),Raspberry Pi 4B 4GB,nmon,1
14:36:00.000,0.2,0.0,0.0,1,0,101.8,2.0,0.0,0.0,0.0,0.0,-0.0,-0.0,-0.0,0.0,0.0,0.0,0.0,0.0,0.0,0.0,0.0,0.0,0.0,0.0,0.0,0.0,0.0,0.0,0.0,0.0,0.0,0.0,0.0,0.0,0.0,0.2,8.5,28.0,76.0,0.20000000000000284,6.234157160963239,1.370405576679341,0.3485424588086185,2.384347275031686,1.9592310942120832,Idle,Denial of Service,GoldenEye (HTTP),Raspberry Pi 4B 4GB,nmon,1
14:36:01.000,0.0,0.5,0.0,1,0,88.8,2.0,0.0,0.0,0.0,0.0,-0.0,-0.0,-0.0,0.0,0.0,0.0,0.0,0.0,0.0,0.0,0.0,0.0,0.0,0.0,0.0,0.0,0.0,0.0,0.0,0.0,0.0,0.0,0.0,0.0,0.0,0.2,8.5,28.0,77.0,0.5,6.228876214617651,1.370405576679341,0.3485424588086185,2.384347275031686,1.9592310942120832,Idle,Denial of Service,GoldenEye (HTTP),Raspberry Pi 4B 4GB,nmon,1
14:36:02.000,0.0,0.0,0.0,1,0,98.8,2.0,0.0,0.0,0.0,0.0,-0.0,-0.0,-0.0,0.0,0.0,0.0,0.0,0.0,0.0,0.0,0.0,0.0,0.0,0.0,0.0,0.0,0.0,0.0,0.0,0.0,0.0,0.0,0.0,0.0,0.0,0.2,8.5,28.0,78.0,0.0,6.226235741444864,1.370405576679341,0.3485424588086185,2.384347275031686,1.9565906210392903,Idle,Denial of Service,GoldenEye (HTTP),Raspberry Pi 4B 4GB,nmon,1
14:36:03.000,0.0,0.2,0.0,1,0,101.7,2.0,0.0,0.0,0.0,0.0,-0.0,-0.0,-0.0,0.0,0.0,0.0,0.0,0.0,0.0,0.0,0.0,0.0,0.0,0.0,0.0,0.0,0.0,0.0,0.0,0.0,0.0,0.0,0.0,0.0,0.0,0.2,8.5,28.0,79.0,0.20000000000000284,6.220954795099276,1.370405576679341,0.3485424588086185,2.384347275031686,1.9618715673848752,Idle,Denial of Service,GoldenEye (HTTP),Raspberry Pi 4B 4GB,nmon,1
14:36:04.000,0.0,0.2,0.0,1,0,127.5,2.0,0.0,0.0,0.0,0.0,-0.0,-0.0,-0.0,0.0,0.0,0.0,0.0,0.0,0.0,1.0,0.0,1.0,0.0,0.0,0.0,19.9,0.0,19.9,6.7,0.0,6.7,3.0,0.0,3.0,0.0,0.2,8.5,28.0,80.0,0.20000000000000284,6.226235741444864,1.370405576679341,0.3485424588086185,2.384347275031686,1.9565906210392903,Idle,Denial of Service,GoldenEye (HTTP),Raspberry Pi 4B 4GB,nmon,1
14:36:05.000,0.2,0.0,0.0,1,0,94.8,2.0,0.0,0.0,0.0,0.0,-0.0,-0.0,-0.0,0.0,0.0,0.0,0.0,0.0,0.0,0.0,0.0,0.0,0.0,0.0,0.0,0.0,0.0,0.0,0.0,0.0,0.0,0.0,0.0,0.0,0.0,0.2,8.5,28.0,81.0,0.20000000000000284,6.226235741444864,1.370405576679341,0.3485424588086185,2.384347275031686,1.9618715673848752,Idle,Denial of Service,GoldenEye (HTTP),Raspberry Pi 4B 4GB,nmon,1
14:36:06.000,0.0,0.2,0.0,1,0,90.8,2.0,0.0,0.0,0.0,0.0,-0.0,-0.0,-0.0,0.0,0.0,0.0,0.0,0.0,0.0,0.0,0.0,0.0,0.0,0.0,0.0,0.0,0.0,0.0,0.0,0.0,0.0,0.0,0.0,0.0,0.0,0.2,8.5,28.0,82.0,0.20000000000000284,6.226235741444864,1.370405576679341,0.3485424588086185,2.384347275031686,1.9618715673848752,Idle,Denial of Service,GoldenEye (HTTP),Raspberry Pi 4B 4GB,nmon,1
14:36:07.000,0.0,0.2,0.0,1,0,87.8,2.0,0.0,0.0,0.0,0.0,-0.0,-0.0,-0.0,0.0,0.0,0.0,0.0,0.0,0.0,0.0,0.0,0.0,0.0,0.0,0.0,0.0,0.0,0.0,0.0,0.0,0.0,0.0,0.0,0.0,0.0,0.2,8.5,28.0,83.0,0.20000000000000284,6.226235741444864,1.370405576679341,0.3485424588086185,2.384347275031686,1.9592310942120832,Idle,Denial of Service,GoldenEye (HTTP),Raspberry Pi 4B 4GB,nmon,1
14:36:08.000,0.0,0.2,0.0,1,0,97.8,2.0,0.0,0.0,0.0,0.0,-0.0,-0.0,-0.0,0.0,0.0,0.0,0.0,0.0,0.0,0.0,0.0,0.0,0.0,0.0,0.0,0.0,0.0,0.0,0.0,0.0,0.0,0.0,0.0,0.0,0.0,0.2,8.5,28.0,84.0,0.20000000000000284,6.220954795099276,1.370405576679341,0.3485424588086185,2.384347275031686,1.9618715673848752,Idle,Denial of Service,GoldenEye (HTTP),Raspberry Pi 4B 4GB,nmon,1
14:36:09.000,0.0,0.2,0.2,1,0,110.6,2.0,0.0,0.0,0.0,0.0,-0.0,-0.0,-0.0,0.0,0.0,0.0,0.0,0.0,0.0,0.0,0.0,0.0,0.0,0.0,0.0,15.9,0.0,15.9,8.0,0.0,8.0,2.0,0.0,2.0,0.0,0.2,8.5,28.0,85.0,0.5,6.226235741444864,1.370405576679341,0.3485424588086185,2.384347275031686,1.9592310942120832,Idle,Denial of Service,GoldenEye (HTTP),Raspberry Pi 4B 4GB,nmon,1
14:36:10.000,0.0,0.0,0.0,1,0,90.8,2.0,0.0,0.0,0.0,0.0,-0.0,-0.0,-0.0,0.0,0.0,0.0,0.0,0.0,0.0,0.0,0.0,0.0,0.0,0.0,0.0,0.0,0.0,0.0,0.0,0.0,0.0,0.0,0.0,0.0,0.0,0.2,8.5,28.0,86.0,0.0,6.220954795099276,1.370405576679341,0.3485424588086185,2.384347275031686,1.9592310942120832,Idle,Denial of Service,GoldenEye (HTTP),Raspberry Pi 4B 4GB,nmon,1
14:36:11.000,0.2,0.2,0.0,1,0,79.8,2.0,0.0,0.0,0.0,0.0,-0.0,-0.0,-0.0,0.0,0.0,0.0,0.0,0.0,0.0,0.0,0.0,0.0,0.0,0.0,0.0,0.0,0.0,0.0,0.0,0.0,0.0,0.0,0.0,0.0,0.0,0.2,8.5,28.0,87.0,0.5,6.223595268272075,1.370405576679341,0.3485424588086185,2.384347275031686,1.9618715673848752,Idle,Denial of Service,GoldenEye (HTTP),Raspberry Pi 4B 4GB,nmon,1
14:36:12.000,0.0,0.2,0.0,1,0,104.7,2.0,0.0,0.0,0.0,0.0,-0.0,-0.0,-0.0,0.0,0.0,0.0,0.0,0.0,0.0,0.0,0.0,0.0,0.0,0.0,0.0,0.0,0.0,0.0,0.0,0.0,0.0,0.0,0.0,0.0,0.0,0.2,8.5,28.0,88.0,0.20000000000000284,6.228876214617651,1.370405576679341,0.3485424588086185,2.384347275031686,1.9618715673848752,Idle,Denial of Service,GoldenEye (HTTP),Raspberry Pi 4B 4GB,nmon,1
14:36:13.000,0.2,0.0,0.0,1,0,92.8,2.0,0.0,0.0,0.0,0.0,-0.0,-0.0,-0.0,0.0,0.0,0.0,0.0,0.0,0.0,0.0,0.0,0.0,0.0,0.0,0.0,0.0,0.0,0.0,0.0,0.0,0.0,0.0,0.0,0.0,0.0,0.2,8.5,28.0,89.0,0.20000000000000284,6.226235741444864,1.370405576679341,0.3485424588086185,2.384347275031686,1.9618715673848752,Idle,Denial of Service,GoldenEye (HTTP),Raspberry Pi 4B 4GB,nmon,1
14:36:14.000,0.0,0.5,0.0,1,0,119.6,2.0,0.0,0.0,0.0,0.0,-0.0,-0.0,-0.0,0.0,0.0,0.0,0.0,0.0,0.0,1.0,0.0,1.0,0.0,0.0,0.0,27.9,0.0,27.9,7.0,0.0,7.0,4.0,0.0,4.0,0.0,0.2,8.5,28.0,90.0,0.5,6.226235741444864,1.370405576679341,0.3485424588086185,2.384347275031686,1.9592310942120832,Idle,Denial of Service,GoldenEye (HTTP),Raspberry Pi 4B 4GB,nmon,1
14:36:15.000,0.0,0.0,0.0,1,0,92.8,2.0,0.0,0.0,0.0,0.0,-0.0,-0.0,-0.0,0.0,0.0,0.0,0.0,0.0,0.0,0.0,0.0,0.0,0.0,0.0,0.0,0.0,0.0,0.0,0.0,0.0,0.0,0.0,0.0,0.0,0.0,0.2,8.5,28.0,91.0,0.0,6.226235741444864,1.370405576679341,0.3485424588086185,2.384347275031686,1.9618715673848752,Idle,Denial of Service,GoldenEye (HTTP),Raspberry Pi 4B 4GB,nmon,1
14:36:16.000,0.0,0.2,0.0,1,0,99.7,2.0,0.0,0.0,0.0,0.0,-0.0,-0.0,-0.0,0.0,0.0,0.0,0.0,0.0,0.0,0.0,0.0,0.0,0.0,0.0,0.0,0.0,0.0,0.0,0.0,0.0,0.0,0.0,0.0,0.0,0.0,0.2,8.5,28.0,92.0,0.20000000000000284,6.226235741444864,1.370405576679341,0.3485424588086185,2.384347275031686,1.9645120405576681,Idle,Denial of Service,GoldenEye (HTTP),Raspberry Pi 4B 4GB,nmon,1
14:36:17.000,0.0,0.2,0.0,1,0,83.8,2.0,0.0,0.0,0.0,0.0,-0.0,-0.0,-0.0,0.0,0.0,0.0,0.0,0.0,0.0,0.0,0.0,0.0,0.0,0.0,0.0,0.0,0.0,0.0,0.0,0.0,0.0,0.0,0.0,0.0,0.0,0.2,8.5,28.0,93.0,0.20000000000000284,6.220954795099276,1.370405576679341,0.3485424588086185,2.384347275031686,1.9618715673848752,Idle,Denial of Service,GoldenEye (HTTP),Raspberry Pi 4B 4GB,nmon,1
14:36:18.000,0.2,0.0,0.0,1,0,114.7,2.0,0.0,0.0,0.0,0.0,-0.0,-0.0,-0.0,0.0,0.0,0.0,0.0,0.0,0.0,0.0,0.0,0.0,0.0,0.0,0.0,0.0,0.0,0.0,0.0,0.0,0.0,0.0,0.0,0.0,0.0,0.2,8.5,28.0,94.0,0.20000000000000284,6.226235741444864,1.370405576679341,0.3485424588086185,2.384347275031686,1.9592310942120832,Idle,Denial of Service,GoldenEye (HTTP),Raspberry Pi 4B 4GB,nmon,1
14:36:19.000,0.0,0.2,0.2,1,0,116.5,2.0,0.0,0.0,0.0,0.0,-0.0,-0.0,-0.0,0.0,0.0,0.0,0.0,0.0,0.0,0.0,0.0,0.0,0.0,0.0,0.0,23.9,0.0,23.9,12.0,0.0,12.0,2.0,0.0,2.0,0.0,0.2,8.5,28.0,95.0,0.5,6.226235741444864,1.370405576679341,0.3485424588086185,2.384347275031686,1.9618715673848752,Idle,Denial of Service,GoldenEye (HTTP),Raspberry Pi 4B 4GB,nmon,1
14:36:20.000,0.2,0.2,0.0,1,0,109.7,2.0,0.0,0.0,0.0,0.0,-0.0,-0.0,-0.0,0.0,0.0,0.0,0.0,0.0,0.0,0.0,0.0,0.0,0.0,0.0,0.0,27.9,0.0,27.9,28.0,0.0,28.0,1.0,0.0,1.0,0.0,0.2,8.5,28.0,96.0,0.5,6.226235741444864,1.370405576679341,0.3485424588086185,2.384347275031686,1.9618715673848752,Idle,Denial of Service,GoldenEye (HTTP),Raspberry Pi 4B 4GB,nmon,1
14:36:21.000,0.0,0.0,0.0,1,0,112.7,2.0,0.0,0.0,0.0,0.0,-0.0,-0.0,-0.0,0.0,0.0,0.0,0.0,0.0,0.0,0.0,0.0,0.0,0.0,0.0,0.0,8.0,0.0,8.0,4.0,0.0,4.0,2.0,0.0,2.0,0.0,0.2,8.5,28.0,97.0,0.0,6.220954795099276,1.370405576679341,0.3485424588086185,2.384347275031686,1.9618715673848752,Idle,Denial of Service,GoldenEye (HTTP),Raspberry Pi 4B 4GB,nmon,1
14:36:22.000,0.0,0.2,0.0,1,0,86.8,2.0,0.0,0.0,0.0,0.0,-0.0,-0.0,-0.0,0.0,0.0,0.0,0.0,0.0,0.0,0.0,0.0,0.0,0.0,0.0,0.0,0.0,0.0,0.0,0.0,0.0,0.0,0.0,0.0,0.0,0.0,0.2,8.5,28.0,98.0,0.20000000000000284,6.226235741444864,1.370405576679341,0.3485424588086185,2.384347275031686,1.9618715673848752,Idle,Denial of Service,GoldenEye (HTTP),Raspberry Pi 4B 4GB,nmon,1
14:36:23.000,0.0,0.2,0.0,1,0,89.8,2.0,0.0,0.0,0.0,0.0,-0.0,-0.0,-0.0,0.0,0.0,0.0,0.0,0.0,0.0,0.0,0.0,0.0,0.0,0.0,0.0,0.0,0.0,0.0,0.0,0.0,0.0,0.0,0.0,0.0,0.0,0.2,8.5,28.0,99.0,0.20000000000000284,6.226235741444864,1.370405576679341,0.3485424588086185,2.384347275031686,1.9592310942120832,Idle,Denial of Service,GoldenEye (HTTP),Raspberry Pi 4B 4GB,nmon,1
14:36:24.000,0.0,0.2,0.0,1,0,137.5,2.0,0.0,0.0,0.0,0.0,-0.0,-0.0,-0.0,0.0,0.0,0.0,0.0,0.0,0.0,1.0,0.0,1.0,0.0,0.0,0.0,43.8,0.0,43.8,6.3,0.0,6.3,7.0,0.0,7.0,0.0,0.2,8.5,28.0,100.0,0.20000000000000284,6.2156738487536884,1.370405576679341,0.3485424588086185,2.384347275031686,1.9645120405576681,Idle,Denial of Service,GoldenEye (HTTP),Raspberry Pi 4B 4GB,nmon,1
14:36:25.000,0.2,0.0,0.0,1,0,127.7,2.0,0.0,0.0,0.0,0.1,-0.0,-0.0,-0.0,0.0,0.0,1.0,0.0,0.0,0.0,0.0,0.0,0.0,0.0,0.0,0.0,4.0,0.0,4.0,4.0,0.0,4.0,1.0,0.0,1.0,0.0,0.2,8.5,28.0,101.0,0.20000000000000284,6.226235741444864,1.370405576679341,0.3485424588086185,2.384347275031686,1.9618715673848752,Idle,Denial of Service,GoldenEye (HTTP),Raspberry Pi 4B 4GB,nmon,1
14:36:26.000,0.0,0.2,0.0,1,0,104.7,2.0,0.0,0.0,0.0,0.0,-0.0,-0.0,-0.0,0.0,0.0,0.0,0.0,0.0,0.0,0.0,0.0,0.0,0.0,0.0,0.0,0.0,0.0,0.0,0.0,0.0,0.0,0.0,0.0,0.0,0.0,0.2,8.5,28.0,102.0,0.20000000000000284,6.226235741444864,1.370405576679341,0.3485424588086185,2.384347275031686,1.9618715673848752,Idle,Denial of Service,GoldenEye (HTTP),Raspberry Pi 4B 4GB,nmon,1
14:36:27.000,0.0,0.2,0.2,1,0,124.7,2.0,0.0,0.0,0.0,0.0,-0.0,-0.0,-0.0,0.0,0.0,0.0,0.0,0.0,0.0,1.0,0.0,1.0,0.0,0.0,0.0,20.0,0.0,20.0,6.7,0.0,6.7,3.0,0.0,3.0,0.0,0.2,8.5,28.0,103.0,0.5,6.228876214617651,1.370405576679341,0.3485424588086185,2.384347275031686,1.9565906210392903,Idle,Denial of Service,GoldenEye (HTTP),Raspberry Pi 4B 4GB,nmon,1
14:36:28.000,0.0,0.2,0.0,1,0,100.7,2.0,0.0,0.0,0.0,0.0,-0.0,-0.0,-0.0,0.0,0.0,0.0,0.0,0.0,0.0,0.0,0.0,0.0,0.0,0.0,0.0,0.0,0.0,0.0,0.0,0.0,0.0,0.0,0.0,0.0,0.0,0.2,8.5,28.0,104.0,0.20000000000000284,6.226235741444864,1.3730460498521335,0.3485424588086185,2.384347275031686,1.9592310942120832,Idle,Denial of Service,GoldenEye (HTTP),Raspberry Pi 4B 4GB,nmon,1
14:36:29.000,0.0,0.0,0.0,1,0,87.8,2.0,0.0,0.0,0.0,0.0,-0.0,-0.0,-0.0,0.0,0.0,0.0,0.0,0.0,0.0,0.0,0.0,0.0,0.0,0.0,0.0,0.0,0.0,0.0,0.0,0.0,0.0,0.0,0.0,0.0,0.0,0.2,8.5,28.0,105.0,0.0,6.226235741444864,1.3730460498521335,0.3485424588086185,2.384347275031686,1.9618715673848752,Idle,Denial of Service,GoldenEye (HTTP),Raspberry Pi 4B 4GB,nmon,1
14:36:30.000,0.0,0.2,0.0,1,0,92.8,2.0,0.0,0.0,0.0,0.0,-0.0,-0.0,-0.0,0.0,0.0,0.0,0.0,0.0,0.0,0.0,0.0,0.0,0.0,0.0,0.0,0.0,0.0,0.0,0.0,0.0,0.0,0.0,0.0,0.0,0.0,0.2,8.5,28.0,106.0,0.20000000000000284,6.228876214617651,1.3730460498521335,0.3485424588086185,2.384347275031686,1.9565906210392903,Idle,Denial of Service,GoldenEye (HTTP),Raspberry Pi 4B 4GB,nmon,1
14:36:31.000,0.0,0.2,0.0,1,0,93.8,2.0,0.0,0.0,0.0,0.0,-0.0,-0.0,-0.0,0.0,0.0,0.0,0.0,0.0,0.0,0.0,0.0,0.0,0.0,0.0,0.0,0.0,0.0,0.0,0.0,0.0,0.0,0.0,0.0,0.0,0.0,0.2,8.5,28.0,107.0,0.20000000000000284,6.23151668779045,1.3730460498521335,0.3485424588086185,2.384347275031686,1.9645120405576681,Idle,Denial of Service,GoldenEye (HTTP),Raspberry Pi 4B 4GB,nmon,1
14:36:32.000,0.0,0.5,0.2,1,0,231.4,3.0,0.0,0.0,0.0,0.0,-0.0,-0.0,-0.0,0.0,0.0,0.0,0.0,0.0,0.0,2.0,0.0,2.0,0.0,0.0,0.0,111.7,0.0,111.7,7.5,0.0,7.5,15.0,0.0,15.0,0.0,0.2,8.5,28.0,108.0,0.7000000000000028,6.226235741444864,1.3730460498521335,0.3485424588086185,2.384347275031686,1.9618715673848752,Idle,Denial of Service,GoldenEye (HTTP),Raspberry Pi 4B 4GB,nmon,1
14:36:33.000,0.2,0.0,0.0,1,0,94.8,2.0,0.0,0.0,0.0,0.0,-0.0,-0.0,-0.0,0.0,0.0,0.0,0.0,0.0,0.0,0.0,0.0,0.0,0.0,0.0,0.0,0.0,0.0,0.0,0.0,0.0,0.0,0.0,0.0,0.0,0.0,0.2,8.5,28.0,109.0,0.20000000000000284,6.23151668779045,1.3730460498521335,0.3485424588086185,2.384347275031686,1.9618715673848752,Idle,Denial of Service,GoldenEye (HTTP),Raspberry Pi 4B 4GB,nmon,1
14:36:34.000,0.2,0.0,0.0,1,0,130.7,3.0,0.0,0.0,0.0,0.0,-0.0,-0.0,-0.0,0.0,0.0,0.0,0.0,0.0,0.0,0.0,0.0,0.0,0.0,0.0,0.0,0.0,0.0,0.0,0.0,0.0,0.0,0.0,0.0,0.0,0.0,0.2,8.5,28.0,110.0,0.20000000000000284,6.226235741444864,1.3730460498521335,0.3485424588086185,2.384347275031686,1.9592310942120832,Idle,Denial of Service,GoldenEye (HTTP),Raspberry Pi 4B 4GB,nmon,1
14:36:35.000,0.0,0.0,0.0,1,0,111.7,2.0,0.0,0.0,0.0,0.0,-0.0,-0.0,-0.0,0.0,0.0,0.0,0.0,0.0,0.0,0.0,0.0,0.0,0.0,0.0,0.0,0.0,0.0,0.0,0.0,0.0,0.0,0.0,0.0,0.0,0.0,0.2,8.5,28.0,111.0,0.0,6.226235741444864,1.3730460498521335,0.3485424588086185,2.384347275031686,1.9618715673848752,Idle,Denial of Service,GoldenEye (HTTP),Raspberry Pi 4B 4GB,nmon,1
14:36:36.000,0.0,0.5,0.0,1,0,105.7,2.0,0.0,0.0,0.0,0.0,-0.0,-0.0,-0.0,0.0,0.0,0.0,0.0,0.0,0.0,0.0,0.0,0.0,0.0,0.0,0.0,0.0,0.0,0.0,0.0,0.0,0.0,0.0,0.0,0.0,0.0,0.2,8.5,28.0,112.0,0.5,6.226235741444864,1.3730460498521335,0.3485424588086185,2.384347275031686,1.9618715673848752,Idle,Denial of Service,GoldenEye (HTTP),Raspberry Pi 4B 4GB,nmon,1
14:36:37.000,0.0,0.2,0.0,1,0,79.8,2.0,0.0,0.0,0.0,0.0,-0.0,-0.0,-0.0,0.0,0.0,0.0,0.0,0.0,0.0,0.0,0.0,0.0,0.0,0.0,0.0,0.0,0.0,0.0,0.0,0.0,0.0,0.0,0.0,0.0,0.0,0.2,8.5,28.0,113.0,0.20000000000000284,6.226235741444864,1.3730460498521335,0.3485424588086185,2.384347275031686,1.9618715673848752,Idle,Denial of Service,GoldenEye (HTTP),Raspberry Pi 4B 4GB,nmon,1
14:36:38.000,0.0,0.2,0.0,1,0,120.5,2.0,0.0,0.0,0.0,0.0,-0.0,-0.0,-0.0,0.0,0.0,0.0,0.0,0.0,0.0,0.0,0.0,0.0,0.0,0.0,0.0,15.9,0.0,15.9,8.0,0.0,8.0,2.0,0.0,2.0,0.0,0.2,8.5,28.0,114.0,0.20000000000000284,6.226235741444864,1.3730460498521335,0.3485424588086185,2.384347275031686,1.9592310942120832,Idle,Denial of Service,GoldenEye (HTTP),Raspberry Pi 4B 4GB,nmon,1
14:36:39.000,0.2,0.2,0.0,1,0,94.8,2.0,0.0,0.0,0.0,0.0,-0.0,-0.0,-0.0,0.0,0.0,0.0,0.0,0.0,0.0,0.0,0.0,0.0,0.0,0.0,0.0,0.0,0.0,0.0,0.0,0.0,0.0,0.0,0.0,0.0,0.0,0.2,8.5,28.0,115.0,0.5,6.226235741444864,1.3730460498521335,0.3485424588086185,2.384347275031686,1.9618715673848752,Idle,Denial of Service,GoldenEye (HTTP),Raspberry Pi 4B 4GB,nmon,1
14:36:40.000,0.0,0.2,0.0,1,0,77.8,2.0,0.0,0.0,0.0,0.0,-0.0,-0.0,-0.0,0.0,0.0,0.0,0.0,0.0,0.0,0.0,0.0,0.0,0.0,0.0,0.0,0.0,0.0,0.0,0.0,0.0,0.0,0.0,0.0,0.0,0.0,0.2,8.5,28.0,116.0,0.20000000000000284,6.23151668779045,1.3730460498521335,0.3485424588086185,2.384347275031686,1.9618715673848752,Idle,Denial of Service,GoldenEye (HTTP),Raspberry Pi 4B 4GB,nmon,1
14:36:41.000,0.0,0.2,0.0,1,0,89.8,2.0,0.0,0.0,0.0,0.0,-0.0,-0.0,-0.0,0.0,0.0,0.0,0.0,0.0,0.0,0.0,0.0,0.0,0.0,0.0,0.0,0.0,0.0,0.0,0.0,0.0,0.0,0.0,0.0,0.0,0.0,0.2,8.5,28.0,117.0,0.20000000000000284,6.226235741444864,1.3730460498521335,0.3485424588086185,2.384347275031686,1.9592310942120832,Idle,Denial of Service,GoldenEye (HTTP),Raspberry Pi 4B 4GB,nmon,1
14:36:42.000,0.0,0.2,0.0,1,0,78.8,2.0,0.0,0.0,0.0,0.0,-0.0,-0.0,-0.0,0.0,0.0,0.0,0.0,0.0,0.0,0.0,0.0,0.0,0.0,0.0,0.0,0.0,0.0,0.0,0.0,0.0,0.0,0.0,0.0,0.0,0.0,0.2,8.5,28.0,118.0,0.20000000000000284,6.234157160963239,1.3730460498521335,0.3485424588086185,2.384347275031686,1.9645120405576681,Idle,Denial of Service,GoldenEye (HTTP),Raspberry Pi 4B 4GB,nmon,1
14:36:43.000,0.0,0.0,0.2,1,0,166.3,2.0,0.0,0.0,0.0,0.0,-0.0,-0.0,-0.0,0.0,0.0,0.0,0.0,0.0,0.0,2.0,0.0,2.0,0.0,0.0,0.0,91.6,0.0,91.6,7.7,0.0,7.7,12.0,0.0,12.0,0.0,0.2,8.5,28.0,119.0,0.20000000000000284,6.226235741444864,1.3730460498521335,0.3485424588086185,2.384347275031686,1.9618715673848752,Idle,Denial of Service,GoldenEye (HTTP),Raspberry Pi 4B 4GB,nmon,1
14:36:44.000,0.0,0.5,0.0,1,0,92.8,2.0,0.0,0.0,0.0,0.0,-0.0,-0.0,-0.0,0.0,0.0,0.0,0.0,0.0,0.0,0.0,0.0,0.0,0.0,0.0,0.0,0.0,0.0,0.0,0.0,0.0,0.0,0.0,0.0,0.0,0.0,0.2,8.5,28.0,120.0,0.5,6.226235741444864,1.3730460498521335,0.3485424588086185,2.384347275031686,1.9618715673848752,Idle,Denial of Service,GoldenEye (HTTP),Raspberry Pi 4B 4GB,nmon,1
14:36:45.000,0.0,0.0,0.0,1,0,85.8,2.0,0.0,0.0,0.0,0.0,-0.0,-0.0,-0.0,0.0,0.0,0.0,0.0,0.0,0.0,0.0,0.0,0.0,0.0,0.0,0.0,0.0,0.0,0.0,0.0,0.0,0.0,0.0,0.0,0.0,0.0,0.2,8.5,28.0,121.0,0.0,6.226235741444864,1.3730460498521335,0.3485424588086185,2.384347275031686,1.9618715673848752,Idle,Denial of Service,GoldenEye (HTTP),Raspberry Pi 4B 4GB,nmon,1
14:36:46.000,0.2,0.2,0.0,1,0,90.8,2.0,0.0,0.0,0.0,0.0,-0.0,-0.0,-0.0,0.0,0.0,0.0,0.0,0.0,0.0,0.0,0.0,0.0,0.0,0.0,0.0,0.0,0.0,0.0,0.0,0.0,0.0,0.0,0.0,0.0,0.0,0.2,8.5,28.0,122.0,0.5,6.226235741444864,1.3730460498521335,0.3485424588086185,2.384347275031686,1.9592310942120832,Idle,Denial of Service,GoldenEye (HTTP),Raspberry Pi 4B 4GB,nmon,1
14:36:47.000,0.0,0.2,0.0,1,0,95.8,2.0,0.0,0.0,0.0,0.0,-0.0,-0.0,-0.0,0.0,0.0,0.0,0.0,0.0,0.0,0.0,0.0,0.0,0.0,0.0,0.0,0.0,0.0,0.0,0.0,0.0,0.0,0.0,0.0,0.0,0.0,0.2,8.5,28.0,123.0,0.20000000000000284,6.234157160963239,1.3730460498521335,0.3511829319814111,2.384347275031686,1.9592310942120832,Idle,Denial of Service,GoldenEye (HTTP),Raspberry Pi 4B 4GB,nmon,1
14:36:48.000,0.0,0.0,0.0,1,0,108.6,2.0,0.0,0.0,0.0,0.0,-0.0,-0.0,-0.0,0.0,0.0,0.0,0.0,0.0,0.0,0.0,0.0,0.0,0.0,0.0,0.0,15.9,0.0,15.9,8.0,0.0,8.0,2.0,0.0,2.0,0.0,0.2,8.5,28.0,124.0,0.0,6.228876214617651,1.3730460498521335,0.3511829319814111,2.384347275031686,1.9618715673848752,Idle,Denial of Service,GoldenEye (HTTP),Raspberry Pi 4B 4GB,nmon,1
14:36:49.000,0.0,0.5,0.0,1,0,78.8,2.0,0.0,0.0,0.0,0.0,-0.0,-0.0,-0.0,0.0,0.0,0.0,0.0,0.0,0.0,0.0,0.0,0.0,0.0,0.0,0.0,0.0,0.0,0.0,0.0,0.0,0.0,0.0,0.0,0.0,0.0,0.2,8.5,28.0,125.0,0.5,6.223595268272075,1.3730460498521335,0.3511829319814111,2.384347275031686,1.9592310942120832,Idle,Denial of Service,GoldenEye (HTTP),Raspberry Pi 4B 4GB,nmon,1
14:36:50.000,0.2,0.0,0.0,1,0,97.8,2.0,0.0,0.0,0.0,0.0,-0.0,-0.0,-0.0,0.0,0.0,0.0,0.0,0.0,0.0,0.0,0.0,0.0,0.0,0.0,0.0,0.0,0.0,0.0,0.0,0.0,0.0,0.0,0.0,0.0,0.0,0.2,8.5,28.0,126.0,0.20000000000000284,6.220954795099276,1.3730460498521335,0.3511829319814111,2.384347275031686,1.9618715673848752,Idle,Denial of Service,GoldenEye (HTTP),Raspberry Pi 4B 4GB,nmon,1
14:36:51.000,0.0,0.2,0.0,1,0,113.7,2.0,0.0,0.0,0.0,0.0,-0.0,-0.0,-0.0,0.0,0.0,0.0,0.0,0.0,0.0,0.0,0.0,0.0,0.0,0.0,0.0,23.9,0.0,23.9,24.0,0.0,24.0,1.0,0.0,1.0,0.0,0.2,8.5,28.0,127.0,0.20000000000000284,6.207752429235313,1.3730460498521335,0.3511829319814111,2.384347275031686,1.9618715673848752,Idle,Denial of Service,GoldenEye (HTTP),Raspberry Pi 4B 4GB,nmon,1
14:36:52.000,0.0,0.2,0.0,1,0,93.8,2.0,0.0,0.0,0.0,0.0,-0.0,-0.0,-0.0,0.0,0.0,0.0,0.0,0.0,0.0,0.0,0.0,0.0,0.0,0.0,0.0,0.0,0.0,0.0,0.0,0.0,0.0,0.0,0.0,0.0,0.0,0.2,8.5,28.0,128.0,0.20000000000000284,6.207752429235313,1.3730460498521335,0.3511829319814111,2.384347275031686,1.9592310942120832,Idle,Denial of Service,GoldenEye (HTTP),Raspberry Pi 4B 4GB,nmon,1
14:36:53.000,0.0,0.2,0.2,1,0,123.3,2.0,0.0,0.0,0.0,0.0,-0.0,-0.0,-0.0,0.0,0.0,0.0,0.0,0.0,0.0,1.0,0.0,1.0,0.0,0.0,0.0,43.7,0.0,43.7,7.3,0.0,7.3,6.0,0.0,6.0,0.0,0.2,8.5,28.0,129.0,0.5,6.199831009716938,1.3730460498521335,0.3511829319814111,2.384347275031686,1.9645120405576681,Idle,Denial of Service,GoldenEye (HTTP),Raspberry Pi 4B 4GB,nmon,1
14:36:54.000,0.0,0.0,0.0,1,0,103.7,2.0,0.0,0.0,0.0,0.0,-0.0,-0.0,-0.0,0.0,0.0,0.0,0.0,0.0,0.0,0.0,0.0,0.0,0.0,0.0,0.0,0.0,0.0,0.0,0.0,0.0,0.0,0.0,0.0,0.0,0.0,0.2,8.5,28.0,130.0,0.0,6.194550063371351,1.3730460498521335,0.3511829319814111,2.384347275031686,1.9592310942120832,Idle,Denial of Service,GoldenEye (HTTP),Raspberry Pi 4B 4GB,nmon,1
14:36:55.000,0.2,0.2,0.0,1,0,180.6,2.0,0.0,0.0,0.0,0.1,-0.0,-0.0,-0.0,0.0,0.0,2.0,0.0,0.0,0.0,1.0,0.0,1.0,0.0,0.0,0.0,63.8,0.0,63.8,8.0,0.0,8.0,8.0,0.0,8.0,0.0,0.2,8.5,28.0,131.0,0.5,6.186628643852976,1.3730460498521335,0.3511829319814111,2.384347275031686,1.9592310942120832,Idle,Denial of Service,GoldenEye (HTTP),Raspberry Pi 4B 4GB,nmon,1
14:36:56.000,0.0,0.2,0.0,1,0,107.7,2.0,0.0,0.0,0.0,0.0,-0.0,-0.0,-0.0,0.0,0.0,0.0,0.0,0.0,0.0,1.0,0.0,1.0,0.0,0.0,0.0,4.0,0.0,4.0,4.0,0.0,4.0,1.0,0.0,1.0,0.0,0.2,8.5,28.0,132.0,0.20000000000000284,6.186628643852976,1.3730460498521335,0.3511829319814111,2.384347275031686,1.9618715673848752,Idle,Denial of Service,GoldenEye (HTTP),Raspberry Pi 4B 4GB,nmon,1
14:36:57.000,0.0,0.2,0.0,1,0,89.8,2.0,0.0,0.0,0.0,0.0,-0.0,-0.0,-0.0,0.0,0.0,0.0,0.0,0.0,0.0,0.0,0.0,0.0,0.0,0.0,0.0,0.0,0.0,0.0,0.0,0.0,0.0,0.0,0.0,0.0,0.0,0.2,8.5,28.0,133.0,0.20000000000000284,6.186628643852976,1.3730460498521335,0.3511829319814111,2.384347275031686,1.9645120405576681,Idle,Denial of Service,GoldenEye (HTTP),Raspberry Pi 4B 4GB,nmon,1
14:36:58.000,0.0,0.0,0.2,1,0,133.4,2.0,0.0,0.0,0.0,0.1,-0.0,-0.0,-0.0,0.0,0.0,1.0,0.0,0.0,0.0,0.0,0.0,0.0,0.0,0.0,0.0,15.9,0.0,15.9,8.0,0.0,8.0,2.0,0.0,2.0,0.0,0.2,8.5,28.0,134.0,0.20000000000000284,6.181347697507389,1.3730460498521335,0.3511829319814111,2.384347275031686,1.9618715673848752,Idle,Denial of Service,GoldenEye (HTTP),Raspberry Pi 4B 4GB,nmon,1
14:36:59.000,0.0,0.5,0.0,1,0,92.8,2.0,0.0,0.0,0.0,0.0,-0.0,-0.0,-0.0,0.0,0.0,0.0,0.0,0.0,0.0,0.0,0.0,0.0,0.0,0.0,0.0,0.0,0.0,0.0,0.0,0.0,0.0,0.0,0.0,0.0,0.0,0.2,8.5,28.0,135.0,0.5,6.1681453316434265,1.3730460498521335,0.3511829319814111,2.384347275031686,1.9565906210392903,Idle,Denial of Service,GoldenEye (HTTP),Raspberry Pi 4B 4GB,nmon,1
14:37:00.000,0.0,0.0,0.0,1,0,89.8,2.0,0.0,0.0,0.0,0.0,-0.0,-0.0,-0.0,0.0,0.0,0.0,0.0,0.0,0.0,0.0,0.0,0.0,0.0,0.0,0.0,0.0,0.0,0.0,0.0,0.0,0.0,0.0,0.0,0.0,0.0,0.2,8.5,28.0,136.0,0.0,6.173426277989014,1.3730460498521335,0.3511829319814111,2.384347275031686,1.9618715673848752,Idle,Denial of Service,GoldenEye (HTTP),Raspberry Pi 4B 4GB,nmon,1
14:37:01.000,0.2,0.2,0.0,1,0,103.7,2.0,0.0,0.0,0.0,0.0,-0.0,-0.0,-0.0,0.0,0.0,0.0,0.0,0.0,0.0,0.0,0.0,0.0,0.0,0.0,0.0,0.0,0.0,0.0,0.0,0.0,0.0,0.0,0.0,0.0,0.0,0.2,8.5,28.0,137.0,0.5,6.173426277989014,1.3730460498521335,0.3511829319814111,2.384347275031686,1.9618715673848752,Idle,Denial of Service,GoldenEye (HTTP),Raspberry Pi 4B 4GB,nmon,1
14:37:02.000,0.0,0.2,0.0,1,0,86.8,2.0,0.0,0.0,0.0,0.0,-0.0,-0.0,-0.0,0.0,0.0,0.0,0.0,0.0,0.0,0.0,0.0,0.0,0.0,0.0,0.0,0.0,0.0,0.0,0.0,0.0,0.0,0.0,0.0,0.0,0.0,0.2,8.5,28.0,138.0,0.20000000000000284,6.1681453316434265,1.3730460498521335,0.3511829319814111,2.384347275031686,1.9618715673848752,Idle,Denial of Service,GoldenEye (HTTP),Raspberry Pi 4B 4GB,nmon,1
14:37:03.000,0.0,0.2,0.0,1,0,132.5,2.0,0.0,0.0,0.0,0.0,-0.0,-0.0,-0.0,0.0,0.0,0.0,0.0,0.0,0.0,1.0,0.0,1.0,0.0,0.0,0.0,27.9,0.0,27.9,7.0,0.0,7.0,4.0,0.0,4.0,0.0,0.2,8.5,28.0,139.0,0.20000000000000284,6.160223912125051,1.3730460498521335,0.3511829319814111,2.384347275031686,1.9618715673848752,Idle,Denial of Service,GoldenEye (HTTP),Raspberry Pi 4B 4GB,nmon,1
14:37:04.000,0.0,0.2,0.0,1,0,89.8,2.0,0.0,0.0,0.0,0.0,-0.0,-0.0,-0.0,0.0,0.0,0.0,0.0,0.0,0.0,0.0,0.0,0.0,0.0,0.0,0.0,0.0,0.0,0.0,0.0,0.0,0.0,0.0,0.0,0.0,0.0,0.2,8.5,28.0,140.0,0.20000000000000284,6.1681453316434265,1.3730460498521335,0.3511829319814111,2.384347275031686,1.9618715673848752,Idle,Denial of Service,GoldenEye (HTTP),Raspberry Pi 4B 4GB,nmon,1
14:37:05.000,0.0,0.0,0.0,1,0,83.8,2.0,0.0,0.0,0.0,0.0,-0.0,-0.0,-0.0,0.0,0.0,0.0,0.0,0.0,0.0,0.0,0.0,0.0,0.0,0.0,0.0,0.0,0.0,0.0,0.0,0.0,0.0,0.0,0.0,0.0,0.0,0.2,8.5,28.0,141.0,0.0,6.154942965779464,1.3730460498521335,0.3511829319814111,2.384347275031686,1.9618715673848752,Idle,Denial of Service,GoldenEye (HTTP),Raspberry Pi 4B 4GB,nmon,1
14:37:06.000,0.0,0.5,0.2,1,0,157.6,3.0,0.0,0.0,0.0,0.0,-0.0,-0.0,-0.0,0.0,0.0,0.0,0.0,0.0,0.0,1.0,0.0,1.0,0.0,0.0,0.0,71.8,0.0,71.8,8.0,0.0,8.0,9.0,0.0,9.0,0.0,0.2,8.5,28.0,142.0,0.7000000000000028,6.160223912125051,1.3730460498521335,0.3511829319814111,2.384347275031686,1.9618715673848752,Idle,Denial of Service,GoldenEye (HTTP),Raspberry Pi 4B 4GB,nmon,1
14:37:07.000,0.0,0.2,0.0,1,0,117.7,2.0,0.0,0.0,0.0,0.0,-0.0,-0.0,-0.0,0.0,0.0,0.0,0.0,0.0,0.0,0.0,0.0,0.0,0.0,0.0,0.0,0.0,0.0,0.0,0.0,0.0,0.0,0.0,0.0,0.0,0.0,0.2,8.5,28.0,143.0,0.20000000000000284,6.154942965779464,1.3730460498521335,0.3511829319814111,2.384347275031686,1.9618715673848752,Idle,Denial of Service,GoldenEye (HTTP),Raspberry Pi 4B 4GB,nmon,1
14:37:08.000,0.0,0.0,0.0,1,0,102.6,2.0,0.0,0.0,0.0,0.0,-0.0,-0.0,-0.0,0.0,0.0,0.0,0.0,0.0,0.0,0.0,0.0,0.0,0.0,0.0,0.0,15.9,0.0,15.9,8.0,0.0,8.0,2.0,0.0,2.0,0.0,0.2,8.5,28.0,144.0,0.0,6.147021546261078,1.3730460498521335,0.3511829319814111,2.384347275031686,1.9618715673848752,Idle,Denial of Service,GoldenEye (HTTP),Raspberry Pi 4B 4GB,nmon,1
14:37:09.000,0.0,0.2,0.0,1,0,82.8,2.0,0.0,0.0,0.0,0.0,-0.0,-0.0,-0.0,0.0,0.0,0.0,0.0,0.0,0.0,0.0,0.0,0.0,0.0,0.0,0.0,0.0,0.0,0.0,0.0,0.0,0.0,0.0,0.0,0.0,0.0,0.2,8.5,28.0,145.0,0.20000000000000284,6.147021546261078,1.3730460498521335,0.3511829319814111,2.384347275031686,1.9618715673848752,Idle,Denial of Service,GoldenEye (HTTP),Raspberry Pi 4B 4GB,nmon,1
14:37:10.000,0.0,0.2,0.0,1,0,91.8,2.0,0.0,0.0,0.0,0.0,-0.0,-0.0,-0.0,0.0,0.0,0.0,0.0,0.0,0.0,0.0,0.0,0.0,0.0,0.0,0.0,0.0,0.0,0.0,0.0,0.0,0.0,0.0,0.0,0.0,0.0,0.2,8.5,28.0,146.0,0.20000000000000284,6.141740599915502,1.3730460498521335,0.3511829319814111,2.384347275031686,1.9618715673848752,Idle,Denial of Service,GoldenEye (HTTP),Raspberry Pi 4B 4GB,nmon,1
14:37:11.000,0.0,0.2,0.0,1,0,89.8,2.0,0.0,0.0,0.0,0.0,-0.0,-0.0,-0.0,0.0,0.0,0.0,0.0,0.0,0.0,0.0,0.0,0.0,0.0,0.0,0.0,0.0,0.0,0.0,0.0,0.0,0.0,0.0,0.0,0.0,0.0,0.2,8.5,28.0,147.0,0.20000000000000284,6.133819180397115,1.3730460498521335,0.3511829319814111,2.384347275031686,1.9618715673848752,Idle,Denial of Service,GoldenEye (HTTP),Raspberry Pi 4B 4GB,nmon,1
14:37:12.000,0.2,0.0,0.0,1,0,79.8,2.0,0.0,0.0,0.0,0.0,-0.0,-0.0,-0.0,0.0,0.0,0.0,0.0,0.0,0.0,1.0,0.0,1.0,0.0,0.0,0.0,0.0,0.0,0.0,0.0,0.0,0.0,0.0,0.0,0.0,0.0,0.2,8.5,28.0,148.0,0.20000000000000284,6.133819180397115,1.3730460498521335,0.3511829319814111,2.384347275031686,1.9618715673848752,Idle,Denial of Service,GoldenEye (HTTP),Raspberry Pi 4B 4GB,nmon,1
14:37:13.000,0.2,0.2,0.2,1,0,125.7,2.0,0.0,0.0,0.0,0.0,-0.0,-0.0,-0.0,0.0,0.0,0.0,0.0,0.0,0.0,0.0,0.0,0.0,0.0,0.0,0.0,19.9,0.0,19.9,6.7,0.0,6.7,3.0,0.0,3.0,0.0,0.2,8.5,28.0,149.0,0.7000000000000028,6.136459653569915,1.3730460498521335,0.3511829319814111,2.384347275031686,1.9618715673848752,Idle,Denial of Service,GoldenEye (HTTP),Raspberry Pi 4B 4GB,nmon,1
14:37:14.000,0.0,0.0,0.0,1,0,81.8,2.0,0.0,0.0,0.0,0.0,-0.0,-0.0,-0.0,0.0,0.0,0.0,0.0,0.0,0.0,0.0,0.0,0.0,0.0,0.0,0.0,0.0,0.0,0.0,0.0,0.0,0.0,0.0,0.0,0.0,0.0,0.2,8.5,28.0,150.0,0.0,6.133819180397115,1.3730460498521335,0.3511829319814111,2.384347275031686,1.9645120405576681,Idle,Denial of Service,GoldenEye (HTTP),Raspberry Pi 4B 4GB,nmon,1
14:37:15.000,0.0,0.2,0.0,1,0,93.8,2.0,0.0,0.0,0.0,0.0,-0.0,-0.0,-0.0,0.0,0.0,0.0,0.0,0.0,0.0,0.0,0.0,0.0,0.0,0.0,0.0,0.0,0.0,0.0,0.0,0.0,0.0,0.0,0.0,0.0,0.0,0.2,8.5,28.0,151.0,0.20000000000000284,6.133819180397115,1.3730460498521335,0.3511829319814111,2.384347275031686,1.9618715673848752,Idle,Denial of Service,GoldenEye (HTTP),Raspberry Pi 4B 4GB,nmon,1
14:37:16.000,0.0,0.2,0.0,1,0,89.8,2.0,0.0,0.0,0.0,0.0,-0.0,-0.0,-0.0,0.0,0.0,0.0,0.0,0.0,0.0,0.0,0.0,0.0,0.0,0.0,0.0,0.0,0.0,0.0,0.0,0.0,0.0,0.0,0.0,0.0,0.0,0.2,8.5,28.0,152.0,0.20000000000000284,6.120616814533153,1.3730460498521335,0.3511829319814111,2.384347275031686,1.9618715673848752,Idle,Denial of Service,GoldenEye (HTTP),Raspberry Pi 4B 4GB,nmon,1
14:37:17.000,0.0,0.2,0.0,1,0,172.6,2.0,0.0,0.0,0.0,0.1,-0.0,-0.0,-0.1,0.0,0.0,2.0,0.0,0.0,1.0,0.0,0.0,0.0,0.0,0.0,0.0,0.0,0.0,0.0,0.0,0.0,0.0,0.0,0.0,0.0,0.0,0.2,8.5,28.0,153.0,0.20000000000000284,6.120616814533153,1.3730460498521335,0.3511829319814111,2.384347275031686,1.9618715673848752,Idle,Denial of Service,GoldenEye (HTTP),Raspberry Pi 4B 4GB,nmon,1
14:37:18.000,0.0,0.2,0.0,1,0,115.6,2.0,0.0,0.0,0.0,0.0,-0.0,-0.0,-0.0,0.0,0.0,0.0,0.0,0.0,0.0,0.0,0.0,0.0,0.0,0.0,0.0,15.9,0.0,15.9,8.0,0.0,8.0,2.0,0.0,2.0,0.0,0.2,8.5,28.0,154.0,0.20000000000000284,6.115335868187577,1.3730460498521335,0.3511829319814111,2.384347275031686,1.9618715673848752,Idle,Denial of Service,GoldenEye (HTTP),Raspberry Pi 4B 4GB,nmon,1
14:37:19.000,0.0,0.5,0.0,1,0,111.7,2.0,0.0,0.0,0.0,0.0,-0.0,-0.0,-0.0,0.0,0.0,0.0,0.0,0.0,0.0,0.0,0.0,0.0,0.0,0.0,0.0,0.0,0.0,0.0,0.0,0.0,0.0,0.0,0.0,0.0,0.0,0.2,8.5,28.0,155.0,0.5,6.107414448669191,1.3730460498521335,0.3511829319814111,2.384347275031686,1.9618715673848752,Idle,Denial of Service,GoldenEye (HTTP),Raspberry Pi 4B 4GB,nmon,1
14:37:20.000,0.0,0.0,0.0,1,0,87.8,2.0,0.0,0.0,0.0,0.0,-0.0,-0.0,-0.0,0.0,0.0,0.0,0.0,0.0,0.0,0.0,0.0,0.0,0.0,0.0,0.0,0.0,0.0,0.0,0.0,0.0,0.0,0.0,0.0,0.0,0.0,0.2,8.5,28.0,156.0,0.0,6.107414448669191,1.3730460498521335,0.3511829319814111,2.384347275031686,1.9618715673848752,Idle,Denial of Service,GoldenEye (HTTP),Raspberry Pi 4B 4GB,nmon,1
14:37:21.000,0.2,0.2,0.0,1,0,92.8,2.0,0.0,0.0,0.0,0.0,-0.0,-0.0,-0.0,0.0,0.0,0.0,0.0,0.0,0.0,0.0,0.0,0.0,0.0,0.0,0.0,0.0,0.0,0.0,0.0,0.0,0.0,0.0,0.0,0.0,0.0,0.2,8.5,28.0,157.0,0.5,6.107414448669191,1.3730460498521335,0.3511829319814111,2.384347275031686,1.9618715673848752,Idle,Denial of Service,GoldenEye (HTTP),Raspberry Pi 4B 4GB,nmon,1
14:37:22.000,0.2,0.0,0.0,1,0,113.7,2.0,0.0,0.0,0.0,0.0,-0.0,-0.0,-0.0,0.0,0.0,0.0,0.0,0.0,0.0,1.0,0.0,1.0,0.0,0.0,0.0,27.9,0.0,27.9,28.0,0.0,28.0,1.0,0.0,1.0,0.0,0.2,8.5,28.0,158.0,0.20000000000000284,6.102133502323614,1.3730460498521335,0.3511829319814111,2.384347275031686,1.9618715673848752,Idle,Denial of Service,GoldenEye (HTTP),Raspberry Pi 4B 4GB,nmon,1
14:37:23.000,0.0,0.2,0.2,1,0,147.6,2.0,0.0,0.0,0.0,0.0,-0.0,-0.0,-0.0,0.0,0.0,0.0,0.0,0.0,0.0,1.0,0.0,1.0,0.0,0.0,0.0,51.9,0.0,51.9,7.4,0.0,7.4,7.0,0.0,7.0,0.0,0.2,8.5,28.0,159.0,0.5,6.094212082805228,1.3730460498521335,0.3511829319814111,2.384347275031686,1.9618715673848752,Idle,Denial of Service,GoldenEye (HTTP),Raspberry Pi 4B 4GB,nmon,1
14:37:24.000,0.0,0.2,0.0,1,0,135.7,2.0,0.0,0.0,0.0,0.0,-0.0,-0.0,-0.0,0.0,0.0,0.0,0.0,0.0,0.0,1.0,0.0,1.0,0.0,0.0,0.0,71.8,0.0,71.8,8.0,0.0,8.0,9.0,0.0,9.0,0.0,0.2,8.5,28.0,160.0,0.20000000000000284,6.102133502323614,1.3730460498521335,0.3511829319814111,2.384347275031686,1.9618715673848752,Idle,Denial of Service,GoldenEye (HTTP),Raspberry Pi 4B 4GB,nmon,1
14:37:25.000,0.0,0.2,0.0,1,0,87.8,2.0,0.0,0.0,0.0,0.0,-0.0,-0.0,-0.0,0.0,0.0,0.0,0.0,0.0,0.0,0.0,0.0,0.0,0.0,0.0,0.0,0.0,0.0,0.0,0.0,0.0,0.0,0.0,0.0,0.0,0.0,0.2,8.5,28.0,161.0,0.20000000000000284,6.044043092522166,1.3730460498521335,0.3511829319814111,2.384347275031686,1.9618715673848752,Idle,Denial of Service,GoldenEye (HTTP),Raspberry Pi 4B 4GB,nmon,1
14:37:26.000,0.0,0.2,0.0,1,0,83.8,2.0,0.0,0.0,0.0,0.0,-0.0,-0.0,-0.0,0.0,0.0,0.0,0.0,0.0,0.0,0.0,0.0,0.0,0.0,0.0,0.0,0.0,0.0,0.0,0.0,0.0,0.0,0.0,0.0,0.0,0.0,0.2,8.5,28.0,162.0,0.20000000000000284,6.044043092522166,1.3730460498521335,0.3511829319814111,2.384347275031686,1.9618715673848752,Idle,Denial of Service,GoldenEye (HTTP),Raspberry Pi 4B 4GB,nmon,1
14:37:27.000,0.0,0.2,0.0,1,0,95.8,2.0,0.0,0.0,0.0,0.0,-0.0,-0.0,-0.0,0.0,0.0,0.0,0.0,0.0,0.0,0.0,0.0,0.0,0.0,0.0,0.0,0.0,0.0,0.0,0.0,0.0,0.0,0.0,0.0,0.0,0.0,0.2,8.5,28.0,163.0,0.20000000000000284,6.044043092522166,1.3730460498521335,0.3511829319814111,2.384347275031686,1.9618715673848752,Idle,Denial of Service,GoldenEye (HTTP),Raspberry Pi 4B 4GB,nmon,1
14:37:28.000,0.5,0.7,0.0,1,0,242.1,9.0,0.0,0.0,0.0,0.1,-0.0,-0.0,-0.0,0.0,0.0,1.0,0.0,0.0,0.0,1.0,0.0,1.0,0.0,0.0,0.0,15.9,0.0,15.9,8.0,0.0,8.0,2.0,0.0,2.0,0.0,0.2,8.5,28.0,164.0,1.2000000000000028,6.057245458386129,1.3756865230249262,0.3511829319814111,2.3869877482044783,1.9618715673848752,Idle,Denial of Service,GoldenEye (HTTP),Raspberry Pi 4B 4GB,nmon,1
14:37:29.000,0.0,0.0,0.0,1,0,68.8,2.0,0.0,0.0,0.0,0.0,-0.0,-0.0,-0.0,0.0,0.0,0.0,0.0,0.0,0.0,0.0,0.0,0.0,0.0,0.0,0.0,0.0,0.0,0.0,0.0,0.0,0.0,0.0,0.0,0.0,0.0,0.2,8.5,28.0,165.0,0.0,6.0493240388677645,1.3756865230249262,0.3511829319814111,2.3869877482044783,1.9618715673848752,Idle,Denial of Service,GoldenEye (HTTP),Raspberry Pi 4B 4GB,nmon,1
14:37:30.000,0.0,0.2,0.0,1,0,97.8,2.0,0.0,0.0,0.0,0.0,-0.0,-0.0,-0.0,0.0,0.0,0.0,0.0,0.0,0.0,0.0,0.0,0.0,0.0,0.0,0.0,0.0,0.0,0.0,0.0,0.0,0.0,0.0,0.0,0.0,0.0,0.2,8.5,28.0,166.0,0.20000000000000284,6.0493240388677645,1.3756865230249262,0.3511829319814111,2.3869877482044783,1.9618715673848752,Idle,Denial of Service,GoldenEye (HTTP),Raspberry Pi 4B 4GB,nmon,1
14:37:31.000,0.0,0.2,0.0,1,0,102.8,2.0,0.0,0.0,0.0,0.0,-0.0,-0.0,-0.0,0.0,0.0,0.0,0.0,0.0,0.0,0.0,0.0,0.0,0.0,0.0,0.0,0.0,0.0,0.0,0.0,0.0,0.0,0.0,0.0,0.0,0.0,0.2,8.5,28.0,167.0,0.20000000000000284,6.05988593155894,1.3756865230249262,0.3511829319814111,2.3869877482044783,1.9618715673848752,Idle,Denial of Service,GoldenEye (HTTP),Raspberry Pi 4B 4GB,nmon,1
14:37:32.000,0.0,0.2,0.0,1,0,108.7,2.0,0.0,0.0,0.0,0.0,-0.0,-0.0,-0.0,0.0,0.0,0.0,0.0,0.0,0.0,0.0,0.0,0.0,0.0,0.0,0.0,4.0,0.0,4.0,4.0,0.0,4.0,1.0,0.0,1.0,0.0,0.2,8.5,28.0,168.0,0.20000000000000284,6.065166877904515,1.3756865230249262,0.3511829319814111,2.384347275031686,1.9671525137304608,Idle,Denial of Service,GoldenEye (HTTP),Raspberry Pi 4B 4GB,nmon,1
14:37:33.000,0.0,0.2,0.2,1,0,191.5,3.0,0.0,0.0,0.0,0.0,-0.0,-0.0,-0.0,0.0,0.0,0.0,0.0,0.0,0.0,1.0,0.0,1.0,0.0,0.0,0.0,107.7,0.0,107.7,8.3,0.0,8.3,13.0,0.0,13.0,0.0,0.2,8.5,28.0,169.0,0.5,6.062526404731727,1.3756865230249262,0.3511829319814111,2.3869877482044783,1.9618715673848752,Idle,Denial of Service,GoldenEye (HTTP),Raspberry Pi 4B 4GB,nmon,1
14:37:34.000,0.0,0.2,0.0,1,0,83.8,2.0,0.0,0.0,0.0,0.0,-0.0,-0.0,-0.0,0.0,0.0,0.0,0.0,0.0,0.0,0.0,0.0,0.0,0.0,0.0,0.0,0.0,0.0,0.0,0.0,0.0,0.0,0.0,0.0,0.0,0.0,0.2,8.5,28.0,170.0,0.20000000000000284,6.070447824250092,1.3756865230249262,0.3511829319814111,2.3869877482044783,1.9618715673848752,Idle,Denial of Service,GoldenEye (HTTP),Raspberry Pi 4B 4GB,nmon,1
14:37:35.000,0.0,0.2,0.0,1,0,94.8,2.0,0.0,0.0,0.0,0.0,-0.0,-0.0,-0.0,0.0,0.0,0.0,0.0,0.0,0.0,0.0,0.0,0.0,0.0,0.0,0.0,0.0,0.0,0.0,0.0,0.0,0.0,0.0,0.0,0.0,0.0,0.2,8.5,28.0,171.0,0.20000000000000284,6.065166877904515,1.3756865230249262,0.3511829319814111,2.3869877482044783,1.9645120405576681,Idle,Denial of Service,GoldenEye (HTTP),Raspberry Pi 4B 4GB,nmon,1
14:37:36.000,0.0,0.2,0.0,1,0,88.8,2.0,0.0,0.0,0.0,0.0,-0.0,-0.0,-0.0,0.0,0.0,0.0,0.0,0.0,0.0,0.0,0.0,0.0,0.0,0.0,0.0,0.0,0.0,0.0,0.0,0.0,0.0,0.0,0.0,0.0,0.0,0.2,8.5,28.0,172.0,0.20000000000000284,6.07572877059569,1.3756865230249262,0.3511829319814111,2.3869877482044783,1.9618715673848752,Idle,Denial of Service,GoldenEye (HTTP),Raspberry Pi 4B 4GB,nmon,1
14:37:37.000,0.0,0.2,0.0,1,0,96.8,2.0,0.0,0.0,0.0,0.0,-0.0,-0.0,-0.0,0.0,0.0,0.0,0.0,0.0,0.0,1.0,0.0,1.0,0.0,0.0,0.0,0.0,0.0,0.0,0.0,0.0,0.0,0.0,0.0,0.0,0.0,0.2,8.5,28.0,173.0,0.20000000000000284,6.07572877059569,1.3756865230249262,0.3511829319814111,2.3869877482044783,1.9618715673848752,Idle,Denial of Service,GoldenEye (HTTP),Raspberry Pi 4B 4GB,nmon,1
14:37:38.000,0.0,0.0,0.2,1,0,124.6,2.0,0.0,0.0,0.0,0.0,-0.0,-0.0,-0.0,0.0,0.0,0.0,0.0,0.0,0.0,0.0,0.0,0.0,0.0,0.0,0.0,15.9,0.0,15.9,8.0,0.0,8.0,2.0,0.0,2.0,0.0,0.2,8.5,28.0,174.0,0.20000000000000284,6.083650190114054,1.3756865230249262,0.3511829319814111,2.3869877482044783,1.9618715673848752,Idle,Denial of Service,GoldenEye (HTTP),Raspberry Pi 4B 4GB,nmon,1
14:37:39.000,0.0,0.2,0.0,1,0,86.8,2.0,0.0,0.0,0.0,0.0,-0.0,-0.0,-0.0,0.0,0.0,0.0,0.0,0.0,0.0,0.0,0.0,0.0,0.0,0.0,0.0,0.0,0.0,0.0,0.0,0.0,0.0,0.0,0.0,0.0,0.0,0.2,8.5,28.0,175.0,0.20000000000000284,6.083650190114054,1.3756865230249262,0.3511829319814111,2.3869877482044783,1.9618715673848752,Idle,Denial of Service,GoldenEye (HTTP),Raspberry Pi 4B 4GB,nmon,1
14:37:40.000,0.0,0.2,0.0,1,0,89.8,2.0,0.0,0.0,0.0,0.0,-0.0,-0.0,-0.0,0.0,0.0,0.0,0.0,0.0,0.0,0.0,0.0,0.0,0.0,0.0,0.0,0.0,0.0,0.0,0.0,0.0,0.0,0.0,0.0,0.0,0.0,0.2,8.5,28.0,176.0,0.20000000000000284,6.088931136459652,1.3756865230249262,0.3511829319814111,2.3869877482044783,1.9618715673848752,Idle,Denial of Service,GoldenEye (HTTP),Raspberry Pi 4B 4GB,nmon,1
14:37:41.000,0.0,0.2,0.0,1,0,89.8,2.0,0.0,0.0,0.0,0.0,-0.0,-0.0,-0.0,0.0,0.0,0.0,0.0,0.0,0.0,0.0,0.0,0.0,0.0,0.0,0.0,0.0,0.0,0.0,0.0,0.0,0.0,0.0,0.0,0.0,0.0,0.2,8.5,28.0,177.0,0.20000000000000284,6.088931136459652,1.3756865230249262,0.3511829319814111,2.3869877482044783,1.9618715673848752,Idle,Denial of Service,GoldenEye (HTTP),Raspberry Pi 4B 4GB,nmon,1
14:37:42.000,0.0,0.2,0.0,1,0,94.8,2.0,0.0,0.0,0.0,0.0,-0.0,-0.0,-0.0,0.0,0.0,0.0,0.0,0.0,0.0,0.0,0.0,0.0,0.0,0.0,0.0,0.0,0.0,0.0,0.0,0.0,0.0,0.0,0.0,0.0,0.0,0.2,8.5,28.0,178.0,0.20000000000000284,6.088931136459652,1.3756865230249262,0.3511829319814111,2.3869877482044783,1.9618715673848752,Idle,Denial of Service,GoldenEye (HTTP),Raspberry Pi 4B 4GB,nmon,1
14:37:43.000,0.0,0.2,0.0,1,0,168.6,3.0,0.0,0.0,0.0,0.0,-0.0,-0.0,-0.0,0.0,0.0,0.0,0.0,0.0,0.0,1.0,0.0,1.0,0.0,0.0,0.0,19.9,0.0,19.9,6.7,0.0,6.7,3.0,0.0,3.0,0.0,0.2,8.5,28.0,179.0,0.20000000000000284,6.088931136459652,1.3756865230249262,0.3511829319814111,2.3869877482044783,1.9618715673848752,Idle,Denial of Service,GoldenEye (HTTP),Raspberry Pi 4B 4GB,nmon,1
14:37:44.000,0.0,0.2,0.0,1,0,92.8,2.0,0.0,0.0,0.0,0.0,-0.0,-0.0,-0.0,0.0,0.0,0.0,0.0,0.0,0.0,0.0,0.0,0.0,0.0,0.0,0.0,0.0,0.0,0.0,0.0,0.0,0.0,0.0,0.0,0.0,0.0,0.2,8.5,28.0,180.0,0.20000000000000284,6.094212082805228,1.3756865230249262,0.3511829319814111,2.3869877482044783,1.9618715673848752,Idle,Denial of Service,GoldenEye (HTTP),Raspberry Pi 4B 4GB,nmon,1
14:37:45.000,0.2,0.0,0.0,1,0,100.8,2.0,0.0,0.0,0.0,0.0,-0.0,-0.0,-0.0,0.0,0.0,0.0,0.0,0.0,0.0,0.0,0.0,0.0,0.0,0.0,0.0,0.0,0.0,0.0,0.0,0.0,0.0,0.0,0.0,0.0,0.0,0.2,8.5,28.0,181.0,0.20000000000000284,6.088931136459652,1.3756865230249262,0.3511829319814111,2.3869877482044783,1.9618715673848752,Idle,Denial of Service,GoldenEye (HTTP),Raspberry Pi 4B 4GB,nmon,1
14:37:46.000,0.0,0.2,0.0,1,0,88.8,2.0,0.0,0.0,0.0,0.0,-0.0,-0.0,-0.0,0.0,0.0,0.0,0.0,0.0,0.0,0.0,0.0,0.0,0.0,0.0,0.0,0.0,0.0,0.0,0.0,0.0,0.0,0.0,0.0,0.0,0.0,0.2,8.5,28.0,182.0,0.20000000000000284,6.088931136459652,1.3756865230249262,0.3511829319814111,2.3869877482044783,1.9618715673848752,Idle,Denial of Service,GoldenEye (HTTP),Raspberry Pi 4B 4GB,nmon,1
14:37:47.000,0.0,0.2,0.0,1,0,97.8,2.0,0.0,0.0,0.0,0.0,-0.0,-0.0,-0.0,0.0,0.0,0.0,0.0,0.0,0.0,0.0,0.0,0.0,0.0,0.0,0.0,0.0,0.0,0.0,0.0,0.0,0.0,0.0,0.0,0.0,0.0,0.2,8.5,28.0,183.0,0.20000000000000284,6.088931136459652,1.3756865230249262,0.3511829319814111,2.3869877482044783,1.9618715673848752,Idle,Denial of Service,GoldenEye (HTTP),Raspberry Pi 4B 4GB,nmon,1
14:37:48.000,0.0,0.2,0.2,1,0,132.5,2.0,0.0,0.0,0.0,0.0,-0.0,-0.0,-0.0,0.0,0.0,0.0,0.0,0.0,0.0,0.0,0.0,0.0,0.0,0.0,0.0,15.9,0.0,15.9,8.0,0.0,8.0,2.0,0.0,2.0,0.0,0.2,8.5,28.0,184.0,0.5,6.088931136459652,1.3756865230249262,0.3538234051542037,2.3869877482044783,1.9618715673848752,Idle,Denial of Service,GoldenEye (HTTP),Raspberry Pi 4B 4GB,nmon,1
14:37:49.000,0.0,0.2,0.0,1,0,125.7,2.0,0.0,0.0,0.0,0.1,-0.0,-0.0,-0.0,0.0,0.0,1.0,0.0,0.0,0.0,0.0,0.0,0.0,0.0,0.0,0.0,0.0,0.0,0.0,0.0,0.0,0.0,0.0,0.0,0.0,0.0,0.2,8.5,28.0,185.0,0.20000000000000284,6.088931136459652,1.3756865230249262,0.3538234051542037,2.3869877482044783,1.9618715673848752,Idle,Denial of Service,GoldenEye (HTTP),Raspberry Pi 4B 4GB,nmon,1
14:37:50.000,0.0,0.2,0.0,1,0,90.8,2.0,0.0,0.0,0.0,0.0,-0.0,-0.0,-0.0,0.0,0.0,0.0,0.0,0.0,0.0,0.0,0.0,0.0,0.0,0.0,0.0,0.0,0.0,0.0,0.0,0.0,0.0,0.0,0.0,0.0,0.0,0.2,8.5,28.0,186.0,0.20000000000000284,6.088931136459652,1.3756865230249262,0.3538234051542037,2.3869877482044783,1.9618715673848752,Idle,Denial of Service,GoldenEye (HTTP),Raspberry Pi 4B 4GB,nmon,1
14:37:51.000,0.0,0.2,0.0,1,0,99.8,2.0,0.0,0.0,0.0,0.0,-0.0,-0.0,-0.0,0.0,0.0,0.0,0.0,0.0,0.0,0.0,0.0,0.0,0.0,0.0,0.0,0.0,0.0,0.0,0.0,0.0,0.0,0.0,0.0,0.0,0.0,0.2,8.5,28.0,187.0,0.20000000000000284,6.094212082805228,1.3756865230249262,0.3538234051542037,2.3869877482044783,1.9618715673848752,Idle,Denial of Service,GoldenEye (HTTP),Raspberry Pi 4B 4GB,nmon,1
14:37:52.000,0.0,0.2,0.0,1,0,126.7,2.0,0.0,0.0,0.0,0.1,-0.0,-0.0,-0.0,0.0,0.0,1.0,0.0,0.0,0.0,0.0,0.0,0.0,0.0,0.0,0.0,0.0,0.0,0.0,0.0,0.0,0.0,0.0,0.0,0.0,0.0,0.2,8.5,28.0,188.0,0.20000000000000284,6.088931136459652,1.3756865230249262,0.3538234051542037,2.3869877482044783,1.9618715673848752,Idle,Denial of Service,GoldenEye (HTTP),Raspberry Pi 4B 4GB,nmon,1
14:37:53.000,0.0,0.2,0.0,1,0,119.6,2.0,0.0,0.0,0.0,0.0,-0.0,-0.0,-0.0,0.0,0.0,0.0,0.0,0.0,0.0,0.0,0.0,0.0,0.0,0.0,0.0,19.9,0.0,19.9,6.7,0.0,6.7,3.0,0.0,3.0,0.0,0.2,8.5,28.0,189.0,0.20000000000000284,6.094212082805228,1.3756865230249262,0.3538234051542037,2.3869877482044783,1.9618715673848752,Idle,Denial of Service,GoldenEye (HTTP),Raspberry Pi 4B 4GB,nmon,1
14:37:54.000,0.0,0.0,0.0,1,0,95.8,2.0,0.0,0.0,0.0,0.0,-0.0,-0.0,-0.0,0.0,0.0,0.0,0.0,0.0,0.0,0.0,0.0,0.0,0.0,0.0,0.0,0.0,0.0,0.0,0.0,0.0,0.0,0.0,0.0,0.0,0.0,0.2,8.5,28.0,190.0,0.0,6.091571609632441,1.3756865230249262,0.3538234051542037,2.3869877482044783,1.9592310942120832,Idle,Denial of Service,GoldenEye (HTTP),Raspberry Pi 4B 4GB,nmon,1
14:37:55.000,0.0,0.5,0.0,1,0,131.7,2.0,0.0,0.0,0.0,0.1,-0.0,-0.0,-0.0,0.0,0.0,1.0,0.0,0.0,0.0,0.0,0.0,0.0,0.0,0.0,0.0,0.0,0.0,0.0,0.0,0.0,0.0,0.0,0.0,0.0,0.0,0.2,8.5,28.0,191.0,0.5,6.088931136459652,1.3756865230249262,0.3538234051542037,2.3869877482044783,1.9618715673848752,Idle,Denial of Service,GoldenEye (HTTP),Raspberry Pi 4B 4GB,nmon,1
14:37:56.000,0.2,0.0,0.0,1,0,85.8,2.0,0.0,0.0,0.0,0.0,-0.0,-0.0,-0.0,0.0,0.0,0.0,0.0,0.0,0.0,0.0,0.0,0.0,0.0,0.0,0.0,0.0,0.0,0.0,0.0,0.0,0.0,0.0,0.0,0.0,0.0,0.2,8.5,28.0,192.0,0.20000000000000284,6.088931136459652,1.3756865230249262,0.3538234051542037,2.3869877482044783,1.9618715673848752,Idle,Denial of Service,GoldenEye (HTTP),Raspberry Pi 4B 4GB,nmon,1
14:37:57.000,0.0,0.5,0.0,1,0,113.7,3.0,0.0,0.0,0.0,0.0,-0.0,-0.0,-0.0,0.0,0.0,0.0,0.0,0.0,0.0,1.0,0.0,1.0,0.0,0.0,0.0,27.9,0.0,27.9,28.0,0.0,28.0,1.0,0.0,1.0,0.0,0.2,8.5,28.0,193.0,0.5,6.091571609632441,1.3756865230249262,0.3538234051542037,2.3869877482044783,1.9645120405576681,Idle,Denial of Service,GoldenEye (HTTP),Raspberry Pi 4B 4GB,nmon,1
14:37:58.000,0.0,0.0,0.2,1,0,129.7,2.0,0.0,0.0,0.0,0.0,-0.0,-0.0,-0.0,0.0,0.0,0.0,0.0,0.0,0.0,1.0,0.0,1.0,0.0,0.0,0.0,23.9,0.0,23.9,12.0,0.0,12.0,2.0,0.0,2.0,0.0,0.2,8.5,28.0,194.0,0.20000000000000284,6.091571609632441,1.3756865230249262,0.3538234051542037,2.3869877482044783,1.9645120405576681,Idle,Denial of Service,GoldenEye (HTTP),Raspberry Pi 4B 4GB,nmon,1
14:37:59.000,0.0,0.5,0.0,1,0,96.8,2.0,0.0,0.0,0.0,0.0,-0.0,-0.0,-0.0,0.0,0.0,0.0,0.0,0.0,0.0,0.0,0.0,0.0,0.0,0.0,0.0,0.0,0.0,0.0,0.0,0.0,0.0,0.0,0.0,0.0,0.0,0.2,8.5,28.0,195.0,0.5,6.088931136459652,1.3756865230249262,0.3538234051542037,2.3869877482044783,1.9618715673848752,Idle,Denial of Service,GoldenEye (HTTP),Raspberry Pi 4B 4GB,nmon,1
14:38:00.000,0.2,0.0,0.0,1,0,89.8,2.0,0.0,0.0,0.0,0.0,-0.0,-0.0,-0.0,0.0,0.0,0.0,0.0,0.0,0.0,0.0,0.0,0.0,0.0,0.0,0.0,0.0,0.0,0.0,0.0,0.0,0.0,0.0,0.0,0.0,0.0,0.2,8.5,28.0,196.0,0.20000000000000284,6.088931136459652,1.3756865230249262,0.3538234051542037,2.3869877482044783,1.9645120405576681,Idle,Denial of Service,GoldenEye (HTTP),Raspberry Pi 4B 4GB,nmon,1
14:38:01.000,0.0,0.2,0.0,1,0,90.8,2.0,0.0,0.0,0.0,0.0,-0.0,-0.0,-0.0,0.0,0.0,0.0,0.0,0.0,0.0,0.0,0.0,0.0,0.0,0.0,0.0,0.0,0.0,0.0,0.0,0.0,0.0,0.0,0.0,0.0,0.0,0.2,8.5,28.0,197.0,0.20000000000000284,6.094212082805228,1.3756865230249262,0.3538234051542037,2.3869877482044783,1.9618715673848752,Idle,Denial of Service,GoldenEye (HTTP),Raspberry Pi 4B 4GB,nmon,1
14:38:02.000,0.0,0.2,0.0,1,0,97.8,2.0,0.0,0.0,0.0,0.0,-0.0,-0.0,-0.0,0.0,0.0,0.0,0.0,0.0,0.0,0.0,0.0,0.0,0.0,0.0,0.0,16.0,0.0,16.0,8.0,0.0,8.0,2.0,0.0,2.0,0.0,0.2,8.5,28.0,198.0,0.20000000000000284,6.094212082805228,1.3756865230249262,0.3538234051542037,2.3869877482044783,1.9645120405576681,Idle,Denial of Service,GoldenEye (HTTP),Raspberry Pi 4B 4GB,nmon,1
14:38:03.000,9.8,6.5,3.0,1,0,1768.4,27.9,0.0,0.0,0.0,0.2,-0.0,-0.0,-1.3,0.0,0.0,4.0,0.0,0.0,13.0,14.0,0.0,14.0,3243.5,0.0,3243.5,16.0,0.0,16.0,27.0,0.0,27.0,120.7,0.0,120.7,0.0,0.2,8.5,28.0,199.0,19.299999999999997,7.538550908322772,1.402091254752852,0.3617448246725813,2.46092099704267,3.4194127587663714,Idle,Denial of Service,GoldenEye (HTTP),Raspberry Pi 4B 4GB,nmon,1
14:38:04.000,0.0,0.5,0.0,1,0,159.7,2.0,0.0,0.0,0.0,0.0,-0.0,-0.0,-0.7,0.0,0.0,0.0,0.0,0.0,10.0,0.0,0.0,0.0,0.0,0.0,0.0,0.0,0.0,0.0,0.0,0.0,0.0,0.0,0.0,0.0,0.0,0.2,8.5,28.0,200.0,0.5,7.55703422053231,1.402091254752852,0.3617448246725813,2.46092099704267,3.424693705111956,Attack,Denial of Service,GoldenEye (HTTP),Raspberry Pi 4B 4GB,nmon,1
14:38:05.000,0.0,0.0,0.0,1,0,99.8,2.0,0.0,0.0,0.0,0.0,-0.0,-0.0,-0.0,0.0,0.0,0.0,0.0,0.0,0.0,0.0,0.0,0.0,0.0,0.0,0.0,0.0,0.0,0.0,0.0,0.0,0.0,0.0,0.0,0.0,0.0,0.2,8.5,28.0,201.0,0.0,7.55703422053231,1.402091254752852,0.3617448246725813,2.46092099704267,3.4220532319391634,Attack,Denial of Service,GoldenEye (HTTP),Raspberry Pi 4B 4GB,nmon,1
14:38:06.000,0.0,0.2,0.0,1,0,142.7,2.0,0.0,0.0,0.0,0.0,-0.0,-0.0,-0.7,0.0,0.0,0.0,0.0,0.0,10.0,0.0,0.0,0.0,0.0,0.0,0.0,0.0,0.0,0.0,0.0,0.0,0.0,0.0,0.0,0.0,0.0,0.2,8.5,28.0,202.0,0.20000000000000284,7.562315166877898,1.402091254752852,0.3617448246725813,2.46092099704267,3.4273341782847493,Attack,Denial of Service,GoldenEye (HTTP),Raspberry Pi 4B 4GB,nmon,1
14:38:07.000,0.0,0.2,0.0,1,0,102.7,2.0,0.0,0.0,0.0,0.0,-0.0,-0.0,-0.0,0.0,0.0,0.0,0.0,0.0,0.0,0.0,0.0,0.0,0.0,0.0,0.0,0.0,0.0,0.0,0.0,0.0,0.0,0.0,0.0,0.0,0.0,0.2,8.5,28.0,203.0,0.20000000000000284,7.570236586396273,1.402091254752852,0.3617448246725813,2.46092099704267,3.424693705111956,Attack,Denial of Service,GoldenEye (HTTP),Raspberry Pi 4B 4GB,nmon,1
14:38:08.000,0.0,0.2,0.2,1,0,212.8,2.0,0.0,0.0,0.0,0.1,-0.0,-0.0,-0.1,0.0,0.0,2.0,0.0,0.0,2.0,0.0,0.0,0.0,0.0,0.0,0.0,55.7,0.0,55.7,28.0,0.0,28.0,2.0,0.0,2.0,0.0,0.2,8.5,28.0,204.0,0.5,7.57551753274186,1.402091254752852,0.3617448246725813,2.46092099704267,3.424693705111956,Attack,Denial of Service,GoldenEye (HTTP),Raspberry Pi 4B 4GB,nmon,1
14:38:09.000,0.0,0.2,0.0,1,0,86.8,2.0,0.0,0.0,0.0,0.0,-0.0,-0.0,-0.0,0.0,0.0,0.0,0.0,0.0,0.0,0.0,0.0,0.0,0.0,0.0,0.0,0.0,0.0,0.0,0.0,0.0,0.0,0.0,0.0,0.0,0.0,0.2,8.5,28.0,205.0,0.20000000000000284,7.583438952260235,1.402091254752852,0.3617448246725813,2.46092099704267,3.424693705111956,Attack,Denial of Service,GoldenEye (HTTP),Raspberry Pi 4B 4GB,nmon,1
14:38:10.000,0.2,0.0,0.0,1,0,122.7,2.0,0.0,0.0,0.0,0.0,-0.0,-0.0,-0.7,0.0,0.0,0.0,0.0,0.0,10.0,0.0,0.0,0.0,0.0,0.0,0.0,0.0,0.0,0.0,0.0,0.0,0.0,0.0,0.0,0.0,0.0,0.2,8.5,28.0,206.0,0.20000000000000284,7.588719898605822,1.402091254752852,0.3617448246725813,2.46092099704267,3.424693705111956,Attack,Denial of Service,GoldenEye (HTTP),Raspberry Pi 4B 4GB,nmon,1
14:38:11.000,0.0,0.5,0.0,1,0,106.7,2.0,0.0,0.0,0.0,0.0,-0.0,-0.0,-0.0,0.0,0.0,0.0,0.0,0.0,0.0,0.0,0.0,0.0,0.0,0.0,0.0,0.0,0.0,0.0,0.0,0.0,0.0,0.0,0.0,0.0,0.0,0.2,8.5,28.0,207.0,0.5,7.601922264469785,1.402091254752852,0.3617448246725813,2.46092099704267,3.424693705111956,Attack,Denial of Service,GoldenEye (HTTP),Raspberry Pi 4B 4GB,nmon,1
14:38:12.000,0.0,0.2,0.0,1,0,95.8,2.0,0.0,0.0,0.0,0.0,-0.0,-0.0,-0.0,0.0,0.0,0.0,0.0,0.0,0.0,1.0,0.0,1.0,0.0,0.0,0.0,0.0,0.0,0.0,0.0,0.0,0.0,0.0,0.0,0.0,0.0,0.2,8.5,28.0,208.0,0.20000000000000284,7.601922264469785,1.402091254752852,0.3617448246725813,2.46092099704267,3.424693705111956,Attack,Denial of Service,GoldenEye (HTTP),Raspberry Pi 4B 4GB,nmon,1
14:38:13.000,0.2,0.2,0.0,1,0,228.2,3.0,0.0,0.0,0.0,0.0,-0.0,-0.0,-0.0,0.0,0.0,0.0,0.0,0.0,0.0,1.0,0.0,1.0,0.0,0.0,0.0,59.8,0.0,59.8,5.0,0.0,5.0,12.0,0.0,12.0,0.0,0.2,8.5,28.0,209.0,0.5,7.615124630333748,1.402091254752852,0.3617448246725813,2.46092099704267,3.424693705111956,Attack,Denial of Service,GoldenEye (HTTP),Raspberry Pi 4B 4GB,nmon,1
14:38:14.000,0.0,0.2,0.0,1,0,94.8,2.0,0.0,0.0,0.0,0.0,-0.0,-0.0,-0.0,0.0,0.0,0.0,0.0,0.0,0.0,0.0,0.0,0.0,0.0,0.0,0.0,0.0,0.0,0.0,0.0,0.0,0.0,0.0,0.0,0.0,0.0,0.2,8.5,28.0,210.0,0.20000000000000284,7.615124630333748,1.402091254752852,0.3617448246725813,2.46092099704267,3.424693705111956,Attack,Denial of Service,GoldenEye (HTTP),Raspberry Pi 4B 4GB,nmon,1
14:38:15.000,0.0,0.2,0.0,1,0,93.8,2.0,0.0,0.0,0.0,0.0,-0.0,-0.0,-0.0,0.0,0.0,0.0,0.0,0.0,0.0,0.0,0.0,0.0,0.0,0.0,0.0,0.0,0.0,0.0,0.0,0.0,0.0,0.0,0.0,0.0,0.0,0.2,8.5,28.0,211.0,0.20000000000000284,7.6230460498521335,1.402091254752852,0.3617448246725813,2.46092099704267,3.424693705111956,Attack,Denial of Service,GoldenEye (HTTP),Raspberry Pi 4B 4GB,nmon,1
14:38:16.000,0.0,0.0,0.0,1,0,85.8,2.0,0.0,0.0,0.0,0.0,-0.0,-0.0,-0.0,0.0,0.0,0.0,0.0,0.0,0.0,0.0,0.0,0.0,0.0,0.0,0.0,0.0,0.0,0.0,0.0,0.0,0.0,0.0,0.0,0.0,0.0,0.2,8.5,28.0,212.0,0.0,7.636248415716096,1.402091254752852,0.3617448246725813,2.46092099704267,3.424693705111956,Attack,Denial of Service,GoldenEye (HTTP),Raspberry Pi 4B 4GB,nmon,1
14:38:17.000,0.0,0.2,0.0,1,0,87.8,2.0,0.0,0.0,0.0,0.0,-0.0,-0.0,-0.0,0.0,0.0,0.0,0.0,0.0,0.0,0.0,0.0,0.0,0.0,0.0,0.0,0.0,0.0,0.0,0.0,0.0,0.0,0.0,0.0,0.0,0.0,0.2,8.5,28.0,213.0,0.20000000000000284,7.636248415716096,1.402091254752852,0.3617448246725813,2.46092099704267,3.424693705111956,Attack,Denial of Service,GoldenEye (HTTP),Raspberry Pi 4B 4GB,nmon,1
14:38:18.000,0.0,0.2,0.2,1,0,115.6,2.0,0.0,0.0,0.0,0.0,-0.0,-0.0,-0.0,0.0,0.0,0.0,0.0,0.0,0.0,0.0,0.0,0.0,0.0,0.0,0.0,15.9,0.0,15.9,8.0,0.0,8.0,2.0,0.0,2.0,0.0,0.2,8.5,28.0,214.0,0.5,7.646810308407259,1.402091254752852,0.3617448246725813,2.46092099704267,3.424693705111956,Attack,Denial of Service,GoldenEye (HTTP),Raspberry Pi 4B 4GB,nmon,1
14:38:19.000,0.0,0.2,0.0,1,0,138.7,2.0,0.0,0.0,0.0,0.0,-0.0,-0.0,-0.7,0.0,0.0,0.0,0.0,0.0,10.0,0.0,0.0,0.0,0.0,0.0,0.0,0.0,0.0,0.0,0.0,0.0,0.0,0.0,0.0,0.0,0.0,0.2,8.5,28.0,215.0,0.20000000000000284,7.646810308407259,1.402091254752852,0.3617448246725813,2.46092099704267,3.424693705111956,Attack,Denial of Service,GoldenEye (HTTP),Raspberry Pi 4B 4GB,nmon,1
14:38:20.000,0.2,0.2,0.0,1,0,97.8,2.0,0.0,0.0,0.0,0.0,-0.0,-0.0,-0.0,0.0,0.0,0.0,0.0,0.0,0.0,0.0,0.0,0.0,0.0,0.0,0.0,0.0,0.0,0.0,0.0,0.0,0.0,0.0,0.0,0.0,0.0,0.2,8.5,28.0,216.0,0.5,7.660012674271233,1.402091254752852,0.3617448246725813,2.46092099704267,3.424693705111956,Attack,Denial of Service,GoldenEye (HTTP),Raspberry Pi 4B 4GB,nmon,1
14:38:21.000,0.0,0.0,0.0,1,0,79.8,2.0,0.0,0.0,0.0,0.0,-0.0,-0.0,-0.0,0.0,0.0,0.0,0.0,0.0,0.0,0.0,0.0,0.0,0.0,0.0,0.0,0.0,0.0,0.0,0.0,0.0,0.0,0.0,0.0,0.0,0.0,0.2,8.5,28.0,217.0,0.0,7.660012674271233,1.402091254752852,0.3617448246725813,2.46092099704267,3.4273341782847493,Attack,Denial of Service,GoldenEye (HTTP),Raspberry Pi 4B 4GB,nmon,1
14:38:22.000,0.2,0.2,0.0,1,0,98.8,2.0,0.0,0.0,0.0,0.0,-0.0,-0.0,-0.0,0.0,0.0,0.0,0.0,0.0,0.0,0.0,0.0,0.0,0.0,0.0,0.0,0.0,0.0,0.0,0.0,0.0,0.0,0.0,0.0,0.0,0.0,0.2,8.5,28.0,218.0,0.5,7.6732150401351955,1.402091254752852,0.3617448246725813,2.46092099704267,3.424693705111956,Attack,Denial of Service,GoldenEye (HTTP),Raspberry Pi 4B 4GB,nmon,1
14:38:23.000,0.0,0.2,0.0,1,0,140.5,2.0,0.0,0.0,0.0,0.0,-0.0,-0.0,-0.0,0.0,0.0,0.0,0.0,0.0,0.0,1.0,0.0,1.0,0.0,0.0,0.0,19.9,0.0,19.9,6.7,0.0,6.7,3.0,0.0,3.0,0.0,0.2,8.5,28.0,219.0,0.20000000000000284,7.6732150401351955,1.402091254752852,0.3617448246725813,2.46092099704267,3.4273341782847493,Attack,Denial of Service,GoldenEye (HTTP),Raspberry Pi 4B 4GB,nmon,1
14:38:24.000,0.0,0.0,0.0,1,0,90.8,2.0,0.0,0.0,0.0,0.0,-0.0,-0.0,-0.0,0.0,0.0,0.0,0.0,0.0,0.0,0.0,0.0,0.0,0.0,0.0,0.0,0.0,0.0,0.0,0.0,0.0,0.0,0.0,0.0,0.0,0.0,0.2,8.5,28.0,220.0,0.0,7.6732150401351955,1.402091254752852,0.3617448246725813,2.46092099704267,3.4273341782847493,Attack,Denial of Service,GoldenEye (HTTP),Raspberry Pi 4B 4GB,nmon,1
14:38:25.000,0.0,0.2,0.0,1,0,84.8,2.0,0.0,0.0,0.0,0.0,-0.0,-0.0,-0.0,0.0,0.0,0.0,0.0,0.0,0.0,0.0,0.0,0.0,0.0,0.0,0.0,0.0,0.0,0.0,0.0,0.0,0.0,0.0,0.0,0.0,0.0,0.2,8.5,28.0,221.0,0.20000000000000284,7.6732150401351955,1.402091254752852,0.3617448246725813,2.46092099704267,3.424693705111956,Attack,Denial of Service,GoldenEye (HTTP),Raspberry Pi 4B 4GB,nmon,1
14:38:26.000,0.0,0.2,0.0,1,0,95.8,2.0,0.0,0.0,0.0,0.0,-0.0,-0.0,-0.0,0.0,0.0,0.0,0.0,0.0,0.0,0.0,0.0,0.0,0.0,0.0,0.0,0.0,0.0,0.0,0.0,0.0,0.0,0.0,0.0,0.0,0.0,0.2,8.5,28.0,222.0,0.20000000000000284,7.6732150401351955,1.402091254752852,0.3617448246725813,2.46092099704267,3.4273341782847493,Attack,Denial of Service,GoldenEye (HTTP),Raspberry Pi 4B 4GB,nmon,1
14:38:27.000,0.0,0.0,0.0,1,0,90.8,2.0,0.0,0.0,0.0,0.0,-0.0,-0.0,-0.0,0.0,0.0,0.0,0.0,0.0,0.0,1.0,0.0,1.0,0.0,0.0,0.0,0.0,0.0,0.0,0.0,0.0,0.0,0.0,0.0,0.0,0.0,0.2,8.5,28.0,223.0,0.0,7.6732150401351955,1.402091254752852,0.3617448246725813,2.46092099704267,3.4299746514575418,Attack,Denial of Service,GoldenEye (HTTP),Raspberry Pi 4B 4GB,nmon,1
14:38:28.000,0.2,0.2,0.2,1,0,129.5,2.0,0.0,0.0,0.0,0.0,-0.0,-0.0,-0.0,0.0,0.0,0.0,0.0,0.0,0.0,0.0,0.0,0.0,0.0,0.0,0.0,39.9,0.0,39.9,13.3,0.0,13.3,3.0,0.0,3.0,0.0,0.2,8.5,28.0,224.0,0.7000000000000028,7.6732150401351955,1.402091254752852,0.3617448246725813,2.46092099704267,3.424693705111956,Attack,Denial of Service,GoldenEye (HTTP),Raspberry Pi 4B 4GB,nmon,1
14:38:29.000,0.0,0.2,0.0,1,0,96.8,2.0,0.0,0.0,0.0,0.0,-0.0,-0.0,-0.0,0.0,0.0,0.0,0.0,0.0,0.0,0.0,0.0,0.0,0.0,0.0,0.0,0.0,0.0,0.0,0.0,0.0,0.0,0.0,0.0,0.0,0.0,0.2,8.5,28.0,225.0,0.20000000000000284,7.6732150401351955,1.402091254752852,0.3617448246725813,2.46092099704267,3.424693705111956,Attack,Denial of Service,GoldenEye (HTTP),Raspberry Pi 4B 4GB,nmon,1
14:38:30.000,0.0,0.2,0.0,1,0,90.8,2.0,0.0,0.0,0.0,0.0,-0.0,-0.0,-0.0,0.0,0.0,0.0,0.0,0.0,0.0,0.0,0.0,0.0,0.0,0.0,0.0,0.0,0.0,0.0,0.0,0.0,0.0,0.0,0.0,0.0,0.0,0.2,8.5,28.0,226.0,0.20000000000000284,7.6732150401351955,1.402091254752852,0.3617448246725813,2.46092099704267,3.424693705111956,Attack,Denial of Service,GoldenEye (HTTP),Raspberry Pi 4B 4GB,nmon,1
14:38:31.000,0.2,0.0,0.0,1,0,92.8,2.0,0.0,0.0,0.0,0.0,-0.0,-0.0,-0.0,0.0,0.0,0.0,0.0,0.0,0.0,0.0,0.0,0.0,0.0,0.0,0.0,0.0,0.0,0.0,0.0,0.0,0.0,0.0,0.0,0.0,0.0,0.2,8.5,28.0,227.0,0.20000000000000284,7.6732150401351955,1.402091254752852,0.3617448246725813,2.46092099704267,3.4299746514575418,Attack,Denial of Service,GoldenEye (HTTP),Raspberry Pi 4B 4GB,nmon,1
14:38:32.000,0.0,0.5,0.0,1,0,107.7,2.0,0.0,0.0,0.0,0.0,-0.0,-0.0,-0.0,0.0,0.0,0.0,0.0,0.0,0.0,0.0,0.0,0.0,0.0,0.0,0.0,0.0,0.0,0.0,0.0,0.0,0.0,0.0,0.0,0.0,0.0,0.2,8.5,28.0,228.0,0.5,7.681136459653559,1.402091254752852,0.3617448246725813,2.46092099704267,3.4220532319391634,Attack,Denial of Service,GoldenEye (HTTP),Raspberry Pi 4B 4GB,nmon,1
14:38:33.000,0.0,0.2,0.0,1,0,195.1,2.0,0.0,0.0,0.0,0.1,-0.0,-0.0,-0.0,0.0,0.0,1.0,0.0,0.0,0.0,1.0,0.0,1.0,0.0,0.0,0.0,47.8,0.0,47.8,6.9,0.0,6.9,7.0,0.0,7.0,0.0,0.2,8.5,28.0,229.0,0.20000000000000284,7.681136459653559,1.402091254752852,0.3617448246725813,2.46092099704267,3.4273341782847493,Attack,Denial of Service,GoldenEye (HTTP),Raspberry Pi 4B 4GB,nmon,1
14:38:34.000,0.0,0.0,0.0,1,0,91.8,2.0,0.0,0.0,0.0,0.0,-0.0,-0.0,-0.0,0.0,0.0,0.0,0.0,0.0,0.0,0.0,0.0,0.0,0.0,0.0,0.0,0.0,0.0,0.0,0.0,0.0,0.0,0.0,0.0,0.0,0.0,0.2,8.5,28.0,230.0,0.0,7.6864174059991575,1.402091254752852,0.3617448246725813,2.46092099704267,3.4273341782847493,Attack,Denial of Service,GoldenEye (HTTP),Raspberry Pi 4B 4GB,nmon,1
14:38:35.000,0.2,0.2,0.0,1,0,122.7,2.0,0.0,0.0,0.0,0.0,-0.0,-0.0,-0.7,0.0,0.0,0.0,0.0,0.0,10.0,0.0,0.0,0.0,0.0,0.0,0.0,0.0,0.0,0.0,0.0,0.0,0.0,0.0,0.0,0.0,0.0,0.2,8.5,28.0,231.0,0.5,7.681136459653559,1.402091254752852,0.3617448246725813,2.46092099704267,3.4273341782847493,Attack,Denial of Service,GoldenEye (HTTP),Raspberry Pi 4B 4GB,nmon,1
14:38:36.000,0.0,0.2,0.0,1,0,93.8,2.0,0.0,0.0,0.0,0.0,-0.0,-0.0,-0.0,0.0,0.0,0.0,0.0,0.0,0.0,0.0,0.0,0.0,0.0,0.0,0.0,0.0,0.0,0.0,0.0,0.0,0.0,0.0,0.0,0.0,0.0,0.2,8.5,28.0,232.0,0.20000000000000284,7.6864174059991575,1.402091254752852,0.3617448246725813,2.46092099704267,3.4273341782847493,Attack,Denial of Service,GoldenEye (HTTP),Raspberry Pi 4B 4GB,nmon,1
14:38:37.000,0.0,0.0,0.0,1,0,89.8,2.0,0.0,0.0,0.0,0.0,-0.0,-0.0,-0.0,0.0,0.0,0.0,0.0,0.0,0.0,0.0,0.0,0.0,0.0,0.0,0.0,0.0,0.0,0.0,0.0,0.0,0.0,0.0,0.0,0.0,0.0,0.2,8.5,28.0,233.0,0.0,7.683776932826358,1.402091254752852,0.3617448246725813,2.46092099704267,3.4273341782847493,Attack,Denial of Service,GoldenEye (HTTP),Raspberry Pi 4B 4GB,nmon,1
14:38:38.000,0.0,0.5,0.2,1,0,117.6,2.0,0.0,0.0,0.0,0.0,-0.0,-0.0,-0.0,0.0,0.0,0.0,0.0,0.0,0.0,0.0,0.0,0.0,0.0,0.0,0.0,15.9,0.0,15.9,8.0,0.0,8.0,2.0,0.0,2.0,0.0,0.2,8.5,28.0,234.0,0.7000000000000028,7.6864174059991575,1.4047317279256444,0.36438529784537393,2.46092099704267,3.424693705111956,Attack,Denial of Service,GoldenEye (HTTP),Raspberry Pi 4B 4GB,nmon,1
14:38:39.000,0.0,0.5,0.0,1,0,106.7,2.0,0.0,0.0,0.0,0.0,-0.0,-0.0,-0.0,0.0,0.0,0.0,0.0,0.0,0.0,0.0,0.0,0.0,0.0,0.0,0.0,0.0,0.0,0.0,0.0,0.0,0.0,0.0,0.0,0.0,0.0,0.2,8.5,28.0,235.0,0.5,7.792036332910857,1.4047317279256444,0.36438529784537393,2.4635614702154625,3.527672158850866,Attack,Denial of Service,GoldenEye (HTTP),Raspberry Pi 4B 4GB,nmon,1
14:38:40.000,0.0,0.2,0.0,1,0,84.8,2.0,0.0,0.0,0.0,0.0,-0.0,-0.0,-0.0,0.0,0.0,0.0,0.0,0.0,0.0,0.0,0.0,0.0,0.0,0.0,0.0,0.0,0.0,0.0,0.0,0.0,0.0,0.0,0.0,0.0,0.0,0.2,8.5,28.0,236.0,0.20000000000000284,7.792036332910857,1.4047317279256444,0.36438529784537393,2.4635614702154625,3.527672158850866,Attack,Denial of Service,GoldenEye (HTTP),Raspberry Pi 4B 4GB,nmon,1
14:38:41.000,0.0,0.2,0.0,1,0,96.8,2.0,0.0,0.0,0.0,0.0,-0.0,-0.0,-0.0,0.0,0.0,0.0,0.0,0.0,0.0,0.0,0.0,0.0,0.0,0.0,0.0,0.0,0.0,0.0,0.0,0.0,0.0,0.0,0.0,0.0,0.0,0.2,8.5,28.0,237.0,0.20000000000000284,7.792036332910857,1.4047317279256444,0.36438529784537393,2.4635614702154625,3.527672158850866,Attack,Denial of Service,GoldenEye (HTTP),Raspberry Pi 4B 4GB,nmon,1
14:38:42.000,0.0,0.2,0.0,1,0,101.8,2.0,0.0,0.0,0.0,0.0,-0.0,-0.0,-0.0,0.0,0.0,0.0,0.0,0.0,0.0,0.0,0.0,0.0,0.0,0.0,0.0,0.0,0.0,0.0,0.0,0.0,0.0,0.0,0.0,0.0,0.0,0.2,8.5,28.0,238.0,0.20000000000000284,7.792036332910857,1.4047317279256444,0.36438529784537393,2.46092099704267,3.527672158850866,Attack,Denial of Service,GoldenEye (HTTP),Raspberry Pi 4B 4GB,nmon,1
14:38:43.000,0.2,0.0,0.0,1,0,148.4,2.0,0.0,0.0,0.0,0.0,-0.0,-0.0,-0.0,0.0,0.0,0.0,0.0,0.0,0.0,1.0,0.0,1.0,0.0,0.0,0.0,19.9,0.0,19.9,6.7,0.0,6.7,3.0,0.0,3.0,0.0,0.2,8.5,28.0,239.0,0.20000000000000284,7.792036332910857,1.4047317279256444,0.36438529784537393,2.4635614702154625,3.527672158850866,Attack,Denial of Service,GoldenEye (HTTP),Raspberry Pi 4B 4GB,nmon,1
14:38:44.000,0.0,0.2,0.0,1,0,87.8,2.0,0.0,0.0,0.0,0.0,-0.0,-0.0,-0.0,0.0,0.0,0.0,0.0,0.0,0.0,0.0,0.0,0.0,0.0,0.0,0.0,0.0,0.0,0.0,0.0,0.0,0.0,0.0,0.0,0.0,0.0,0.2,8.5,28.0,240.0,0.20000000000000284,7.792036332910857,1.4047317279256444,0.36438529784537393,2.4635614702154625,3.5303126320236586,Attack,Denial of Service,GoldenEye (HTTP),Raspberry Pi 4B 4GB,nmon,1
14:38:45.000,0.0,0.5,0.0,1,0,95.8,2.0,0.0,0.0,0.0,0.0,-0.0,-0.0,-0.0,0.0,0.0,0.0,0.0,0.0,0.0,0.0,0.0,0.0,0.0,0.0,0.0,0.0,0.0,0.0,0.0,0.0,0.0,0.0,0.0,0.0,0.0,0.2,8.5,28.0,241.0,0.5,7.792036332910857,1.4047317279256444,0.36438529784537393,2.4635614702154625,3.527672158850866,Attack,Denial of Service,GoldenEye (HTTP),Raspberry Pi 4B 4GB,nmon,1
14:38:46.000,0.0,0.0,0.0,1,0,95.8,2.0,0.0,0.0,0.0,0.0,-0.0,-0.0,-0.0,0.0,0.0,0.0,0.0,0.0,0.0,0.0,0.0,0.0,0.0,0.0,0.0,0.0,0.0,0.0,0.0,0.0,0.0,0.0,0.0,0.0,0.0,0.2,8.5,28.0,242.0,0.0,7.794676806083645,1.4047317279256444,0.36438529784537393,2.4635614702154625,3.527672158850866,Attack,Denial of Service,GoldenEye (HTTP),Raspberry Pi 4B 4GB,nmon,1
14:38:47.000,0.0,0.0,0.0,1,0,109.7,2.0,0.0,0.0,0.0,0.0,-0.0,-0.0,-0.0,0.0,0.0,0.0,0.0,0.0,0.0,0.0,0.0,0.0,0.0,0.0,0.0,0.0,0.0,0.0,0.0,0.0,0.0,0.0,0.0,0.0,0.0,0.2,8.5,28.0,243.0,0.0,7.792036332910857,1.4047317279256444,0.36438529784537393,2.4635614702154625,3.5303126320236586,Attack,Denial of Service,GoldenEye (HTTP),Raspberry Pi 4B 4GB,nmon,1
14:38:48.000,0.2,0.2,0.2,1,0,113.6,2.0,0.0,0.0,0.0,0.0,-0.0,-0.0,-0.0,0.0,0.0,0.0,0.0,0.0,0.0,0.0,0.0,0.0,0.0,0.0,0.0,15.9,0.0,15.9,8.0,0.0,8.0,2.0,0.0,2.0,0.0,0.2,8.5,28.0,244.0,0.7000000000000028,7.794676806083645,1.4047317279256444,0.36438529784537393,2.4635614702154625,3.527672158850866,Attack,Denial of Service,GoldenEye (HTTP),Raspberry Pi 4B 4GB,nmon,1
14:38:49.000,0.0,0.5,0.0,1,0,107.7,2.0,0.0,0.0,0.0,0.0,-0.0,-0.0,-0.0,0.0,0.0,0.0,0.0,0.0,0.0,0.0,0.0,0.0,0.0,0.0,0.0,0.0,0.0,0.0,0.0,0.0,0.0,0.0,0.0,0.0,0.0,0.2,8.5,28.0,245.0,0.5,7.934621884241655,1.4047317279256444,0.36438529784537393,2.4635614702154625,3.6623362906632866,Attack,Denial of Service,GoldenEye (HTTP),Raspberry Pi 4B 4GB,nmon,1
14:38:50.000,0.0,0.2,0.0,1,0,93.8,2.0,0.0,0.0,0.0,0.0,-0.0,-0.0,-0.0,0.0,0.0,0.0,0.0,0.0,0.0,0.0,0.0,0.0,0.0,0.0,0.0,0.0,0.0,0.0,0.0,0.0,0.0,0.0,0.0,0.0,0.0,0.2,8.5,28.0,246.0,0.20000000000000284,7.939902830587242,1.4047317279256444,0.36438529784537393,2.4635614702154625,3.6623362906632866,Attack,Denial of Service,GoldenEye (HTTP),Raspberry Pi 4B 4GB,nmon,1
14:38:51.000,0.0,0.2,0.0,1,0,97.8,2.0,0.0,0.0,0.0,0.0,-0.0,-0.0,-0.0,0.0,0.0,0.0,0.0,0.0,0.0,0.0,0.0,0.0,0.0,0.0,0.0,0.0,0.0,0.0,0.0,0.0,0.0,0.0,0.0,0.0,0.0,0.2,8.5,28.0,247.0,0.20000000000000284,7.931981411068856,1.4047317279256444,0.36438529784537393,2.4635614702154625,3.66497676383608,Attack,Denial of Service,GoldenEye (HTTP),Raspberry Pi 4B 4GB,nmon,1
14:38:52.000,0.0,0.2,0.0,1,0,96.8,2.0,0.0,0.0,0.0,0.0,-0.0,-0.0,-0.0,0.0,0.0,0.0,0.0,0.0,0.0,0.0,0.0,0.0,0.0,0.0,0.0,0.0,0.0,0.0,0.0,0.0,0.0,0.0,0.0,0.0,0.0,0.2,8.5,28.0,248.0,0.20000000000000284,7.934621884241655,1.4047317279256444,0.36438529784537393,2.4635614702154625,3.66497676383608,Attack,Denial of Service,GoldenEye (HTTP),Raspberry Pi 4B 4GB,nmon,1
14:38:53.000,0.0,0.0,0.0,1,0,133.5,2.0,0.0,0.0,0.0,0.0,-0.0,-0.0,-0.0,0.0,0.0,0.0,0.0,0.0,0.0,0.0,0.0,0.0,0.0,0.0,0.0,19.9,0.0,19.9,6.7,0.0,6.7,3.0,0.0,3.0,0.0,0.2,8.5,28.0,249.0,0.0,7.94254330376003,1.4047317279256444,0.36438529784537393,2.4635614702154625,3.6623362906632866,Attack,Denial of Service,GoldenEye (HTTP),Raspberry Pi 4B 4GB,nmon,1
14:38:54.000,0.0,0.5,0.0,1,0,108.7,2.0,0.0,0.0,0.0,0.0,-0.0,-0.0,-0.0,0.0,0.0,0.0,0.0,0.0,0.0,0.0,0.0,0.0,0.0,0.0,0.0,0.0,0.0,0.0,0.0,0.0,0.0,0.0,0.0,0.0,0.0,0.2,8.5,28.0,250.0,0.5,7.931981411068856,1.4047317279256444,0.36438529784537393,2.4635614702154625,3.66497676383608,Attack,Denial of Service,GoldenEye (HTTP),Raspberry Pi 4B 4GB,nmon,1
14:38:55.000,0.0,0.0,0.0,1,0,93.8,2.0,0.0,0.0,0.0,0.0,-0.0,-0.0,-0.0,0.0,0.0,0.0,0.0,0.0,0.0,0.0,0.0,0.0,0.0,0.0,0.0,0.0,0.0,0.0,0.0,0.0,0.0,0.0,0.0,0.0,0.0,0.2,8.5,28.0,251.0,0.0,7.939902830587242,1.4047317279256444,0.36438529784537393,2.4635614702154625,3.6623362906632866,Attack,Denial of Service,GoldenEye (HTTP),Raspberry Pi 4B 4GB,nmon,1
14:38:56.000,0.2,0.0,0.0,1,0,96.8,2.0,0.0,0.0,0.0,0.0,-0.0,-0.0,-0.0,0.0,0.0,0.0,0.0,0.0,0.0,0.0,0.0,0.0,0.0,0.0,0.0,0.0,0.0,0.0,0.0,0.0,0.0,0.0,0.0,0.0,0.0,0.2,8.5,28.0,252.0,0.20000000000000284,7.934621884241655,1.4047317279256444,0.36438529784537393,2.4635614702154625,3.66497676383608,Attack,Denial of Service,GoldenEye (HTTP),Raspberry Pi 4B 4GB,nmon,1
14:38:57.000,0.0,0.2,0.0,1,0,95.8,2.0,0.0,0.0,0.0,0.0,-0.0,-0.0,-0.0,0.0,0.0,0.0,0.0,0.0,0.0,0.0,0.0,0.0,0.0,0.0,0.0,0.0,0.0,0.0,0.0,0.0,0.0,0.0,0.0,0.0,0.0,0.2,8.5,28.0,253.0,0.20000000000000284,7.94254330376003,1.4047317279256444,0.36438529784537393,2.4635614702154625,3.6623362906632866,Attack,Denial of Service,GoldenEye (HTTP),Raspberry Pi 4B 4GB,nmon,1
14:38:58.000,0.0,0.2,0.2,1,0,114.6,2.0,0.0,0.0,0.0,0.0,-0.0,-0.0,-0.0,0.0,0.0,0.0,0.0,0.0,0.0,1.0,0.0,1.0,0.0,0.0,0.0,15.9,0.0,15.9,8.0,0.0,8.0,2.0,0.0,2.0,0.0,0.2,8.5,28.0,254.0,0.5,7.931981411068856,1.4047317279256444,0.36438529784537393,2.4635614702154625,3.6596958174904946,Attack,Denial of Service,GoldenEye (HTTP),Raspberry Pi 4B 4GB,nmon,1
14:38:59.000,0.0,0.5,0.0,1,0,126.7,2.0,0.0,0.0,0.0,0.0,-0.0,-0.0,-0.0,0.0,0.0,0.0,0.0,0.0,0.0,0.0,0.0,0.0,0.0,0.0,0.0,23.9,0.0,23.9,24.0,0.0,24.0,1.0,0.0,1.0,0.0,0.2,8.5,28.0,255.0,0.5,8.08512885509083,1.4047317279256444,0.36438529784537393,2.4635614702154625,3.7996408956485004,Attack,Denial of Service,GoldenEye (HTTP),Raspberry Pi 4B 4GB,nmon,1
14:39:00.000,0.2,0.2,0.0,1,0,85.8,2.0,0.0,0.0,0.0,0.0,-0.0,-0.0,-0.0,0.0,0.0,0.0,0.0,0.0,0.0,0.0,0.0,0.0,0.0,0.0,0.0,0.0,0.0,0.0,0.0,0.0,0.0,0.0,0.0,0.0,0.0,0.2,8.5,28.0,256.0,0.5,8.08248838191804,1.4047317279256444,0.36438529784537393,2.4635614702154625,3.7970004224757083,Attack,Denial of Service,GoldenEye (HTTP),Raspberry Pi 4B 4GB,nmon,1
14:39:01.000,0.0,0.2,0.0,1,0,92.8,2.0,0.0,0.0,0.0,0.0,-0.0,-0.0,-0.0,0.0,0.0,0.0,0.0,0.0,0.0,0.0,0.0,0.0,0.0,0.0,0.0,0.0,0.0,0.0,0.0,0.0,0.0,0.0,0.0,0.0,0.0,0.2,8.5,28.0,257.0,0.20000000000000284,8.087769328263617,1.4047317279256444,0.36438529784537393,2.4635614702154625,3.7996408956485004,Attack,Denial of Service,GoldenEye (HTTP),Raspberry Pi 4B 4GB,nmon,1
14:39:02.000,0.2,0.0,0.0,1,0,92.8,2.0,0.0,0.0,0.0,0.0,-0.0,-0.0,-0.0,0.0,0.0,0.0,0.0,0.0,0.0,0.0,0.0,0.0,0.0,0.0,0.0,0.0,0.0,0.0,0.0,0.0,0.0,0.0,0.0,0.0,0.0,0.2,8.5,28.0,258.0,0.20000000000000284,8.08512885509083,1.4047317279256444,0.36438529784537393,2.4635614702154625,3.7996408956485004,Attack,Denial of Service,GoldenEye (HTTP),Raspberry Pi 4B 4GB,nmon,1
14:39:03.000,0.0,0.5,0.2,1,0,180.9,2.0,0.0,0.0,0.0,0.1,-0.0,-0.0,-0.0,0.0,0.0,1.0,0.0,0.0,0.0,1.0,0.0,1.0,0.0,0.0,0.0,35.8,0.0,35.8,7.2,0.0,7.2,5.0,0.0,5.0,0.0,0.2,8.5,28.0,259.0,0.7000000000000028,8.08512885509083,1.4047317279256444,0.36438529784537393,2.4635614702154625,3.7996408956485004,Attack,Denial of Service,GoldenEye (HTTP),Raspberry Pi 4B 4GB,nmon,1
14:39:04.000,0.0,0.2,0.0,1,0,103.7,2.0,0.0,0.0,0.0,0.0,-0.0,-0.0,-0.0,0.0,0.0,0.0,0.0,0.0,0.0,0.0,0.0,0.0,0.0,0.0,0.0,4.0,0.0,4.0,4.0,0.0,4.0,1.0,0.0,1.0,0.0,0.2,8.5,28.0,260.0,0.20000000000000284,8.087769328263617,1.4047317279256444,0.36438529784537393,2.4635614702154625,3.7996408956485004,Attack,Denial of Service,GoldenEye (HTTP),Raspberry Pi 4B 4GB,nmon,1
14:39:05.000,0.0,0.2,0.0,1,0,78.8,2.0,0.0,0.0,0.0,0.0,-0.0,-0.0,-0.0,0.0,0.0,0.0,0.0,0.0,0.0,0.0,0.0,0.0,0.0,0.0,0.0,0.0,0.0,0.0,0.0,0.0,0.0,0.0,0.0,0.0,0.0,0.2,8.5,28.0,261.0,0.20000000000000284,8.08512885509083,1.4047317279256444,0.36438529784537393,2.4635614702154625,3.7996408956485004,Attack,Denial of Service,GoldenEye (HTTP),Raspberry Pi 4B 4GB,nmon,1
14:39:06.000,0.0,0.2,0.0,1,0,84.8,2.0,0.0,0.0,0.0,0.0,-0.0,-0.0,-0.0,0.0,0.0,0.0,0.0,0.0,0.0,0.0,0.0,0.0,0.0,0.0,0.0,0.0,0.0,0.0,0.0,0.0,0.0,0.0,0.0,0.0,0.0,0.2,8.5,28.0,262.0,0.20000000000000284,8.08512885509083,1.4047317279256444,0.36438529784537393,2.4635614702154625,3.7996408956485004,Attack,Denial of Service,GoldenEye (HTTP),Raspberry Pi 4B 4GB,nmon,1
14:39:07.000,0.0,0.2,0.0,1,0,122.7,2.0,0.0,0.0,0.0,0.0,-0.0,-0.0,-0.7,0.0,0.0,0.0,0.0,0.0,10.0,0.0,0.0,0.0,0.0,0.0,0.0,0.0,0.0,0.0,0.0,0.0,0.0,0.0,0.0,0.0,0.0,0.2,8.5,28.0,263.0,0.20000000000000284,8.08512885509083,1.4047317279256444,0.36438529784537393,2.4635614702154625,3.7996408956485004,Attack,Denial of Service,GoldenEye (HTTP),Raspberry Pi 4B 4GB,nmon,1
14:39:08.000,0.0,0.0,0.0,1,0,107.6,2.0,0.0,0.0,0.0,0.0,-0.0,-0.0,-0.0,0.0,0.0,0.0,0.0,0.0,0.0,0.0,0.0,0.0,0.0,0.0,0.0,15.9,0.0,15.9,8.0,0.0,8.0,2.0,0.0,2.0,0.0,0.2,8.5,28.0,264.0,0.0,8.087769328263617,1.4047317279256444,0.36438529784537393,2.4635614702154625,3.7996408956485004,Attack,Denial of Service,GoldenEye (HTTP),Raspberry Pi 4B 4GB,nmon,1
14:39:10.000,0.0,0.2,0.0,1,0,82.8,2.0,0.0,0.0,0.0,0.0,-0.0,-0.0,-0.0,0.0,0.0,0.0,0.0,0.0,0.0,0.0,0.0,0.0,0.0,0.0,0.0,0.0,0.0,0.0,0.0,0.0,0.0,0.0,0.0,0.0,0.0,0.2,8.5,28.0,266.0,0.20000000000000284,8.090409801436405,1.4047317279256444,0.36438529784537393,2.4635614702154625,3.7996408956485004,Attack,Denial of Service,GoldenEye (HTTP),Raspberry Pi 4B 4GB,nmon,1
14:39:11.000,0.2,0.2,0.0,1,0,103.8,2.0,0.0,0.0,0.0,0.0,-0.0,-0.0,-0.0,0.0,0.0,0.0,0.0,0.0,0.0,0.0,0.0,0.0,0.0,0.0,0.0,0.0,0.0,0.0,0.0,0.0,0.0,0.0,0.0,0.0,0.0,0.2,8.5,28.0,267.0,0.5,8.087769328263617,1.4047317279256444,0.36438529784537393,2.4635614702154625,3.7970004224757083,Attack,Denial of Service,GoldenEye (HTTP),Raspberry Pi 4B 4GB,nmon,1
14:39:12.000,0.0,0.2,0.0,1,0,109.8,2.0,0.0,0.0,0.0,0.0,-0.0,-0.0,-0.0,0.0,0.0,0.0,0.0,0.0,0.0,0.0,0.0,0.0,0.0,0.0,0.0,0.0,0.0,0.0,0.0,0.0,0.0,0.0,0.0,0.0,0.0,0.2,8.5,28.0,268.0,0.20000000000000284,8.090409801436405,1.4047317279256444,0.36438529784537393,2.4635614702154625,3.7970004224757083,Attack,Denial of Service,GoldenEye (HTTP),Raspberry Pi 4B 4GB,nmon,1
14:39:13.000,0.0,0.2,0.0,1,0,127.7,2.0,0.0,0.0,0.0,0.0,-0.0,-0.0,-0.0,0.0,0.0,1.0,0.0,0.0,1.0,1.0,0.0,1.0,0.0,0.0,0.0,0.0,0.0,0.0,0.0,0.0,0.0,0.0,0.0,0.0,0.0,0.2,8.5,28.0,269.0,0.20000000000000284,8.087769328263617,1.4047317279256444,0.36438529784537393,2.4635614702154625,3.802281368821293,Attack,Denial of Service,GoldenEye (HTTP),Raspberry Pi 4B 4GB,nmon,1
14:39:14.000,0.0,0.2,0.2,1,0,131.5,2.0,0.0,0.0,0.0,0.0,-0.0,-0.0,-0.0,0.0,0.0,0.0,0.0,0.0,0.0,0.0,0.0,0.0,0.0,0.0,0.0,19.9,0.0,19.9,6.7,0.0,6.7,3.0,0.0,3.0,0.0,0.2,8.5,28.0,270.0,0.5,8.087769328263617,1.4047317279256444,0.36438529784537393,2.4635614702154625,3.802281368821293,Attack,Denial of Service,GoldenEye (HTTP),Raspberry Pi 4B 4GB,nmon,1
14:39:15.000,0.0,0.2,0.0,1,0,93.8,2.0,0.0,0.0,0.0,0.0,-0.0,-0.0,-0.0,0.0,0.0,0.0,0.0,0.0,0.0,0.0,0.0,0.0,0.0,0.0,0.0,0.0,0.0,0.0,0.0,0.0,0.0,0.0,0.0,0.0,0.0,0.2,8.5,28.0,271.0,0.20000000000000284,8.08512885509083,1.4047317279256444,0.36438529784537393,2.4635614702154625,3.7996408956485004,Attack,Denial of Service,GoldenEye (HTTP),Raspberry Pi 4B 4GB,nmon,1
14:39:16.000,0.0,0.0,0.0,1,0,103.8,2.0,0.0,0.0,0.0,0.0,-0.0,-0.0,-0.0,0.0,0.0,0.0,0.0,0.0,0.0,0.0,0.0,0.0,0.0,0.0,0.0,0.0,0.0,0.0,0.0,0.0,0.0,0.0,0.0,0.0,0.0,0.2,8.5,28.0,272.0,0.0,8.087769328263617,1.4047317279256444,0.36438529784537393,2.4635614702154625,3.7996408956485004,Attack,Denial of Service,GoldenEye (HTTP),Raspberry Pi 4B 4GB,nmon,1
14:39:17.000,0.0,0.2,0.0,1,0,79.8,2.0,0.0,0.0,0.0,0.0,-0.0,-0.0,-0.0,0.0,0.0,0.0,0.0,0.0,0.0,0.0,0.0,0.0,0.0,0.0,0.0,0.0,0.0,0.0,0.0,0.0,0.0,0.0,0.0,0.0,0.0,0.2,8.5,28.0,273.0,0.20000000000000284,8.090409801436405,1.4047317279256444,0.36438529784537393,2.4635614702154625,3.7970004224757083,Attack,Denial of Service,GoldenEye (HTTP),Raspberry Pi 4B 4GB,nmon,1
14:39:18.000,0.2,0.2,0.0,1,0,85.8,2.0,0.0,0.0,0.0,0.0,-0.0,-0.0,-0.0,0.0,0.0,0.0,0.0,0.0,0.0,0.0,0.0,0.0,0.0,0.0,0.0,0.0,0.0,0.0,0.0,0.0,0.0,0.0,0.0,0.0,0.0,0.2,8.5,28.0,274.0,0.5,8.087769328263617,1.4047317279256444,0.36438529784537393,2.4635614702154625,3.7996408956485004,Attack,Denial of Service,GoldenEye (HTTP),Raspberry Pi 4B 4GB,nmon,1
14:39:19.000,0.0,0.0,0.0,1,0,106.8,2.0,0.0,0.0,0.0,0.0,-0.0,-0.0,-0.0,0.0,0.0,0.0,0.0,0.0,0.0,1.0,0.0,1.0,0.0,0.0,0.0,16.0,0.0,16.0,8.0,0.0,8.0,2.0,0.0,2.0,0.0,0.2,8.5,28.0,275.0,0.0,8.090409801436405,1.4047317279256444,0.36438529784537393,2.4635614702154625,3.802281368821293,Attack,Denial of Service,GoldenEye (HTTP),Raspberry Pi 4B 4GB,nmon,1
14:39:20.000,0.0,0.5,0.0,1,0,88.8,2.0,0.0,0.0,0.0,0.0,-0.0,-0.0,-0.0,0.0,0.0,0.0,0.0,0.0,0.0,0.0,0.0,0.0,0.0,0.0,0.0,0.0,0.0,0.0,0.0,0.0,0.0,0.0,0.0,0.0,0.0,0.2,8.5,28.0,276.0,0.5,8.087769328263617,1.4047317279256444,0.36438529784537393,2.4635614702154625,3.7943599493029145,Attack,Denial of Service,GoldenEye (HTTP),Raspberry Pi 4B 4GB,nmon,1
14:39:21.000,0.0,0.0,0.0,2,0,98.8,2.0,0.0,0.0,0.0,0.0,-0.0,-0.0,-0.0,0.0,0.0,0.0,0.0,0.0,0.0,0.0,0.0,0.0,0.0,0.0,0.0,0.0,0.0,0.0,0.0,0.0,0.0,0.0,0.0,0.0,0.0,0.2,8.5,28.0,277.0,0.0,8.08512885509083,1.4047317279256444,0.36438529784537393,2.4635614702154625,3.807562315166878,Attack,Denial of Service,GoldenEye (HTTP),Raspberry Pi 4B 4GB,nmon,1
14:39:22.000,0.0,0.2,0.0,2,0,176.7,0.0,0.0,0.0,0.0,0.1,-0.0,-0.0,-0.1,0.0,0.0,2.0,0.0,0.0,1.0,0.0,0.0,0.0,0.0,0.0,0.0,0.0,0.0,0.0,0.0,0.0,0.0,0.0,0.0,0.0,0.0,0.2,8.5,28.0,278.0,0.20000000000000284,8.08512885509083,1.4047317279256444,0.36438529784537393,2.4635614702154625,3.8102027883396707,Attack,Denial of Service,GoldenEye (HTTP),Raspberry Pi 4B 4GB,nmon,1
14:39:23.000,0.0,0.0,0.0,1,0,90.8,2.0,0.0,0.0,0.0,0.0,-0.0,-0.0,-0.0,0.0,0.0,0.0,0.0,0.0,0.0,0.0,0.0,0.0,0.0,0.0,0.0,0.0,0.0,0.0,0.0,0.0,0.0,0.0,0.0,0.0,0.0,0.2,8.5,28.0,279.0,0.0,8.08512885509083,1.4047317279256444,0.36438529784537393,2.4635614702154625,3.8102027883396707,Attack,Denial of Service,GoldenEye (HTTP),Raspberry Pi 4B 4GB,nmon,1
14:39:24.000,0.2,0.2,0.2,1,0,129.6,2.0,0.0,0.0,0.0,0.0,-0.0,-0.0,-0.0,0.0,0.0,0.0,0.0,0.0,0.0,0.0,0.0,0.0,0.0,0.0,0.0,15.9,0.0,15.9,8.0,0.0,8.0,2.0,0.0,2.0,0.0,0.2,8.5,28.0,280.0,0.7000000000000028,8.090409801436405,1.4047317279256444,0.36438529784537393,2.4635614702154625,3.807562315166878,Attack,Denial of Service,GoldenEye (HTTP),Raspberry Pi 4B 4GB,nmon,1
14:39:25.000,0.0,0.5,0.0,1,0,105.7,2.0,0.0,0.0,0.0,0.0,-0.0,-0.0,-0.0,0.0,0.0,0.0,0.0,0.0,0.0,0.0,0.0,0.0,0.0,0.0,0.0,0.0,0.0,0.0,0.0,0.0,0.0,0.0,0.0,0.0,0.0,0.2,8.5,28.0,281.0,0.5,8.09833122095479,1.4047317279256444,0.36438529784537393,2.4635614702154625,3.8102027883396707,Attack,Denial of Service,GoldenEye (HTTP),Raspberry Pi 4B 4GB,nmon,1
14:39:26.000,0.0,0.0,0.0,1,0,84.8,2.0,0.0,0.0,0.0,0.0,-0.0,-0.0,-0.0,0.0,0.0,0.0,0.0,0.0,0.0,0.0,0.0,0.0,0.0,0.0,0.0,0.0,0.0,0.0,0.0,0.0,0.0,0.0,0.0,0.0,0.0,0.2,8.5,28.0,282.0,0.0,8.09833122095479,1.4047317279256444,0.36438529784537393,2.4635614702154625,3.8102027883396707,Attack,Denial of Service,GoldenEye (HTTP),Raspberry Pi 4B 4GB,nmon,1
14:39:27.000,0.2,0.0,0.0,1,0,89.8,2.0,0.0,0.0,0.0,0.0,-0.0,-0.0,-0.0,0.0,0.0,0.0,0.0,0.0,0.0,0.0,0.0,0.0,0.0,0.0,0.0,0.0,0.0,0.0,0.0,0.0,0.0,0.0,0.0,0.0,0.0,0.2,8.5,28.0,283.0,0.20000000000000284,8.103612167300367,1.4047317279256444,0.36438529784537393,2.4635614702154625,3.8102027883396707,Attack,Denial of Service,GoldenEye (HTTP),Raspberry Pi 4B 4GB,nmon,1
14:39:28.000,0.0,0.2,0.0,1,0,99.8,2.0,0.0,0.0,0.0,0.0,-0.0,-0.0,-0.0,0.0,0.0,0.0,0.0,0.0,0.0,0.0,0.0,0.0,0.0,0.0,0.0,0.0,0.0,0.0,0.0,0.0,0.0,0.0,0.0,0.0,0.0,0.2,8.5,28.0,284.0,0.20000000000000284,8.103612167300367,1.4047317279256444,0.36438529784537393,2.4635614702154625,3.8102027883396707,Attack,Denial of Service,GoldenEye (HTTP),Raspberry Pi 4B 4GB,nmon,1
14:39:29.000,0.0,0.2,0.0,1,0,110.6,2.0,0.0,0.0,0.0,0.0,-0.0,-0.0,-0.0,0.0,0.0,0.0,0.0,0.0,0.0,1.0,0.0,1.0,0.0,0.0,0.0,15.9,0.0,15.9,8.0,0.0,8.0,2.0,0.0,2.0,0.0,0.2,8.5,28.0,285.0,0.20000000000000284,8.103612167300367,1.4047317279256444,0.36438529784537393,2.4635614702154625,3.8102027883396707,Attack,Denial of Service,GoldenEye (HTTP),Raspberry Pi 4B 4GB,nmon,1
14:39:30.000,0.2,0.2,0.0,1,0,92.8,2.0,0.0,0.0,0.0,0.0,-0.0,-0.0,-0.0,0.0,0.0,0.0,0.0,0.0,0.0,0.0,0.0,0.0,0.0,0.0,0.0,0.0,0.0,0.0,0.0,0.0,0.0,0.0,0.0,0.0,0.0,0.2,8.5,28.0,286.0,0.5,8.103612167300367,1.4047317279256444,0.36438529784537393,2.4635614702154625,3.8102027883396707,Attack,Denial of Service,GoldenEye (HTTP),Raspberry Pi 4B 4GB,nmon,1
14:39:31.000,0.0,0.2,0.0,1,0,99.8,2.0,0.0,0.0,0.0,0.0,-0.0,-0.0,-0.0,0.0,0.0,0.0,0.0,0.0,0.0,0.0,0.0,0.0,0.0,0.0,0.0,0.0,0.0,0.0,0.0,0.0,0.0,0.0,0.0,0.0,0.0,0.2,8.5,28.0,287.0,0.20000000000000284,8.09833122095479,1.4047317279256444,0.36438529784537393,2.4635614702154625,3.8102027883396707,Attack,Denial of Service,GoldenEye (HTTP),Raspberry Pi 4B 4GB,nmon,1
14:39:32.000,0.0,0.2,0.0,1,0,99.8,2.0,0.0,0.0,0.0,0.0,-0.0,-0.0,-0.0,0.0,0.0,0.0,0.0,0.0,0.0,0.0,0.0,0.0,0.0,0.0,0.0,0.0,0.0,0.0,0.0,0.0,0.0,0.0,0.0,0.0,0.0,0.2,8.5,28.0,288.0,0.20000000000000284,8.09833122095479,1.4047317279256444,0.36438529784537393,2.4635614702154625,3.8102027883396707,Attack,Denial of Service,GoldenEye (HTTP),Raspberry Pi 4B 4GB,nmon,1
14:39:33.000,0.0,0.2,0.0,1,0,125.7,2.0,0.0,0.0,0.0,0.1,-0.0,-0.0,-0.0,0.0,0.0,1.0,0.0,0.0,0.0,0.0,0.0,0.0,0.0,0.0,0.0,0.0,0.0,0.0,0.0,0.0,0.0,0.0,0.0,0.0,0.0,0.2,8.5,28.0,289.0,0.20000000000000284,8.090409801436405,1.4047317279256444,0.36438529784537393,2.4635614702154625,3.8102027883396707,Attack,Denial of Service,GoldenEye (HTTP),Raspberry Pi 4B 4GB,nmon,1
14:39:34.000,0.0,0.2,0.2,1,0,125.6,2.0,0.0,0.0,0.0,0.0,-0.0,-0.0,-0.0,0.0,0.0,0.0,0.0,0.0,0.0,0.0,0.0,0.0,0.0,0.0,0.0,15.9,0.0,15.9,8.0,0.0,8.0,2.0,0.0,2.0,0.0,0.2,8.5,28.0,290.0,0.5,8.090409801436405,1.4047317279256444,0.36438529784537393,2.4635614702154625,3.8102027883396707,Attack,Denial of Service,GoldenEye (HTTP),Raspberry Pi 4B 4GB,nmon,1
14:39:35.000,0.0,0.2,0.0,1,0,104.7,2.0,0.0,0.0,0.0,0.0,-0.0,-0.0,-0.0,0.0,0.0,0.0,0.0,0.0,0.0,1.0,0.0,1.0,0.0,0.0,0.0,31.9,0.0,31.9,16.0,0.0,16.0,2.0,0.0,2.0,0.0,0.2,8.5,28.0,291.0,0.20000000000000284,8.08512885509083,1.4047317279256444,0.36438529784537393,2.4635614702154625,3.8102027883396707,Attack,Denial of Service,GoldenEye (HTTP),Raspberry Pi 4B 4GB,nmon,1
14:39:36.000,0.0,0.0,0.0,1,0,108.7,2.0,0.0,0.0,0.0,0.0,-0.0,-0.0,-0.0,0.0,0.0,0.0,0.0,0.0,0.0,0.0,0.0,0.0,0.0,0.0,0.0,0.0,0.0,0.0,0.0,0.0,0.0,0.0,0.0,0.0,0.0,0.2,8.5,28.0,292.0,0.0,8.08512885509083,1.4047317279256444,0.36438529784537393,2.4635614702154625,3.8102027883396707,Attack,Denial of Service,GoldenEye (HTTP),Raspberry Pi 4B 4GB,nmon,1
14:39:37.000,0.0,0.5,0.0,1,0,91.8,2.0,0.0,0.0,0.0,0.0,-0.0,-0.0,-0.0,0.0,0.0,0.0,0.0,0.0,0.0,0.0,0.0,0.0,0.0,0.0,0.0,0.0,0.0,0.0,0.0,0.0,0.0,0.0,0.0,0.0,0.0,0.2,8.5,28.0,293.0,0.5,8.08512885509083,1.4047317279256444,0.36438529784537393,2.4635614702154625,3.8102027883396707,Attack,Denial of Service,GoldenEye (HTTP),Raspberry Pi 4B 4GB,nmon,1
14:39:38.000,0.0,0.0,0.0,1,0,80.8,2.0,0.0,0.0,0.0,0.0,-0.0,-0.0,-0.0,0.0,0.0,0.0,0.0,0.0,0.0,0.0,0.0,0.0,0.0,0.0,0.0,0.0,0.0,0.0,0.0,0.0,0.0,0.0,0.0,0.0,0.0,0.2,8.5,28.0,294.0,0.0,8.08512885509083,1.4047317279256444,0.36438529784537393,2.4635614702154625,3.8128432615124637,Attack,Denial of Service,GoldenEye (HTTP),Raspberry Pi 4B 4GB,nmon,1
14:39:39.000,0.0,0.2,0.0,1,0,113.3,2.0,0.0,0.0,0.0,0.0,-0.0,-0.0,-0.0,0.0,0.0,0.0,0.0,0.0,0.0,0.0,0.0,0.0,0.0,0.0,0.0,23.9,0.0,23.9,12.0,0.0,12.0,2.0,0.0,2.0,0.0,0.2,8.5,28.0,295.0,0.20000000000000284,8.079847908745252,1.4047317279256444,0.36438529784537393,2.4635614702154625,3.8102027883396707,Attack,Denial of Service,GoldenEye (HTTP),Raspberry Pi 4B 4GB,nmon,1
14:39:40.000,0.2,0.2,0.0,1,0,89.8,2.0,0.0,0.0,0.0,0.0,-0.0,-0.0,-0.0,0.0,0.0,0.0,0.0,0.0,0.0,0.0,0.0,0.0,0.0,0.0,0.0,0.0,0.0,0.0,0.0,0.0,0.0,0.0,0.0,0.0,0.0,0.2,8.5,28.0,296.0,0.5,8.079847908745252,1.4073722010984369,0.36438529784537393,2.4635614702154625,3.8102027883396707,Attack,Denial of Service,GoldenEye (HTTP),Raspberry Pi 4B 4GB,nmon,1
14:39:41.000,0.0,0.2,0.0,1,0,105.7,2.0,0.0,0.0,0.0,0.0,-0.0,-0.0,-0.0,0.0,0.0,0.0,0.0,0.0,0.0,0.0,0.0,0.0,0.0,0.0,0.0,0.0,0.0,0.0,0.0,0.0,0.0,0.0,0.0,0.0,0.0,0.2,8.5,28.0,297.0,0.20000000000000284,8.071926489226867,1.4073722010984369,0.36438529784537393,2.4635614702154625,3.8102027883396707,Attack,Denial of Service,GoldenEye (HTTP),Raspberry Pi 4B 4GB,nmon,1
14:39:42.000,0.0,0.2,0.0,1,0,86.8,2.0,0.0,0.0,0.0,0.0,-0.0,-0.0,-0.0,0.0,0.0,0.0,0.0,0.0,0.0,0.0,0.0,0.0,0.0,0.0,0.0,0.0,0.0,0.0,0.0,0.0,0.0,0.0,0.0,0.0,0.0,0.2,8.5,28.0,298.0,0.20000000000000284,8.071926489226867,1.4073722010984369,0.36438529784537393,2.4635614702154625,3.8128432615124637,Attack,Denial of Service,GoldenEye (HTTP),Raspberry Pi 4B 4GB,nmon,1
14:39:43.000,0.0,0.2,0.0,1,0,98.8,2.0,0.0,0.0,0.0,0.0,-0.0,-0.0,-0.0,0.0,0.0,0.0,0.0,0.0,0.0,1.0,0.0,1.0,0.0,0.0,0.0,0.0,0.0,0.0,0.0,0.0,0.0,0.0,0.0,0.0,0.0,0.2,8.5,28.0,299.0,0.20000000000000284,8.071926489226867,1.4073722010984369,0.36438529784537393,2.4635614702154625,3.8102027883396707,Attack,Denial of Service,GoldenEye (HTTP),Raspberry Pi 4B 4GB,nmon,1
14:39:44.000,0.0,0.2,0.2,1,0,141.5,2.0,0.0,0.0,0.0,0.0,-0.0,-0.0,-0.0,0.0,0.0,0.0,0.0,0.0,0.0,0.0,0.0,0.0,0.0,0.0,0.0,35.9,0.0,35.9,6.0,0.0,6.0,6.0,0.0,6.0,0.0,0.2,8.5,28.0,300.0,0.5,8.069286016054079,1.4073722010984369,0.36702577101816647,2.4635614702154625,3.8128432615124637,Attack,Denial of Service,GoldenEye (HTTP),Raspberry Pi 4B 4GB,nmon,1
14:39:45.000,0.0,0.2,0.0,1,0,93.8,2.0,0.0,0.0,0.0,0.0,-0.0,-0.0,-0.0,0.0,0.0,0.0,0.0,0.0,0.0,0.0,0.0,0.0,0.0,0.0,0.0,0.0,0.0,0.0,0.0,0.0,0.0,0.0,0.0,0.0,0.0,0.2,8.5,28.0,301.0,0.20000000000000284,8.058724123362904,1.4073722010984369,0.36702577101816647,2.4635614702154625,3.8102027883396707,Attack,Denial of Service,GoldenEye (HTTP),Raspberry Pi 4B 4GB,nmon,1
14:39:46.000,0.0,0.0,0.0,1,0,89.8,2.0,0.0,0.0,0.0,0.0,-0.0,-0.0,-0.0,0.0,0.0,0.0,0.0,0.0,0.0,0.0,0.0,0.0,0.0,0.0,0.0,0.0,0.0,0.0,0.0,0.0,0.0,0.0,0.0,0.0,0.0,0.2,8.5,28.0,302.0,0.0,8.058724123362904,1.4073722010984369,0.36702577101816647,2.4635614702154625,3.8102027883396707,Attack,Denial of Service,GoldenEye (HTTP),Raspberry Pi 4B 4GB,nmon,1
14:39:47.000,0.2,0.2,0.0,1,0,83.8,2.0,0.0,0.0,0.0,0.0,-0.0,-0.0,-0.0,0.0,0.0,0.0,0.0,0.0,0.0,0.0,0.0,0.0,0.0,0.0,0.0,0.0,0.0,0.0,0.0,0.0,0.0,0.0,0.0,0.0,0.0,0.2,8.5,28.0,303.0,0.5,8.053443177017316,1.4073722010984369,0.36702577101816647,2.4635614702154625,3.8102027883396707,Attack,Denial of Service,GoldenEye (HTTP),Raspberry Pi 4B 4GB,nmon,1
14:39:48.000,0.0,0.0,0.0,1,0,104.7,2.0,0.0,0.0,0.0,0.0,-0.0,-0.0,-0.0,0.0,0.0,0.0,0.0,0.0,0.0,0.0,0.0,0.0,0.0,0.0,0.0,0.0,0.0,0.0,0.0,0.0,0.0,0.0,0.0,0.0,0.0,0.2,8.5,28.0,304.0,0.0,8.048162230671728,1.4073722010984369,0.36702577101816647,2.4635614702154625,3.807562315166878,Attack,Denial of Service,GoldenEye (HTTP),Raspberry Pi 4B 4GB,nmon,1
14:39:49.000,0.2,0.2,0.0,1,0,111.7,2.0,0.0,0.0,0.0,0.0,-0.0,-0.0,-0.0,0.0,0.0,0.0,0.0,0.0,0.0,1.0,0.0,1.0,0.0,0.0,0.0,16.0,0.0,16.0,8.0,0.0,8.0,2.0,0.0,2.0,0.0,0.2,8.5,28.0,305.0,0.5,8.040240811153353,1.4073722010984369,0.36702577101816647,2.4635614702154625,3.8102027883396707,Attack,Denial of Service,GoldenEye (HTTP),Raspberry Pi 4B 4GB,nmon,1
14:39:50.000,0.0,0.2,0.0,1,0,86.8,2.0,0.0,0.0,0.0,0.0,-0.0,-0.0,-0.0,0.0,0.0,0.0,0.0,0.0,0.0,0.0,0.0,0.0,0.0,0.0,0.0,0.0,0.0,0.0,0.0,0.0,0.0,0.0,0.0,0.0,0.0,0.2,8.5,28.0,306.0,0.20000000000000284,8.034959864807767,1.4073722010984369,0.36702577101816647,2.4635614702154625,3.8128432615124637,Attack,Denial of Service,GoldenEye (HTTP),Raspberry Pi 4B 4GB,nmon,1
14:39:51.000,0.0,0.2,0.0,1,0,96.8,2.0,0.0,0.0,0.0,0.0,-0.0,-0.0,-0.0,0.0,0.0,0.0,0.0,0.0,0.0,0.0,0.0,0.0,0.0,0.0,0.0,0.0,0.0,0.0,0.0,0.0,0.0,0.0,0.0,0.0,0.0,0.2,8.5,28.0,307.0,0.20000000000000284,8.027038445289392,1.4073722010984369,0.36702577101816647,2.4635614702154625,3.8102027883396707,Attack,Denial of Service,GoldenEye (HTTP),Raspberry Pi 4B 4GB,nmon,1
14:39:52.000,0.0,0.2,0.0,1,0,84.8,2.0,0.0,0.0,0.0,0.0,-0.0,-0.0,-0.0,0.0,0.0,0.0,0.0,0.0,0.0,0.0,0.0,0.0,0.0,0.0,0.0,0.0,0.0,0.0,0.0,0.0,0.0,0.0,0.0,0.0,0.0,0.2,8.5,28.0,308.0,0.20000000000000284,8.019117025771017,1.4073722010984369,0.36702577101816647,2.4635614702154625,3.8102027883396707,Attack,Denial of Service,GoldenEye (HTTP),Raspberry Pi 4B 4GB,nmon,1
14:39:53.000,0.0,0.0,0.0,1,0,76.8,2.0,0.0,0.0,0.0,0.0,-0.0,-0.0,-0.0,0.0,0.0,0.0,0.0,0.0,0.0,0.0,0.0,0.0,0.0,0.0,0.0,0.0,0.0,0.0,0.0,0.0,0.0,0.0,0.0,0.0,0.0,0.2,8.5,28.0,309.0,0.0,8.01383607942543,1.4073722010984369,0.36702577101816647,2.4635614702154625,3.8102027883396707,Attack,Denial of Service,GoldenEye (HTTP),Raspberry Pi 4B 4GB,nmon,1
14:39:54.000,0.0,0.5,0.2,1,0,135.5,2.0,0.0,0.0,0.0,0.0,-0.0,-0.0,-0.0,0.0,0.0,0.0,0.0,0.0,0.0,0.0,0.0,0.0,0.0,0.0,0.0,19.9,0.0,19.9,6.7,0.0,6.7,3.0,0.0,3.0,0.0,0.2,8.5,28.0,310.0,0.7000000000000028,8.005914659907054,1.4073722010984369,0.36702577101816647,2.4635614702154625,3.8102027883396707,Attack,Denial of Service,GoldenEye (HTTP),Raspberry Pi 4B 4GB,nmon,1
14:39:55.000,0.0,0.0,0.0,1,0,82.8,2.0,0.0,0.0,0.0,0.0,-0.0,-0.0,-0.0,0.0,0.0,0.0,0.0,0.0,0.0,0.0,0.0,0.0,0.0,0.0,0.0,0.0,0.0,0.0,0.0,0.0,0.0,0.0,0.0,0.0,0.0,0.2,8.5,28.0,311.0,0.0,8.000633713561466,1.4073722010984369,0.36702577101816647,2.4635614702154625,3.8102027883396707,Attack,Denial of Service,GoldenEye (HTTP),Raspberry Pi 4B 4GB,nmon,1
14:39:56.000,0.0,0.2,0.0,1,0,92.8,2.0,0.0,0.0,0.0,0.0,-0.0,-0.0,-0.0,0.0,0.0,0.0,0.0,0.0,0.0,0.0,0.0,0.0,0.0,0.0,0.0,0.0,0.0,0.0,0.0,0.0,0.0,0.0,0.0,0.0,0.0,0.2,8.5,28.0,312.0,0.20000000000000284,8.000633713561466,1.4073722010984369,0.36702577101816647,2.4635614702154625,3.8102027883396707,Attack,Denial of Service,GoldenEye (HTTP),Raspberry Pi 4B 4GB,nmon,1
14:39:57.000,0.0,0.2,0.0,1,0,90.8,2.0,0.0,0.0,0.0,0.0,-0.0,-0.0,-0.0,0.0,0.0,0.0,0.0,0.0,0.0,0.0,0.0,0.0,0.0,0.0,0.0,0.0,0.0,0.0,0.0,0.0,0.0,0.0,0.0,0.0,0.0,0.2,8.5,28.0,313.0,0.20000000000000284,8.000633713561466,1.4073722010984369,0.36702577101816647,2.4635614702154625,3.8102027883396707,Attack,Denial of Service,GoldenEye (HTTP),Raspberry Pi 4B 4GB,nmon,1
14:39:58.000,0.2,0.2,0.0,1,0,86.8,2.0,0.0,0.0,0.0,0.0,-0.0,-0.0,-0.0,0.0,0.0,0.0,0.0,0.0,0.0,0.0,0.0,0.0,0.0,0.0,0.0,0.0,0.0,0.0,0.0,0.0,0.0,0.0,0.0,0.0,0.0,0.2,8.5,28.0,314.0,0.5,7.99535276721588,1.4073722010984369,0.36702577101816647,2.4635614702154625,3.8102027883396707,Attack,Denial of Service,GoldenEye (HTTP),Raspberry Pi 4B 4GB,nmon,1
14:39:59.000,0.0,0.2,0.2,1,0,109.4,2.0,0.0,0.0,0.0,0.0,-0.0,-0.0,-0.0,0.0,0.0,0.0,0.0,0.0,0.0,1.0,0.0,1.0,0.0,0.0,0.0,15.9,0.0,15.9,8.0,0.0,8.0,2.0,0.0,2.0,0.0,0.2,8.5,28.0,315.0,0.5,7.99535276721588,1.4073722010984369,0.36702577101816647,2.4635614702154625,3.8102027883396707,Attack,Denial of Service,GoldenEye (HTTP),Raspberry Pi 4B 4GB,nmon,1
14:40:00.000,0.2,0.2,0.0,1,0,95.8,2.0,0.0,0.0,0.0,0.0,-0.0,-0.0,-0.0,0.0,0.0,0.0,0.0,0.0,0.0,0.0,0.0,0.0,0.0,0.0,0.0,0.0,0.0,0.0,0.0,0.0,0.0,0.0,0.0,0.0,0.0,0.2,8.5,28.0,316.0,0.5,7.9874313476975045,1.4073722010984369,0.36702577101816647,2.4635614702154625,3.8102027883396707,Attack,Denial of Service,GoldenEye (HTTP),Raspberry Pi 4B 4GB,nmon,1
14:40:01.000,0.0,0.2,0.0,1,0,99.8,2.0,0.0,0.0,0.0,0.0,-0.0,-0.0,-0.0,0.0,0.0,0.0,0.0,0.0,0.0,0.0,0.0,0.0,0.0,0.0,0.0,0.0,0.0,0.0,0.0,0.0,0.0,0.0,0.0,0.0,0.0,0.2,8.5,28.0,317.0,0.20000000000000284,7.9874313476975045,1.4073722010984369,0.36702577101816647,2.4635614702154625,3.8102027883396707,Attack,Denial of Service,GoldenEye (HTTP),Raspberry Pi 4B 4GB,nmon,1
14:40:02.000,0.0,0.2,0.0,1,0,93.8,2.0,0.0,0.0,0.0,0.0,-0.0,-0.0,-0.0,0.0,0.0,0.0,0.0,0.0,0.0,0.0,0.0,0.0,0.0,0.0,0.0,0.0,0.0,0.0,0.0,0.0,0.0,0.0,0.0,0.0,0.0,0.2,8.5,28.0,318.0,0.20000000000000284,7.982150401351918,1.4073722010984369,0.36702577101816647,2.4635614702154625,3.8102027883396707,Attack,Denial of Service,GoldenEye (HTTP),Raspberry Pi 4B 4GB,nmon,1
14:40:03.000,0.0,0.2,0.0,1,0,117.7,2.0,0.0,0.0,0.0,0.1,-0.0,-0.0,-0.0,0.0,0.0,1.0,0.0,0.0,0.0,0.0,0.0,0.0,0.0,0.0,0.0,0.0,0.0,0.0,0.0,0.0,0.0,0.0,0.0,0.0,0.0,0.2,8.5,28.0,319.0,0.20000000000000284,7.982150401351918,1.4073722010984369,0.36702577101816647,2.4635614702154625,3.807562315166878,Attack,Denial of Service,GoldenEye (HTTP),Raspberry Pi 4B 4GB,nmon,1
14:40:04.000,0.0,0.0,0.2,1,0,132.4,2.0,0.0,0.0,0.0,0.0,-0.0,-0.0,-0.0,0.0,0.0,0.0,0.0,0.0,0.0,1.0,0.0,1.0,0.0,0.0,0.0,15.9,0.0,15.9,8.0,0.0,8.0,2.0,0.0,2.0,0.0,0.2,8.5,28.0,320.0,0.20000000000000284,7.982150401351918,1.4073722010984369,0.36702577101816647,2.4635614702154625,3.8102027883396707,Attack,Denial of Service,GoldenEye (HTTP),Raspberry Pi 4B 4GB,nmon,1
14:40:05.000,0.0,0.2,0.0,1,0,95.8,2.0,0.0,0.0,0.0,0.0,-0.0,-0.0,-0.0,0.0,0.0,0.0,0.0,0.0,0.0,0.0,0.0,0.0,0.0,0.0,0.0,0.0,0.0,0.0,0.0,0.0,0.0,0.0,0.0,0.0,0.0,0.2,8.5,28.0,321.0,0.20000000000000284,7.982150401351918,1.4073722010984369,0.36702577101816647,2.4635614702154625,3.8102027883396707,Attack,Denial of Service,GoldenEye (HTTP),Raspberry Pi 4B 4GB,nmon,1
14:40:06.000,0.0,0.2,0.0,1,0,112.7,2.0,0.0,0.0,0.0,0.0,-0.0,-0.0,-0.0,0.0,0.0,0.0,0.0,0.0,0.0,0.0,0.0,0.0,0.0,0.0,0.0,27.9,0.0,27.9,14.0,0.0,14.0,2.0,0.0,2.0,0.0,0.2,8.5,28.0,322.0,0.20000000000000284,7.982150401351918,1.4073722010984369,0.36702577101816647,2.4635614702154625,3.8102027883396707,Attack,Denial of Service,GoldenEye (HTTP),Raspberry Pi 4B 4GB,nmon,1
14:40:07.000,0.0,0.2,0.0,1,0,92.8,2.0,0.0,0.0,0.0,0.0,-0.0,-0.0,-0.0,0.0,0.0,0.0,0.0,0.0,0.0,0.0,0.0,0.0,0.0,0.0,0.0,0.0,0.0,0.0,0.0,0.0,0.0,0.0,0.0,0.0,0.0,0.2,8.5,28.0,323.0,0.20000000000000284,7.9874313476975045,1.4073722010984369,0.36702577101816647,2.4635614702154625,3.8102027883396707,Attack,Denial of Service,GoldenEye (HTTP),Raspberry Pi 4B 4GB,nmon,1
14:40:08.000,0.2,0.0,0.0,1,0,108.7,2.0,0.0,0.0,0.0,0.0,-0.0,-0.0,-0.0,0.0,0.0,0.0,0.0,0.0,0.0,0.0,0.0,0.0,0.0,0.0,0.0,0.0,0.0,0.0,0.0,0.0,0.0,0.0,0.0,0.0,0.0,0.2,8.5,28.0,324.0,0.20000000000000284,7.9874313476975045,1.4073722010984369,0.36702577101816647,2.4635614702154625,3.8102027883396707,Attack,Denial of Service,GoldenEye (HTTP),Raspberry Pi 4B 4GB,nmon,1
14:40:09.000,0.2,0.2,0.0,1,0,118.5,2.0,0.0,0.0,0.0,0.0,-0.0,-0.0,-0.0,0.0,0.0,0.0,0.0,0.0,0.0,0.0,0.0,0.0,0.0,0.0,0.0,23.9,0.0,23.9,12.0,0.0,12.0,2.0,0.0,2.0,0.0,0.2,8.5,28.0,325.0,0.5,7.99535276721588,1.4073722010984369,0.36702577101816647,2.4635614702154625,3.8102027883396707,Attack,Denial of Service,GoldenEye (HTTP),Raspberry Pi 4B 4GB,nmon,1
14:40:10.000,0.0,0.5,0.0,1,0,88.8,2.0,0.0,0.0,0.0,0.0,-0.0,-0.0,-0.0,0.0,0.0,0.0,0.0,0.0,0.0,0.0,0.0,0.0,0.0,0.0,0.0,0.0,0.0,0.0,0.0,0.0,0.0,0.0,0.0,0.0,0.0,0.2,8.5,28.0,326.0,0.5,8.000633713561466,1.4073722010984369,0.36702577101816647,2.4635614702154625,3.8102027883396707,Attack,Denial of Service,GoldenEye (HTTP),Raspberry Pi 4B 4GB,nmon,1
14:40:11.000,0.0,0.2,0.0,1,0,95.8,2.0,0.0,0.0,0.0,0.0,-0.0,-0.0,-0.0,0.0,0.0,0.0,0.0,0.0,0.0,0.0,0.0,0.0,0.0,0.0,0.0,0.0,0.0,0.0,0.0,0.0,0.0,0.0,0.0,0.0,0.0,0.2,8.5,28.0,327.0,0.20000000000000284,7.997993240388668,1.4073722010984369,0.36702577101816647,2.4635614702154625,3.8102027883396707,Attack,Denial of Service,GoldenEye (HTTP),Raspberry Pi 4B 4GB,nmon,1
14:40:12.000,0.0,0.0,0.0,1,0,108.7,2.0,0.0,0.0,0.0,0.0,-0.0,-0.0,-0.0,0.0,0.0,0.0,0.0,0.0,0.0,0.0,0.0,0.0,0.0,0.0,0.0,0.0,0.0,0.0,0.0,0.0,0.0,0.0,0.0,0.0,0.0,0.2,8.5,28.0,328.0,0.0,8.005914659907054,1.4073722010984369,0.36702577101816647,2.4635614702154625,3.8102027883396707,Attack,Denial of Service,GoldenEye (HTTP),Raspberry Pi 4B 4GB,nmon,1
14:40:13.000,0.2,0.2,0.0,1,0,100.8,2.0,0.0,0.0,0.0,0.0,-0.0,-0.0,-0.0,0.0,0.0,0.0,0.0,0.0,0.0,0.0,0.0,0.0,0.0,0.0,0.0,0.0,0.0,0.0,0.0,0.0,0.0,0.0,0.0,0.0,0.0,0.2,8.5,28.0,329.0,0.5,8.000633713561466,1.4073722010984369,0.36702577101816647,2.4635614702154625,3.8102027883396707,Attack,Denial of Service,GoldenEye (HTTP),Raspberry Pi 4B 4GB,nmon,1
14:40:14.000,66.2,12.8,0.2,13,0,5728.4,12.0,0.0,0.0,0.0,0.1,-0.0,-0.0,-0.1,0.0,0.0,1.0,0.0,0.0,1.0,2.0,0.0,2.0,0.0,0.0,0.0,27.9,0.0,27.9,5.6,0.0,5.6,5.0,0.0,5.0,0.0,0.2,8.5,28.0,330.0,79.2,10.678073510773123,1.4073722010984369,0.36702577101816647,2.4635614702154625,6.801858893113646,Attack,Denial of Service,GoldenEye (HTTP),Raspberry Pi 4B 4GB,nmon,1
14:40:15.000,88.0,12.0,0.0,11,0,5728.6,2.0,0.0,0.0,0.0,0.0,-0.0,-0.0,-0.0,0.0,0.0,0.0,0.0,0.0,0.0,0.0,0.0,0.0,0.0,0.0,0.0,0.0,0.0,0.0,0.0,0.0,0.0,0.0,0.0,0.0,0.0,0.2,8.5,28.0,331.0,100.0,13.30270384452893,1.4073722010984369,0.36702577101816647,2.4635614702154625,9.42120828052387,Attack,Denial of Service,GoldenEye (HTTP),Raspberry Pi 4B 4GB,nmon,1
14:40:16.000,84.8,15.2,0.0,11,0,5888.1,2.0,0.0,0.0,0.0,0.0,-0.0,-0.0,-0.0,0.0,0.0,0.0,0.0,0.0,0.0,0.0,0.0,0.0,0.0,0.0,0.0,0.0,0.0,0.0,0.0,0.0,0.0,0.0,0.0,0.0,0.0,0.2,8.5,28.0,332.0,100.0,15.766265314744398,1.4073722010984369,0.36702577101816647,2.4635614702154625,11.884769750739334,Attack,Denial of Service,GoldenEye (HTTP),Raspberry Pi 4B 4GB,nmon,1
14:40:17.000,88.0,12.0,0.0,11,0,5898.6,2.0,0.0,0.0,0.0,0.0,-0.0,-0.0,-0.0,0.0,0.0,0.0,0.0,0.0,0.0,0.0,0.0,0.0,0.0,0.0,0.0,0.0,0.0,0.0,0.0,0.0,0.0,0.0,0.0,0.0,0.0,0.2,8.5,28.0,333.0,100.0,18.266793409378955,1.4073722010984369,0.36702577101816647,2.4635614702154625,14.382657372201098,Attack,Denial of Service,GoldenEye (HTTP),Raspberry Pi 4B 4GB,nmon,1
14:40:18.000,89.3,10.7,0.0,12,0,5043.1,2.0,0.0,0.0,0.0,0.0,-0.0,-0.0,-0.0,0.0,0.0,0.0,0.0,0.0,0.0,0.0,0.0,0.0,0.0,0.0,0.0,16.0,0.0,16.0,8.0,0.0,8.0,2.0,0.0,2.0,0.0,0.2,8.5,28.0,334.0,100.0,20.397655259822557,1.4073722010984369,0.36702577101816647,2.4635614702154625,16.510878749471907,Attack,Denial of Service,GoldenEye (HTTP),Raspberry Pi 4B 4GB,nmon,1
14:40:19.000,92.3,7.7,0.0,11,0,2296.7,2.0,0.0,0.0,0.0,0.0,-0.0,-0.0,-0.0,0.0,0.0,1.0,0.0,0.0,1.0,0.0,0.0,0.0,0.0,0.0,0.0,0.0,0.0,0.0,0.0,0.0,0.0,0.0,0.0,0.0,0.0,0.2,8.5,28.0,335.0,100.0,21.321820870299955,1.4073722010984369,0.36702577101816647,2.4635614702154625,17.440325306294888,Attack,Denial of Service,GoldenEye (HTTP),Raspberry Pi 4B 4GB,nmon,1
14:40:20.000,85.5,14.5,0.0,11,0,5705.6,2.0,0.0,0.0,0.0,0.0,-0.0,-0.0,-0.0,0.0,0.0,0.0,0.0,0.0,0.0,0.0,0.0,0.0,0.0,0.0,0.0,0.0,0.0,0.0,0.0,0.0,0.0,0.0,0.0,0.0,0.0,0.2,8.5,28.0,336.0,100.0,24.12864385297845,1.4073722010984369,0.36702577101816647,2.4635614702154625,20.244507815800596,Attack,Denial of Service,GoldenEye (HTTP),Raspberry Pi 4B 4GB,nmon,1
14:40:21.000,94.3,5.7,0.0,11,0,2187.1,2.0,0.0,0.0,0.0,0.0,-0.0,-0.0,-0.0,0.0,0.0,0.0,0.0,0.0,0.0,0.0,0.0,0.0,0.0,0.0,0.0,0.0,0.0,0.0,0.0,0.0,0.0,0.0,0.0,0.0,0.0,0.2,8.5,28.0,337.0,100.0,24.889100126742715,1.4073722010984369,0.36702577101816647,2.4635614702154625,21.002323616392058,Attack,Denial of Service,GoldenEye (HTTP),Raspberry Pi 4B 4GB,nmon,1
14:40:22.000,84.8,15.2,0.0,11,0,7168.5,2.0,0.0,0.0,0.0,0.0,-0.0,-0.0,-0.0,0.0,0.0,0.0,0.0,0.0,0.0,0.0,0.0,0.0,0.0,0.0,0.0,0.0,0.0,0.0,0.0,0.0,0.0,0.0,0.0,0.0,0.0,0.2,8.5,28.0,338.0,100.0,27.96789184621884,1.4073722010984369,0.36702577101816647,2.4635614702154625,24.067912970004226,Attack,Denial of Service,GoldenEye (HTTP),Raspberry Pi 4B 4GB,nmon,1
14:40:23.000,91.5,8.5,0.0,11,0,2865.1,2.0,0.0,0.0,0.0,0.0,-0.0,-0.0,-0.0,0.0,0.0,0.0,0.0,0.0,0.0,1.0,0.0,1.0,0.0,0.0,0.0,16.0,0.0,16.0,8.0,0.0,8.0,2.0,0.0,2.0,0.0,0.2,8.5,28.0,339.0,100.0,29.17194761301225,1.4073722010984369,0.36702577101816647,2.4635614702154625,25.279890156316014,Attack,Denial of Service,GoldenEye (HTTP),Raspberry Pi 4B 4GB,nmon,1
14:40:24.000,87.8,12.2,0.0,11,0,4412.2,2.0,0.0,0.0,0.0,0.2,-0.0,-0.0,-0.3,0.0,0.0,3.0,0.0,0.0,3.0,0.0,0.0,0.0,0.0,0.0,0.0,4.0,0.0,4.0,4.0,0.0,4.0,1.0,0.0,1.0,0.0,0.2,8.5,28.0,340.0,100.0,30.996514575411904,1.4073722010984369,0.36702577101816647,2.4635614702154625,27.10973806506126,Attack,Denial of Service,GoldenEye (HTTP),Raspberry Pi 4B 4GB,nmon,1
14:40:25.000,81.3,18.4,0.0,12,0,8157.8,2.0,0.0,0.0,0.0,0.0,-0.0,-0.0,-0.0,0.0,0.0,0.0,0.0,0.0,0.0,0.0,0.0,0.0,0.0,0.0,0.0,0.0,0.0,0.0,0.0,0.0,0.0,0.0,0.0,0.0,0.0,0.2,8.5,28.0,341.0,99.8,34.336713138994504,1.4073722010984369,0.36702577101816647,2.4635614702154625,30.449936628643854,Attack,Denial of Service,GoldenEye (HTTP),Raspberry Pi 4B 4GB,nmon,1
14:40:26.000,94.5,5.5,0.0,12,0,1511.1,2.0,0.0,0.0,0.0,0.0,-0.0,-0.0,-0.0,0.0,0.0,0.0,0.0,0.0,0.0,0.0,0.0,0.0,0.0,0.0,0.0,0.0,0.0,0.0,0.0,0.0,0.0,0.0,0.0,0.0,0.0,0.2,8.5,28.0,342.0,100.0,34.85688635403464,1.4073722010984369,0.36702577101816647,2.4635614702154625,30.967469370511196,Attack,Denial of Service,GoldenEye (HTTP),Raspberry Pi 4B 4GB,nmon,1
14:40:27.000,89.8,10.2,0.0,11,0,3917.5,2.0,0.0,0.0,0.0,0.0,-0.0,-0.0,-0.0,0.0,0.0,0.0,0.0,0.0,0.0,0.0,0.0,0.0,0.0,0.0,0.0,0.0,0.0,0.0,0.0,0.0,0.0,0.0,0.0,0.0,0.0,0.2,8.5,28.0,343.0,100.0,36.69465568229826,1.4073722010984369,0.36702577101816647,2.4635614702154625,32.80523869877482,Attack,Denial of Service,GoldenEye (HTTP),Raspberry Pi 4B 4GB,nmon,1
14:40:28.000,81.8,18.2,0.0,11,0,7672.4,2.0,0.0,0.0,0.0,0.0,-0.0,-0.0,-0.0,0.0,0.0,0.0,0.0,0.0,0.0,1.0,0.0,1.0,0.0,0.0,0.0,16.0,0.0,16.0,8.0,0.0,8.0,2.0,0.0,2.0,0.0,0.2,8.5,28.0,344.0,100.0,40.7689057879172,1.4073722010984369,0.36702577101816647,2.4635614702154625,36.87948880439375,Attack,Denial of Service,GoldenEye (HTTP),Raspberry Pi 4B 4GB,nmon,1
14:40:29.000,92.1,7.9,0.0,11,0,2494.4,2.0,0.0,0.0,0.0,0.0,-0.0,-0.0,-0.0,0.0,0.0,0.0,0.0,0.0,0.0,0.0,0.0,0.0,0.0,0.0,0.0,0.0,0.0,0.0,0.0,0.0,0.0,0.0,0.0,0.0,0.0,0.2,8.5,28.0,345.0,100.0,41.803971271651875,1.4073722010984369,0.36702577101816647,2.4635614702154625,37.901351922264475,Attack,Denial of Service,GoldenEye (HTTP),Raspberry Pi 4B 4GB,nmon,1
14:40:30.000,95.5,4.5,0.0,11,0,1417.2,2.0,0.0,0.0,0.0,0.0,-0.0,-0.0,-0.0,0.0,0.0,0.0,0.0,0.0,0.0,0.0,0.0,0.0,0.0,0.0,0.0,0.0,0.0,0.0,0.0,0.0,0.0,0.0,0.0,0.0,0.0,0.2,8.5,28.0,346.0,100.0,42.24493029150823,1.4073722010984369,0.36702577101816647,2.4635614702154625,38.34759188846641,Attack,Denial of Service,GoldenEye (HTTP),Raspberry Pi 4B 4GB,nmon,1
14:40:31.000,86.0,14.0,0.0,13,0,5752.1,2.0,0.0,0.0,0.0,0.0,-0.0,-0.0,-0.0,0.0,0.0,0.0,0.0,0.0,0.0,0.0,0.0,0.0,0.0,0.0,0.0,0.0,0.0,0.0,0.0,0.0,0.0,0.0,0.0,0.0,0.0,0.2,8.5,28.0,347.0,100.0,45.046472327841144,1.4073722010984369,0.36702577101816647,2.4635614702154625,41.143852978453744,Attack,Denial of Service,GoldenEye (HTTP),Raspberry Pi 4B 4GB,nmon,1
14:40:32.000,83.8,15.9,0.0,13,0,7829.7,2.0,0.0,0.0,0.0,0.0,-0.0,-0.0,-0.0,0.0,0.0,0.0,0.0,0.0,0.0,0.0,0.0,0.0,0.0,0.0,0.0,0.0,0.0,0.0,0.0,0.0,0.0,0.0,0.0,0.0,0.0,0.2,8.5,28.0,348.0,99.8,49.06263202365864,1.4073722010984369,0.36702577101816647,2.4635614702154625,45.15473172792564,Attack,Denial of Service,GoldenEye (HTTP),Raspberry Pi 4B 4GB,nmon,1
14:40:33.000,91.0,9.0,0.0,11,0,2840.8,2.0,0.0,0.0,0.0,0.1,-0.0,-0.0,-0.0,0.0,0.0,1.0,0.0,0.0,0.0,0.0,0.0,0.0,0.0,0.0,0.0,15.9,0.0,15.9,8.0,0.0,8.0,2.0,0.0,2.0,0.0,0.2,8.5,28.0,349.0,100.0,50.23764258555132,1.4073722010984369,0.36702577101816647,2.4635614702154625,46.340304182509506,Attack,Denial of Service,GoldenEye (HTTP),Raspberry Pi 4B 4GB,nmon,1
14:40:34.000,96.5,3.5,0.0,12,0,1239.9,1.0,0.0,0.0,0.0,0.1,-0.0,-0.0,-0.1,0.0,0.0,1.0,0.0,0.0,1.0,0.0,0.0,0.0,0.0,0.0,0.0,4.0,0.0,4.0,4.0,0.0,4.0,1.0,0.0,1.0,0.0,0.2,8.5,28.0,350.0,100.0,50.607308829742294,1.4073722010984369,0.36702577101816647,2.4635614702154625,46.712610899873255,Attack,Denial of Service,GoldenEye (HTTP),Raspberry Pi 4B 4GB,nmon,1
14:40:35.000,91.2,8.8,0.0,11,0,3854.2,1.0,0.0,0.0,0.0,0.0,-0.0,-0.0,-0.0,0.0,0.0,0.0,0.0,0.0,0.0,0.0,0.0,0.0,0.0,0.0,0.0,0.0,0.0,0.0,0.0,0.0,0.0,0.0,0.0,0.0,0.0,0.2,8.5,28.0,351.0,100.0,52.32889733840304,1.4073722010984369,0.36702577101816647,2.4635614702154625,48.42363751584284,Attack,Denial of Service,GoldenEye (HTTP),Raspberry Pi 4B 4GB,nmon,1
14:40:36.000,84.5,15.5,0.0,11,0,7868.2,2.0,0.0,0.0,0.0,0.0,-0.0,-0.0,-0.0,0.0,0.0,0.0,0.0,0.0,0.0,0.0,0.0,0.0,0.0,0.0,0.0,0.0,0.0,0.0,0.0,0.0,0.0,0.0,0.0,0.0,0.0,0.2,8.5,28.0,352.0,100.0,55.97010984368398,1.4073722010984369,0.36702577101816647,2.4635614702154625,52.0595690747782,Attack,Denial of Service,GoldenEye (HTTP),Raspberry Pi 4B 4GB,nmon,1
14:40:37.000,83.0,17.0,0.0,12,0,7505.8,2.0,0.0,0.0,0.0,0.0,-0.0,-0.0,-0.0,0.0,0.0,0.0,0.0,0.0,0.0,1.0,0.0,1.0,0.0,0.0,0.0,28.0,0.0,28.0,14.0,0.0,14.0,2.0,0.0,2.0,0.0,0.2,8.5,28.0,353.0,100.0,59.14131812420786,1.4073722010984369,0.36702577101816647,2.4635614702154625,55.23869877482045,Attack,Denial of Service,GoldenEye (HTTP),Raspberry Pi 4B 4GB,nmon,1
14:40:38.000,87.3,12.7,0.0,11,0,3988.1,2.0,0.0,0.0,0.0,0.0,-0.0,-0.0,-0.0,0.0,0.0,0.0,0.0,0.0,0.0,1.0,0.0,1.0,0.0,0.0,0.0,23.9,0.0,23.9,12.0,0.0,12.0,2.0,0.0,2.0,0.0,0.2,8.5,28.0,354.0,100.0,60.91307562315167,1.4073722010984369,0.36702577101816647,2.4635614702154625,57.007815800591466,Attack,Denial of Service,GoldenEye (HTTP),Raspberry Pi 4B 4GB,nmon,1
14:40:39.000,96.3,3.7,0.0,11,0,1191.7,2.0,0.0,0.0,0.0,0.0,-0.0,-0.0,-0.0,0.0,0.0,0.0,0.0,0.0,0.0,0.0,0.0,0.0,0.0,0.0,0.0,0.0,0.0,0.0,0.0,0.0,0.0,0.0,0.0,0.0,0.0,0.2,8.5,28.0,355.0,100.0,61.290663286861005,1.4073722010984369,0.36702577101816647,2.4635614702154625,57.377482044782425,Attack,Denial of Service,GoldenEye (HTTP),Raspberry Pi 4B 4GB,nmon,1
14:40:40.000,94.5,5.5,0.0,11,0,1991.2,2.0,0.0,0.0,0.0,0.0,-0.0,-0.0,-0.0,0.0,0.0,0.0,0.0,0.0,0.0,0.0,0.0,0.0,0.0,0.0,0.0,0.0,0.0,0.0,0.0,0.0,0.0,0.0,0.0,0.0,0.0,0.2,8.5,28.0,356.0,100.0,61.979826784959855,1.4073722010984369,0.36702577101816647,2.4635614702154625,58.06400506970849,Attack,Denial of Service,GoldenEye (HTTP),Raspberry Pi 4B 4GB,nmon,1
14:40:41.000,88.5,11.5,0.0,11,0,5198.1,2.0,0.0,0.0,0.0,0.0,-0.0,-0.0,-0.0,0.0,0.0,0.0,0.0,0.0,0.0,0.0,0.0,0.0,0.0,0.0,0.0,0.0,0.0,0.0,0.0,0.0,0.0,0.0,0.0,0.0,0.0,0.2,8.5,28.0,357.0,100.0,64.40906210392903,1.4073722010984369,0.36702577101816647,2.4635614702154625,60.498521335023234,Attack,Denial of Service,GoldenEye (HTTP),Raspberry Pi 4B 4GB,nmon,1
14:40:42.000,82.5,17.5,0.0,11,0,7124.9,2.0,0.0,0.0,0.0,0.0,-0.0,-0.0,-0.0,0.0,0.0,0.0,0.0,0.0,0.0,0.0,0.0,0.0,0.0,0.0,0.0,0.0,0.0,0.0,0.0,0.0,0.0,0.0,0.0,0.0,0.0,0.2,8.5,28.0,358.0,100.0,67.93145331643431,1.4073722010984369,0.36702577101816647,2.4635614702154625,64.01827207435574,Attack,Denial of Service,GoldenEye (HTTP),Raspberry Pi 4B 4GB,nmon,1
14:40:43.000,83.8,16.2,0.0,12,0,6716.9,2.0,0.0,0.0,0.0,0.0,-0.0,-0.0,-0.0,0.0,0.0,0.0,0.0,0.0,0.0,0.0,0.0,0.0,0.0,0.0,0.0,16.0,0.0,16.0,8.0,0.0,8.0,2.0,0.0,2.0,0.0,0.2,8.5,28.0,359.0,100.0,71.26637093367133,1.4073722010984369,0.36702577101816647,2.4635614702154625,67.34526827207435,Attack,Denial of Service,GoldenEye (HTTP),Raspberry Pi 4B 4GB,nmon,1
14:40:44.000,85.5,14.5,0.0,11,0,4827.2,2.0,0.0,0.0,0.0,0.1,-0.0,-0.0,-0.1,0.0,0.0,1.0,0.0,0.0,1.0,0.0,0.0,0.0,0.0,0.0,0.0,11.9,0.0,11.9,4.0,0.0,4.0,3.0,0.0,3.0,0.0,0.2,8.5,28.0,360.0,100.0,73.66920152091254,1.4100126742712293,0.36702577101816647,2.4635614702154625,69.74809885931559,Attack,Denial of Service,GoldenEye (HTTP),Raspberry Pi 4B 4GB,nmon,1
14:40:45.000,91.3,8.7,0.0,11,0,2224.3,2.0,0.0,0.0,0.0,0.0,-0.0,-0.0,-0.0,0.0,0.0,0.0,0.0,0.0,0.0,0.0,0.0,0.0,0.0,0.0,0.0,0.0,0.0,0.0,0.0,0.0,0.0,0.0,0.0,0.0,0.0,0.2,8.5,28.0,361.0,100.0,74.54583861427967,1.4100126742712293,0.36702577101816647,2.4635614702154625,70.61417405999157,Attack,Denial of Service,GoldenEye (HTTP),Raspberry Pi 4B 4GB,nmon,1
14:40:46.000,96.3,3.7,0.0,11,0,1477.1,2.0,0.0,0.0,0.0,0.0,-0.0,-0.0,-0.0,0.0,0.0,0.0,0.0,0.0,0.0,0.0,0.0,0.0,0.0,0.0,0.0,0.0,0.0,0.0,0.0,0.0,0.0,0.0,0.0,0.0,0.0,0.2,8.5,28.0,362.0,100.0,74.98151668779045,1.4100126742712293,0.36702577101816647,2.4635614702154625,71.04985213350233,Attack,Denial of Service,GoldenEye (HTTP),Raspberry Pi 4B 4GB,nmon,1
14:40:47.000,93.2,6.8,0.0,11,0,2077.0,2.0,0.0,0.0,0.0,0.0,-0.0,-0.0,-0.0,0.0,0.0,0.0,0.0,0.0,0.0,0.0,0.0,0.0,0.0,0.0,0.0,0.0,0.0,0.0,0.0,0.0,0.0,0.0,0.0,0.0,0.0,0.2,8.5,28.0,363.0,100.0,75.76309674693705,1.4100126742712293,0.36702577101816647,2.4635614702154625,71.82615124630334,Attack,Denial of Service,GoldenEye (HTTP),Raspberry Pi 4B 4GB,nmon,1
14:40:48.000,90.3,9.7,0.0,11,0,3770.8,2.0,0.0,0.0,0.0,0.0,-0.0,-0.0,-0.0,0.0,0.0,0.0,0.0,0.0,0.0,0.0,0.0,0.0,0.0,0.0,0.0,0.0,0.0,0.0,0.0,0.0,0.0,0.0,0.0,0.0,0.0,0.2,8.5,28.0,364.0,100.0,77.42659484579637,1.4100126742712293,0.36702577101816647,2.4635614702154625,73.45532319391636,Attack,Denial of Service,GoldenEye (HTTP),Raspberry Pi 4B 4GB,nmon,1
14:40:49.000,83.8,16.2,0.0,12,0,6832.7,2.0,0.0,0.0,0.0,0.0,-0.0,-0.0,-0.0,0.0,0.0,0.0,0.0,0.0,0.0,1.0,0.0,1.0,0.0,0.0,0.0,15.9,0.0,15.9,8.0,0.0,8.0,2.0,0.0,2.0,0.0,0.2,8.5,28.0,365.0,100.0,81.27904520490073,1.4100126742712293,0.36966624419095906,2.4635614702154625,77.30249260667512,Attack,Denial of Service,GoldenEye (HTTP),Raspberry Pi 4B 4GB,nmon,1
14:40:50.000,83.8,16.2,0.0,11,0,7018.9,2.0,0.0,0.0,0.0,0.0,-0.0,-0.0,-0.0,0.0,0.0,0.0,0.0,0.0,0.0,0.0,0.0,0.0,0.0,0.0,0.0,0.0,0.0,0.0,0.0,0.0,0.0,0.0,0.0,0.0,0.0,0.2,8.5,28.0,366.0,100.0,84.85952682720743,1.4100126742712293,0.36966624419095906,2.4635614702154625,80.87769328263626,Attack,Denial of Service,GoldenEye (HTTP),Raspberry Pi 4B 4GB,nmon,1
14:40:51.000,83.3,16.7,0.0,11,0,5049.1,2.0,0.0,0.0,0.0,0.0,-0.0,-0.0,-0.0,0.0,0.0,0.0,0.0,0.0,0.0,0.0,0.0,0.0,0.0,0.0,0.0,0.0,0.0,0.0,0.0,0.0,0.0,0.0,0.0,0.0,0.0,0.2,8.5,28.0,367.0,100.0,87.639945078158,1.4100126742712293,0.36966624419095906,2.4635614702154625,83.65547106041402,Attack,Denial of Service,GoldenEye (HTTP),Raspberry Pi 4B 4GB,nmon,1
14:40:52.000,85.0,15.0,0.0,11,0,5726.9,2.0,0.0,0.0,0.0,0.0,-0.0,-0.0,-0.0,0.0,0.0,0.0,0.0,0.0,0.0,0.0,0.0,0.0,0.0,0.0,0.0,0.0,0.0,0.0,0.0,0.0,0.0,0.0,0.0,0.0,0.0,0.2,8.5,28.0,368.0,100.0,90.20648500211237,1.4100126742712293,0.36966624419095906,2.4635614702154625,86.21408956485003,Attack,Denial of Service,GoldenEye (HTTP),Raspberry Pi 4B 4GB,nmon,1
14:40:53.000,91.8,8.2,0.0,13,0,2479.9,2.0,0.0,0.0,0.0,0.0,-0.0,-0.0,-0.0,0.0,0.0,0.0,0.0,0.0,0.0,1.0,0.0,1.0,0.0,0.0,0.0,16.0,0.0,16.0,16.0,0.0,16.0,1.0,0.0,1.0,0.0,0.2,8.5,28.0,369.0,100.0,91.08576256865231,1.4100126742712293,0.36966624419095906,2.4635614702154625,87.08808618504436,Attack,Denial of Service,GoldenEye (HTTP),Raspberry Pi 4B 4GB,nmon,1
14:40:54.000,95.8,4.2,0.0,11,0,1496.9,2.0,0.0,0.0,0.0,0.1,-0.0,-0.0,-0.2,0.0,0.0,2.0,0.0,0.0,2.0,0.0,0.0,0.0,0.0,0.0,0.0,4.0,0.0,4.0,4.0,0.0,4.0,1.0,0.0,1.0,0.0,0.2,8.5,28.0,370.0,100.0,91.53992395437263,1.4100126742712293,0.36966624419095906,2.4635614702154625,87.55016899028305,Attack,Denial of Service,GoldenEye (HTTP),Raspberry Pi 4B 4GB,nmon,1
14:40:55.000,95.0,5.0,0.0,11,0,1568.6,2.0,0.0,0.0,0.0,0.0,-0.0,-0.0,-0.0,0.0,0.0,0.0,0.0,0.0,0.0,0.0,0.0,0.0,0.0,0.0,0.0,0.0,0.0,0.0,0.0,0.0,0.0,0.0,0.0,0.0,0.0,0.2,8.5,28.0,371.0,100.0,92.06537811575835,1.4100126742712293,0.36966624419095906,2.4635614702154625,88.06770173215041,Attack,Denial of Service,GoldenEye (HTTP),Raspberry Pi 4B 4GB,nmon,1
14:40:56.000,93.8,6.2,0.0,11,0,1934.5,2.0,0.0,0.0,0.0,0.0,-0.0,-0.0,-0.0,0.0,0.0,0.0,0.0,0.0,0.0,0.0,0.0,0.0,0.0,0.0,0.0,0.0,0.0,0.0,0.0,0.0,0.0,0.0,0.0,0.0,0.0,0.2,8.5,28.0,372.0,100.0,92.77302492606675,1.4100126742712293,0.36966624419095906,2.4635614702154625,88.78062948880441,Attack,Denial of Service,GoldenEye (HTTP),Raspberry Pi 4B 4GB,nmon,1
14:40:57.000,89.8,10.2,0.0,13,0,3799.1,2.0,0.0,0.0,0.0,0.0,-0.0,-0.0,-0.0,0.0,0.0,0.0,0.0,0.0,0.0,0.0,0.0,0.0,0.0,0.0,0.0,0.0,0.0,0.0,0.0,0.0,0.0,0.0,0.0,0.0,0.0,0.2,8.5,28.0,373.0,100.0,94.4233206590621,1.4100126742712293,0.36966624419095906,2.4635614702154625,90.42300380228137,Attack,Denial of Service,GoldenEye (HTTP),Raspberry Pi 4B 4GB,nmon,1
14:40:58.000,81.6,18.2,0.0,12,0,8688.7,2.0,0.0,0.0,0.0,0.0,-0.0,-0.0,-0.0,0.0,0.0,0.0,0.0,0.0,0.0,2.0,0.0,2.0,219.5,0.0,219.5,16.0,0.0,16.0,33.7,0.0,33.7,7.0,0.0,7.0,0.0,0.2,8.5,28.0,374.0,99.8,97.6235741444867,1.0271440642163077,0.32477820025348547,1.7295099281791297,94.25697084917617,Attack,Denial of Service,GoldenEye (HTTP),Raspberry Pi 4B 4GB,nmon,1
14:40:59.000,29.0,26.1,44.2,1,7,8152.6,0.9,0.0,0.0,0.0,0.0,-0.0,-0.0,-0.0,0.0,0.0,0.0,0.0,0.0,0.0,101.0,0.0,101.0,49869.4,0.0,49869.4,28.2,0.0,28.2,82.1,0.0,82.1,608.1,0.0,608.1,0.0,0.2,8.5,28.0,375.0,99.3,98.0117237008872,0.026404731727925648,0.013202365863962824,0.17427122940430925,95.75147866497677,Attack,Denial of Service,GoldenEye (HTTP),Raspberry Pi 4B 4GB,nmon,1
14:41:01.000,14.4,27.3,58.0,3,13,4300.9,0.9,0.0,0.0,0.0,0.0,-0.0,-0.0,-0.0,0.0,0.0,0.5,0.0,0.0,0.0,101.0,0.0,101.0,51082.5,0.0,51082.5,21.9,0.0,21.9,69.5,0.0,69.5,735.4,0.0,735.4,0.0,0.2,8.5,28.0,377.0,99.7,98.46588508660751,0.02112378538234052,0.002640473172792565,0.1425855513307985,96.25844951415294,Attack,Denial of Service,GoldenEye (HTTP),Raspberry Pi 4B 4GB,nmon,1
14:41:05.000,0.4,26.7,72.7,2,11,4507.5,0.0,0.0,0.0,0.0,0.0,-0.0,-0.0,-0.0,0.0,0.0,0.0,0.0,0.0,0.0,101.0,0.0,101.0,138942.9,0.0,138942.9,5.8,0.0,5.8,95.3,0.0,95.3,1458.4,0.0,1458.4,0.0,0.2,8.5,28.0,381.0,99.8,98.53717786227291,0.026404731727925648,0.0,0.15314744402196875,96.33766370933672,Attack,Denial of Service,GoldenEye (HTTP),Raspberry Pi 4B 4GB,nmon,1
14:41:17.000,0.0,27.2,72.4,4,2,3079.4,0.1,0.0,0.0,0.0,0.1,-0.0,-0.0,-0.0,0.0,0.0,0.9,0.0,0.0,0.6,101.0,0.0,101.0,131026.8,0.0,131026.8,7.7,0.0,7.7,88.0,0.0,88.0,1489.0,0.0,1489.0,0.0,0.2,8.5,28.0,393.0,99.6,87.7851711026616,0.04224757076468104,0.007921419518377692,0.16634980988593157,84.46081537811577,Attack,Denial of Service,GoldenEye (HTTP),Raspberry Pi 4B 4GB,nmon,1
14:41:57.000,0.2,27.6,65.7,2,0,3014.4,0.2,0.0,0.0,0.0,0.1,-0.0,-0.0,-0.1,0.0,0.0,0.2,0.0,0.0,0.3,1.4,0.0,1.8,588.9,0.0,588.9,1.5,0.0,1.5,58.4,0.0,58.4,10.1,0.0,10.1,0.0,0.2,8.5,28.0,433.0,93.5,4.082171525137301,0.266687790452049,0.08449514152936208,0.6997253907900296,1.22517955217575,Attack,Denial of Service,GoldenEye (HTTP),Raspberry Pi 4B 4GB,nmon,1
14:41:58.000,1.0,0.8,0.0,1,0,159.2,2.0,0.0,0.0,0.0,0.0,-0.0,-0.0,-0.0,0.0,0.0,0.0,0.0,0.0,0.0,0.0,0.0,0.0,71.2,0.0,71.2,0.0,0.0,0.0,24.0,0.0,24.0,3.0,0.0,3.0,0.0,0.2,8.5,28.0,434.0,1.7999999999999972,4.0055978031263155,0.2772496831432193,0.08449514152936208,0.7023658639628222,1.061470215462611,Attack,Denial of Service,GoldenEye (HTTP),Raspberry Pi 4B 4GB,nmon,1
14:41:59.000,0.0,0.2,0.0,1,0,139.7,2.0,0.0,0.0,0.0,0.0,-0.0,-0.0,-0.0,0.0,0.0,0.0,0.0,0.0,0.0,0.0,0.0,0.0,0.0,0.0,0.0,0.0,0.0,0.0,0.0,0.0,0.0,0.0,0.0,0.0,0.0,0.2,8.5,28.0,435.0,0.20000000000000284,4.0055978031263155,0.27989015631601183,0.08449514152936208,0.7023658639628222,1.0588297422898183,Attack,Denial of Service,GoldenEye (HTTP),Raspberry Pi 4B 4GB,nmon,1
14:42:00.000,0.2,0.0,0.2,1,0,288.3,2.0,0.0,0.0,0.0,0.8,-0.0,-0.0,-0.4,0.0,0.0,3.0,0.0,0.0,4.0,1.0,0.0,1.0,4.0,0.0,4.0,0.0,0.0,0.0,4.0,0.0,4.0,1.0,0.0,1.0,0.0,0.2,8.5,28.0,436.0,0.5,4.0055978031263155,0.27989015631601183,0.08449514152936208,0.7023658639628222,1.0588297422898183,Attack,Denial of Service,GoldenEye (HTTP),Raspberry Pi 4B 4GB,nmon,1
14:42:01.000,0.2,0.2,0.0,1,0,94.8,2.0,0.0,0.0,0.0,0.0,-0.0,-0.0,-0.0,0.0,0.0,0.0,0.0,0.0,0.0,0.0,0.0,0.0,0.0,0.0,0.0,0.0,0.0,0.0,0.0,0.0,0.0,0.0,0.0,0.0,0.0,0.2,8.5,28.0,437.0,0.5,4.0055978031263155,0.27989015631601183,0.08449514152936208,0.7023658639628222,1.0588297422898183,Attack,Denial of Service,GoldenEye (HTTP),Raspberry Pi 4B 4GB,nmon,1
14:42:02.000,0.0,0.5,0.5,1,0,309.2,2.0,0.0,0.0,0.0,0.0,-0.0,-0.0,-0.0,0.0,0.0,0.0,0.0,0.0,0.0,4.0,0.0,5.0,315.2,0.0,315.2,143.6,0.0,143.6,12.1,0.0,12.1,37.9,0.0,37.9,0.0,0.2,8.5,28.0,438.0,1.0,4.010878749471891,0.28253062948880436,0.08977608787494719,0.7076468103084074,1.0641106886354035,Attack,Denial of Service,GoldenEye (HTTP),Raspberry Pi 4B 4GB,nmon,1
14:42:03.000,0.0,0.5,0.0,1,0,140.6,2.0,0.0,0.0,0.0,0.1,-0.0,-0.0,-0.0,0.0,0.0,1.0,0.0,0.0,0.0,0.0,0.0,0.0,0.0,0.0,0.0,0.0,0.0,0.0,0.0,0.0,0.0,0.0,0.0,0.0,0.0,0.2,8.5,28.0,439.0,0.5,4.010878749471891,0.285171102661597,0.08977608787494719,0.7076468103084074,1.061470215462611,Attack,Denial of Service,GoldenEye (HTTP),Raspberry Pi 4B 4GB,nmon,1
14:42:04.000,4.5,2.8,3.5,1,0,1516.2,9.0,0.0,0.0,0.0,1.0,-0.0,-0.0,-1.9,0.0,0.0,8.0,0.0,0.0,9.0,15.0,0.0,15.0,4101.8,0.0,4101.8,0.0,0.0,0.0,40.7,0.0,40.7,100.7,0.0,100.7,0.0,0.2,8.5,28.0,440.0,10.799999999999997,4.198352344740175,0.3511829319814111,0.10561892691170259,0.7974228981833544,1.1248415716096325,Attack,Denial of Service,GoldenEye (HTTP),Raspberry Pi 4B 4GB,nmon,1
14:42:05.000,0.0,0.0,0.0,1,0,80.8,2.0,0.0,0.0,0.0,0.0,-0.0,-0.0,-0.0,0.0,0.0,0.0,0.0,0.0,0.0,0.0,0.0,0.0,0.0,0.0,0.0,0.0,0.0,0.0,0.0,0.0,0.0,0.0,0.0,0.0,0.0,0.2,8.5,28.0,441.0,0.0,4.198352344740175,0.3511829319814111,0.10561892691170259,0.7974228981833544,1.1248415716096325,Attack,Denial of Service,GoldenEye (HTTP),Raspberry Pi 4B 4GB,nmon,1
14:42:06.000,0.0,0.5,0.0,1,0,241.4,2.0,0.0,0.0,0.0,0.2,-0.0,-0.0,-0.2,0.0,0.0,3.0,0.0,0.0,2.0,0.0,0.0,0.0,0.0,0.0,0.0,0.0,0.0,0.0,0.0,0.0,0.0,0.0,0.0,0.0,0.0,0.2,8.5,28.0,442.0,0.5,4.198352344740175,0.3511829319814111,0.10561892691170259,0.7974228981833544,1.1248415716096325,Attack,Denial of Service,GoldenEye (HTTP),Raspberry Pi 4B 4GB,nmon,1
14:42:07.000,0.0,0.5,0.0,1,0,253.4,3.0,0.0,0.0,0.0,0.2,-0.0,-0.0,-0.3,0.0,0.0,3.0,0.0,0.0,3.0,1.0,0.0,1.0,12.0,0.0,12.0,4.0,0.0,4.0,4.0,0.0,4.0,4.0,0.0,4.0,0.0,0.2,8.5,28.0,443.0,0.5,4.198352344740175,0.3511829319814111,0.10561892691170259,0.7974228981833544,1.1354034643008029,Attack,Denial of Service,GoldenEye (HTTP),Raspberry Pi 4B 4GB,nmon,1
14:42:08.000,0.2,0.2,0.2,1,0,281.7,2.0,0.0,0.0,0.0,0.4,-0.0,-0.0,-0.3,0.0,0.0,6.0,0.0,0.0,3.0,0.0,0.0,1.0,0.0,0.0,0.0,31.9,0.0,31.9,16.0,0.0,16.0,2.0,0.0,2.0,0.0,0.2,8.5,28.0,444.0,0.7000000000000028,4.198352344740175,0.3511829319814111,0.10561892691170259,0.7974228981833544,1.1327629911280102,Attack,Denial of Service,GoldenEye (HTTP),Raspberry Pi 4B 4GB,nmon,1
14:42:09.000,0.0,0.7,0.2,1,0,606.5,2.0,0.0,0.0,0.0,1.0,-0.0,-0.0,-0.7,0.0,0.0,14.0,0.0,0.0,7.0,3.0,0.0,2.0,0.0,0.0,0.0,135.7,0.0,135.7,5.9,0.0,5.9,22.9,0.0,22.9,0.0,0.2,8.5,28.0,445.0,1.0,4.198352344740175,0.3511829319814111,0.10561892691170259,0.7974228981833544,1.1354034643008029,Attack,Denial of Service,GoldenEye (HTTP),Raspberry Pi 4B 4GB,nmon,1
14:42:10.000,3.7,1.2,0.2,1,0,329.2,5.0,0.0,0.0,0.0,0.2,-0.0,-0.0,-0.2,0.0,0.0,3.0,0.0,0.0,2.0,1.0,0.0,1.0,75.8,0.0,75.8,0.0,0.0,0.0,19.0,0.0,19.0,4.0,0.0,4.0,0.0,0.2,8.5,28.0,446.0,5.200000000000003,4.211554710604137,0.3564638783269962,0.10561892691170259,0.7974228981833544,1.1433248838191805,Attack,Denial of Service,GoldenEye (HTTP),Raspberry Pi 4B 4GB,nmon,1
14:42:11.000,0.0,0.0,0.0,1,0,81.8,2.0,0.0,0.0,0.0,0.0,-0.0,-0.0,-0.0,0.0,0.0,0.0,0.0,0.0,0.0,0.0,0.0,0.0,0.0,0.0,0.0,0.0,0.0,0.0,0.0,0.0,0.0,0.0,0.0,0.0,0.0,0.2,8.5,28.0,447.0,0.0,4.2168356569497245,0.3564638783269962,0.10561892691170259,0.7974228981833544,1.145965356991973,Attack,Denial of Service,GoldenEye (HTTP),Raspberry Pi 4B 4GB,nmon,1
14:42:12.000,0.0,0.5,0.0,1,0,108.7,2.0,0.0,0.0,0.0,0.0,-0.0,-0.0,-0.0,0.0,0.0,0.0,0.0,0.0,0.0,0.0,0.0,0.0,0.0,0.0,0.0,0.0,0.0,0.0,0.0,0.0,0.0,0.0,0.0,0.0,0.0,0.2,8.5,28.0,448.0,0.5,4.2168356569497245,0.35910435149978875,0.10561892691170259,0.800063371356147,1.1433248838191805,Attack,Denial of Service,GoldenEye (HTTP),Raspberry Pi 4B 4GB,nmon,1
14:42:13.000,0.0,0.2,0.0,1,0,585.3,2.0,0.0,0.0,0.0,1.0,-0.0,-0.0,-0.7,0.0,0.0,13.9,0.0,0.0,7.0,1.0,0.0,1.0,0.0,0.0,0.0,39.8,0.0,39.8,5.7,0.0,5.7,7.0,0.0,7.0,0.0,0.2,8.5,28.0,449.0,0.20000000000000284,4.2247570764681,0.35910435149978875,0.10561892691170259,0.800063371356147,1.1433248838191805,Attack,Denial of Service,GoldenEye (HTTP),Raspberry Pi 4B 4GB,nmon,1
14:42:14.000,0.5,1.2,0.5,1,0,709.2,3.0,0.0,0.0,0.0,0.5,-0.0,-0.0,-14.8,0.0,0.0,9.0,0.0,0.0,14.0,2.0,0.0,2.0,590.5,0.0,590.5,0.0,0.0,0.0,53.8,0.0,53.8,11.0,0.0,11.0,0.0,0.2,8.5,28.0,450.0,2.200000000000003,4.288128432615112,0.38550908322771443,0.10825940008449514,0.8106252640473173,1.1327629911280102,Attack,Denial of Service,GoldenEye (HTTP),Raspberry Pi 4B 4GB,nmon,1
14:42:15.000,0.0,0.0,0.0,1,0,116.7,2.0,0.0,0.0,0.0,0.0,-0.0,-0.0,-0.0,0.0,0.0,0.0,0.0,0.0,0.0,0.0,0.0,0.0,0.0,0.0,0.0,4.0,0.0,4.0,4.0,0.0,4.0,1.0,0.0,1.0,0.0,0.2,8.5,28.0,451.0,0.0,4.301330798479075,0.38550908322771443,0.10825940008449514,0.8106252640473173,1.1327629911280102,Attack,Denial of Service,GoldenEye (HTTP),Raspberry Pi 4B 4GB,nmon,1
14:42:16.000,0.0,0.2,0.0,1,0,93.8,2.0,0.0,0.0,0.0,0.0,-0.0,-0.0,-0.0,0.0,0.0,0.0,0.0,0.0,0.0,0.0,0.0,0.0,0.0,0.0,0.0,0.0,0.0,0.0,0.0,0.0,0.0,0.0,0.0,0.0,0.0,0.2,8.5,28.0,452.0,0.20000000000000284,4.296049852133499,0.38550908322771443,0.10825940008449514,0.8106252640473173,1.1327629911280102,Attack,Denial of Service,GoldenEye (HTTP),Raspberry Pi 4B 4GB,nmon,1
14:42:17.000,0.0,0.2,0.0,1,0,82.8,2.0,0.0,0.0,0.0,0.0,-0.0,-0.0,-0.0,0.0,0.0,0.0,0.0,0.0,0.0,0.0,0.0,0.0,0.0,0.0,0.0,0.0,0.0,0.0,0.0,0.0,0.0,0.0,0.0,0.0,0.0,0.2,8.5,28.0,453.0,0.20000000000000284,4.301330798479075,0.38550908322771443,0.10825940008449514,0.8106252640473173,1.1327629911280102,Attack,Denial of Service,GoldenEye (HTTP),Raspberry Pi 4B 4GB,nmon,1
14:42:18.000,0.0,0.2,0.0,1,0,110.6,2.0,0.0,0.0,0.0,0.0,-0.0,-0.0,-0.0,0.0,0.0,0.0,0.0,0.0,0.0,0.0,0.0,0.0,0.0,0.0,0.0,19.9,0.0,19.9,10.0,0.0,10.0,2.0,0.0,2.0,0.0,0.2,8.5,28.0,454.0,0.20000000000000284,4.309252217997461,0.38550908322771443,0.10825940008449514,0.8106252640473173,1.1327629911280102,Attack,Denial of Service,GoldenEye (HTTP),Raspberry Pi 4B 4GB,nmon,1
14:42:19.000,0.0,0.2,0.0,1,0,119.7,2.0,0.0,0.0,0.0,0.0,-0.0,-0.0,-0.0,0.0,0.0,0.0,0.0,0.0,0.0,0.0,0.0,0.0,0.0,0.0,0.0,0.0,0.0,0.0,0.0,0.0,0.0,0.0,0.0,0.0,0.0,0.2,8.5,28.0,455.0,0.20000000000000284,4.309252217997461,0.38550908322771443,0.10825940008449514,0.8106252640473173,1.1327629911280102,Recovery,Denial of Service,GoldenEye (HTTP),Raspberry Pi 4B 4GB,nmon,1
14:42:20.000,0.0,0.2,0.0,1,0,92.8,2.0,0.0,0.0,0.0,0.0,-0.0,-0.0,-0.0,0.0,0.0,0.0,0.0,0.0,0.0,0.0,0.0,0.0,0.0,0.0,0.0,0.0,0.0,0.0,0.0,0.0,0.0,0.0,0.0,0.0,0.0,0.2,8.5,28.0,456.0,0.20000000000000284,4.314533164343038,0.38550908322771443,0.10825940008449514,0.8106252640473173,1.1327629911280102,Recovery,Denial of Service,GoldenEye (HTTP),Raspberry Pi 4B 4GB,nmon,1
14:42:21.000,0.0,0.0,0.0,1,0,79.8,2.0,0.0,0.0,0.0,0.0,-0.0,-0.0,-0.0,0.0,0.0,0.0,0.0,0.0,0.0,0.0,0.0,0.0,0.0,0.0,0.0,0.0,0.0,0.0,0.0,0.0,0.0,0.0,0.0,0.0,0.0,0.2,8.5,28.0,457.0,0.0,4.314533164343038,0.38550908322771443,0.10825940008449514,0.8106252640473173,1.1327629911280102,Recovery,Denial of Service,GoldenEye (HTTP),Raspberry Pi 4B 4GB,nmon,1
14:42:22.000,0.0,0.2,0.0,1,0,91.8,2.0,0.0,0.0,0.0,0.0,-0.0,-0.0,-0.0,0.0,0.0,0.0,0.0,0.0,0.0,1.0,0.0,1.0,0.0,0.0,0.0,16.0,0.0,16.0,8.0,0.0,8.0,2.0,0.0,2.0,0.0,0.2,8.5,28.0,458.0,0.20000000000000284,4.319814110688636,0.38550908322771443,0.10825940008449514,0.8106252640473173,1.1327629911280102,Recovery,Denial of Service,GoldenEye (HTTP),Raspberry Pi 4B 4GB,nmon,1
14:42:23.000,0.0,0.5,0.2,1,0,111.7,2.0,0.0,0.0,0.0,0.0,-0.0,-0.0,-0.0,0.0,0.0,0.0,0.0,0.0,0.0,0.0,0.0,0.0,0.0,0.0,0.0,4.0,0.0,4.0,4.0,0.0,4.0,1.0,0.0,1.0,0.0,0.2,8.5,28.0,459.0,0.7000000000000028,4.319814110688636,0.38550908322771443,0.10825940008449514,0.8106252640473173,1.1327629911280102,Recovery,Denial of Service,GoldenEye (HTTP),Raspberry Pi 4B 4GB,nmon,1
14:42:24.000,0.2,0.0,0.0,1,0,82.8,2.0,0.0,0.0,0.0,0.0,-0.0,-0.0,-0.0,0.0,0.0,0.0,0.0,0.0,0.0,0.0,0.0,0.0,0.0,0.0,0.0,0.0,0.0,0.0,0.0,0.0,0.0,0.0,0.0,0.0,0.0,0.2,8.5,28.0,460.0,0.20000000000000284,4.327735530207,0.38550908322771443,0.10825940008449514,0.8106252640473173,1.1327629911280102,Recovery,Denial of Service,GoldenEye (HTTP),Raspberry Pi 4B 4GB,nmon,1
14:42:25.000,0.0,0.0,0.0,1,0,82.8,2.0,0.0,0.0,0.0,0.0,-0.0,-0.0,-0.0,0.0,0.0,0.0,0.0,0.0,0.0,0.0,0.0,0.0,0.0,0.0,0.0,0.0,0.0,0.0,0.0,0.0,0.0,0.0,0.0,0.0,0.0,0.2,8.5,28.0,461.0,0.0,4.333016476552598,0.38550908322771443,0.10825940008449514,0.8106252640473173,1.1327629911280102,Recovery,Denial of Service,GoldenEye (HTTP),Raspberry Pi 4B 4GB,nmon,1
14:42:26.000,0.0,0.2,0.0,1,0,90.8,2.0,0.0,0.0,0.0,0.0,-0.0,-0.0,-0.0,0.0,0.0,0.0,0.0,0.0,0.0,0.0,0.0,0.0,0.0,0.0,0.0,0.0,0.0,0.0,0.0,0.0,0.0,0.0,0.0,0.0,0.0,0.2,8.5,28.0,462.0,0.20000000000000284,4.327735530207,0.38550908322771443,0.10825940008449514,0.8106252640473173,1.1327629911280102,Recovery,Denial of Service,GoldenEye (HTTP),Raspberry Pi 4B 4GB,nmon,1
14:42:27.000,0.0,0.2,0.0,1,0,116.7,2.0,0.0,0.0,0.0,0.0,-0.0,-0.0,-0.0,0.0,0.0,0.0,0.0,0.0,0.0,1.0,0.0,1.0,4.0,0.0,4.0,35.9,0.0,35.9,8.0,0.0,8.0,5.0,0.0,5.0,0.0,0.2,8.5,28.0,463.0,0.20000000000000284,4.340937896070962,0.38550908322771443,0.10825940008449514,0.8106252640473173,1.1354034643008029,Recovery,Denial of Service,GoldenEye (HTTP),Raspberry Pi 4B 4GB,nmon,1
14:42:28.000,0.0,0.2,0.2,1,0,116.7,2.0,0.0,0.0,0.0,0.0,-0.0,-0.0,-0.0,0.0,0.0,0.0,0.0,0.0,0.0,1.0,0.0,1.0,0.0,0.0,0.0,35.9,0.0,35.9,7.2,0.0,7.2,5.0,0.0,5.0,0.0,0.2,8.5,28.0,464.0,0.5,4.333016476552598,0.38550908322771443,0.10825940008449514,0.8106252640473173,1.1327629911280102,Recovery,Denial of Service,GoldenEye (HTTP),Raspberry Pi 4B 4GB,nmon,1
14:42:29.000,0.0,0.2,0.0,1,0,79.8,2.0,0.0,0.0,0.0,0.0,-0.0,-0.0,-0.0,0.0,0.0,0.0,0.0,0.0,0.0,0.0,0.0,0.0,0.0,0.0,0.0,0.0,0.0,0.0,0.0,0.0,0.0,0.0,0.0,0.0,0.0,0.2,8.5,28.0,465.0,0.20000000000000284,4.333016476552598,0.38550908322771443,0.10825940008449514,0.8106252640473173,1.1354034643008029,Recovery,Denial of Service,GoldenEye (HTTP),Raspberry Pi 4B 4GB,nmon,1
14:42:30.000,0.2,0.2,0.0,1,0,84.8,2.0,0.0,0.0,0.0,0.0,-0.0,-0.0,-0.0,0.0,0.0,0.0,0.0,0.0,0.0,0.0,0.0,0.0,0.0,0.0,0.0,0.0,0.0,0.0,0.0,0.0,0.0,0.0,0.0,0.0,0.0,0.2,8.5,28.0,466.0,0.5,4.340937896070962,0.38550908322771443,0.10825940008449514,0.8106252640473173,1.1327629911280102,Recovery,Denial of Service,GoldenEye (HTTP),Raspberry Pi 4B 4GB,nmon,1
14:42:31.000,0.0,0.2,0.0,1,0,92.8,2.0,0.0,0.0,0.0,0.0,-0.0,-0.0,-0.0,0.0,0.0,0.0,0.0,0.0,0.0,0.0,0.0,0.0,0.0,0.0,0.0,0.0,0.0,0.0,0.0,0.0,0.0,0.0,0.0,0.0,0.0,0.2,8.5,28.0,467.0,0.20000000000000284,4.3356569497253865,0.38550908322771443,0.10825940008449514,0.8106252640473173,1.1327629911280102,Recovery,Denial of Service,GoldenEye (HTTP),Raspberry Pi 4B 4GB,nmon,1
14:42:32.000,0.0,0.0,0.0,1,0,100.7,2.0,0.0,0.0,0.0,0.0,-0.0,-0.0,-0.0,0.0,0.0,0.0,0.0,0.0,0.0,0.0,0.0,0.0,0.0,0.0,0.0,4.0,0.0,4.0,4.0,0.0,4.0,1.0,0.0,1.0,0.0,0.2,8.5,28.0,468.0,0.0,4.340937896070962,0.38550908322771443,0.10825940008449514,0.8106252640473173,1.1301225179552175,Recovery,Denial of Service,GoldenEye (HTTP),Raspberry Pi 4B 4GB,nmon,1
14:42:33.000,0.0,0.5,0.0,1,0,145.4,2.0,0.0,0.0,0.0,0.1,-0.0,-0.0,-0.0,0.0,0.0,1.0,0.0,0.0,0.0,0.0,0.0,1.0,0.0,0.0,0.0,15.9,0.0,15.9,8.0,0.0,8.0,2.0,0.0,2.0,0.0,0.2,8.5,28.0,469.0,0.5,4.340937896070962,0.38550908322771443,0.10825940008449514,0.8106252640473173,1.1327629911280102,Recovery,Denial of Service,GoldenEye (HTTP),Raspberry Pi 4B 4GB,nmon,1
14:42:34.000,0.0,0.2,0.0,1,0,102.7,2.0,0.0,0.0,0.0,0.0,-0.0,-0.0,-0.0,0.0,0.0,0.0,0.0,0.0,0.0,0.0,0.0,0.0,0.0,0.0,0.0,0.0,0.0,0.0,0.0,0.0,0.0,0.0,0.0,0.0,0.0,0.2,8.5,28.0,470.0,0.20000000000000284,4.34621884241656,0.38550908322771443,0.10825940008449514,0.8106252640473173,1.1327629911280102,Recovery,Denial of Service,GoldenEye (HTTP),Raspberry Pi 4B 4GB,nmon,1
14:42:35.000,0.0,0.2,0.0,1,0,121.7,2.0,0.0,0.0,0.0,0.0,-0.0,-0.0,-0.0,0.0,0.0,0.0,0.0,0.0,0.0,0.0,0.0,0.0,0.0,0.0,0.0,0.0,0.0,0.0,0.0,0.0,0.0,0.0,0.0,0.0,0.0,0.2,8.5,28.0,471.0,0.20000000000000284,4.34621884241656,0.38550908322771443,0.10825940008449514,0.8106252640473173,1.1301225179552175,Recovery,Denial of Service,GoldenEye (HTTP),Raspberry Pi 4B 4GB,nmon,1
14:42:36.000,0.0,0.0,0.0,1,0,78.8,2.0,0.0,0.0,0.0,0.0,-0.0,-0.0,-0.0,0.0,0.0,0.0,0.0,0.0,0.0,0.0,0.0,0.0,0.0,0.0,0.0,0.0,0.0,0.0,0.0,0.0,0.0,0.0,0.0,0.0,0.0,0.2,8.5,28.0,472.0,0.0,4.3541402619349245,0.38550908322771443,0.10825940008449514,0.8106252640473173,1.1327629911280102,Recovery,Denial of Service,GoldenEye (HTTP),Raspberry Pi 4B 4GB,nmon,1
14:42:37.000,0.0,0.2,0.0,1,0,99.8,2.0,0.0,0.0,0.0,0.0,-0.0,-0.0,-0.0,0.0,0.0,0.0,0.0,0.0,0.0,1.0,0.0,0.0,0.0,0.0,0.0,4.0,0.0,4.0,4.0,0.0,4.0,1.0,0.0,1.0,0.0,0.2,8.5,28.0,473.0,0.20000000000000284,4.367342627798887,0.38550908322771443,0.10825940008449514,0.8106252640473173,1.1380439374735953,Recovery,Denial of Service,GoldenEye (HTTP),Raspberry Pi 4B 4GB,nmon,1
14:42:38.000,0.0,0.2,0.2,1,0,114.6,2.0,0.0,0.0,0.0,0.0,-0.0,-0.0,-0.0,0.0,0.0,0.0,0.0,0.0,0.0,1.0,0.0,1.0,0.0,0.0,0.0,19.9,0.0,19.9,6.7,0.0,6.7,3.0,0.0,3.0,0.0,0.2,8.5,28.0,474.0,0.5,4.36206168145331,0.38550908322771443,0.10825940008449514,0.8106252640473173,1.1380439374735953,Recovery,Denial of Service,GoldenEye (HTTP),Raspberry Pi 4B 4GB,nmon,1
14:42:39.000,0.0,0.2,0.0,1,0,101.8,2.0,0.0,0.0,0.0,0.0,-0.0,-0.0,-0.0,0.0,0.0,0.0,0.0,0.0,0.0,0.0,0.0,0.0,0.0,0.0,0.0,0.0,0.0,0.0,0.0,0.0,0.0,0.0,0.0,0.0,0.0,0.2,8.5,28.0,475.0,0.20000000000000284,4.372623574144486,0.38550908322771443,0.10825940008449514,0.81326573722011,1.1327629911280102,Recovery,Denial of Service,GoldenEye (HTTP),Raspberry Pi 4B 4GB,nmon,1
14:42:40.000,0.0,0.2,0.0,1,0,91.8,2.0,0.0,0.0,0.0,0.0,-0.0,-0.0,-0.0,0.0,0.0,0.0,0.0,0.0,0.0,0.0,0.0,0.0,0.0,0.0,0.0,0.0,0.0,0.0,0.0,0.0,0.0,0.0,0.0,0.0,0.0,0.2,8.5,28.0,476.0,0.20000000000000284,4.367342627798887,0.38550908322771443,0.10825940008449514,0.81326573722011,1.1327629911280102,Recovery,Denial of Service,GoldenEye (HTTP),Raspberry Pi 4B 4GB,nmon,1
14:42:41.000,0.2,0.0,0.0,1,0,84.8,2.0,0.0,0.0,0.0,0.0,-0.0,-0.0,-0.0,0.0,0.0,0.0,0.0,0.0,0.0,0.0,0.0,0.0,0.0,0.0,0.0,0.0,0.0,0.0,0.0,0.0,0.0,0.0,0.0,0.0,0.0,0.2,8.5,28.0,477.0,0.20000000000000284,4.372623574144486,0.38550908322771443,0.10825940008449514,0.81326573722011,1.1380439374735953,Recovery,Denial of Service,GoldenEye (HTTP),Raspberry Pi 4B 4GB,nmon,1
14:42:42.000,0.0,0.2,0.0,1,0,82.8,2.0,0.0,0.0,0.0,0.0,-0.0,-0.0,-0.0,0.0,0.0,0.0,0.0,0.0,0.0,0.0,0.0,0.0,0.0,0.0,0.0,0.0,0.0,0.0,0.0,0.0,0.0,0.0,0.0,0.0,0.0,0.2,8.5,28.0,478.0,0.20000000000000284,4.385825940008448,0.38550908322771443,0.1108998732572877,0.8106252640473173,1.1327629911280102,Recovery,Denial of Service,GoldenEye (HTTP),Raspberry Pi 4B 4GB,nmon,1
14:42:43.000,0.0,0.2,0.0,1,0,131.7,2.0,0.0,0.0,0.0,0.0,-0.0,-0.0,-0.0,0.0,0.0,0.0,0.0,0.0,0.0,0.0,0.0,0.0,0.0,0.0,0.0,16.0,0.0,16.0,8.0,0.0,8.0,2.0,0.0,2.0,0.0,0.2,8.5,28.0,479.0,0.20000000000000284,4.380544993662861,0.38814955640050697,0.1108998732572877,0.81326573722011,1.1327629911280102,Recovery,Denial of Service,GoldenEye (HTTP),Raspberry Pi 4B 4GB,nmon,1
14:42:44.000,0.0,0.0,0.0,1,0,80.8,2.0,0.0,0.0,0.0,0.0,-0.0,-0.0,-0.0,0.0,0.0,0.0,0.0,0.0,0.0,0.0,0.0,0.0,0.0,0.0,0.0,0.0,0.0,0.0,0.0,0.0,0.0,0.0,0.0,0.0,0.0,0.2,8.5,28.0,480.0,0.0,4.393747359526823,0.38814955640050697,0.1108998732572877,0.81326573722011,1.1327629911280102,Recovery,Denial of Service,GoldenEye (HTTP),Raspberry Pi 4B 4GB,nmon,1
14:42:45.000,0.2,0.2,0.0,1,0,101.7,2.0,0.0,0.0,0.0,0.0,-0.0,-0.0,-0.0,0.0,0.0,0.0,0.0,0.0,0.0,0.0,0.0,0.0,0.0,0.0,0.0,0.0,0.0,0.0,0.0,0.0,0.0,0.0,0.0,0.0,0.0,0.2,8.5,28.0,481.0,0.5,4.385825940008448,0.38814955640050697,0.1108998732572877,0.81326573722011,1.1327629911280102,Recovery,Denial of Service,GoldenEye (HTTP),Raspberry Pi 4B 4GB,nmon,1
14:42:46.000,0.0,0.2,0.0,1,0,88.8,2.0,0.0,0.0,0.0,0.0,-0.0,-0.0,-0.0,0.0,0.0,0.0,0.0,0.0,0.0,0.0,0.0,0.0,0.0,0.0,0.0,0.0,0.0,0.0,0.0,0.0,0.0,0.0,0.0,0.0,0.0,0.2,8.5,28.0,482.0,0.20000000000000284,4.39902830587241,0.38814955640050697,0.1108998732572877,0.81326573722011,1.1327629911280102,Recovery,Denial of Service,GoldenEye (HTTP),Raspberry Pi 4B 4GB,nmon,1
14:42:47.000,0.0,0.5,0.0,1,0,230.4,2.0,0.0,0.0,0.0,0.3,-0.0,-0.0,-0.2,0.0,0.0,4.0,0.0,0.0,2.0,0.0,0.0,1.0,0.0,0.0,0.0,0.0,0.0,0.0,0.0,0.0,0.0,0.0,0.0,0.0,0.0,0.2,8.5,28.0,483.0,0.5,4.39902830587241,0.38814955640050697,0.1108998732572877,0.81326573722011,1.1327629911280102,Recovery,Denial of Service,GoldenEye (HTTP),Raspberry Pi 4B 4GB,nmon,1
14:42:48.000,0.0,0.2,0.2,1,0,232.4,3.0,0.0,0.0,0.0,0.2,-0.0,-0.0,-0.4,0.0,0.0,4.0,0.0,0.0,3.0,0.0,0.0,0.0,0.0,0.0,0.0,19.9,0.0,19.9,6.7,0.0,6.7,3.0,0.0,3.0,0.0,0.2,8.5,28.0,484.0,0.5,4.4043092522179865,0.38814955640050697,0.1108998732572877,0.81326573722011,1.1327629911280102,Recovery,Denial of Service,GoldenEye (HTTP),Raspberry Pi 4B 4GB,nmon,1
14:42:49.000,0.0,0.2,0.0,1,0,94.8,2.0,0.0,0.0,0.0,0.0,-0.0,-0.0,-0.0,0.0,0.0,0.0,0.0,0.0,0.0,0.0,0.0,0.0,0.0,0.0,0.0,0.0,0.0,0.0,0.0,0.0,0.0,0.0,0.0,0.0,0.0,0.2,8.5,28.0,485.0,0.20000000000000284,4.412230671736372,0.38814955640050697,0.1108998732572877,0.81326573722011,1.1327629911280102,Recovery,Denial of Service,GoldenEye (HTTP),Raspberry Pi 4B 4GB,nmon,1
14:42:50.000,0.0,0.0,0.0,1,0,95.8,2.0,0.0,0.0,0.0,0.0,-0.0,-0.0,-0.0,0.0,0.0,0.0,0.0,0.0,0.0,0.0,0.0,0.0,0.0,0.0,0.0,0.0,0.0,0.0,0.0,0.0,0.0,0.0,0.0,0.0,0.0,0.2,8.5,28.0,486.0,0.0,4.4043092522179865,0.38814955640050697,0.1108998732572877,0.81326573722011,1.1327629911280102,Recovery,Denial of Service,GoldenEye (HTTP),Raspberry Pi 4B 4GB,nmon,1
14:42:51.000,0.0,0.5,0.0,1,0,101.7,2.0,0.0,0.0,0.0,0.0,-0.0,-0.0,-0.0,0.0,0.0,0.0,0.0,0.0,0.0,0.0,0.0,0.0,0.0,0.0,0.0,0.0,0.0,0.0,0.0,0.0,0.0,0.0,0.0,0.0,0.0,0.2,8.5,28.0,487.0,0.5,4.4175116180819485,0.38814955640050697,0.1108998732572877,0.81326573722011,1.1354034643008029,Recovery,Denial of Service,GoldenEye (HTTP),Raspberry Pi 4B 4GB,nmon,1
14:42:52.000,0.0,0.0,0.0,1,0,85.8,2.0,0.0,0.0,0.0,0.0,-0.0,-0.0,-0.0,0.0,0.0,0.0,0.0,0.0,0.0,1.0,0.0,0.0,0.0,0.0,0.0,0.0,0.0,0.0,0.0,0.0,0.0,0.0,0.0,0.0,0.0,0.2,8.5,28.0,488.0,0.0,4.412230671736372,0.38814955640050697,0.1108998732572877,0.81326573722011,1.1327629911280102,Recovery,Denial of Service,GoldenEye (HTTP),Raspberry Pi 4B 4GB,nmon,1
14:42:53.000,0.0,0.2,0.0,1,0,353.6,2.0,0.0,0.0,0.0,0.5,-0.0,-0.0,-0.4,0.0,0.0,8.0,0.0,0.0,4.0,0.0,0.0,0.0,0.0,0.0,0.0,15.9,0.0,15.9,8.0,0.0,8.0,2.0,0.0,2.0,0.0,0.2,8.5,28.0,489.0,0.20000000000000284,4.425433037600335,0.38814955640050697,0.1108998732572877,0.81326573722011,1.1327629911280102,Recovery,Denial of Service,GoldenEye (HTTP),Raspberry Pi 4B 4GB,nmon,1
14:42:54.000,0.2,0.2,0.0,1,0,207.5,2.0,0.0,0.0,0.0,0.3,-0.0,-0.0,-0.2,0.0,0.0,4.0,0.0,0.0,2.0,0.0,0.0,0.0,0.0,0.0,0.0,0.0,0.0,0.0,0.0,0.0,0.0,0.0,0.0,0.0,0.0,0.2,8.5,28.0,490.0,0.5,4.425433037600335,0.38814955640050697,0.1108998732572877,0.81326573722011,1.1354034643008029,Recovery,Denial of Service,GoldenEye (HTTP),Raspberry Pi 4B 4GB,nmon,1
14:42:55.000,0.2,0.2,0.0,1,0,163.6,2.0,0.0,0.0,0.0,0.1,-0.0,-0.0,-0.1,0.0,0.0,2.0,0.0,0.0,1.0,0.0,0.0,0.0,0.0,0.0,0.0,0.0,0.0,0.0,0.0,0.0,0.0,0.0,0.0,0.0,0.0,0.2,8.5,28.0,491.0,0.5,4.43071398394591,0.38814955640050697,0.1108998732572877,0.81326573722011,1.1327629911280102,Recovery,Denial of Service,GoldenEye (HTTP),Raspberry Pi 4B 4GB,nmon,1
14:42:56.000,0.0,0.2,0.0,1,0,283.3,2.0,0.0,0.0,0.0,0.4,-0.0,-0.0,-0.3,0.0,0.0,6.0,0.0,0.0,3.0,0.0,0.0,0.0,0.0,0.0,0.0,0.0,0.0,0.0,0.0,0.0,0.0,0.0,0.0,0.0,0.0,0.2,8.5,28.0,492.0,0.20000000000000284,4.438635403464297,0.38814955640050697,0.1108998732572877,0.81326573722011,1.1354034643008029,Recovery,Denial of Service,GoldenEye (HTTP),Raspberry Pi 4B 4GB,nmon,1
14:42:57.000,0.0,0.2,0.0,1,0,88.8,2.0,0.0,0.0,0.0,0.0,-0.0,-0.0,-0.0,0.0,0.0,0.0,0.0,0.0,0.0,0.0,0.0,0.0,0.0,0.0,0.0,0.0,0.0,0.0,0.0,0.0,0.0,0.0,0.0,0.0,0.0,0.2,8.5,28.0,493.0,0.20000000000000284,4.443916349809884,0.38814955640050697,0.1108998732572877,0.81326573722011,1.1327629911280102,Recovery,Denial of Service,GoldenEye (HTTP),Raspberry Pi 4B 4GB,nmon,1
14:42:58.000,0.0,0.2,0.2,1,0,171.4,3.0,0.0,0.0,0.0,0.0,-0.0,-0.0,-0.0,0.0,0.0,0.0,0.0,0.0,0.0,1.0,0.0,1.0,0.0,0.0,0.0,51.8,0.0,51.8,10.4,0.0,10.4,5.0,0.0,5.0,0.0,0.2,8.5,28.0,494.0,0.5,4.451837769328259,0.38814955640050697,0.1108998732572877,0.81326573722011,1.1354034643008029,Recovery,Denial of Service,GoldenEye (HTTP),Raspberry Pi 4B 4GB,nmon,1
14:42:59.000,0.0,0.0,0.0,1,0,84.8,2.0,0.0,0.0,0.0,0.0,-0.0,-0.0,-0.0,0.0,0.0,0.0,0.0,0.0,0.0,0.0,0.0,0.0,0.0,0.0,0.0,0.0,0.0,0.0,0.0,0.0,0.0,0.0,0.0,0.0,0.0,0.2,8.5,28.0,495.0,0.0,4.451837769328259,0.38814955640050697,0.1108998732572877,0.81326573722011,1.1327629911280102,Recovery,Denial of Service,GoldenEye (HTTP),Raspberry Pi 4B 4GB,nmon,1
14:43:00.000,0.2,0.2,0.0,1,0,301.3,2.0,0.0,0.0,0.0,0.4,-0.0,-0.0,-0.3,0.0,0.0,6.0,0.0,0.0,3.0,0.0,0.0,0.0,0.0,0.0,0.0,0.0,0.0,0.0,0.0,0.0,0.0,0.0,0.0,0.0,0.0,0.2,8.5,28.0,496.0,0.5,4.457118715673847,0.38814955640050697,0.1108998732572877,0.81326573722011,1.1327629911280102,Recovery,Denial of Service,GoldenEye (HTTP),Raspberry Pi 4B 4GB,nmon,1
14:43:01.000,0.0,0.2,0.0,1,0,89.8,2.0,0.0,0.0,0.0,0.0,-0.0,-0.0,-0.0,0.0,0.0,0.0,0.0,0.0,0.0,0.0,0.0,0.0,0.0,0.0,0.0,0.0,0.0,0.0,0.0,0.0,0.0,0.0,0.0,0.0,0.0,0.2,8.5,28.0,497.0,0.20000000000000284,4.457118715673847,0.38814955640050697,0.1108998732572877,0.81326573722011,1.1354034643008029,Recovery,Denial of Service,GoldenEye (HTTP),Raspberry Pi 4B 4GB,nmon,1
14:43:02.000,0.0,0.2,0.0,1,0,91.8,2.0,0.0,0.0,0.0,0.0,-0.0,-0.0,-0.0,0.0,0.0,0.0,0.0,0.0,0.0,0.0,0.0,1.0,0.0,0.0,0.0,0.0,0.0,0.0,0.0,0.0,0.0,0.0,0.0,0.0,0.0,0.2,8.5,28.0,498.0,0.20000000000000284,4.47032108153781,0.38814955640050697,0.1108998732572877,0.81326573722011,1.1327629911280102,Recovery,Denial of Service,GoldenEye (HTTP),Raspberry Pi 4B 4GB,nmon,1
14:43:03.000,0.2,0.0,0.0,1,0,165.3,2.0,0.0,0.0,0.0,0.1,-0.0,-0.0,-0.0,0.0,0.0,1.0,0.0,0.0,0.0,0.0,0.0,0.0,0.0,0.0,0.0,27.9,0.0,27.9,9.3,0.0,9.3,3.0,0.0,3.0,0.0,0.2,8.5,28.0,499.0,0.20000000000000284,4.47032108153781,0.38814955640050697,0.1108998732572877,0.81326573722011,1.1354034643008029,Recovery,Denial of Service,GoldenEye (HTTP),Raspberry Pi 4B 4GB,nmon,1
14:43:04.000,0.0,0.2,0.2,1,0,261.4,3.0,0.0,0.0,0.0,0.2,-0.0,-0.0,-0.3,0.0,0.0,4.0,0.0,0.0,3.0,2.0,0.0,1.0,79.8,0.0,79.8,0.0,0.0,0.0,16.0,0.0,16.0,5.0,0.0,5.0,0.0,0.2,8.5,28.0,500.0,0.5,4.478242501056185,0.38814955640050697,0.1108998732572877,0.81326573722011,1.1354034643008029,Recovery,Denial of Service,GoldenEye (HTTP),Raspberry Pi 4B 4GB,nmon,1
14:43:05.000,0.0,0.2,0.0,1,0,153.6,2.0,0.0,0.0,0.0,0.1,-0.0,-0.0,-0.1,0.0,0.0,2.0,0.0,0.0,1.0,0.0,0.0,0.0,0.0,0.0,0.0,0.0,0.0,0.0,0.0,0.0,0.0,0.0,0.0,0.0,0.0,0.2,8.5,28.0,501.0,0.20000000000000284,4.4835234474017716,0.38814955640050697,0.1108998732572877,0.81326573722011,1.1380439374735953,Recovery,Denial of Service,GoldenEye (HTTP),Raspberry Pi 4B 4GB,nmon,1
14:43:06.000,0.0,0.2,0.0,1,0,91.8,2.0,0.0,0.0,0.0,0.0,-0.0,-0.0,-0.0,0.0,0.0,0.0,0.0,0.0,0.0,0.0,0.0,0.0,0.0,0.0,0.0,0.0,0.0,0.0,0.0,0.0,0.0,0.0,0.0,0.0,0.0,0.2,8.5,28.0,502.0,0.20000000000000284,4.4835234474017716,0.38814955640050697,0.1108998732572877,0.81326573722011,1.1354034643008029,Recovery,Denial of Service,GoldenEye (HTTP),Raspberry Pi 4B 4GB,nmon,1
14:43:07.000,0.0,0.2,0.0,1,0,116.7,2.0,0.0,0.0,0.0,0.0,-0.0,-0.0,-0.0,0.0,0.0,0.0,0.0,0.0,0.0,0.0,0.0,0.0,0.0,0.0,0.0,0.0,0.0,0.0,0.0,0.0,0.0,0.0,0.0,0.0,0.0,0.2,8.5,28.0,503.0,0.20000000000000284,4.488804393747358,0.38814955640050697,0.1108998732572877,0.81326573722011,1.1354034643008029,Recovery,Denial of Service,GoldenEye (HTTP),Raspberry Pi 4B 4GB,nmon,1
14:43:08.000,0.0,0.5,0.2,1,0,271.8,3.0,0.0,0.0,0.0,0.2,-0.0,-0.0,-0.3,0.0,0.0,4.0,0.0,0.0,3.0,1.0,0.0,1.0,0.0,0.0,0.0,35.8,0.0,35.8,6.0,0.0,6.0,6.0,0.0,6.0,0.0,0.2,8.5,28.0,504.0,0.7000000000000028,4.488804393747358,0.38814955640050697,0.1108998732572877,0.81326573722011,1.1354034643008029,Recovery,Denial of Service,GoldenEye (HTTP),Raspberry Pi 4B 4GB,nmon,1
14:43:09.000,0.0,0.0,0.0,1,0,94.8,2.0,0.0,0.0,0.0,0.0,-0.0,-0.0,-0.0,0.0,0.0,0.0,0.0,0.0,0.0,0.0,0.0,0.0,0.0,0.0,0.0,0.0,0.0,0.0,0.0,0.0,0.0,0.0,0.0,0.0,0.0,0.2,8.5,28.0,505.0,0.0,4.488804393747358,0.38814955640050697,0.1108998732572877,0.81326573722011,1.1327629911280102,Recovery,Denial of Service,GoldenEye (HTTP),Raspberry Pi 4B 4GB,nmon,1
14:43:10.000,0.0,0.2,0.0,1,0,88.8,2.0,0.0,0.0,0.0,0.0,-0.0,-0.0,-0.0,0.0,0.0,0.0,0.0,0.0,0.0,0.0,0.0,0.0,0.0,0.0,0.0,0.0,0.0,0.0,0.0,0.0,0.0,0.0,0.0,0.0,0.0,0.2,8.5,28.0,506.0,0.20000000000000284,4.4967258132657335,0.38814955640050697,0.1108998732572877,0.81326573722011,1.1327629911280102,Recovery,Denial of Service,GoldenEye (HTTP),Raspberry Pi 4B 4GB,nmon,1
14:43:11.000,0.0,0.5,0.0,1,0,95.8,2.0,0.0,0.0,0.0,0.0,-0.0,-0.0,-0.0,0.0,0.0,0.0,0.0,0.0,0.0,0.0,0.0,0.0,0.0,0.0,0.0,0.0,0.0,0.0,0.0,0.0,0.0,0.0,0.0,0.0,0.0,0.2,8.5,28.0,507.0,0.5,4.502006759611321,0.38814955640050697,0.1108998732572877,0.81326573722011,1.1327629911280102,Recovery,Denial of Service,GoldenEye (HTTP),Raspberry Pi 4B 4GB,nmon,1
14:43:12.000,0.2,0.0,0.0,1,0,95.8,2.0,0.0,0.0,0.0,0.0,-0.0,-0.0,-0.0,0.0,0.0,0.0,0.0,0.0,0.0,1.0,0.0,1.0,0.0,0.0,0.0,0.0,0.0,0.0,0.0,0.0,0.0,0.0,0.0,0.0,0.0,0.2,8.5,28.0,508.0,0.20000000000000284,4.502006759611321,0.38814955640050697,0.1108998732572877,0.81326573722011,1.1327629911280102,Recovery,Denial of Service,GoldenEye (HTTP),Raspberry Pi 4B 4GB,nmon,1
14:43:13.000,0.2,0.5,0.0,1,0,120.4,2.0,0.0,0.0,0.0,0.0,-0.0,-0.0,-0.0,0.0,0.0,0.0,0.0,0.0,0.0,0.0,0.0,0.0,0.0,0.0,0.0,19.9,0.0,19.9,10.0,0.0,10.0,2.0,0.0,2.0,0.0,0.2,8.5,28.0,509.0,0.7000000000000028,4.509928179129696,0.3907900295732996,0.1108998732572877,0.81326573722011,1.1354034643008029,Recovery,Denial of Service,GoldenEye (HTTP),Raspberry Pi 4B 4GB,nmon,1
14:43:14.000,0.0,0.2,0.0,1,0,93.8,2.0,0.0,0.0,0.0,0.0,-0.0,-0.0,-0.0,0.0,0.0,0.0,0.0,0.0,0.0,0.0,0.0,0.0,0.0,0.0,0.0,0.0,0.0,0.0,0.0,0.0,0.0,0.0,0.0,0.0,0.0,0.2,8.5,28.0,510.0,0.20000000000000284,4.509928179129696,0.3907900295732996,0.1108998732572877,0.81326573722011,1.1354034643008029,Recovery,Denial of Service,GoldenEye (HTTP),Raspberry Pi 4B 4GB,nmon,1
14:43:15.000,0.0,0.2,0.0,1,0,98.8,2.0,0.0,0.0,0.0,0.0,-0.0,-0.0,-0.0,0.0,0.0,0.0,0.0,0.0,0.0,0.0,0.0,0.0,0.0,0.0,0.0,0.0,0.0,0.0,0.0,0.0,0.0,0.0,0.0,0.0,0.0,0.2,8.5,28.0,511.0,0.20000000000000284,4.509928179129696,0.3907900295732996,0.1108998732572877,0.81326573722011,1.1354034643008029,Recovery,Denial of Service,GoldenEye (HTTP),Raspberry Pi 4B 4GB,nmon,1
14:43:16.000,0.0,0.0,0.0,1,0,89.8,2.0,0.0,0.0,0.0,0.0,-0.0,-0.0,-0.0,0.0,0.0,0.0,0.0,0.0,0.0,0.0,0.0,0.0,0.0,0.0,0.0,0.0,0.0,0.0,0.0,0.0,0.0,0.0,0.0,0.0,0.0,0.2,8.5,28.0,512.0,0.0,4.515209125475284,0.3907900295732996,0.1108998732572877,0.81326573722011,1.1354034643008029,Recovery,Denial of Service,GoldenEye (HTTP),Raspberry Pi 4B 4GB,nmon,1
14:43:17.000,0.0,0.5,0.0,1,0,121.7,2.0,0.0,0.0,0.0,0.1,-0.0,-0.0,-0.0,0.0,0.0,1.0,0.0,0.0,0.0,0.0,0.0,0.0,0.0,0.0,0.0,0.0,0.0,0.0,0.0,0.0,0.0,0.0,0.0,0.0,0.0,0.2,8.5,28.0,513.0,0.5,4.515209125475284,0.3907900295732996,0.1108998732572877,0.81326573722011,1.1354034643008029,Recovery,Denial of Service,GoldenEye (HTTP),Raspberry Pi 4B 4GB,nmon,1
14:43:18.000,0.0,0.2,0.2,1,0,108.6,2.0,0.0,0.0,0.0,0.0,-0.0,-0.0,-0.0,0.0,0.0,0.0,0.0,0.0,0.0,0.0,0.0,1.0,0.0,0.0,0.0,23.9,0.0,23.9,6.0,0.0,6.0,4.0,0.0,4.0,0.0,0.2,8.5,28.0,514.0,0.5,4.515209125475284,0.38814955640050697,0.1108998732572877,0.81326573722011,1.1380439374735953,Recovery,Denial of Service,GoldenEye (HTTP),Raspberry Pi 4B 4GB,nmon,1
14:43:19.000,0.0,0.0,0.0,1,0,102.7,2.0,0.0,0.0,0.0,0.0,-0.0,-0.0,-0.0,0.0,0.0,0.0,0.0,0.0,0.0,0.0,0.0,0.0,0.0,0.0,0.0,0.0,0.0,0.0,0.0,0.0,0.0,0.0,0.0,0.0,0.0,0.2,8.5,28.0,515.0,0.0,4.515209125475284,0.3907900295732996,0.1108998732572877,0.81326573722011,1.1354034643008029,Recovery,Denial of Service,GoldenEye (HTTP),Raspberry Pi 4B 4GB,nmon,1
14:43:20.000,0.0,0.2,0.0,1,0,95.8,2.0,0.0,0.0,0.0,0.0,-0.0,-0.0,-0.0,0.0,0.0,0.0,0.0,0.0,0.0,0.0,0.0,0.0,0.0,0.0,0.0,0.0,0.0,0.0,0.0,0.0,0.0,0.0,0.0,0.0,0.0,0.2,8.5,28.0,516.0,0.20000000000000284,4.515209125475284,0.3907900295732996,0.1108998732572877,0.81326573722011,1.1354034643008029,Recovery,Denial of Service,GoldenEye (HTTP),Raspberry Pi 4B 4GB,nmon,1
14:43:21.000,0.0,0.2,0.0,1,0,83.8,2.0,0.0,0.0,0.0,0.0,-0.0,-0.0,-0.0,0.0,0.0,0.0,0.0,0.0,0.0,0.0,0.0,0.0,0.0,0.0,0.0,0.0,0.0,0.0,0.0,0.0,0.0,0.0,0.0,0.0,0.0,0.2,8.5,28.0,517.0,0.20000000000000284,4.515209125475284,0.3907900295732996,0.1108998732572877,0.81326573722011,1.1354034643008029,Recovery,Denial of Service,GoldenEye (HTTP),Raspberry Pi 4B 4GB,nmon,1
14:43:22.000,0.0,0.2,0.0,1,0,89.8,2.0,0.0,0.0,0.0,0.0,-0.0,-0.0,-0.0,0.0,0.0,0.0,0.0,0.0,0.0,1.0,0.0,0.0,0.0,0.0,0.0,0.0,0.0,0.0,0.0,0.0,0.0,0.0,0.0,0.0,0.0,0.2,8.5,28.0,518.0,0.20000000000000284,4.523130544993659,0.3907900295732996,0.1108998732572877,0.81326573722011,1.1301225179552175,Recovery,Denial of Service,GoldenEye (HTTP),Raspberry Pi 4B 4GB,nmon,1
14:43:23.000,0.0,0.2,0.0,1,0,113.6,2.0,0.0,0.0,0.0,0.0,-0.0,-0.0,-0.0,0.0,0.0,0.0,0.0,0.0,0.0,0.0,0.0,0.0,0.0,0.0,0.0,15.9,0.0,15.9,8.0,0.0,8.0,2.0,0.0,2.0,0.0,0.2,8.5,28.0,519.0,0.20000000000000284,4.515209125475284,0.3907900295732996,0.1108998732572877,0.81326573722011,1.1354034643008029,Recovery,Denial of Service,GoldenEye (HTTP),Raspberry Pi 4B 4GB,nmon,1
14:43:24.000,0.0,0.2,0.0,1,0,83.8,2.0,0.0,0.0,0.0,0.0,-0.0,-0.0,-0.0,0.0,0.0,0.0,0.0,0.0,0.0,0.0,0.0,0.0,0.0,0.0,0.0,0.0,0.0,0.0,0.0,0.0,0.0,0.0,0.0,0.0,0.0,0.2,8.5,28.0,520.0,0.20000000000000284,4.523130544993659,0.3907900295732996,0.1108998732572877,0.81326573722011,1.1354034643008029,Recovery,Denial of Service,GoldenEye (HTTP),Raspberry Pi 4B 4GB,nmon,1
14:43:25.000,0.2,0.0,0.0,1,0,94.8,2.0,0.0,0.0,0.0,0.0,-0.0,-0.0,-0.0,0.0,0.0,0.0,0.0,0.0,0.0,0.0,0.0,0.0,0.0,0.0,0.0,0.0,0.0,0.0,0.0,0.0,0.0,0.0,0.0,0.0,0.0,0.2,8.5,28.0,521.0,0.20000000000000284,4.515209125475284,0.3907900295732996,0.1108998732572877,0.81326573722011,1.1354034643008029,Recovery,Denial of Service,GoldenEye (HTTP),Raspberry Pi 4B 4GB,nmon,1
14:43:26.000,0.0,0.0,0.0,1,0,108.7,2.0,0.0,0.0,0.0,0.0,-0.0,-0.0,-0.0,0.0,0.0,0.0,0.0,0.0,0.0,0.0,0.0,0.0,0.0,0.0,0.0,0.0,0.0,0.0,0.0,0.0,0.0,0.0,0.0,0.0,0.0,0.2,8.5,28.0,522.0,0.0,4.523130544993659,0.3907900295732996,0.1108998732572877,0.8159062103929023,1.1354034643008029,Recovery,Denial of Service,GoldenEye (HTTP),Raspberry Pi 4B 4GB,nmon,1
14:43:27.000,0.2,0.5,0.0,1,0,96.8,2.0,0.0,0.0,0.0,0.0,-0.0,-0.0,-0.0,0.0,0.0,0.0,0.0,0.0,0.0,0.0,0.0,0.0,0.0,0.0,0.0,0.0,0.0,0.0,0.0,0.0,0.0,0.0,0.0,0.0,0.0,0.2,8.5,28.0,523.0,0.7000000000000028,4.515209125475284,0.3907900295732996,0.1108998732572877,0.81326573722011,1.1354034643008029,Recovery,Denial of Service,GoldenEye (HTTP),Raspberry Pi 4B 4GB,nmon,1
14:43:28.000,0.0,0.0,0.2,1,0,129.5,2.0,0.0,0.0,0.0,0.0,-0.0,-0.0,-0.0,0.0,0.0,0.0,0.0,0.0,0.0,0.0,0.0,0.0,0.0,0.0,0.0,19.9,0.0,19.9,6.7,0.0,6.7,3.0,0.0,3.0,0.0,0.2,8.5,28.0,524.0,0.20000000000000284,4.515209125475284,0.3907900295732996,0.1108998732572877,0.8159062103929023,1.1354034643008029,Recovery,Denial of Service,GoldenEye (HTTP),Raspberry Pi 4B 4GB,nmon,1
14:43:29.000,0.0,0.0,0.0,1,0,92.8,2.0,0.0,0.0,0.0,0.0,-0.0,-0.0,-0.0,0.0,0.0,0.0,0.0,0.0,0.0,0.0,0.0,0.0,0.0,0.0,0.0,0.0,0.0,0.0,0.0,0.0,0.0,0.0,0.0,0.0,0.0,0.2,8.5,28.0,525.0,0.0,4.523130544993659,0.3907900295732996,0.1108998732572877,0.8159062103929023,1.1354034643008029,Recovery,Denial of Service,GoldenEye (HTTP),Raspberry Pi 4B 4GB,nmon,1
14:43:30.000,0.0,0.2,0.0,1,0,96.8,2.0,0.0,0.0,0.0,0.0,-0.0,-0.0,-0.0,0.0,0.0,0.0,0.0,0.0,0.0,0.0,0.0,0.0,0.0,0.0,0.0,0.0,0.0,0.0,0.0,0.0,0.0,0.0,0.0,0.0,0.0,0.2,8.5,28.0,526.0,0.20000000000000284,4.515209125475284,0.3907900295732996,0.1108998732572877,0.8159062103929023,1.1354034643008029,Recovery,Denial of Service,GoldenEye (HTTP),Raspberry Pi 4B 4GB,nmon,1
14:43:31.000,0.0,0.2,0.0,1,0,147.6,2.0,0.0,0.0,0.0,0.1,-0.0,-0.0,-0.0,0.0,0.0,2.0,0.0,0.0,0.0,0.0,0.0,0.0,0.0,0.0,0.0,0.0,0.0,0.0,0.0,0.0,0.0,0.0,0.0,0.0,0.0,0.2,8.5,28.0,527.0,0.20000000000000284,4.523130544993659,0.3907900295732996,0.1108998732572877,0.8159062103929023,1.1354034643008029,Recovery,Denial of Service,GoldenEye (HTTP),Raspberry Pi 4B 4GB,nmon,1
14:43:32.000,0.2,0.2,0.2,1,0,201.5,2.0,0.0,0.0,0.0,0.0,-0.0,-0.0,-0.1,0.0,0.0,0.0,0.0,0.0,1.0,2.0,0.0,2.0,530.7,0.0,530.7,0.0,0.0,0.0,106.4,0.0,106.4,5.0,0.0,5.0,0.0,0.2,8.5,28.0,528.0,0.7999999999999972,4.515209125475284,0.3907900295732996,0.1108998732572877,0.8291085762568653,1.145965356991973,Recovery,Denial of Service,GoldenEye (HTTP),Raspberry Pi 4B 4GB,nmon,1
14:43:33.000,0.0,0.5,1.0,1,0,213.0,2.0,0.0,0.0,0.0,0.0,-0.0,-0.0,-0.0,0.0,0.0,0.0,0.0,0.0,0.0,5.0,0.0,5.0,1182.6,0.0,1182.6,47.8,0.0,47.8,65.1,0.0,65.1,18.9,0.0,18.9,0.0,0.2,8.5,28.0,529.0,1.5,4.528411491339246,0.3907900295732996,0.1108998732572877,0.8581537811575835,1.1802915082382763,Recovery,Denial of Service,GoldenEye (HTTP),Raspberry Pi 4B 4GB,nmon,1
14:43:34.000,0.0,0.2,0.0,1,0,90.8,2.0,0.0,0.0,0.0,0.0,-0.0,-0.0,-0.0,0.0,0.0,0.0,0.0,0.0,0.0,0.0,0.0,0.0,0.0,0.0,0.0,0.0,0.0,0.0,0.0,0.0,0.0,0.0,0.0,0.0,0.0,0.2,8.5,28.0,530.0,0.20000000000000284,4.525771018166447,0.3907900295732996,0.1108998732572877,0.8581537811575835,1.1776510350654839,Recovery,Denial of Service,GoldenEye (HTTP),Raspberry Pi 4B 4GB,nmon,1
14:43:35.000,0.0,0.2,0.0,1,0,119.7,3.0,0.0,0.0,0.0,0.0,-0.0,-0.0,-0.0,0.0,0.0,0.0,0.0,0.0,0.0,0.0,0.0,0.0,0.0,0.0,0.0,0.0,0.0,0.0,0.0,0.0,0.0,0.0,0.0,0.0,0.0,0.2,8.5,28.0,531.0,0.20000000000000284,4.536332910857621,0.3907900295732996,0.1108998732572877,0.8581537811575835,1.1802915082382763,Recovery,Denial of Service,GoldenEye (HTTP),Raspberry Pi 4B 4GB,nmon,1
14:43:36.000,0.0,0.2,0.0,1,0,115.7,2.0,0.0,0.0,0.0,0.0,-0.0,-0.0,-0.0,0.0,0.0,0.0,0.0,0.0,0.0,0.0,0.0,0.0,0.0,0.0,0.0,0.0,0.0,0.0,0.0,0.0,0.0,0.0,0.0,0.0,0.0,0.2,8.5,28.0,532.0,0.20000000000000284,4.536332910857621,0.3907900295732996,0.1108998732572877,0.8581537811575835,1.1802915082382763,Recovery,Denial of Service,GoldenEye (HTTP),Raspberry Pi 4B 4GB,nmon,1
14:43:37.000,0.0,0.5,0.0,1,0,96.8,2.0,0.0,0.0,0.0,0.0,-0.0,-0.0,-0.0,0.0,0.0,0.0,0.0,0.0,0.0,0.0,0.0,0.0,0.0,0.0,0.0,0.0,0.0,0.0,0.0,0.0,0.0,0.0,0.0,0.0,0.0,0.2,8.5,28.0,533.0,0.5,4.528411491339246,0.3907900295732996,0.1108998732572877,0.8581537811575835,1.1802915082382763,Recovery,Denial of Service,GoldenEye (HTTP),Raspberry Pi 4B 4GB,nmon,1
14:43:38.000,0.0,0.0,0.2,1,0,188.3,2.0,0.0,0.0,0.0,0.0,-0.0,-0.0,-0.0,0.0,0.0,0.0,0.0,0.0,0.0,2.0,0.0,2.0,0.0,0.0,0.0,127.5,0.0,127.5,7.1,0.0,7.1,17.9,0.0,17.9,0.0,0.2,8.5,28.0,534.0,0.20000000000000284,4.528411491339246,0.3907900295732996,0.1108998732572877,0.8581537811575835,1.1802915082382763,Recovery,Denial of Service,GoldenEye (HTTP),Raspberry Pi 4B 4GB,nmon,1
14:43:39.000,0.2,0.0,0.0,1,0,105.7,2.0,0.0,0.0,0.0,0.0,-0.0,-0.0,-0.0,0.0,0.0,0.0,0.0,0.0,0.0,0.0,0.0,0.0,0.0,0.0,0.0,0.0,0.0,0.0,0.0,0.0,0.0,0.0,0.0,0.0,0.0,0.2,8.5,28.0,535.0,0.20000000000000284,4.528411491339246,0.3907900295732996,0.1108998732572877,0.8581537811575835,1.1802915082382763,Recovery,Denial of Service,GoldenEye (HTTP),Raspberry Pi 4B 4GB,nmon,1
14:43:40.000,0.0,0.5,0.0,1,0,85.8,2.0,0.0,0.0,0.0,0.0,-0.0,-0.0,-0.0,0.0,0.0,0.0,0.0,0.0,0.0,0.0,0.0,0.0,0.0,0.0,0.0,0.0,0.0,0.0,0.0,0.0,0.0,0.0,0.0,0.0,0.0,0.2,8.5,28.0,536.0,0.5,4.525771018166447,0.3907900295732996,0.1108998732572877,0.8581537811575835,1.1776510350654839,Recovery,Denial of Service,GoldenEye (HTTP),Raspberry Pi 4B 4GB,nmon,1
14:43:41.000,0.0,0.2,0.0,1,0,88.8,2.0,0.0,0.0,0.0,0.0,-0.0,-0.0,-0.0,0.0,0.0,0.0,0.0,0.0,0.0,0.0,0.0,0.0,0.0,0.0,0.0,0.0,0.0,0.0,0.0,0.0,0.0,0.0,0.0,0.0,0.0,0.2,8.5,28.0,537.0,0.20000000000000284,4.523130544993659,0.3907900295732996,0.1108998732572877,0.8581537811575835,1.1802915082382763,Recovery,Denial of Service,GoldenEye (HTTP),Raspberry Pi 4B 4GB,nmon,1
14:43:42.000,0.0,0.0,0.0,1,0,83.8,2.0,0.0,0.0,0.0,0.0,-0.0,-0.0,-0.0,0.0,0.0,0.0,0.0,0.0,0.0,0.0,0.0,0.0,0.0,0.0,0.0,0.0,0.0,0.0,0.0,0.0,0.0,0.0,0.0,0.0,0.0,0.2,8.5,28.0,538.0,0.0,4.515209125475284,0.3907900295732996,0.11354034643008028,0.8581537811575835,1.1802915082382763,Recovery,Denial of Service,GoldenEye (HTTP),Raspberry Pi 4B 4GB,nmon,1
14:43:43.000,0.2,0.2,0.2,1,0,201.2,2.0,0.0,0.0,0.0,0.1,-0.0,-0.0,-0.1,0.0,0.0,2.0,0.0,0.0,1.0,0.0,0.0,1.0,75.7,0.0,75.7,15.9,0.0,15.9,30.7,0.0,30.7,3.0,0.0,3.0,0.0,0.2,8.5,28.0,539.0,0.7000000000000028,4.515209125475284,0.3907900295732996,0.11354034643008028,0.860794254330376,1.1829319814110688,Recovery,Denial of Service,GoldenEye (HTTP),Raspberry Pi 4B 4GB,nmon,1
14:43:44.000,0.2,0.5,0.0,1,0,233.4,3.0,0.0,0.0,0.0,0.2,-0.0,-0.0,-0.3,0.0,0.0,4.0,0.0,0.0,3.0,0.0,0.0,0.0,0.0,0.0,0.0,0.0,0.0,0.0,0.0,0.0,0.0,0.0,0.0,0.0,0.0,0.2,8.5,28.0,540.0,0.7000000000000028,4.515209125475284,0.3907900295732996,0.11354034643008028,0.860794254330376,1.1829319814110688,Recovery,Denial of Service,GoldenEye (HTTP),Raspberry Pi 4B 4GB,nmon,1
14:43:45.000,0.0,0.2,0.0,1,0,83.8,2.0,0.0,0.0,0.0,0.0,-0.0,-0.0,-0.0,0.0,0.0,0.0,0.0,0.0,0.0,0.0,0.0,0.0,0.0,0.0,0.0,0.0,0.0,0.0,0.0,0.0,0.0,0.0,0.0,0.0,0.0,0.2,8.5,28.0,541.0,0.20000000000000284,4.509928179129696,0.3907900295732996,0.11354034643008028,0.860794254330376,1.1829319814110688,Recovery,Denial of Service,GoldenEye (HTTP),Raspberry Pi 4B 4GB,nmon,1
14:43:46.000,0.0,0.2,0.0,1,0,101.7,2.0,0.0,0.0,0.0,0.0,-0.0,-0.0,-0.0,0.0,0.0,0.0,0.0,0.0,0.0,0.0,0.0,0.0,0.0,0.0,0.0,0.0,0.0,0.0,0.0,0.0,0.0,0.0,0.0,0.0,0.0,0.2,8.5,28.0,542.0,0.20000000000000284,4.509928179129696,0.3907900295732996,0.11354034643008028,0.860794254330376,1.1829319814110688,Recovery,Denial of Service,GoldenEye (HTTP),Raspberry Pi 4B 4GB,nmon,1
14:43:47.000,0.0,0.2,0.0,1,0,90.8,2.0,0.0,0.0,0.0,0.0,-0.0,-0.0,-0.0,0.0,0.0,0.0,0.0,0.0,0.0,0.0,0.0,0.0,0.0,0.0,0.0,0.0,0.0,0.0,0.0,0.0,0.0,0.0,0.0,0.0,0.0,0.2,8.5,28.0,543.0,0.20000000000000284,4.502006759611321,0.3907900295732996,0.11354034643008028,0.860794254330376,1.1829319814110688,Recovery,Denial of Service,GoldenEye (HTTP),Raspberry Pi 4B 4GB,nmon,1
14:43:48.000,0.0,0.2,0.0,1,0,241.8,2.0,0.0,0.0,0.0,0.1,-0.0,-0.0,-0.1,0.0,0.0,2.0,0.0,0.0,1.0,2.0,0.0,1.0,0.0,0.0,0.0,99.5,0.0,99.5,7.7,0.0,7.7,12.9,0.0,12.9,0.0,0.2,8.5,28.0,544.0,0.20000000000000284,4.502006759611321,0.3907900295732996,0.11354034643008028,0.860794254330376,1.1829319814110688,Recovery,Denial of Service,GoldenEye (HTTP),Raspberry Pi 4B 4GB,nmon,1
14:43:49.000,0.0,0.5,0.0,1,0,212.5,3.0,0.0,0.0,0.0,0.2,-0.0,-0.0,-0.3,0.0,0.0,4.0,0.0,0.0,3.0,0.0,0.0,0.0,0.0,0.0,0.0,0.0,0.0,0.0,0.0,0.0,0.0,0.0,0.0,0.0,0.0,0.2,8.5,28.0,545.0,0.5,4.502006759611321,0.3907900295732996,0.11354034643008028,0.860794254330376,1.1776510350654839,Recovery,Denial of Service,GoldenEye (HTTP),Raspberry Pi 4B 4GB,nmon,1
14:43:50.000,0.0,0.0,0.0,1,0,126.7,2.0,0.0,0.0,0.0,0.1,-0.0,-0.0,-0.0,0.0,0.0,1.0,0.0,0.0,0.0,0.0,0.0,0.0,0.0,0.0,0.0,0.0,0.0,0.0,0.0,0.0,0.0,0.0,0.0,0.0,0.0,0.2,8.5,28.0,546.0,0.0,4.499366286438522,0.3907900295732996,0.11354034643008028,0.860794254330376,1.1855724545838613,Recovery,Denial of Service,GoldenEye (HTTP),Raspberry Pi 4B 4GB,nmon,1
14:43:51.000,0.0,0.5,0.0,1,0,96.8,2.0,0.0,0.0,0.0,0.0,-0.0,-0.0,-0.0,0.0,0.0,0.0,0.0,0.0,0.0,0.0,0.0,0.0,0.0,0.0,0.0,0.0,0.0,0.0,0.0,0.0,0.0,0.0,0.0,0.0,0.0,0.2,8.5,28.0,547.0,0.5,4.4967258132657335,0.3907900295732996,0.11354034643008028,0.860794254330376,1.1829319814110688,Recovery,Denial of Service,GoldenEye (HTTP),Raspberry Pi 4B 4GB,nmon,1
14:43:52.000,0.0,0.0,0.0,1,0,88.8,2.0,0.0,0.0,0.0,0.0,-0.0,-0.0,-0.0,0.0,0.0,0.0,0.0,0.0,0.0,0.0,0.0,1.0,0.0,0.0,0.0,0.0,0.0,0.0,0.0,0.0,0.0,0.0,0.0,0.0,0.0,0.2,8.5,28.0,548.0,0.0,4.499366286438522,0.3907900295732996,0.11354034643008028,0.860794254330376,1.1802915082382763,Recovery,Denial of Service,GoldenEye (HTTP),Raspberry Pi 4B 4GB,nmon,1
14:43:53.000,0.0,0.2,0.2,1,0,103.6,2.0,0.0,0.0,0.0,0.0,-0.0,-0.0,-0.0,0.0,0.0,0.0,0.0,0.0,0.0,1.0,0.0,0.0,0.0,0.0,0.0,15.9,0.0,15.9,8.0,0.0,8.0,2.0,0.0,2.0,0.0,0.2,8.5,28.0,549.0,0.5,4.502006759611321,0.3907900295732996,0.11354034643008028,0.860794254330376,1.1829319814110688,Recovery,Denial of Service,GoldenEye (HTTP),Raspberry Pi 4B 4GB,nmon,1
14:43:54.000,0.2,0.2,0.0,1,0,89.8,2.0,0.0,0.0,0.0,0.0,-0.0,-0.0,-0.0,0.0,0.0,0.0,0.0,0.0,0.0,0.0,0.0,0.0,0.0,0.0,0.0,0.0,0.0,0.0,0.0,0.0,0.0,0.0,0.0,0.0,0.0,0.2,8.5,28.0,550.0,0.5,4.4967258132657335,0.3907900295732996,0.11354034643008028,0.860794254330376,1.1829319814110688,Recovery,Denial of Service,GoldenEye (HTTP),Raspberry Pi 4B 4GB,nmon,1
14:43:55.000,0.0,0.2,0.0,1,0,92.8,2.0,0.0,0.0,0.0,0.0,-0.0,-0.0,-0.0,0.0,0.0,0.0,0.0,0.0,0.0,0.0,0.0,0.0,0.0,0.0,0.0,0.0,0.0,0.0,0.0,0.0,0.0,0.0,0.0,0.0,0.0,0.2,8.5,28.0,551.0,0.20000000000000284,4.502006759611321,0.3907900295732996,0.11354034643008028,0.860794254330376,1.1829319814110688,Recovery,Denial of Service,GoldenEye (HTTP),Raspberry Pi 4B 4GB,nmon,1
14:43:56.000,0.0,0.0,0.0,1,0,111.7,2.0,0.0,0.0,0.0,0.0,-0.0,-0.0,-0.0,0.0,0.0,0.0,0.0,0.0,0.0,0.0,0.0,0.0,0.0,0.0,0.0,0.0,0.0,0.0,0.0,0.0,0.0,0.0,0.0,0.0,0.0,0.2,8.5,28.0,552.0,0.0,4.4967258132657335,0.3907900295732996,0.11354034643008028,0.860794254330376,1.1829319814110688,Recovery,Denial of Service,GoldenEye (HTTP),Raspberry Pi 4B 4GB,nmon,1
14:43:57.000,0.0,0.2,0.0,1,0,87.8,2.0,0.0,0.0,0.0,0.0,-0.0,-0.0,-0.0,0.0,0.0,0.0,0.0,0.0,0.0,0.0,0.0,0.0,0.0,0.0,0.0,0.0,0.0,0.0,0.0,0.0,0.0,0.0,0.0,0.0,0.0,0.2,8.5,28.0,553.0,0.20000000000000284,4.502006759611321,0.3907900295732996,0.11354034643008028,0.860794254330376,1.1829319814110688,Recovery,Denial of Service,GoldenEye (HTTP),Raspberry Pi 4B 4GB,nmon,1
14:43:58.000,0.0,0.5,0.2,1,0,125.6,2.0,0.0,0.0,0.0,0.0,-0.0,-0.0,-0.0,0.0,0.0,0.0,0.0,0.0,0.0,1.0,0.0,1.0,0.0,0.0,0.0,27.9,0.0,27.9,7.0,0.0,7.0,4.0,0.0,4.0,0.0,0.2,8.5,28.0,554.0,0.7000000000000028,4.4967258132657335,0.3907900295732996,0.11354034643008028,0.860794254330376,1.1829319814110688,Recovery,Denial of Service,GoldenEye (HTTP),Raspberry Pi 4B 4GB,nmon,1
14:43:59.000,0.0,0.0,0.0,1,0,101.8,2.0,0.0,0.0,0.0,0.0,-0.0,-0.0,-0.0,0.0,0.0,0.0,0.0,0.0,0.0,0.0,0.0,0.0,0.0,0.0,0.0,0.0,0.0,0.0,0.0,0.0,0.0,0.0,0.0,0.0,0.0,0.2,8.5,28.0,555.0,0.0,4.4967258132657335,0.3907900295732996,0.11354034643008028,0.860794254330376,1.1829319814110688,Recovery,Denial of Service,GoldenEye (HTTP),Raspberry Pi 4B 4GB,nmon,1
14:44:00.000,0.0,0.2,0.0,1,0,69.8,2.0,0.0,0.0,0.0,0.0,-0.0,-0.0,-0.0,0.0,0.0,0.0,0.0,0.0,0.0,0.0,0.0,0.0,0.0,0.0,0.0,0.0,0.0,0.0,0.0,0.0,0.0,0.0,0.0,0.0,0.0,0.2,8.5,28.0,556.0,0.20000000000000284,4.502006759611321,0.3907900295732996,0.11354034643008028,0.860794254330376,1.1829319814110688,Recovery,Denial of Service,GoldenEye (HTTP),Raspberry Pi 4B 4GB,nmon,1
14:44:01.000,0.0,0.2,0.0,1,0,116.7,2.0,0.0,0.0,0.0,0.0,-0.0,-0.0,-0.0,0.0,0.0,0.0,0.0,0.0,0.0,1.0,0.0,1.0,0.0,0.0,0.0,71.8,0.0,71.8,9.0,0.0,9.0,8.0,0.0,8.0,0.0,0.2,8.5,28.0,557.0,0.20000000000000284,4.499366286438522,0.3907900295732996,0.11354034643008028,0.860794254330376,1.1855724545838613,Recovery,Denial of Service,GoldenEye (HTTP),Raspberry Pi 4B 4GB,nmon,1
14:44:02.000,0.0,0.2,0.0,1,0,101.8,2.0,0.0,0.0,0.0,0.0,-0.0,-0.0,-0.0,0.0,0.0,0.0,0.0,0.0,0.0,1.0,0.0,1.0,0.0,0.0,0.0,0.0,0.0,0.0,0.0,0.0,0.0,0.0,0.0,0.0,0.0,0.2,8.5,28.0,558.0,0.20000000000000284,4.502006759611321,0.3907900295732996,0.11354034643008028,0.860794254330376,1.1829319814110688,Recovery,Denial of Service,GoldenEye (HTTP),Raspberry Pi 4B 4GB,nmon,1
14:44:03.000,0.0,0.2,0.2,1,0,114.1,2.0,0.0,0.0,0.0,0.0,-0.0,-0.0,-0.0,0.0,0.0,0.0,0.0,0.0,0.0,0.0,0.0,0.0,0.0,0.0,0.0,15.9,0.0,15.9,8.0,0.0,8.0,2.0,0.0,2.0,0.0,0.2,8.5,28.0,559.0,0.5,4.4967258132657335,0.3907900295732996,0.11354034643008028,0.860794254330376,1.1829319814110688,Recovery,Denial of Service,GoldenEye (HTTP),Raspberry Pi 4B 4GB,nmon,1
14:44:04.000,0.0,0.2,0.0,1,0,105.7,2.0,0.0,0.0,0.0,0.0,-0.0,-0.0,-0.0,0.0,0.0,0.0,0.0,0.0,0.0,0.0,0.0,1.0,0.0,0.0,0.0,27.9,0.0,27.9,14.0,0.0,14.0,2.0,0.0,2.0,0.0,0.2,8.5,28.0,560.0,0.20000000000000284,4.502006759611321,0.3907900295732996,0.11354034643008028,0.860794254330376,1.1829319814110688,Recovery,Denial of Service,GoldenEye (HTTP),Raspberry Pi 4B 4GB,nmon,1
14:44:05.000,0.0,0.2,0.0,1,0,91.8,2.0,0.0,0.0,0.0,0.0,-0.0,-0.0,-0.0,0.0,0.0,0.0,0.0,0.0,0.0,0.0,0.0,0.0,0.0,0.0,0.0,0.0,0.0,0.0,0.0,0.0,0.0,0.0,0.0,0.0,0.0,0.2,8.5,28.0,561.0,0.20000000000000284,4.502006759611321,0.3907900295732996,0.11354034643008028,0.860794254330376,1.1829319814110688,Recovery,Denial of Service,GoldenEye (HTTP),Raspberry Pi 4B 4GB,nmon,1
14:44:06.000,0.0,0.2,0.0,1,0,98.8,2.0,0.0,0.0,0.0,0.0,-0.0,-0.0,-0.0,0.0,0.0,0.0,0.0,0.0,0.0,0.0,0.0,0.0,0.0,0.0,0.0,0.0,0.0,0.0,0.0,0.0,0.0,0.0,0.0,0.0,0.0,0.2,8.5,28.0,562.0,0.20000000000000284,4.502006759611321,0.3907900295732996,0.11354034643008028,0.860794254330376,1.1829319814110688,Recovery,Denial of Service,GoldenEye (HTTP),Raspberry Pi 4B 4GB,nmon,1
14:44:07.000,0.2,0.2,0.0,1,0,81.8,2.0,0.0,0.0,0.0,0.0,-0.0,-0.0,-0.0,0.0,0.0,0.0,0.0,0.0,0.0,0.0,0.0,0.0,0.0,0.0,0.0,0.0,0.0,0.0,0.0,0.0,0.0,0.0,0.0,0.0,0.0,0.2,8.5,28.0,563.0,0.5,4.509928179129696,0.3907900295732996,0.11354034643008028,0.860794254330376,1.1855724545838613,Recovery,Denial of Service,GoldenEye (HTTP),Raspberry Pi 4B 4GB,nmon,1
14:44:08.000,0.0,0.2,0.2,1,0,130.5,2.0,0.0,0.0,0.0,0.0,-0.0,-0.0,-0.0,0.0,0.0,0.0,0.0,0.0,0.0,1.0,0.0,0.0,0.0,0.0,0.0,43.8,0.0,43.8,7.3,0.0,7.3,6.0,0.0,6.0,0.0,0.2,8.5,28.0,564.0,0.5,4.509928179129696,0.3907900295732996,0.11354034643008028,0.860794254330376,1.1802915082382763,Recovery,Denial of Service,GoldenEye (HTTP),Raspberry Pi 4B 4GB,nmon,1
14:44:09.000,0.0,0.0,0.0,1,0,81.8,2.0,0.0,0.0,0.0,0.0,-0.0,-0.0,-0.0,0.0,0.0,0.0,0.0,0.0,0.0,0.0,0.0,0.0,0.0,0.0,0.0,0.0,0.0,0.0,0.0,0.0,0.0,0.0,0.0,0.0,0.0,0.2,8.5,28.0,565.0,0.0,4.512568652302484,0.3907900295732996,0.11354034643008028,0.860794254330376,1.1802915082382763,Recovery,Denial of Service,GoldenEye (HTTP),Raspberry Pi 4B 4GB,nmon,1
14:44:10.000,0.0,0.2,0.0,1,0,137.7,2.0,0.0,0.0,0.0,0.0,-0.0,-0.0,-0.0,0.0,0.0,0.0,0.0,0.0,0.0,1.0,0.0,1.0,0.0,0.0,0.0,75.8,0.0,75.8,8.4,0.0,8.4,9.0,0.0,9.0,0.0,0.2,8.5,28.0,566.0,0.20000000000000284,4.509928179129696,0.3907900295732996,0.11354034643008028,0.860794254330376,1.1829319814110688,Recovery,Denial of Service,GoldenEye (HTTP),Raspberry Pi 4B 4GB,nmon,1
14:44:11.000,0.5,0.0,0.0,1,0,80.8,2.0,0.0,0.0,0.0,0.0,-0.0,-0.0,-0.0,0.0,0.0,0.0,0.0,0.0,0.0,0.0,0.0,0.0,0.0,0.0,0.0,0.0,0.0,0.0,0.0,0.0,0.0,0.0,0.0,0.0,0.0,0.2,8.5,28.0,567.0,0.5,4.512568652302484,0.3907900295732996,0.11354034643008028,0.860794254330376,1.1829319814110688,Recovery,Denial of Service,GoldenEye (HTTP),Raspberry Pi 4B 4GB,nmon,1
14:44:12.000,0.0,0.2,0.2,1,0,111.7,2.0,0.0,0.0,0.0,0.0,-0.0,-0.0,-0.0,0.0,0.0,0.0,0.0,0.0,0.0,1.0,0.0,1.0,83.8,0.0,83.8,0.0,0.0,0.0,84.0,0.0,84.0,1.0,0.0,1.0,0.0,0.2,8.5,28.0,568.0,0.5,4.515209125475284,0.3907900295732996,0.11354034643008028,0.860794254330376,1.1829319814110688,Recovery,Denial of Service,GoldenEye (HTTP),Raspberry Pi 4B 4GB,nmon,1
14:44:13.000,0.0,0.2,0.0,1,0,114.5,2.0,0.0,0.0,0.0,0.0,-0.0,-0.0,-0.0,0.0,0.0,0.0,0.0,0.0,0.0,0.0,0.0,0.0,0.0,0.0,0.0,15.9,0.0,15.9,8.0,0.0,8.0,2.0,0.0,2.0,0.0,0.2,8.5,28.0,569.0,0.20000000000000284,4.512568652302484,0.3907900295732996,0.11354034643008028,0.8634347275031687,1.1855724545838613,Recovery,Denial of Service,GoldenEye (HTTP),Raspberry Pi 4B 4GB,nmon,1
14:44:14.000,0.0,0.2,0.0,1,0,95.8,2.0,0.0,0.0,0.0,0.0,-0.0,-0.0,-0.0,0.0,0.0,0.0,0.0,0.0,0.0,0.0,0.0,0.0,0.0,0.0,0.0,0.0,0.0,0.0,0.0,0.0,0.0,0.0,0.0,0.0,0.0,0.2,8.5,28.0,570.0,0.20000000000000284,4.517849598648072,0.3907900295732996,0.11354034643008028,0.8634347275031687,1.1829319814110688,Recovery,Denial of Service,GoldenEye (HTTP),Raspberry Pi 4B 4GB,nmon,1
14:44:15.000,0.2,0.2,0.0,1,0,93.8,2.0,0.0,0.0,0.0,0.0,-0.0,-0.0,-0.0,0.0,0.0,0.0,0.0,0.0,0.0,0.0,0.0,0.0,0.0,0.0,0.0,0.0,0.0,0.0,0.0,0.0,0.0,0.0,0.0,0.0,0.0,0.2,8.5,28.0,571.0,0.5,4.504647232784109,0.3907900295732996,0.11354034643008028,0.8634347275031687,1.1855724545838613,Recovery,Denial of Service,GoldenEye (HTTP),Raspberry Pi 4B 4GB,nmon,1
14:44:16.000,0.0,0.0,0.0,1,0,88.8,2.0,0.0,0.0,0.0,0.0,-0.0,-0.0,-0.0,0.0,0.0,0.0,0.0,0.0,0.0,0.0,0.0,0.0,0.0,0.0,0.0,0.0,0.0,0.0,0.0,0.0,0.0,0.0,0.0,0.0,0.0,0.2,8.5,28.0,572.0,0.0,4.515209125475284,0.3907900295732996,0.11354034643008028,0.8634347275031687,1.188212927756654,Recovery,Denial of Service,GoldenEye (HTTP),Raspberry Pi 4B 4GB,nmon,1
14:44:17.000,0.0,0.2,0.0,1,0,86.8,2.0,0.0,0.0,0.0,0.0,-0.0,-0.0,-0.0,0.0,0.0,0.0,0.0,0.0,0.0,0.0,0.0,0.0,0.0,0.0,0.0,0.0,0.0,0.0,0.0,0.0,0.0,0.0,0.0,0.0,0.0,0.2,8.5,28.0,573.0,0.20000000000000284,4.509928179129696,0.3907900295732996,0.11354034643008028,0.8634347275031687,1.1829319814110688,Recovery,Denial of Service,GoldenEye (HTTP),Raspberry Pi 4B 4GB,nmon,1
14:44:18.000,0.0,0.2,0.5,1,0,166.0,2.0,0.0,0.0,0.0,0.0,-0.0,-0.0,-0.0,0.0,0.0,0.0,0.0,0.0,0.0,2.0,0.0,2.0,0.0,0.0,0.0,99.4,0.0,99.4,7.7,0.0,7.7,12.9,0.0,12.9,0.0,0.2,8.5,28.0,574.0,0.7000000000000028,4.517849598648072,0.39343050274609215,0.11354034643008028,0.8634347275031687,1.1829319814110688,Recovery,Denial of Service,GoldenEye (HTTP),Raspberry Pi 4B 4GB,nmon,1
14:44:19.000,0.0,0.5,0.0,1,0,102.7,2.0,0.0,0.0,0.0,0.0,-0.0,-0.0,-0.0,0.0,0.0,0.0,0.0,0.0,0.0,0.0,0.0,0.0,0.0,0.0,0.0,0.0,0.0,0.0,0.0,0.0,0.0,0.0,0.0,0.0,0.0,0.2,8.5,28.0,575.0,0.5,4.517849598648072,0.39343050274609215,0.11354034643008028,0.8634347275031687,1.1855724545838613,Recovery,Denial of Service,GoldenEye (HTTP),Raspberry Pi 4B 4GB,nmon,1
14:44:20.000,0.0,0.0,0.0,1,0,120.7,2.0,0.0,0.0,0.0,0.1,-0.0,-0.0,-0.0,0.0,0.0,1.0,0.0,0.0,0.0,0.0,0.0,0.0,0.0,0.0,0.0,0.0,0.0,0.0,0.0,0.0,0.0,0.0,0.0,0.0,0.0,0.2,8.5,28.0,576.0,0.0,4.517849598648072,0.39343050274609215,0.11354034643008028,0.8634347275031687,1.188212927756654,Recovery,Denial of Service,GoldenEye (HTTP),Raspberry Pi 4B 4GB,nmon,1
14:44:21.000,0.0,0.5,0.0,1,0,70.8,2.0,0.0,0.0,0.0,0.0,-0.0,-0.0,-0.0,0.0,0.0,0.0,0.0,0.0,0.0,0.0,0.0,0.0,0.0,0.0,0.0,0.0,0.0,0.0,0.0,0.0,0.0,0.0,0.0,0.0,0.0,0.2,8.5,28.0,577.0,0.5,4.515209125475284,0.39343050274609215,0.11354034643008028,0.8634347275031687,1.1829319814110688,Recovery,Denial of Service,GoldenEye (HTTP),Raspberry Pi 4B 4GB,nmon,1
14:44:22.000,0.2,0.0,0.0,1,0,104.8,2.0,0.0,0.0,0.0,0.0,-0.0,-0.0,-0.0,0.0,0.0,0.0,0.0,0.0,0.0,0.0,0.0,0.0,0.0,0.0,0.0,0.0,0.0,0.0,0.0,0.0,0.0,0.0,0.0,0.0,0.0,0.2,8.5,28.0,578.0,0.20000000000000284,4.509928179129696,0.39343050274609215,0.11354034643008028,0.8634347275031687,1.188212927756654,Recovery,Denial of Service,GoldenEye (HTTP),Raspberry Pi 4B 4GB,nmon,1
14:44:23.000,0.0,0.2,0.0,1,0,109.6,2.0,0.0,0.0,0.0,0.0,-0.0,-0.0,-0.0,0.0,0.0,0.0,0.0,0.0,0.0,1.0,0.0,1.0,0.0,0.0,0.0,19.9,0.0,19.9,10.0,0.0,10.0,2.0,0.0,2.0,0.0,0.2,8.5,28.0,579.0,0.20000000000000284,4.515209125475284,0.39343050274609215,0.11354034643008028,0.8634347275031687,1.1802915082382763,Recovery,Denial of Service,GoldenEye (HTTP),Raspberry Pi 4B 4GB,nmon,1
14:44:24.000,0.0,0.2,0.0,1,0,97.8,2.0,0.0,0.0,0.0,0.0,-0.0,-0.0,-0.0,0.0,0.0,0.0,0.0,0.0,0.0,0.0,0.0,0.0,0.0,0.0,0.0,0.0,0.0,0.0,0.0,0.0,0.0,0.0,0.0,0.0,0.0,0.2,8.5,28.0,580.0,0.20000000000000284,4.509928179129696,0.39343050274609215,0.11354034643008028,0.8634347275031687,1.1855724545838613,Recovery,Denial of Service,GoldenEye (HTTP),Raspberry Pi 4B 4GB,nmon,1
14:44:25.000,0.2,0.2,0.0,1,0,91.8,2.0,0.0,0.0,0.0,0.0,-0.0,-0.0,-0.0,0.0,0.0,0.0,0.0,0.0,0.0,0.0,0.0,0.0,0.0,0.0,0.0,0.0,0.0,0.0,0.0,0.0,0.0,0.0,0.0,0.0,0.0,0.2,8.5,28.0,581.0,0.5,4.515209125475284,0.39343050274609215,0.11354034643008028,0.8634347275031687,1.1855724545838613,Recovery,Denial of Service,GoldenEye (HTTP),Raspberry Pi 4B 4GB,nmon,1
14:44:26.000,0.0,0.2,0.0,1,0,96.8,2.0,0.0,0.0,0.0,0.0,-0.0,-0.0,-0.0,0.0,0.0,0.0,0.0,0.0,0.0,0.0,0.0,0.0,0.0,0.0,0.0,0.0,0.0,0.0,0.0,0.0,0.0,0.0,0.0,0.0,0.0,0.2,8.5,28.0,582.0,0.20000000000000284,4.515209125475284,0.39343050274609215,0.11354034643008028,0.8634347275031687,1.1855724545838613,Recovery,Denial of Service,GoldenEye (HTTP),Raspberry Pi 4B 4GB,nmon,1
14:44:28.000,0.0,0.0,0.0,1,0,113.7,2.0,0.0,0.0,0.0,0.0,-0.0,-0.0,-0.0,0.0,0.0,0.0,0.0,0.0,0.0,0.0,0.0,0.0,0.0,0.0,0.0,0.0,0.0,0.0,0.0,0.0,0.0,0.0,0.0,0.0,0.0,0.2,8.5,28.0,584.0,0.0,4.515209125475284,0.39343050274609215,0.11354034643008028,0.8634347275031687,1.1829319814110688,Recovery,Denial of Service,GoldenEye (HTTP),Raspberry Pi 4B 4GB,nmon,1
14:44:29.000,0.0,0.2,0.2,1,0,129.5,2.0,0.0,0.0,0.0,0.0,-0.0,-0.0,-0.0,0.0,0.0,0.0,0.0,0.0,0.0,0.0,0.0,1.0,0.0,0.0,0.0,31.9,0.0,31.9,6.4,0.0,6.4,5.0,0.0,5.0,0.0,0.2,8.5,28.0,585.0,0.5,4.523130544993659,0.39343050274609215,0.11354034643008028,0.8634347275031687,1.188212927756654,Recovery,Denial of Service,GoldenEye (HTTP),Raspberry Pi 4B 4GB,nmon,1
14:44:30.000,0.0,0.2,0.0,1,0,95.8,2.0,0.0,0.0,0.0,0.0,-0.0,-0.0,-0.0,0.0,0.0,0.0,0.0,0.0,0.0,0.0,0.0,0.0,0.0,0.0,0.0,0.0,0.0,0.0,0.0,0.0,0.0,0.0,0.0,0.0,0.0,0.2,8.5,28.0,586.0,0.20000000000000284,4.515209125475284,0.39343050274609215,0.11354034643008028,0.8634347275031687,1.1802915082382763,Recovery,Denial of Service,GoldenEye (HTTP),Raspberry Pi 4B 4GB,nmon,1
14:44:31.000,0.2,0.0,0.0,1,0,88.8,2.0,0.0,0.0,0.0,0.0,-0.0,-0.0,-0.0,0.0,0.0,0.0,0.0,0.0,0.0,0.0,0.0,0.0,0.0,0.0,0.0,0.0,0.0,0.0,0.0,0.0,0.0,0.0,0.0,0.0,0.0,0.2,8.5,28.0,587.0,0.20000000000000284,4.523130544993659,0.39343050274609215,0.11354034643008028,0.8634347275031687,1.188212927756654,Recovery,Denial of Service,GoldenEye (HTTP),Raspberry Pi 4B 4GB,nmon,1
14:44:32.000,0.0,0.2,0.0,1,0,99.7,2.0,0.0,0.0,0.0,0.0,-0.0,-0.0,-0.0,0.0,0.0,0.0,0.0,0.0,0.0,0.0,0.0,0.0,0.0,0.0,0.0,0.0,0.0,0.0,0.0,0.0,0.0,0.0,0.0,0.0,0.0,0.2,8.5,28.0,588.0,0.20000000000000284,4.517849598648072,0.39343050274609215,0.11354034643008028,0.8634347275031687,1.1855724545838613,Recovery,Denial of Service,GoldenEye (HTTP),Raspberry Pi 4B 4GB,nmon,1
14:44:33.000,0.0,0.2,0.0,1,0,96.8,2.0,0.0,0.0,0.0,0.0,-0.0,-0.0,-0.0,0.0,0.0,0.0,0.0,0.0,0.0,1.0,0.0,0.0,0.0,0.0,0.0,0.0,0.0,0.0,0.0,0.0,0.0,0.0,0.0,0.0,0.0,0.2,8.5,28.0,589.0,0.20000000000000284,4.517849598648072,0.39343050274609215,0.11354034643008028,0.8634347275031687,1.188212927756654,Recovery,Denial of Service,GoldenEye (HTTP),Raspberry Pi 4B 4GB,nmon,1
14:44:34.000,0.0,0.2,0.0,1,0,106.6,2.0,0.0,0.0,0.0,0.0,-0.0,-0.0,-0.0,0.0,0.0,0.0,0.0,0.0,0.0,0.0,0.0,0.0,0.0,0.0,0.0,15.9,0.0,15.9,8.0,0.0,8.0,2.0,0.0,2.0,0.0,0.2,8.5,28.0,590.0,0.20000000000000284,4.523130544993659,0.39343050274609215,0.11354034643008028,0.8634347275031687,1.1829319814110688,Recovery,Denial of Service,GoldenEye (HTTP),Raspberry Pi 4B 4GB,nmon,1
14:44:35.000,0.0,1.0,0.5,1,0,294.3,10.0,0.0,0.0,0.0,0.0,-0.0,-0.0,-0.0,0.0,0.0,0.0,0.0,0.0,0.0,2.0,0.0,2.0,530.7,0.0,530.7,0.0,0.0,0.0,24.2,0.0,24.2,21.9,0.0,21.9,0.0,0.2,8.5,28.0,591.0,1.5,4.53897338403041,0.3960709759188847,0.1188212927756654,0.8687156738487536,1.1934938741022392,Recovery,Denial of Service,GoldenEye (HTTP),Raspberry Pi 4B 4GB,nmon,1
14:44:36.000,0.0,0.5,0.0,1,0,109.7,2.0,0.0,0.0,0.0,0.0,-0.0,-0.0,-0.0,0.0,0.0,0.0,0.0,0.0,0.0,0.0,0.0,1.0,0.0,0.0,0.0,27.9,0.0,27.9,14.0,0.0,14.0,2.0,0.0,2.0,0.0,0.2,8.5,28.0,592.0,0.5,4.531051964512034,0.3987114490916772,0.1188212927756654,0.8739966201943389,1.1908534009294467,Recovery,Denial of Service,GoldenEye (HTTP),Raspberry Pi 4B 4GB,nmon,1
14:44:37.000,0.0,0.2,0.0,1,0,89.8,2.0,0.0,0.0,0.0,0.0,-0.0,-0.0,-0.0,0.0,0.0,0.0,0.0,0.0,0.0,0.0,0.0,0.0,0.0,0.0,0.0,0.0,0.0,0.0,0.0,0.0,0.0,0.0,0.0,0.0,0.0,0.2,8.5,28.0,593.0,0.20000000000000284,4.531051964512034,0.3987114490916772,0.1188212927756654,0.8739966201943389,1.1961343472750317,Recovery,Denial of Service,GoldenEye (HTTP),Raspberry Pi 4B 4GB,nmon,1
14:44:38.000,0.0,0.0,0.0,1,0,99.7,2.0,0.0,0.0,0.0,0.0,-0.0,-0.0,-0.0,0.0,0.0,0.0,0.0,0.0,0.0,0.0,0.0,0.0,0.0,0.0,0.0,0.0,0.0,0.0,0.0,0.0,0.0,0.0,0.0,0.0,0.0,0.2,8.5,28.0,594.0,0.0,4.536332910857621,0.3987114490916772,0.1188212927756654,0.8739966201943389,1.1934938741022392,Recovery,Denial of Service,GoldenEye (HTTP),Raspberry Pi 4B 4GB,nmon,1
14:44:39.000,0.2,0.2,0.2,1,0,124.2,2.0,0.0,0.0,0.0,0.0,-0.0,-0.0,-0.0,0.0,0.0,0.0,0.0,0.0,0.0,1.0,0.0,1.0,0.0,0.0,0.0,43.7,0.0,43.7,7.3,0.0,7.3,6.0,0.0,6.0,0.0,0.2,8.5,28.0,595.0,0.7000000000000028,4.528411491339246,0.3987114490916772,0.1188212927756654,0.8739966201943389,1.1934938741022392,Recovery,Denial of Service,GoldenEye (HTTP),Raspberry Pi 4B 4GB,nmon,1
14:44:40.000,0.0,0.2,0.0,1,0,89.8,2.0,0.0,0.0,0.0,0.0,-0.0,-0.0,-0.0,0.0,0.0,0.0,0.0,0.0,0.0,0.0,0.0,0.0,0.0,0.0,0.0,0.0,0.0,0.0,0.0,0.0,0.0,0.0,0.0,0.0,0.0,0.2,8.5,28.0,596.0,0.20000000000000284,4.53897338403041,0.3987114490916772,0.1188212927756654,0.8739966201943389,1.1934938741022392,Recovery,Denial of Service,GoldenEye (HTTP),Raspberry Pi 4B 4GB,nmon,1
14:44:41.000,0.0,0.0,0.0,1,0,93.8,2.0,0.0,0.0,0.0,0.0,-0.0,-0.0,-0.0,0.0,0.0,0.0,0.0,0.0,0.0,0.0,0.0,0.0,0.0,0.0,0.0,0.0,0.0,0.0,0.0,0.0,0.0,0.0,0.0,0.0,0.0,0.2,8.5,28.0,597.0,0.0,4.533692437684833,0.3987114490916772,0.1188212927756654,0.8739966201943389,1.1934938741022392,Recovery,Denial of Service,GoldenEye (HTTP),Raspberry Pi 4B 4GB,nmon,1
14:44:42.000,0.2,0.2,0.0,1,0,79.8,2.0,0.0,0.0,0.0,0.0,-0.0,-0.0,-0.0,0.0,0.0,0.0,0.0,0.0,0.0,0.0,0.0,0.0,0.0,0.0,0.0,0.0,0.0,0.0,0.0,0.0,0.0,0.0,0.0,0.0,0.0,0.2,8.5,28.0,598.0,0.5,4.536332910857621,0.3987114490916772,0.1188212927756654,0.8739966201943389,1.1934938741022392,Recovery,Denial of Service,GoldenEye (HTTP),Raspberry Pi 4B 4GB,nmon,1
14:44:43.000,0.0,0.5,0.0,1,0,93.8,2.0,0.0,0.0,0.0,0.0,-0.0,-0.0,-0.0,0.0,0.0,0.0,0.0,0.0,0.0,0.0,0.0,0.0,0.0,0.0,0.0,0.0,0.0,0.0,0.0,0.0,0.0,0.0,0.0,0.0,0.0,0.2,8.5,28.0,599.0,0.5,4.528411491339246,0.3987114490916772,0.1188212927756654,0.8739966201943389,1.1934938741022392,Recovery,Denial of Service,GoldenEye (HTTP),Raspberry Pi 4B 4GB,nmon,1
14:44:44.000,0.0,0.0,0.2,1,0,119.6,2.0,0.0,0.0,0.0,0.0,-0.0,-0.0,-0.0,0.0,0.0,0.0,0.0,0.0,0.0,0.0,0.0,0.0,0.0,0.0,0.0,15.9,0.0,15.9,8.0,0.0,8.0,2.0,0.0,2.0,0.0,0.2,8.5,28.0,600.0,0.20000000000000284,4.528411491339246,0.3987114490916772,0.1188212927756654,0.8739966201943389,1.1934938741022392,Recovery,Denial of Service,GoldenEye (HTTP),Raspberry Pi 4B 4GB,nmon,1
14:44:45.000,0.0,0.2,0.0,1,0,85.8,2.0,0.0,0.0,0.0,0.0,-0.0,-0.0,-0.0,0.0,0.0,0.0,0.0,0.0,0.0,0.0,0.0,0.0,0.0,0.0,0.0,0.0,0.0,0.0,0.0,0.0,0.0,0.0,0.0,0.0,0.0,0.2,8.5,28.0,601.0,0.20000000000000284,4.528411491339246,0.3987114490916772,0.1188212927756654,0.8739966201943389,1.1934938741022392,Recovery,Denial of Service,GoldenEye (HTTP),Raspberry Pi 4B 4GB,nmon,1
14:44:46.000,0.0,0.2,0.0,1,0,87.8,2.0,0.0,0.0,0.0,0.0,-0.0,-0.0,-0.0,0.0,0.0,0.0,0.0,0.0,0.0,0.0,0.0,0.0,0.0,0.0,0.0,0.0,0.0,0.0,0.0,0.0,0.0,0.0,0.0,0.0,0.0,0.2,8.5,28.0,602.0,0.20000000000000284,4.528411491339246,0.3987114490916772,0.1188212927756654,0.8739966201943389,1.1934938741022392,Recovery,Denial of Service,GoldenEye (HTTP),Raspberry Pi 4B 4GB,nmon,1
14:44:47.000,0.0,0.2,0.0,1,0,85.8,2.0,0.0,0.0,0.0,0.0,-0.0,-0.0,-0.0,0.0,0.0,0.0,0.0,0.0,0.0,0.0,0.0,0.0,0.0,0.0,0.0,0.0,0.0,0.0,0.0,0.0,0.0,0.0,0.0,0.0,0.0,0.2,8.5,28.0,603.0,0.20000000000000284,4.536332910857621,0.3987114490916772,0.1188212927756654,0.8739966201943389,1.1934938741022392,Recovery,Denial of Service,GoldenEye (HTTP),Raspberry Pi 4B 4GB,nmon,1
14:44:48.000,0.0,0.0,0.0,1,0,107.7,2.0,0.0,0.0,0.0,0.0,-0.0,-0.0,-0.0,0.0,0.0,0.0,0.0,0.0,0.0,1.0,0.0,0.0,0.0,0.0,0.0,0.0,0.0,0.0,0.0,0.0,0.0,0.0,0.0,0.0,0.0,0.2,8.5,28.0,604.0,0.0,4.528411491339246,0.3987114490916772,0.1188212927756654,0.8739966201943389,1.1934938741022392,Recovery,Denial of Service,GoldenEye (HTTP),Raspberry Pi 4B 4GB,nmon,1
14:44:49.000,0.0,0.2,0.0,1,0,178.3,2.0,0.0,0.0,0.0,0.1,-0.0,-0.0,-0.1,0.0,0.0,2.0,0.0,0.0,1.0,0.0,0.0,0.0,0.0,0.0,0.0,15.9,0.0,15.9,8.0,0.0,8.0,2.0,0.0,2.0,0.0,0.2,8.5,28.0,605.0,0.20000000000000284,4.536332910857621,0.3987114490916772,0.1188212927756654,0.8739966201943389,1.1934938741022392,Recovery,Denial of Service,GoldenEye (HTTP),Raspberry Pi 4B 4GB,nmon,1
14:44:50.000,0.2,0.7,0.0,1,0,270.3,3.0,0.0,0.0,0.0,0.4,-0.0,-0.0,-0.5,0.0,0.0,6.0,0.0,0.0,4.0,0.0,0.0,0.0,0.0,0.0,0.0,0.0,0.0,0.0,0.0,0.0,0.0,0.0,0.0,0.0,0.0,0.2,8.5,28.0,606.0,1.0,4.531051964512034,0.3987114490916772,0.1188212927756654,0.8739966201943389,1.1934938741022392,Recovery,Denial of Service,GoldenEye (HTTP),Raspberry Pi 4B 4GB,nmon,1
14:44:51.000,0.0,0.3,0.0,1,0,422.0,4.0,0.0,0.0,0.0,0.6,-0.0,-0.0,-0.8,0.0,0.0,10.0,0.0,0.0,7.0,0.0,0.0,0.0,0.0,0.0,0.0,0.0,0.0,0.0,0.0,0.0,0.0,0.0,0.0,0.0,0.0,0.2,8.5,28.0,607.0,0.29999999999999716,4.528411491339246,0.3987114490916772,0.1188212927756654,0.8739966201943389,1.1934938741022392,Recovery,Denial of Service,GoldenEye (HTTP),Raspberry Pi 4B 4GB,nmon,1
14:44:52.000,0.0,0.2,0.0,1,0,287.3,3.0,0.0,0.0,0.0,0.4,-0.0,-0.0,-0.5,0.0,0.0,6.0,0.0,0.0,4.0,0.0,0.0,0.0,0.0,0.0,0.0,0.0,0.0,0.0,0.0,0.0,0.0,0.0,0.0,0.0,0.0,0.2,8.5,28.0,608.0,0.20000000000000284,4.531051964512034,0.3987114490916772,0.1188212927756654,0.8739966201943389,1.1934938741022392,Recovery,Denial of Service,GoldenEye (HTTP),Raspberry Pi 4B 4GB,nmon,1
14:44:53.000,0.0,0.5,0.0,1,0,269.3,3.0,0.0,0.0,0.0,0.4,-0.0,-0.0,-0.5,0.0,0.0,6.0,0.0,0.0,4.0,0.0,0.0,0.0,0.0,0.0,0.0,0.0,0.0,0.0,0.0,0.0,0.0,0.0,0.0,0.0,0.0,0.2,8.5,28.0,609.0,0.5,4.536332910857621,0.3987114490916772,0.1188212927756654,0.8739966201943389,1.1961343472750317,Recovery,Denial of Service,GoldenEye (HTTP),Raspberry Pi 4B 4GB,nmon,1
14:44:54.000,0.2,0.0,0.0,1,0,114.7,2.0,0.0,0.0,0.0,0.0,-0.0,-0.0,-0.0,0.0,0.0,0.0,0.0,0.0,0.0,1.0,0.0,1.0,0.0,0.0,0.0,19.9,0.0,19.9,6.7,0.0,6.7,3.0,0.0,3.0,0.0,0.2,8.5,28.0,610.0,0.20000000000000284,4.53897338403041,0.3987114490916772,0.1188212927756654,0.8739966201943389,1.1934938741022392,Recovery,Denial of Service,GoldenEye (HTTP),Raspberry Pi 4B 4GB,nmon,1
14:44:55.000,0.0,0.2,0.0,1,0,87.8,2.0,0.0,0.0,0.0,0.0,-0.0,-0.0,-0.0,0.0,0.0,0.0,0.0,0.0,0.0,0.0,0.0,0.0,0.0,0.0,0.0,0.0,0.0,0.0,0.0,0.0,0.0,0.0,0.0,0.0,0.0,0.2,8.5,28.0,611.0,0.20000000000000284,4.541613857203208,0.3987114490916772,0.1188212927756654,0.8739966201943389,1.1934938741022392,Recovery,Denial of Service,GoldenEye (HTTP),Raspberry Pi 4B 4GB,nmon,1
14:44:56.000,0.0,0.2,0.0,1,0,95.8,2.0,0.0,0.0,0.0,0.0,-0.0,-0.0,-0.0,0.0,0.0,0.0,0.0,0.0,0.0,0.0,0.0,0.0,0.0,0.0,0.0,0.0,0.0,0.0,0.0,0.0,0.0,0.0,0.0,0.0,0.0,0.2,8.5,28.0,612.0,0.20000000000000284,4.544254330375996,0.3987114490916772,0.1188212927756654,0.8739966201943389,1.188212927756654,Recovery,Denial of Service,GoldenEye (HTTP),Raspberry Pi 4B 4GB,nmon,1
14:44:57.000,0.0,0.2,0.0,1,0,94.8,2.0,0.0,0.0,0.0,0.0,-0.0,-0.0,-0.0,0.0,0.0,0.0,0.0,0.0,0.0,0.0,0.0,0.0,0.0,0.0,0.0,0.0,0.0,0.0,0.0,0.0,0.0,0.0,0.0,0.0,0.0,0.2,8.5,28.0,613.0,0.20000000000000284,4.544254330375996,0.3987114490916772,0.1188212927756654,0.8739966201943389,1.1961343472750317,Recovery,Denial of Service,GoldenEye (HTTP),Raspberry Pi 4B 4GB,nmon,1
14:44:58.000,0.0,0.2,0.2,1,0,212.5,2.0,0.0,0.0,0.0,0.1,-0.0,-0.0,-0.1,0.0,0.0,2.0,0.0,0.0,1.0,1.0,0.0,1.0,0.0,0.0,0.0,87.8,0.0,87.8,8.0,0.0,8.0,11.0,0.0,11.0,0.0,0.2,8.5,28.0,614.0,0.5,4.544254330375996,0.3987114490916772,0.1188212927756654,0.8739966201943389,1.1961343472750317,Recovery,Denial of Service,GoldenEye (HTTP),Raspberry Pi 4B 4GB,nmon,1
14:44:59.000,0.0,0.2,0.2,1,0,113.6,2.0,0.0,0.0,0.0,0.0,-0.0,-0.0,-0.0,0.0,0.0,0.0,0.0,0.0,0.0,0.0,0.0,0.0,0.0,0.0,0.0,15.9,0.0,15.9,8.0,0.0,8.0,2.0,0.0,2.0,0.0,0.2,8.5,28.0,615.0,0.5,4.549535276721583,0.3987114490916772,0.1188212927756654,0.8739966201943389,1.1934938741022392,Recovery,Denial of Service,GoldenEye (HTTP),Raspberry Pi 4B 4GB,nmon,1
14:45:00.000,0.2,0.2,0.0,1,0,213.5,3.0,0.0,0.0,0.0,0.2,-0.0,-0.0,-0.3,0.0,0.0,4.0,0.0,0.0,3.0,0.0,0.0,0.0,0.0,0.0,0.0,0.0,0.0,0.0,0.0,0.0,0.0,0.0,0.0,0.0,0.0,0.2,8.5,28.0,616.0,0.5,4.552175749894372,0.3987114490916772,0.1188212927756654,0.8739966201943389,1.1961343472750317,Recovery,Denial of Service,GoldenEye (HTTP),Raspberry Pi 4B 4GB,nmon,1
14:45:01.000,0.2,0.0,0.0,1,0,141.6,2.0,0.0,0.0,0.0,0.1,-0.0,-0.0,-0.1,0.0,0.0,2.0,0.0,0.0,1.0,0.0,0.0,0.0,0.0,0.0,0.0,0.0,0.0,0.0,0.0,0.0,0.0,0.0,0.0,0.0,0.0,0.2,8.5,28.0,617.0,0.20000000000000284,4.552175749894372,0.3987114490916772,0.1188212927756654,0.8739966201943389,1.1961343472750317,Recovery,Denial of Service,GoldenEye (HTTP),Raspberry Pi 4B 4GB,nmon,1
14:45:02.000,0.0,0.0,0.0,1,0,270.3,3.0,0.0,0.0,0.0,0.4,-0.0,-0.0,-0.5,0.0,0.0,6.0,0.0,0.0,4.0,0.0,0.0,0.0,0.0,0.0,0.0,0.0,0.0,0.0,0.0,0.0,0.0,0.0,0.0,0.0,0.0,0.2,8.5,28.0,618.0,0.0,4.549535276721583,0.3987114490916772,0.1188212927756654,0.8739966201943389,1.1934938741022392,Recovery,Denial of Service,GoldenEye (HTTP),Raspberry Pi 4B 4GB,nmon,1
14:45:03.000,0.2,0.5,0.0,1,0,279.3,3.0,0.0,0.0,0.0,0.4,-0.0,-0.0,-0.5,0.0,0.0,6.0,0.0,0.0,4.0,0.0,0.0,1.0,0.0,0.0,0.0,0.0,0.0,0.0,0.0,0.0,0.0,0.0,0.0,0.0,0.0,0.2,8.5,28.0,619.0,0.7000000000000028,4.562737642585546,0.3987114490916772,0.1188212927756654,0.8739966201943389,1.1961343472750317,Recovery,Denial of Service,GoldenEye (HTTP),Raspberry Pi 4B 4GB,nmon,1
14:45:04.000,0.0,0.5,1.2,1,0,310.0,2.9,0.0,0.0,0.0,0.4,-0.0,-0.0,-0.5,0.0,0.0,5.8,0.0,0.0,3.9,2.9,0.0,1.9,0.0,0.0,0.0,19.5,0.0,19.5,6.7,0.0,6.7,2.9,0.0,2.9,0.0,0.2,8.5,28.0,620.0,1.7000000000000028,4.557456696239958,0.3987114490916772,0.1188212927756654,0.8739966201943389,1.1934938741022392,Recovery,Denial of Service,GoldenEye (HTTP),Raspberry Pi 4B 4GB,nmon,1
14:45:05.000,0.0,0.2,0.0,1,0,216.5,3.0,0.0,0.0,0.0,0.2,-0.0,-0.0,-0.3,0.0,0.0,4.0,0.0,0.0,3.0,0.0,0.0,0.0,0.0,0.0,0.0,0.0,0.0,0.0,0.0,0.0,0.0,0.0,0.0,0.0,0.0,0.2,8.5,28.0,621.0,0.20000000000000284,4.557456696239958,0.3987114490916772,0.1188212927756654,0.8739966201943389,1.1934938741022392,Recovery,Denial of Service,GoldenEye (HTTP),Raspberry Pi 4B 4GB,nmon,1
14:45:06.000,0.0,0.2,0.0,1,0,85.8,2.0,0.0,0.0,0.0,0.0,-0.0,-0.0,-0.0,0.0,0.0,0.0,0.0,0.0,0.0,0.0,0.0,0.0,0.0,0.0,0.0,0.0,0.0,0.0,0.0,0.0,0.0,0.0,0.0,0.0,0.0,0.2,8.5,28.0,622.0,0.20000000000000284,4.562737642585546,0.3987114490916772,0.1188212927756654,0.8739966201943389,1.1961343472750317,Recovery,Denial of Service,GoldenEye (HTTP),Raspberry Pi 4B 4GB,nmon,1
14:45:07.000,0.0,0.2,0.0,1,0,301.3,3.0,0.0,0.0,0.0,0.4,-0.0,-0.0,-0.5,0.0,0.0,6.0,0.0,0.0,4.0,0.0,0.0,1.0,0.0,0.0,0.0,27.9,0.0,27.9,14.0,0.0,14.0,2.0,0.0,2.0,0.0,0.2,8.5,28.0,623.0,0.20000000000000284,4.5653781157583335,0.3987114490916772,0.1188212927756654,0.8739966201943389,1.188212927756654,Recovery,Denial of Service,GoldenEye (HTTP),Raspberry Pi 4B 4GB,nmon,1
14:45:08.000,0.0,0.2,0.0,1,0,91.8,2.0,0.0,0.0,0.0,0.0,-0.0,-0.0,-0.0,0.0,0.0,0.0,0.0,0.0,0.0,0.0,0.0,0.0,0.0,0.0,0.0,0.0,0.0,0.0,0.0,0.0,0.0,0.0,0.0,0.0,0.0,0.2,8.5,28.0,624.0,0.20000000000000284,4.57329953527672,0.3987114490916772,0.1188212927756654,0.8739966201943389,1.1961343472750317,Recovery,Denial of Service,GoldenEye (HTTP),Raspberry Pi 4B 4GB,nmon,1
14:45:09.000,0.2,0.2,0.0,1,0,305.7,3.0,0.0,0.0,0.0,0.4,-0.0,-0.0,-0.5,0.0,0.0,6.0,0.0,0.0,4.0,0.0,0.0,0.0,0.0,0.0,0.0,23.9,0.0,23.9,12.0,0.0,12.0,2.0,0.0,2.0,0.0,0.2,8.5,28.0,625.0,0.5,4.562737642585546,0.3987114490916772,0.1188212927756654,0.8739966201943389,1.1934938741022392,Recovery,Denial of Service,GoldenEye (HTTP),Raspberry Pi 4B 4GB,nmon,1
14:45:10.000,0.0,0.2,0.0,1,0,91.8,2.0,0.0,0.0,0.0,0.0,-0.0,-0.0,-0.0,0.0,0.0,0.0,0.0,0.0,0.0,0.0,0.0,0.0,0.0,0.0,0.0,0.0,0.0,0.0,0.0,0.0,0.0,0.0,0.0,0.0,0.0,0.2,8.5,28.0,626.0,0.20000000000000284,4.57329953527672,0.3987114490916772,0.1188212927756654,0.8739966201943389,1.1934938741022392,Recovery,Denial of Service,GoldenEye (HTTP),Raspberry Pi 4B 4GB,nmon,1
14:45:11.000,0.0,0.2,0.0,1,0,81.8,2.0,0.0,0.0,0.0,0.0,-0.0,-0.0,-0.0,0.0,0.0,0.0,0.0,0.0,0.0,0.0,0.0,0.0,0.0,0.0,0.0,0.0,0.0,0.0,0.0,0.0,0.0,0.0,0.0,0.0,0.0,0.2,8.5,28.0,627.0,0.20000000000000284,4.57329953527672,0.3987114490916772,0.1188212927756654,0.8739966201943389,1.1961343472750317,Recovery,Denial of Service,GoldenEye (HTTP),Raspberry Pi 4B 4GB,nmon,1
14:45:12.000,0.2,0.0,0.0,1,0,103.7,2.0,0.0,0.0,0.0,0.0,-0.0,-0.0,-0.0,0.0,0.0,0.0,0.0,0.0,0.0,0.0,0.0,0.0,0.0,0.0,0.0,0.0,0.0,0.0,0.0,0.0,0.0,0.0,0.0,0.0,0.0,0.2,8.5,28.0,628.0,0.20000000000000284,4.575940008449509,0.3987114490916772,0.1188212927756654,0.8739966201943389,1.1961343472750317,Recovery,Denial of Service,GoldenEye (HTTP),Raspberry Pi 4B 4GB,nmon,1
14:45:13.000,0.0,0.2,0.0,1,0,81.8,2.0,0.0,0.0,0.0,0.0,-0.0,-0.0,-0.0,0.0,0.0,0.0,0.0,0.0,0.0,0.0,0.0,0.0,0.0,0.0,0.0,0.0,0.0,0.0,0.0,0.0,0.0,0.0,0.0,0.0,0.0,0.2,8.5,28.0,629.0,0.20000000000000284,4.57329953527672,0.3987114490916772,0.1188212927756654,0.8739966201943389,1.1961343472750317,Recovery,Denial of Service,GoldenEye (HTTP),Raspberry Pi 4B 4GB,nmon,1
14:45:14.000,0.2,0.5,0.2,1,0,370.6,2.0,0.0,0.0,0.0,0.5,-0.0,-0.0,-0.4,0.0,0.0,8.0,0.0,0.0,4.0,1.0,0.0,1.0,0.0,0.0,0.0,23.9,0.0,23.9,6.0,0.0,6.0,4.0,0.0,4.0,0.0,0.2,8.5,28.0,630.0,1.0,4.570659062103932,0.3987114490916772,0.1188212927756654,0.8739966201943389,1.1961343472750317,Recovery,Denial of Service,GoldenEye (HTTP),Raspberry Pi 4B 4GB,nmon,1
14:45:15.000,0.0,0.2,0.0,1,0,523.7,2.0,0.0,0.0,0.0,1.0,-0.0,-0.0,-0.7,0.0,0.0,14.0,0.0,0.0,7.0,0.0,0.0,0.0,4.0,0.0,4.0,0.0,0.0,0.0,4.0,0.0,4.0,1.0,0.0,1.0,0.0,0.2,8.5,28.0,631.0,0.20000000000000284,4.575940008449509,0.3987114490916772,0.1188212927756654,0.8739966201943389,1.1934938741022392,Recovery,Denial of Service,GoldenEye (HTTP),Raspberry Pi 4B 4GB,nmon,1
14:45:16.000,0.0,0.2,0.0,1,0,114.7,2.0,0.0,0.0,0.0,0.0,-0.0,-0.0,-0.0,0.0,0.0,0.0,0.0,0.0,0.0,0.0,0.0,0.0,0.0,0.0,0.0,0.0,0.0,0.0,0.0,0.0,0.0,0.0,0.0,0.0,0.0,0.2,8.5,28.0,632.0,0.20000000000000284,4.5680185889311336,0.3987114490916772,0.1188212927756654,0.8739966201943389,1.1961343472750317,Recovery,Denial of Service,GoldenEye (HTTP),Raspberry Pi 4B 4GB,nmon,1
14:45:17.000,0.0,0.5,0.0,1,0,271.4,2.0,0.0,0.0,0.0,0.4,-0.0,-0.0,-0.3,0.0,0.0,6.0,0.0,0.0,3.0,0.0,0.0,0.0,0.0,0.0,0.0,0.0,0.0,0.0,0.0,0.0,0.0,0.0,0.0,0.0,0.0,0.2,8.5,28.0,633.0,0.5,4.5812209547950955,0.3987114490916772,0.1188212927756654,0.8739966201943389,1.1934938741022392,Recovery,Denial of Service,GoldenEye (HTTP),Raspberry Pi 4B 4GB,nmon,1
14:45:18.000,0.0,0.5,0.0,1,0,212.6,2.0,0.0,0.0,0.0,0.3,-0.0,-0.0,-0.2,0.0,0.0,4.0,0.0,0.0,2.0,0.0,0.0,0.0,0.0,0.0,0.0,0.0,0.0,0.0,0.0,0.0,0.0,0.0,0.0,0.0,0.0,0.2,8.5,28.0,634.0,0.5,4.57329953527672,0.3987114490916772,0.1188212927756654,0.8739966201943389,1.1987748204478244,Recovery,Denial of Service,GoldenEye (HTTP),Raspberry Pi 4B 4GB,nmon,1
14:45:19.000,0.0,0.2,0.2,1,0,374.4,2.0,0.0,0.0,0.0,0.5,-0.0,-0.0,-0.4,0.0,0.0,8.0,0.0,0.0,4.0,1.0,0.0,0.0,0.0,0.0,0.0,19.9,0.0,19.9,6.7,0.0,6.7,3.0,0.0,3.0,0.0,0.2,8.5,28.0,635.0,0.5,4.5812209547950955,0.4013519222644698,0.12146176594845796,0.8739966201943389,1.1908534009294467,Recovery,Denial of Service,GoldenEye (HTTP),Raspberry Pi 4B 4GB,nmon,1
14:45:20.000,0.0,0.3,0.3,1,0,338.3,2.0,0.0,0.0,0.0,0.5,-0.0,-0.0,-1.0,0.0,0.0,8.0,0.0,0.0,6.0,1.0,0.0,2.0,391.2,0.0,391.2,0.0,0.0,0.0,43.6,0.0,43.6,9.0,0.0,9.0,0.0,0.2,8.5,28.0,636.0,0.5,4.57329953527672,0.406632868610055,0.12938318546683567,0.8713561470215464,1.1934938741022392,Recovery,Denial of Service,GoldenEye (HTTP),Raspberry Pi 4B 4GB,nmon,1
14:45:21.000,0.0,0.2,0.0,1,0,118.8,2.0,0.0,0.0,0.0,0.1,-0.0,-0.0,-0.0,0.0,0.0,1.0,0.0,0.0,0.0,0.0,0.0,0.0,0.0,0.0,0.0,0.0,0.0,0.0,0.0,0.0,0.0,0.0,0.0,0.0,0.0,0.2,8.5,28.0,637.0,0.20000000000000284,4.5812209547950955,0.4092733417828475,0.12938318546683567,0.8739966201943389,1.1908534009294467,Recovery,Denial of Service,GoldenEye (HTTP),Raspberry Pi 4B 4GB,nmon,1
14:45:22.000,0.0,0.0,0.0,1,0,78.9,2.0,0.0,0.0,0.0,0.0,-0.0,-0.0,-0.0,0.0,0.0,0.0,0.0,0.0,0.0,0.0,0.0,0.0,0.0,0.0,0.0,0.0,0.0,0.0,0.0,0.0,0.0,0.0,0.0,0.0,0.0,0.2,8.5,28.0,638.0,0.0,4.5812209547950955,0.4092733417828475,0.12938318546683567,0.8739966201943389,1.1908534009294467,Recovery,Denial of Service,GoldenEye (HTTP),Raspberry Pi 4B 4GB,nmon,1
14:45:23.000,0.0,0.2,0.2,1,1,96.8,2.0,0.0,0.0,0.0,0.0,-0.0,-0.0,-0.0,0.0,0.0,0.0,0.0,0.0,0.0,1.0,0.0,1.0,0.0,0.0,0.0,16.0,0.0,16.0,8.0,0.0,8.0,2.0,0.0,2.0,0.0,0.2,8.5,28.0,639.0,0.5,4.575940008449509,0.4092733417828475,0.12938318546683567,0.8739966201943389,1.1934938741022392,Recovery,Denial of Service,GoldenEye (HTTP),Raspberry Pi 4B 4GB,nmon,1
14:45:24.000,0.2,0.2,0.0,2,0,84.9,1.0,0.0,0.0,0.0,0.0,-0.0,-0.0,-0.0,0.0,0.0,0.0,0.0,0.0,0.0,0.0,0.0,0.0,0.0,0.0,0.0,0.0,0.0,0.0,0.0,0.0,0.0,0.0,0.0,0.0,0.0,0.2,8.5,28.0,640.0,0.5,4.57329953527672,0.4092733417828475,0.12938318546683567,0.8739966201943389,1.1908534009294467,Recovery,Denial of Service,GoldenEye (HTTP),Raspberry Pi 4B 4GB,nmon,1
14:45:25.000,0.0,0.0,0.0,1,0,254.6,1.0,0.0,0.0,0.0,0.4,-0.0,-0.0,-0.3,0.0,0.0,6.0,0.0,0.0,3.0,0.0,0.0,0.0,0.0,0.0,0.0,0.0,0.0,0.0,0.0,0.0,0.0,0.0,0.0,0.0,0.0,0.2,8.5,28.0,641.0,0.0,4.570659062103932,0.4092733417828475,0.12938318546683567,0.8739966201943389,1.1934938741022392,Recovery,Denial of Service,GoldenEye (HTTP),Raspberry Pi 4B 4GB,nmon,1
14:45:26.000,0.0,0.2,0.0,1,0,84.8,2.0,0.0,0.0,0.0,0.0,-0.0,-0.0,-0.0,0.0,0.0,0.0,0.0,0.0,0.0,0.0,0.0,0.0,0.0,0.0,0.0,0.0,0.0,0.0,0.0,0.0,0.0,0.0,0.0,0.0,0.0,0.2,8.5,28.0,642.0,0.20000000000000284,4.5680185889311336,0.4092733417828475,0.12938318546683567,0.8739966201943389,1.1934938741022392,Recovery,Denial of Service,GoldenEye (HTTP),Raspberry Pi 4B 4GB,nmon,1
14:45:27.000,0.0,0.2,0.0,1,0,79.8,2.0,0.0,0.0,0.0,0.0,-0.0,-0.0,-0.0,0.0,0.0,0.0,0.0,0.0,0.0,0.0,0.0,0.0,0.0,0.0,0.0,0.0,0.0,0.0,0.0,0.0,0.0,0.0,0.0,0.0,0.0,0.2,8.5,28.0,643.0,0.20000000000000284,4.5680185889311336,0.4092733417828475,0.12938318546683567,0.8739966201943389,1.1934938741022392,Recovery,Denial of Service,GoldenEye (HTTP),Raspberry Pi 4B 4GB,nmon,1
14:45:28.000,0.0,0.2,0.0,1,0,561.7,2.0,0.0,0.0,0.0,1.0,-0.0,-0.0,-1.0,0.0,0.0,13.0,0.0,0.0,9.0,0.0,0.0,0.0,0.0,0.0,0.0,0.0,0.0,0.0,0.0,0.0,0.0,0.0,0.0,0.0,0.0,0.2,8.5,28.0,644.0,0.20000000000000284,4.562737642585546,0.4092733417828475,0.12938318546683567,0.8739966201943389,1.1934938741022392,Recovery,Denial of Service,GoldenEye (HTTP),Raspberry Pi 4B 4GB,nmon,1
14:45:29.000,0.2,0.2,0.0,1,0,660.6,2.0,0.0,0.0,0.0,1.1,-0.0,-0.0,-1.1,0.0,0.0,13.0,0.0,0.0,10.0,0.0,0.0,0.0,0.0,0.0,0.0,15.9,0.0,15.9,8.0,0.0,8.0,2.0,0.0,2.0,0.0,0.2,8.5,28.0,645.0,0.5,4.554816223067171,0.41191381495564006,0.12938318546683567,0.8739966201943389,1.1934938741022392,Recovery,Denial of Service,GoldenEye (HTTP),Raspberry Pi 4B 4GB,nmon,1
14:45:30.000,0.0,0.2,0.0,1,0,276.3,2.0,0.0,0.0,0.0,0.4,-0.0,-0.0,-0.4,0.0,0.0,6.0,0.0,0.0,4.0,0.0,0.0,0.0,0.0,0.0,0.0,0.0,0.0,0.0,0.0,0.0,0.0,0.0,0.0,0.0,0.0,0.2,8.5,28.0,646.0,0.20000000000000284,4.549535276721583,0.41191381495564006,0.12938318546683567,0.8739966201943389,1.1934938741022392,Recovery,Denial of Service,GoldenEye (HTTP),Raspberry Pi 4B 4GB,nmon,1
14:45:31.000,0.0,0.3,0.0,1,0,951.8,2.0,0.0,0.0,0.0,1.6,-0.0,-0.0,-1.9,0.0,0.0,19.0,0.0,0.0,18.0,0.0,0.0,0.0,0.0,0.0,0.0,0.0,0.0,0.0,0.0,0.0,0.0,0.0,0.0,0.0,0.0,0.2,8.5,28.0,647.0,0.29999999999999716,4.544254330375996,0.41191381495564006,0.12938318546683567,0.8739966201943389,1.1934938741022392,Recovery,Denial of Service,GoldenEye (HTTP),Raspberry Pi 4B 4GB,nmon,1
14:45:32.000,0.2,0.2,0.0,1,0,343.1,2.0,0.0,0.0,0.0,0.5,-0.0,-0.0,-0.4,0.0,0.0,8.0,0.0,0.0,4.0,0.0,0.0,0.0,0.0,0.0,0.0,0.0,0.0,0.0,0.0,0.0,0.0,0.0,0.0,0.0,0.0,0.2,8.5,28.0,648.0,0.5,4.536332910857621,0.41191381495564006,0.12938318546683567,0.8739966201943389,1.1934938741022392,Recovery,Denial of Service,GoldenEye (HTTP),Raspberry Pi 4B 4GB,nmon,1
14:45:33.000,0.2,0.7,0.0,1,0,546.7,3.0,0.0,0.0,0.0,0.9,-0.0,-0.0,-0.9,0.0,0.0,14.0,0.0,0.0,8.0,1.0,0.0,0.0,4.0,0.0,4.0,0.0,0.0,0.0,4.0,0.0,4.0,1.0,0.0,1.0,0.0,0.2,8.5,28.0,649.0,1.0,4.523130544993659,0.41191381495564006,0.13202365863962823,0.8739966201943389,1.1934938741022392,Recovery,Denial of Service,GoldenEye (HTTP),Raspberry Pi 4B 4GB,nmon,1
14:45:34.000,0.0,0.0,0.7,1,0,104.5,2.0,0.0,0.0,0.0,0.0,-0.0,-0.0,-0.0,0.0,0.0,0.0,0.0,0.0,0.0,1.0,0.0,2.0,0.0,0.0,0.0,19.7,0.0,19.7,10.0,0.0,10.0,2.0,0.0,2.0,0.0,0.2,8.5,28.0,650.0,0.7000000000000028,4.523130544993659,0.41191381495564006,0.13202365863962823,0.8766370933671315,1.1961343472750317,Recovery,Denial of Service,GoldenEye (HTTP),Raspberry Pi 4B 4GB,nmon,1
14:45:35.000,0.0,0.2,0.0,1,0,96.8,2.0,0.0,0.0,0.0,0.0,-0.0,-0.0,-0.0,0.0,0.0,0.0,0.0,0.0,0.0,0.0,0.0,0.0,0.0,0.0,0.0,0.0,0.0,0.0,0.0,0.0,0.0,0.0,0.0,0.0,0.0,0.2,8.5,28.0,651.0,0.20000000000000284,4.509928179129696,0.41191381495564006,0.13202365863962823,0.8766370933671315,1.1934938741022392,Recovery,Denial of Service,GoldenEye (HTTP),Raspberry Pi 4B 4GB,nmon,1
14:45:36.000,0.0,0.2,0.0,1,0,88.8,2.0,0.0,0.0,0.0,0.0,-0.0,-0.0,-0.0,0.0,0.0,0.0,0.0,0.0,0.0,0.0,0.0,0.0,0.0,0.0,0.0,0.0,0.0,0.0,0.0,0.0,0.0,0.0,0.0,0.0,0.0,0.2,8.5,28.0,652.0,0.20000000000000284,4.509928179129696,0.41191381495564006,0.13202365863962823,0.8766370933671315,1.1934938741022392,Recovery,Denial of Service,GoldenEye (HTTP),Raspberry Pi 4B 4GB,nmon,1
14:45:37.000,0.0,0.0,0.0,1,0,199.5,2.0,0.0,0.0,0.0,0.1,-0.0,-0.0,-0.1,0.0,0.0,2.0,0.0,0.0,1.0,0.0,0.0,0.0,0.0,0.0,0.0,0.0,0.0,0.0,0.0,0.0,0.0,0.0,0.0,0.0,0.0,0.2,8.5,28.0,653.0,0.0,4.4967258132657335,0.41191381495564006,0.13202365863962823,0.8766370933671315,1.1934938741022392,Recovery,Denial of Service,GoldenEye (HTTP),Raspberry Pi 4B 4GB,nmon,1
14:45:38.000,0.0,0.2,0.0,1,0,111.7,2.0,0.0,0.0,0.0,0.0,-0.0,-0.0,-0.0,0.0,0.0,0.0,0.0,0.0,0.0,1.0,0.0,1.0,0.0,0.0,0.0,31.9,0.0,31.9,16.0,0.0,16.0,2.0,0.0,2.0,0.0,0.2,8.5,28.0,654.0,0.20000000000000284,4.4967258132657335,0.41191381495564006,0.13202365863962823,0.8766370933671315,1.1961343472750317,Recovery,Denial of Service,GoldenEye (HTTP),Raspberry Pi 4B 4GB,nmon,1
14:45:39.000,0.0,0.2,0.2,1,0,132.7,2.0,0.0,0.0,0.0,0.0,-0.0,-0.0,-0.0,0.0,0.0,0.0,0.0,0.0,0.0,1.0,0.0,1.0,0.0,0.0,0.0,39.9,0.0,39.9,6.7,0.0,6.7,6.0,0.0,6.0,0.0,0.2,8.5,28.0,655.0,0.5,4.4835234474017716,0.41191381495564006,0.13202365863962823,0.8766370933671315,1.1934938741022392,Recovery,Denial of Service,GoldenEye (HTTP),Raspberry Pi 4B 4GB,nmon,1
