Timestamp,CPU Usage User (%),CPU Usage System (%),CPU Usage Wait (%),Processes Runnable,Processes Blocked,Process Switches,Process Forks,Process Execs,Network lo Received (Ko/s),Network eth0 Received (Ko/s),Network wlan0 Received (Ko/s),Network lo Sent (Ko/s),Network eth0 Sent (Ko/s),Network wlan0 Sent (Ko/s),Network Packet lo Received,Network Packet eth0 Received,Network Packet wlan0 Received,Network Packet lo Sent,Network Packet eth0 Sent,Network Packet wlan0 Sent,Disk mmcblk1 Usage (%),Disk mmcblk1p1 Usage (%),Disk mmcblk1p2 Usage (%),Disk mmcblk1 Read (Ko/s),Disk mmcblk1p1 Read (Ko/s),Disk mmcblk1p2 Read (Ko/s),Disk mmcblk1 Write (Ko/s),Disk mmcblk1p1 Write (Ko/s),Disk mmcblk1p2 Write (Ko/s),Disk mmcblk1 Block Size (Ko),Disk mmcblk1p1 Block Size (Ko),Disk mmcblk1p2 Block Size (Ko),Disk mmcblk1 Transfers,Disk mmcblk1p1 Transfers,Disk mmcblk1p2 Transfers,JFS dev Usage (%),JFS run Usage (%),JFS Usage (%),JFS boot/firmware Usage (%),Relative Time (s),CPU Usage (%),Memory Usage (%),Memory Active (%),Memory Buffers (%),Memory Cached (%),Memory Inactive (%),Mode,Attack Type,Attack,Host,Measurement,Run
17:52:28.000,1.2,3.5,1.4,1,0,0.0,0.0,0.0,0.0,0.0,0.0,-0.0,-0.0,-0.0,0.0,0.0,0.0,0.0,0.0,0.0,5.5,0.0,5.5,1643.5,0.0,1643.5,34.3,0.0,34.3,58.2,0.0,58.2,28.8,0.0,28.8,0.0,0.2,7.7,28.0,0.0,6.099999999999994,27.540135192226444,4.438635403464301,1.1010773130544995,21.741656104773977,18.998204478242503,Idle,Denial of Service,MHDDoS (TCP),Raspberry Pi 4B 4GB,nmon,1
17:52:29.000,0.0,0.2,0.0,1,0,67.8,0.0,0.0,0.0,0.0,0.0,-0.0,-0.0,-0.0,0.0,0.0,0.0,0.0,0.0,0.0,0.0,0.0,0.0,0.0,0.0,0.0,0.0,0.0,0.0,0.0,0.0,0.0,0.0,0.0,0.0,0.0,0.2,7.7,28.0,1.0,0.20000000000000284,27.540135192226444,4.438635403464301,1.1010773130544995,21.741656104773977,18.998204478242503,Idle,Denial of Service,MHDDoS (TCP),Raspberry Pi 4B 4GB,nmon,1
17:52:30.000,0.0,0.0,0.0,1,0,32.9,0.0,0.0,0.0,0.0,0.0,-0.0,-0.0,-0.0,0.0,0.0,0.0,0.0,0.0,0.0,0.0,0.0,0.0,0.0,0.0,0.0,0.0,0.0,0.0,0.0,0.0,0.0,0.0,0.0,0.0,0.0,0.2,7.7,28.0,2.0,0.0,27.540135192226444,4.438635403464301,1.1010773130544995,21.741656104773977,18.998204478242503,Idle,Denial of Service,MHDDoS (TCP),Raspberry Pi 4B 4GB,nmon,1
17:52:31.000,0.0,0.0,0.0,1,0,76.8,0.0,0.0,0.0,0.0,0.0,-0.0,-0.0,-0.0,0.0,0.0,0.0,0.0,0.0,0.0,0.0,0.0,0.0,0.0,0.0,0.0,0.0,0.0,0.0,0.0,0.0,0.0,0.0,0.0,0.0,0.0,0.2,7.7,28.0,3.0,0.0,27.540135192226444,4.438635403464301,1.1010773130544995,21.741656104773977,18.98764258555133,Idle,Denial of Service,MHDDoS (TCP),Raspberry Pi 4B 4GB,nmon,1
17:52:32.000,0.0,0.0,2.0,1,0,354.2,2.0,0.0,0.0,0.0,0.0,-0.0,-0.0,-0.0,0.0,0.0,1.0,0.0,0.0,1.0,5.0,0.0,5.0,0.0,0.0,0.0,283.3,0.0,283.3,8.1,0.0,8.1,34.9,0.0,34.9,0.0,0.2,7.7,28.0,4.0,2.0,27.540135192226444,4.438635403464301,1.1010773130544995,21.741656104773977,18.98764258555133,Idle,Denial of Service,MHDDoS (TCP),Raspberry Pi 4B 4GB,nmon,1
17:52:33.000,0.0,0.2,0.0,1,0,49.9,0.0,0.0,0.0,0.0,0.0,-0.0,-0.0,-0.0,0.0,0.0,0.0,0.0,0.0,0.0,0.0,0.0,0.0,0.0,0.0,0.0,0.0,0.0,0.0,0.0,0.0,0.0,0.0,0.0,0.0,0.0,0.2,7.7,28.0,5.0,0.20000000000000284,27.540135192226444,4.438635403464301,1.1010773130544995,21.741656104773977,18.98764258555133,Idle,Denial of Service,MHDDoS (TCP),Raspberry Pi 4B 4GB,nmon,1
17:52:34.000,0.0,0.0,0.0,1,0,35.9,0.0,0.0,0.0,0.0,0.0,-0.0,-0.0,-0.0,0.0,0.0,0.0,0.0,0.0,0.0,0.0,0.0,0.0,0.0,0.0,0.0,0.0,0.0,0.0,0.0,0.0,0.0,0.0,0.0,0.0,0.0,0.2,7.7,28.0,6.0,0.0,27.540135192226444,4.438635403464301,1.1010773130544995,21.741656104773977,18.98764258555133,Idle,Denial of Service,MHDDoS (TCP),Raspberry Pi 4B 4GB,nmon,1
17:52:35.000,0.0,0.0,0.0,1,0,44.9,0.0,0.0,0.0,0.0,0.0,-0.0,-0.0,-0.0,0.0,0.0,0.0,0.0,0.0,0.0,0.0,0.0,0.0,0.0,0.0,0.0,0.0,0.0,0.0,0.0,0.0,0.0,0.0,0.0,0.0,0.0,0.2,7.7,28.0,7.0,0.0,27.540135192226444,4.438635403464301,1.1010773130544995,21.741656104773977,18.98764258555133,Idle,Denial of Service,MHDDoS (TCP),Raspberry Pi 4B 4GB,nmon,1
17:52:36.000,0.0,0.0,0.0,1,0,32.9,0.0,0.0,0.0,0.0,0.0,-0.0,-0.0,-0.0,0.0,0.0,0.0,0.0,0.0,0.0,0.0,0.0,0.0,0.0,0.0,0.0,0.0,0.0,0.0,0.0,0.0,0.0,0.0,0.0,0.0,0.0,0.2,7.7,28.0,8.0,0.0,27.540135192226444,4.438635403464301,1.1010773130544995,21.741656104773977,18.98764258555133,Idle,Denial of Service,MHDDoS (TCP),Raspberry Pi 4B 4GB,nmon,1
17:52:37.000,0.0,0.0,0.0,1,0,40.9,0.0,0.0,0.0,0.0,0.0,-0.0,-0.0,-0.0,0.0,0.0,0.0,0.0,0.0,0.0,0.0,0.0,0.0,0.0,0.0,0.0,0.0,0.0,0.0,0.0,0.0,0.0,0.0,0.0,0.0,0.0,0.2,7.7,28.0,9.0,0.0,27.540135192226444,4.438635403464301,1.1010773130544995,21.741656104773977,18.98764258555133,Idle,Denial of Service,MHDDoS (TCP),Raspberry Pi 4B 4GB,nmon,1
17:52:38.000,0.2,0.0,0.2,1,0,97.7,0.0,0.0,0.0,0.0,0.0,-0.0,-0.0,-0.0,0.0,0.0,0.0,0.0,0.0,0.0,0.0,0.0,1.0,0.0,0.0,0.0,23.9,0.0,23.9,6.0,0.0,6.0,4.0,0.0,4.0,0.0,0.2,7.7,28.0,10.0,0.5,27.540135192226444,4.438635403464301,1.1010773130544995,21.741656104773977,18.98764258555133,Idle,Denial of Service,MHDDoS (TCP),Raspberry Pi 4B 4GB,nmon,1
17:52:39.000,0.0,0.0,0.0,1,0,32.9,0.0,0.0,0.0,0.0,0.0,-0.0,-0.0,-0.0,0.0,0.0,0.0,0.0,0.0,0.0,0.0,0.0,0.0,0.0,0.0,0.0,0.0,0.0,0.0,0.0,0.0,0.0,0.0,0.0,0.0,0.0,0.2,7.7,28.0,11.0,0.0,27.540135192226444,4.438635403464301,1.1010773130544995,21.741656104773977,18.98764258555133,Idle,Denial of Service,MHDDoS (TCP),Raspberry Pi 4B 4GB,nmon,1
17:52:40.000,0.0,0.0,0.0,1,0,51.9,0.0,0.0,0.0,0.0,0.0,-0.0,-0.0,-0.0,0.0,0.0,0.0,0.0,0.0,0.0,0.0,0.0,0.0,0.0,0.0,0.0,0.0,0.0,0.0,0.0,0.0,0.0,0.0,0.0,0.0,0.0,0.2,7.7,28.0,12.0,0.0,27.540135192226444,4.438635403464301,1.1010773130544995,21.741656104773977,18.98764258555133,Idle,Denial of Service,MHDDoS (TCP),Raspberry Pi 4B 4GB,nmon,1
17:52:41.000,0.0,0.0,0.0,1,0,41.9,0.0,0.0,0.0,0.0,0.0,-0.0,-0.0,-0.0,0.0,0.0,0.0,0.0,0.0,0.0,0.0,0.0,0.0,0.0,0.0,0.0,0.0,0.0,0.0,0.0,0.0,0.0,0.0,0.0,0.0,0.0,0.2,7.7,28.0,13.0,0.0,27.540135192226444,4.438635403464301,1.1010773130544995,21.741656104773977,18.98764258555133,Idle,Denial of Service,MHDDoS (TCP),Raspberry Pi 4B 4GB,nmon,1
17:52:42.000,0.0,0.0,0.0,1,0,27.9,0.0,0.0,0.0,0.0,0.0,-0.0,-0.0,-0.0,0.0,0.0,0.0,0.0,0.0,0.0,0.0,0.0,0.0,0.0,0.0,0.0,0.0,0.0,0.0,0.0,0.0,0.0,0.0,0.0,0.0,0.0,0.2,7.7,28.0,14.0,0.0,27.540135192226444,4.438635403464301,1.1010773130544995,21.741656104773977,18.98764258555133,Idle,Denial of Service,MHDDoS (TCP),Raspberry Pi 4B 4GB,nmon,1
17:52:43.000,0.0,0.2,0.2,1,0,167.3,1.0,0.0,0.0,0.0,0.0,-0.0,-0.0,-0.0,0.0,0.0,0.0,0.0,0.0,0.0,3.0,0.0,2.0,0.0,0.0,0.0,139.5,0.0,139.5,8.2,0.0,8.2,16.9,0.0,16.9,0.0,0.2,7.7,28.0,15.0,0.5,27.540135192226444,4.438635403464301,1.1010773130544995,21.741656104773977,18.98764258555133,Idle,Denial of Service,MHDDoS (TCP),Raspberry Pi 4B 4GB,nmon,1
17:52:44.000,0.0,0.0,0.0,1,0,51.9,0.0,0.0,0.0,0.0,0.0,-0.0,-0.0,-0.0,0.0,0.0,0.0,0.0,0.0,0.0,1.0,0.0,1.0,0.0,0.0,0.0,8.0,0.0,8.0,4.0,0.0,4.0,2.0,0.0,2.0,0.0,0.2,7.7,28.0,16.0,0.0,27.540135192226444,4.438635403464301,1.1010773130544995,21.741656104773977,18.98764258555133,Idle,Denial of Service,MHDDoS (TCP),Raspberry Pi 4B 4GB,nmon,1
17:52:45.000,0.0,0.0,0.0,1,0,45.9,0.0,0.0,0.0,0.0,0.0,-0.0,-0.0,-0.0,0.0,0.0,0.0,0.0,0.0,0.0,0.0,0.0,0.0,0.0,0.0,0.0,0.0,0.0,0.0,0.0,0.0,0.0,0.0,0.0,0.0,0.0,0.2,7.7,28.0,17.0,0.0,27.540135192226444,4.438635403464301,1.1010773130544995,21.741656104773977,18.98764258555133,Idle,Denial of Service,MHDDoS (TCP),Raspberry Pi 4B 4GB,nmon,1
17:52:46.000,0.0,0.2,0.0,1,0,33.9,0.0,0.0,0.0,0.0,0.0,-0.0,-0.0,-0.0,0.0,0.0,0.0,0.0,0.0,0.0,0.0,0.0,0.0,0.0,0.0,0.0,0.0,0.0,0.0,0.0,0.0,0.0,0.0,0.0,0.0,0.0,0.2,7.7,28.0,18.0,0.20000000000000284,27.540135192226444,4.438635403464301,1.1010773130544995,21.741656104773977,18.98764258555133,Idle,Denial of Service,MHDDoS (TCP),Raspberry Pi 4B 4GB,nmon,1
17:52:47.000,0.0,0.0,0.0,1,0,64.9,0.0,0.0,0.0,0.0,0.1,-0.0,-0.0,-0.0,0.0,0.0,1.0,0.0,0.0,0.0,0.0,0.0,0.0,0.0,0.0,0.0,0.0,0.0,0.0,0.0,0.0,0.0,0.0,0.0,0.0,0.0,0.2,7.7,28.0,19.0,0.0,27.540135192226444,4.438635403464301,1.1010773130544995,21.741656104773977,18.98764258555133,Idle,Denial of Service,MHDDoS (TCP),Raspberry Pi 4B 4GB,nmon,1
17:52:48.000,0.0,0.0,0.2,1,0,71.7,0.0,0.0,0.0,0.0,0.0,-0.0,-0.0,-0.0,0.0,0.0,0.0,0.0,0.0,0.0,0.0,0.0,0.0,0.0,0.0,0.0,27.9,0.0,27.9,14.0,0.0,14.0,2.0,0.0,2.0,0.0,0.2,7.7,28.0,20.0,0.20000000000000284,27.540135192226444,4.438635403464301,1.1010773130544995,21.741656104773977,18.98764258555133,Idle,Denial of Service,MHDDoS (TCP),Raspberry Pi 4B 4GB,nmon,1
17:52:49.000,0.0,0.0,0.0,1,0,45.9,0.0,0.0,0.0,0.0,0.0,-0.0,-0.0,-0.0,0.0,0.0,0.0,0.0,0.0,0.0,0.0,0.0,0.0,0.0,0.0,0.0,0.0,0.0,0.0,0.0,0.0,0.0,0.0,0.0,0.0,0.0,0.2,7.7,28.0,21.0,0.0,27.540135192226444,4.438635403464301,1.1010773130544995,21.741656104773977,18.98764258555133,Idle,Denial of Service,MHDDoS (TCP),Raspberry Pi 4B 4GB,nmon,1
17:52:50.000,0.0,0.0,0.0,1,0,50.9,0.0,0.0,0.0,0.0,0.0,-0.0,-0.0,-0.0,0.0,0.0,0.0,0.0,0.0,0.0,0.0,0.0,0.0,0.0,0.0,0.0,8.0,0.0,8.0,4.0,0.0,4.0,2.0,0.0,2.0,0.0,0.2,7.7,28.0,22.0,0.0,27.540135192226444,4.438635403464301,1.1010773130544995,21.741656104773977,18.98764258555133,Idle,Denial of Service,MHDDoS (TCP),Raspberry Pi 4B 4GB,nmon,1
17:52:51.000,0.0,0.2,0.0,1,0,33.9,0.0,0.0,0.0,0.0,0.0,-0.0,-0.0,-0.0,0.0,0.0,0.0,0.0,0.0,0.0,0.0,0.0,0.0,0.0,0.0,0.0,0.0,0.0,0.0,0.0,0.0,0.0,0.0,0.0,0.0,0.0,0.2,7.7,28.0,23.0,0.20000000000000284,27.540135192226444,4.438635403464301,1.1010773130544995,21.741656104773977,18.98764258555133,Idle,Denial of Service,MHDDoS (TCP),Raspberry Pi 4B 4GB,nmon,1
17:52:52.000,0.0,0.0,0.0,1,0,28.9,0.0,0.0,0.0,0.0,0.0,-0.0,-0.0,-0.0,0.0,0.0,0.0,0.0,0.0,0.0,0.0,0.0,1.0,0.0,0.0,0.0,0.0,0.0,0.0,0.0,0.0,0.0,0.0,0.0,0.0,0.0,0.2,7.7,28.0,24.0,0.0,27.540135192226444,4.438635403464301,1.1010773130544995,21.741656104773977,18.98764258555133,Idle,Denial of Service,MHDDoS (TCP),Raspberry Pi 4B 4GB,nmon,1
17:52:53.000,0.0,0.0,0.0,1,0,66.7,0.0,0.0,0.0,0.0,0.0,-0.0,-0.0,-0.0,0.0,0.0,0.0,0.0,0.0,0.0,0.0,0.0,0.0,0.0,0.0,0.0,27.9,0.0,27.9,14.0,0.0,14.0,2.0,0.0,2.0,0.0,0.2,7.7,28.0,25.0,0.0,27.540135192226444,4.438635403464301,1.1010773130544995,21.741656104773977,18.98764258555133,Idle,Denial of Service,MHDDoS (TCP),Raspberry Pi 4B 4GB,nmon,1
17:52:54.000,0.2,0.2,0.2,1,0,122.7,1.0,0.0,0.0,0.0,0.0,-0.0,-0.0,-0.0,0.0,0.0,0.0,0.0,0.0,0.0,2.0,0.0,2.0,0.0,0.0,0.0,119.7,0.0,119.7,7.5,0.0,7.5,16.0,0.0,16.0,0.0,0.2,7.7,28.0,26.0,0.7000000000000028,27.540135192226444,4.438635403464301,1.1010773130544995,21.741656104773977,18.98764258555133,Idle,Denial of Service,MHDDoS (TCP),Raspberry Pi 4B 4GB,nmon,1
17:52:55.000,0.0,0.0,0.0,1,0,32.9,0.0,0.0,0.0,0.0,0.0,-0.0,-0.0,-0.0,0.0,0.0,0.0,0.0,0.0,0.0,0.0,0.0,0.0,0.0,0.0,0.0,0.0,0.0,0.0,0.0,0.0,0.0,0.0,0.0,0.0,0.0,0.2,7.7,28.0,27.0,0.0,27.540135192226444,4.438635403464301,1.1010773130544995,21.741656104773977,18.98764258555133,Idle,Denial of Service,MHDDoS (TCP),Raspberry Pi 4B 4GB,nmon,1
17:52:56.000,0.0,0.0,0.0,1,0,45.9,0.0,0.0,0.0,0.0,0.0,-0.0,-0.0,-0.0,0.0,0.0,0.0,0.0,0.0,0.0,0.0,0.0,0.0,0.0,0.0,0.0,8.0,0.0,8.0,8.0,0.0,8.0,1.0,0.0,1.0,0.0,0.2,7.7,28.0,28.0,0.0,27.540135192226444,4.438635403464301,1.1010773130544995,21.741656104773977,18.98764258555133,Idle,Denial of Service,MHDDoS (TCP),Raspberry Pi 4B 4GB,nmon,1
17:52:57.000,0.0,0.0,0.0,1,0,39.9,0.0,0.0,0.0,0.0,0.0,-0.0,-0.0,-0.0,0.0,0.0,0.0,0.0,0.0,0.0,0.0,0.0,0.0,0.0,0.0,0.0,0.0,0.0,0.0,0.0,0.0,0.0,0.0,0.0,0.0,0.0,0.2,7.7,28.0,29.0,0.0,27.540135192226444,4.438635403464301,1.1010773130544995,21.741656104773977,18.98764258555133,Idle,Denial of Service,MHDDoS (TCP),Raspberry Pi 4B 4GB,nmon,1
17:52:58.000,0.2,0.0,0.5,1,0,156.3,0.0,0.0,0.0,0.0,0.0,-0.0,-0.0,-0.0,0.0,0.0,0.0,0.0,0.0,0.0,4.0,0.0,3.0,0.0,0.0,0.0,143.4,0.0,143.4,5.3,0.0,5.3,26.9,0.0,26.9,0.0,0.2,7.7,28.0,30.0,0.7000000000000028,27.540135192226444,4.438635403464301,1.1010773130544995,21.741656104773977,18.98764258555133,Idle,Denial of Service,MHDDoS (TCP),Raspberry Pi 4B 4GB,nmon,1
17:52:59.000,0.0,0.0,0.0,1,0,35.9,0.0,0.0,0.0,0.0,0.0,-0.0,-0.0,-0.0,0.0,0.0,0.0,0.0,0.0,0.0,0.0,0.0,0.0,0.0,0.0,0.0,0.0,0.0,0.0,0.0,0.0,0.0,0.0,0.0,0.0,0.0,0.2,7.7,28.0,31.0,0.0,27.540135192226444,4.438635403464301,1.1010773130544995,21.741656104773977,18.98764258555133,Idle,Denial of Service,MHDDoS (TCP),Raspberry Pi 4B 4GB,nmon,1
17:53:00.000,0.0,0.0,0.0,1,0,52.9,0.0,0.0,0.0,0.0,0.0,-0.0,-0.0,-0.0,0.0,0.0,0.0,0.0,0.0,0.0,0.0,0.0,0.0,0.0,0.0,0.0,0.0,0.0,0.0,0.0,0.0,0.0,0.0,0.0,0.0,0.0,0.2,7.7,28.0,32.0,0.0,27.540135192226444,4.438635403464301,1.1010773130544995,21.74429657794677,18.98764258555133,Idle,Denial of Service,MHDDoS (TCP),Raspberry Pi 4B 4GB,nmon,1
17:53:01.000,0.0,0.0,0.0,1,0,63.9,0.0,0.0,0.0,0.0,0.0,-0.0,-0.0,-0.0,0.0,0.0,0.0,0.0,0.0,0.0,0.0,0.0,0.0,0.0,0.0,0.0,8.0,0.0,8.0,4.0,0.0,4.0,2.0,0.0,2.0,0.0,0.2,7.7,28.0,33.0,0.0,27.540135192226444,4.438635403464301,1.1010773130544995,21.74429657794677,18.98764258555133,Idle,Denial of Service,MHDDoS (TCP),Raspberry Pi 4B 4GB,nmon,1
17:53:02.000,0.0,0.2,0.0,1,0,39.9,0.0,0.0,0.0,0.0,0.0,-0.0,-0.0,-0.0,0.0,0.0,0.0,0.0,0.0,0.0,0.0,0.0,0.0,0.0,0.0,0.0,0.0,0.0,0.0,0.0,0.0,0.0,0.0,0.0,0.0,0.0,0.2,7.7,28.0,34.0,0.20000000000000284,27.540135192226444,4.438635403464301,1.1010773130544995,21.74429657794677,18.98764258555133,Idle,Denial of Service,MHDDoS (TCP),Raspberry Pi 4B 4GB,nmon,1
17:53:03.000,0.0,0.0,0.2,1,0,58.8,0.0,0.0,0.0,0.0,0.0,-0.0,-0.0,-0.0,0.0,0.0,0.0,0.0,0.0,0.0,0.0,0.0,1.0,0.0,0.0,0.0,39.8,0.0,39.8,20.0,0.0,20.0,2.0,0.0,2.0,0.0,0.2,7.7,28.0,35.0,0.20000000000000284,27.540135192226444,4.438635403464301,1.1010773130544995,21.74429657794677,18.98764258555133,Idle,Denial of Service,MHDDoS (TCP),Raspberry Pi 4B 4GB,nmon,1
17:53:04.000,0.0,0.0,0.0,1,0,31.9,0.0,0.0,0.0,0.0,0.0,-0.0,-0.0,-0.0,0.0,0.0,0.0,0.0,0.0,0.0,0.0,0.0,0.0,0.0,0.0,0.0,0.0,0.0,0.0,0.0,0.0,0.0,0.0,0.0,0.0,0.0,0.2,7.7,28.0,36.0,0.0,27.540135192226444,4.438635403464301,1.1010773130544995,21.74429657794677,18.98764258555133,Idle,Denial of Service,MHDDoS (TCP),Raspberry Pi 4B 4GB,nmon,1
17:53:05.000,0.0,0.0,0.2,1,0,108.8,0.0,0.0,0.0,0.0,0.0,-0.0,-0.0,-0.0,0.0,0.0,0.0,0.0,0.0,0.0,2.0,0.0,2.0,0.0,0.0,0.0,107.8,0.0,107.8,7.7,0.0,7.7,14.0,0.0,14.0,0.0,0.2,7.7,28.0,37.0,0.20000000000000284,27.540135192226444,4.438635403464301,1.1010773130544995,21.74429657794677,18.98764258555133,Idle,Denial of Service,MHDDoS (TCP),Raspberry Pi 4B 4GB,nmon,1
17:53:06.000,0.0,0.0,0.0,1,0,32.9,0.0,0.0,0.0,0.0,0.0,-0.0,-0.0,-0.0,0.0,0.0,0.0,0.0,0.0,0.0,0.0,0.0,0.0,0.0,0.0,0.0,0.0,0.0,0.0,0.0,0.0,0.0,0.0,0.0,0.0,0.0,0.2,7.7,28.0,38.0,0.0,27.540135192226444,4.438635403464301,1.1010773130544995,21.74429657794677,18.98764258555133,Idle,Denial of Service,MHDDoS (TCP),Raspberry Pi 4B 4GB,nmon,1
17:53:07.000,0.0,0.2,0.0,1,0,47.9,0.0,0.0,0.0,0.0,0.0,-0.0,-0.0,-0.0,0.0,0.0,0.0,0.0,0.0,0.0,1.0,0.0,0.0,0.0,0.0,0.0,31.9,0.0,31.9,8.0,0.0,8.0,4.0,0.0,4.0,0.0,0.2,7.7,28.0,39.0,0.20000000000000284,27.540135192226444,4.438635403464301,1.1010773130544995,21.74429657794677,18.98764258555133,Idle,Denial of Service,MHDDoS (TCP),Raspberry Pi 4B 4GB,nmon,1
17:53:08.000,0.0,0.0,0.0,1,0,54.7,0.0,0.0,0.0,0.0,0.0,-0.0,-0.0,-0.0,0.0,0.0,0.0,0.0,0.0,0.0,0.0,0.0,0.0,0.0,0.0,0.0,0.0,0.0,0.0,0.0,0.0,0.0,0.0,0.0,0.0,0.0,0.2,7.7,28.0,40.0,0.0,27.540135192226444,4.438635403464301,1.1010773130544995,21.74429657794677,18.98764258555133,Idle,Denial of Service,MHDDoS (TCP),Raspberry Pi 4B 4GB,nmon,1
17:53:09.000,0.0,0.0,0.0,1,0,41.9,0.0,0.0,0.0,0.0,0.0,-0.0,-0.0,-0.0,0.0,0.0,0.0,0.0,0.0,0.0,0.0,0.0,0.0,0.0,0.0,0.0,0.0,0.0,0.0,0.0,0.0,0.0,0.0,0.0,0.0,0.0,0.2,7.7,28.0,41.0,0.0,27.540135192226444,4.438635403464301,1.1010773130544995,21.74429657794677,18.98764258555133,Idle,Denial of Service,MHDDoS (TCP),Raspberry Pi 4B 4GB,nmon,1
17:53:10.000,0.0,0.0,0.0,1,0,41.9,0.0,0.0,0.0,0.0,0.0,-0.0,-0.0,-0.0,0.0,0.0,0.0,0.0,0.0,0.0,0.0,0.0,0.0,0.0,0.0,0.0,0.0,0.0,0.0,0.0,0.0,0.0,0.0,0.0,0.0,0.0,0.2,7.7,28.0,42.0,0.0,27.540135192226444,4.438635403464301,1.1010773130544995,21.74429657794677,18.98764258555133,Idle,Denial of Service,MHDDoS (TCP),Raspberry Pi 4B 4GB,nmon,1
17:53:11.000,0.0,0.0,0.0,1,0,34.9,0.0,0.0,0.0,0.0,0.0,-0.0,-0.0,-0.0,0.0,0.0,0.0,0.0,0.0,0.0,0.0,0.0,0.0,0.0,0.0,0.0,0.0,0.0,0.0,0.0,0.0,0.0,0.0,0.0,0.0,0.0,0.2,7.7,28.0,43.0,0.0,27.540135192226444,4.438635403464301,1.1010773130544995,21.74429657794677,18.98764258555133,Idle,Denial of Service,MHDDoS (TCP),Raspberry Pi 4B 4GB,nmon,1
17:53:12.000,0.0,0.0,0.2,1,0,66.9,0.0,0.0,0.0,0.0,0.0,-0.0,-0.0,-0.0,0.0,0.0,0.0,0.0,0.0,0.0,0.0,0.0,1.0,0.0,0.0,0.0,31.9,0.0,31.9,10.7,0.0,10.7,3.0,0.0,3.0,0.0,0.2,7.7,28.0,44.0,0.20000000000000284,27.540135192226444,4.438635403464301,1.1010773130544995,21.74429657794677,18.98764258555133,Idle,Denial of Service,MHDDoS (TCP),Raspberry Pi 4B 4GB,nmon,1
17:53:13.000,0.0,0.2,0.0,1,0,41.9,0.0,0.0,0.0,0.0,0.0,-0.0,-0.0,-0.0,0.0,0.0,0.0,0.0,0.0,0.0,0.0,0.0,0.0,0.0,0.0,0.0,0.0,0.0,0.0,0.0,0.0,0.0,0.0,0.0,0.0,0.0,0.2,7.7,28.0,45.0,0.20000000000000284,27.540135192226444,4.438635403464301,1.1010773130544995,21.74429657794677,18.98764258555133,Idle,Denial of Service,MHDDoS (TCP),Raspberry Pi 4B 4GB,nmon,1
17:53:14.000,0.0,0.0,0.0,1,0,32.9,0.0,0.0,0.0,0.0,0.0,-0.0,-0.0,-0.0,0.0,0.0,0.0,0.0,0.0,0.0,0.0,0.0,0.0,0.0,0.0,0.0,0.0,0.0,0.0,0.0,0.0,0.0,0.0,0.0,0.0,0.0,0.2,7.7,28.0,46.0,0.0,27.540135192226444,4.438635403464301,1.1010773130544995,21.74429657794677,18.98764258555133,Idle,Denial of Service,MHDDoS (TCP),Raspberry Pi 4B 4GB,nmon,1
17:53:15.000,0.0,0.0,0.0,1,0,59.9,1.0,0.0,0.0,0.0,0.0,-0.0,-0.0,-0.0,0.0,0.0,0.0,0.0,0.0,0.0,0.0,0.0,0.0,0.0,0.0,0.0,0.0,0.0,0.0,0.0,0.0,0.0,0.0,0.0,0.0,0.0,0.2,7.7,28.0,47.0,0.0,27.540135192226444,4.438635403464301,1.1010773130544995,21.74429657794677,18.98764258555133,Idle,Denial of Service,MHDDoS (TCP),Raspberry Pi 4B 4GB,nmon,1
17:53:16.000,0.0,0.0,0.0,1,0,40.9,0.0,0.0,0.0,0.0,0.0,-0.0,-0.0,-0.0,0.0,0.0,0.0,0.0,0.0,0.0,0.0,0.0,0.0,0.0,0.0,0.0,0.0,0.0,0.0,0.0,0.0,0.0,0.0,0.0,0.0,0.0,0.2,7.7,28.0,48.0,0.0,27.540135192226444,4.438635403464301,1.1010773130544995,21.74429657794677,18.98764258555133,Idle,Denial of Service,MHDDoS (TCP),Raspberry Pi 4B 4GB,nmon,1
17:53:18.000,0.2,0.0,0.0,1,0,44.9,0.0,0.0,0.0,0.0,0.0,-0.0,-0.0,-0.0,0.0,0.0,0.0,0.0,0.0,0.0,0.0,0.0,0.0,0.0,0.0,0.0,0.0,0.0,0.0,0.0,0.0,0.0,0.0,0.0,0.0,0.0,0.2,7.7,28.0,50.0,0.20000000000000284,27.540135192226444,4.438635403464301,1.1010773130544995,21.74429657794677,18.98764258555133,Idle,Denial of Service,MHDDoS (TCP),Raspberry Pi 4B 4GB,nmon,1
17:53:19.000,0.0,0.0,0.2,1,0,68.8,0.0,0.0,0.0,0.0,0.0,-0.0,-0.0,-0.0,0.0,0.0,0.0,0.0,0.0,0.0,1.0,0.0,0.0,0.0,0.0,0.0,23.9,0.0,23.9,8.0,0.0,8.0,3.0,0.0,3.0,0.0,0.2,7.7,28.0,51.0,0.20000000000000284,27.540135192226444,4.438635403464301,1.1010773130544995,21.74429657794677,18.98764258555133,Idle,Denial of Service,MHDDoS (TCP),Raspberry Pi 4B 4GB,nmon,1
17:53:20.000,0.0,0.0,0.0,1,0,40.9,0.0,0.0,0.0,0.0,0.0,-0.0,-0.0,-0.0,0.0,0.0,0.0,0.0,0.0,0.0,0.0,0.0,0.0,0.0,0.0,0.0,0.0,0.0,0.0,0.0,0.0,0.0,0.0,0.0,0.0,0.0,0.2,7.7,28.0,52.0,0.0,27.540135192226444,4.438635403464301,1.1010773130544995,21.74429657794677,18.98764258555133,Idle,Denial of Service,MHDDoS (TCP),Raspberry Pi 4B 4GB,nmon,1
17:53:21.000,0.0,0.2,0.0,1,0,43.9,0.0,0.0,0.0,0.0,0.0,-0.0,-0.0,-0.0,0.0,0.0,0.0,0.0,0.0,0.0,0.0,0.0,0.0,0.0,0.0,0.0,0.0,0.0,0.0,0.0,0.0,0.0,0.0,0.0,0.0,0.0,0.2,7.7,28.0,53.0,0.20000000000000284,27.540135192226444,4.438635403464301,1.1010773130544995,21.74429657794677,18.98764258555133,Idle,Denial of Service,MHDDoS (TCP),Raspberry Pi 4B 4GB,nmon,1
17:53:22.000,0.0,0.0,0.0,1,0,44.9,0.0,0.0,0.0,0.0,0.0,-0.0,-0.0,-0.0,0.0,0.0,0.0,0.0,0.0,0.0,0.0,0.0,0.0,0.0,0.0,0.0,0.0,0.0,0.0,0.0,0.0,0.0,0.0,0.0,0.0,0.0,0.2,7.7,28.0,54.0,0.0,27.540135192226444,4.438635403464301,1.1010773130544995,21.74429657794677,18.98764258555133,Idle,Denial of Service,MHDDoS (TCP),Raspberry Pi 4B 4GB,nmon,1
17:53:23.000,0.0,0.0,0.0,1,0,29.9,0.0,0.0,0.0,0.0,0.0,-0.0,-0.0,-0.0,0.0,0.0,0.0,0.0,0.0,0.0,0.0,0.0,0.0,0.0,0.0,0.0,0.0,0.0,0.0,0.0,0.0,0.0,0.0,0.0,0.0,0.0,0.2,7.7,28.0,55.0,0.0,27.540135192226444,4.438635403464301,1.1010773130544995,21.74429657794677,18.98764258555133,Idle,Denial of Service,MHDDoS (TCP),Raspberry Pi 4B 4GB,nmon,1
17:53:24.000,0.0,0.0,0.2,1,0,127.5,0.0,0.0,0.0,0.0,0.0,-0.0,-0.0,-0.0,0.0,0.0,0.0,0.0,0.0,0.0,2.0,0.0,3.0,0.0,0.0,0.0,139.5,0.0,139.5,8.2,0.0,8.2,16.9,0.0,16.9,0.0,0.2,7.7,28.0,56.0,0.20000000000000284,27.540135192226444,4.438635403464301,1.1010773130544995,21.74429657794677,18.98764258555133,Idle,Denial of Service,MHDDoS (TCP),Raspberry Pi 4B 4GB,nmon,1
17:53:25.000,0.0,0.2,0.0,1,0,47.9,0.0,0.0,0.0,0.0,0.0,-0.0,-0.0,-0.0,0.0,0.0,0.0,0.0,0.0,0.0,0.0,0.0,0.0,0.0,0.0,0.0,8.0,0.0,8.0,4.0,0.0,4.0,2.0,0.0,2.0,0.0,0.2,7.7,28.0,57.0,0.20000000000000284,27.540135192226444,4.438635403464301,1.1010773130544995,21.74429657794677,18.98764258555133,Idle,Denial of Service,MHDDoS (TCP),Raspberry Pi 4B 4GB,nmon,1
17:53:26.000,0.0,0.0,0.0,1,0,41.9,0.0,0.0,0.0,0.0,0.0,-0.0,-0.0,-0.0,0.0,0.0,0.0,0.0,0.0,0.0,0.0,0.0,0.0,0.0,0.0,0.0,0.0,0.0,0.0,0.0,0.0,0.0,0.0,0.0,0.0,0.0,0.2,7.7,28.0,58.0,0.0,27.540135192226444,4.438635403464301,1.1010773130544995,21.74429657794677,18.98764258555133,Idle,Denial of Service,MHDDoS (TCP),Raspberry Pi 4B 4GB,nmon,1
17:53:27.000,0.0,0.0,0.0,1,0,31.9,0.0,0.0,0.0,0.0,0.0,-0.0,-0.0,-0.0,0.0,0.0,0.0,0.0,0.0,0.0,0.0,0.0,0.0,0.0,0.0,0.0,0.0,0.0,0.0,0.0,0.0,0.0,0.0,0.0,0.0,0.0,0.2,7.7,28.0,59.0,0.0,27.540135192226444,4.438635403464301,1.1010773130544995,21.74429657794677,18.98764258555133,Idle,Denial of Service,MHDDoS (TCP),Raspberry Pi 4B 4GB,nmon,1
17:53:28.000,0.2,0.0,0.0,1,0,33.9,0.0,0.0,0.0,0.0,0.0,-0.0,-0.0,-0.0,0.0,0.0,0.0,0.0,0.0,0.0,0.0,0.0,0.0,0.0,0.0,0.0,0.0,0.0,0.0,0.0,0.0,0.0,0.0,0.0,0.0,0.0,0.2,7.7,28.0,60.0,0.20000000000000284,27.540135192226444,4.438635403464301,1.1010773130544995,21.74429657794677,18.98764258555133,Idle,Denial of Service,MHDDoS (TCP),Raspberry Pi 4B 4GB,nmon,1
17:53:29.000,0.0,0.0,0.2,1,0,52.8,0.0,0.0,0.0,0.0,0.0,-0.0,-0.0,-0.0,0.0,0.0,0.0,0.0,0.0,0.0,1.0,0.0,0.0,0.0,0.0,0.0,23.9,0.0,23.9,12.0,0.0,12.0,2.0,0.0,2.0,0.0,0.2,7.7,28.0,61.0,0.20000000000000284,27.540135192226444,4.438635403464301,1.1010773130544995,21.74429657794677,18.98764258555133,Idle,Denial of Service,MHDDoS (TCP),Raspberry Pi 4B 4GB,nmon,1
17:53:30.000,0.0,0.0,0.0,1,0,43.9,0.0,0.0,0.0,0.0,0.0,-0.0,-0.0,-0.0,0.0,0.0,0.0,0.0,0.0,0.0,0.0,0.0,0.0,0.0,0.0,0.0,0.0,0.0,0.0,0.0,0.0,0.0,0.0,0.0,0.0,0.0,0.2,7.7,28.0,62.0,0.0,27.540135192226444,4.438635403464301,1.1010773130544995,21.74429657794677,18.98764258555133,Idle,Denial of Service,MHDDoS (TCP),Raspberry Pi 4B 4GB,nmon,1
17:53:31.000,0.0,0.0,0.0,1,0,43.9,0.0,0.0,0.0,0.0,0.0,-0.0,-0.0,-0.0,0.0,0.0,0.0,0.0,0.0,0.0,0.0,0.0,1.0,0.0,0.0,0.0,8.0,0.0,8.0,8.0,0.0,8.0,1.0,0.0,1.0,0.0,0.2,7.7,28.0,63.0,0.0,27.540135192226444,4.438635403464301,1.1010773130544995,21.74429657794677,18.98764258555133,Idle,Denial of Service,MHDDoS (TCP),Raspberry Pi 4B 4GB,nmon,1
17:53:32.000,0.0,0.0,0.0,1,0,41.9,0.0,0.0,0.0,0.0,0.0,-0.0,-0.0,-0.0,0.0,0.0,0.0,0.0,0.0,0.0,0.0,0.0,0.0,0.0,0.0,0.0,0.0,0.0,0.0,0.0,0.0,0.0,0.0,0.0,0.0,0.0,0.2,7.7,28.0,64.0,0.0,27.540135192226444,4.438635403464301,1.1010773130544995,21.74429657794677,18.98764258555133,Idle,Denial of Service,MHDDoS (TCP),Raspberry Pi 4B 4GB,nmon,1
17:53:33.000,0.0,0.0,0.0,1,0,33.9,0.0,0.0,0.0,0.0,0.0,-0.0,-0.0,-0.0,0.0,0.0,0.0,0.0,0.0,0.0,0.0,0.0,0.0,0.0,0.0,0.0,0.0,0.0,0.0,0.0,0.0,0.0,0.0,0.0,0.0,0.0,0.2,7.7,28.0,65.0,0.0,27.540135192226444,4.438635403464301,1.1010773130544995,21.74429657794677,18.98764258555133,Idle,Denial of Service,MHDDoS (TCP),Raspberry Pi 4B 4GB,nmon,1
17:53:34.000,0.0,0.0,0.0,1,0,96.7,0.0,0.0,0.0,0.0,0.0,-0.0,-0.0,-0.0,0.0,0.0,0.0,0.0,0.0,0.0,1.0,0.0,1.0,0.0,0.0,0.0,51.8,0.0,51.8,7.4,0.0,7.4,7.0,0.0,7.0,0.0,0.2,7.7,28.0,66.0,0.0,27.540135192226444,4.438635403464301,1.1010773130544995,21.74429657794677,18.98764258555133,Idle,Denial of Service,MHDDoS (TCP),Raspberry Pi 4B 4GB,nmon,1
17:53:35.000,0.0,0.0,0.0,1,0,30.9,0.0,0.0,0.0,0.0,0.0,-0.0,-0.0,-0.0,0.0,0.0,0.0,0.0,0.0,0.0,0.0,0.0,0.0,0.0,0.0,0.0,0.0,0.0,0.0,0.0,0.0,0.0,0.0,0.0,0.0,0.0,0.2,7.7,28.0,67.0,0.0,27.540135192226444,4.438635403464301,1.1010773130544995,21.74429657794677,18.98764258555133,Idle,Denial of Service,MHDDoS (TCP),Raspberry Pi 4B 4GB,nmon,1
17:53:36.000,0.2,0.0,0.0,1,0,39.9,0.0,0.0,0.0,0.0,0.0,-0.0,-0.0,-0.0,0.0,0.0,0.0,0.0,0.0,0.0,0.0,0.0,0.0,0.0,0.0,0.0,0.0,0.0,0.0,0.0,0.0,0.0,0.0,0.0,0.0,0.0,0.2,7.7,28.0,68.0,0.20000000000000284,27.540135192226444,4.438635403464301,1.1010773130544995,21.74429657794677,18.98764258555133,Idle,Denial of Service,MHDDoS (TCP),Raspberry Pi 4B 4GB,nmon,1
17:53:37.000,0.0,0.0,0.0,1,0,40.9,0.0,0.0,0.0,0.0,0.0,-0.0,-0.0,-0.0,0.0,0.0,0.0,0.0,0.0,0.0,0.0,0.0,0.0,0.0,0.0,0.0,8.0,0.0,8.0,8.0,0.0,8.0,1.0,0.0,1.0,0.0,0.2,7.7,28.0,69.0,0.0,27.540135192226444,4.438635403464301,1.1010773130544995,21.74429657794677,18.98764258555133,Idle,Denial of Service,MHDDoS (TCP),Raspberry Pi 4B 4GB,nmon,1
17:53:38.000,0.0,0.0,0.0,1,0,43.9,0.0,0.0,0.0,0.0,0.0,-0.0,-0.0,-0.0,0.0,0.0,0.0,0.0,0.0,0.0,0.0,0.0,0.0,0.0,0.0,0.0,0.0,0.0,0.0,0.0,0.0,0.0,0.0,0.0,0.0,0.0,0.2,7.7,28.0,70.0,0.0,27.540135192226444,4.438635403464301,1.1010773130544995,21.74429657794677,18.98764258555133,Idle,Denial of Service,MHDDoS (TCP),Raspberry Pi 4B 4GB,nmon,1
17:53:39.000,0.0,0.0,0.5,1,0,125.5,0.0,0.0,0.0,0.0,0.0,-0.0,-0.0,-0.0,0.0,0.0,0.0,0.0,0.0,0.0,2.0,0.0,2.0,0.0,0.0,0.0,139.5,0.0,139.5,8.2,0.0,8.2,16.9,0.0,16.9,0.0,0.2,7.7,28.0,71.0,0.5,27.540135192226444,4.438635403464301,1.1010773130544995,21.74429657794677,18.98764258555133,Idle,Denial of Service,MHDDoS (TCP),Raspberry Pi 4B 4GB,nmon,1
17:53:40.000,0.2,0.5,0.0,2,0,116.7,7.0,0.0,0.0,0.0,0.0,-0.0,-0.0,-0.0,0.0,0.0,0.0,0.0,0.0,0.0,0.0,0.0,0.0,0.0,0.0,0.0,0.0,0.0,0.0,0.0,0.0,0.0,0.0,0.0,0.0,0.0,0.2,7.7,28.0,72.0,0.7999999999999972,27.540135192226444,4.438635403464301,1.1010773130544995,21.74429657794677,18.99556400506971,Idle,Denial of Service,MHDDoS (TCP),Raspberry Pi 4B 4GB,nmon,1
17:53:41.000,0.0,0.0,0.0,1,0,32.9,0.0,0.0,0.0,0.0,0.0,-0.0,-0.0,-0.0,0.0,0.0,0.0,0.0,0.0,0.0,0.0,0.0,0.0,0.0,0.0,0.0,0.0,0.0,0.0,0.0,0.0,0.0,0.0,0.0,0.0,0.0,0.2,7.7,28.0,73.0,0.0,27.540135192226444,4.438635403464301,1.1010773130544995,21.74429657794677,18.98764258555133,Idle,Denial of Service,MHDDoS (TCP),Raspberry Pi 4B 4GB,nmon,1
17:53:42.000,0.0,0.0,0.0,1,0,57.9,0.0,0.0,0.0,0.0,0.0,-0.0,-0.0,-0.0,0.0,0.0,0.0,0.0,0.0,0.0,0.0,0.0,0.0,0.0,0.0,0.0,0.0,0.0,0.0,0.0,0.0,0.0,0.0,0.0,0.0,0.0,0.2,7.7,28.0,74.0,0.0,27.540135192226444,4.438635403464301,1.1010773130544995,21.74429657794677,18.98764258555133,Idle,Denial of Service,MHDDoS (TCP),Raspberry Pi 4B 4GB,nmon,1
17:53:43.000,0.0,0.0,0.0,1,0,49.9,0.0,0.0,0.0,0.0,0.0,-0.0,-0.0,-0.0,0.0,0.0,0.0,0.0,0.0,0.0,1.0,0.0,0.0,0.0,0.0,0.0,8.0,0.0,8.0,8.0,0.0,8.0,1.0,0.0,1.0,0.0,0.2,7.7,28.0,75.0,0.0,27.540135192226444,4.438635403464301,1.1010773130544995,21.74429657794677,18.98764258555133,Idle,Denial of Service,MHDDoS (TCP),Raspberry Pi 4B 4GB,nmon,1
17:53:44.000,0.0,0.2,0.0,1,0,55.9,0.0,0.0,0.0,0.0,0.0,-0.0,-0.0,-0.0,0.0,0.0,0.0,0.0,0.0,0.0,0.0,0.0,0.0,0.0,0.0,0.0,31.9,0.0,31.9,16.0,0.0,16.0,2.0,0.0,2.0,0.0,0.2,7.7,28.0,76.0,0.20000000000000284,27.540135192226444,4.438635403464301,1.1010773130544995,21.74429657794677,18.98764258555133,Idle,Denial of Service,MHDDoS (TCP),Raspberry Pi 4B 4GB,nmon,1
17:53:45.000,0.0,0.0,0.0,1,0,33.9,0.0,0.0,0.0,0.0,0.0,-0.0,-0.0,-0.0,0.0,0.0,0.0,0.0,0.0,0.0,0.0,0.0,0.0,0.0,0.0,0.0,0.0,0.0,0.0,0.0,0.0,0.0,0.0,0.0,0.0,0.0,0.2,7.7,28.0,77.0,0.0,27.540135192226444,4.438635403464301,1.1010773130544995,21.74429657794677,18.98764258555133,Idle,Denial of Service,MHDDoS (TCP),Raspberry Pi 4B 4GB,nmon,1
17:53:46.000,0.2,0.0,0.0,1,0,25.9,0.0,0.0,0.0,0.0,0.0,-0.0,-0.0,-0.0,0.0,0.0,0.0,0.0,0.0,0.0,0.0,0.0,0.0,0.0,0.0,0.0,0.0,0.0,0.0,0.0,0.0,0.0,0.0,0.0,0.0,0.0,0.2,7.7,28.0,78.0,0.20000000000000284,27.540135192226444,4.438635403464301,1.1010773130544995,21.74429657794677,18.98764258555133,Idle,Denial of Service,MHDDoS (TCP),Raspberry Pi 4B 4GB,nmon,1
17:53:47.000,0.0,0.0,0.0,1,0,29.9,0.0,0.0,0.0,0.0,0.0,-0.0,-0.0,-0.0,0.0,0.0,0.0,0.0,0.0,0.0,0.0,0.0,0.0,0.0,0.0,0.0,0.0,0.0,0.0,0.0,0.0,0.0,0.0,0.0,0.0,0.0,0.2,7.7,28.0,79.0,0.0,27.540135192226444,4.438635403464301,1.1010773130544995,21.74429657794677,18.98764258555133,Idle,Denial of Service,MHDDoS (TCP),Raspberry Pi 4B 4GB,nmon,1
17:53:48.000,0.0,0.0,0.0,1,0,35.9,0.0,0.0,0.0,0.0,0.0,-0.0,-0.0,-0.0,0.0,0.0,0.0,0.0,0.0,0.0,0.0,0.0,0.0,0.0,0.0,0.0,0.0,0.0,0.0,0.0,0.0,0.0,0.0,0.0,0.0,0.0,0.2,7.7,28.0,80.0,0.0,27.540135192226444,4.438635403464301,1.1010773130544995,21.74429657794677,18.98764258555133,Idle,Denial of Service,MHDDoS (TCP),Raspberry Pi 4B 4GB,nmon,1
17:53:49.000,0.0,0.0,0.2,1,0,64.8,0.0,0.0,0.0,0.0,0.0,-0.0,-0.0,-0.0,0.0,0.0,0.0,0.0,0.0,0.0,0.0,0.0,1.0,0.0,0.0,0.0,19.9,0.0,19.9,6.7,0.0,6.7,3.0,0.0,3.0,0.0,0.2,7.7,28.0,81.0,0.20000000000000284,27.540135192226444,4.438635403464301,1.1010773130544995,21.74429657794677,18.98764258555133,Idle,Denial of Service,MHDDoS (TCP),Raspberry Pi 4B 4GB,nmon,1
17:53:50.000,0.0,0.0,0.0,1,0,45.9,0.0,0.0,0.0,0.0,0.0,-0.0,-0.0,-0.0,0.0,0.0,0.0,0.0,0.0,0.0,0.0,0.0,0.0,0.0,0.0,0.0,0.0,0.0,0.0,0.0,0.0,0.0,0.0,0.0,0.0,0.0,0.2,7.7,28.0,82.0,0.0,27.540135192226444,4.438635403464301,1.1010773130544995,21.74429657794677,18.98764258555133,Idle,Denial of Service,MHDDoS (TCP),Raspberry Pi 4B 4GB,nmon,1
17:53:51.000,0.0,0.0,0.0,1,0,27.9,0.0,0.0,0.0,0.0,0.0,-0.0,-0.0,-0.0,0.0,0.0,0.0,0.0,0.0,0.0,0.0,0.0,0.0,0.0,0.0,0.0,0.0,0.0,0.0,0.0,0.0,0.0,0.0,0.0,0.0,0.0,0.2,7.7,28.0,83.0,0.0,27.540135192226444,4.438635403464301,1.1010773130544995,21.74429657794677,18.98764258555133,Idle,Denial of Service,MHDDoS (TCP),Raspberry Pi 4B 4GB,nmon,1
17:53:52.000,0.0,0.0,0.0,1,0,45.9,0.0,0.0,0.0,0.0,0.0,-0.0,-0.0,-0.0,0.0,0.0,0.0,0.0,0.0,0.0,0.0,0.0,0.0,0.0,0.0,0.0,0.0,0.0,0.0,0.0,0.0,0.0,0.0,0.0,0.0,0.0,0.2,7.7,28.0,84.0,0.0,27.540135192226444,4.438635403464301,1.1010773130544995,21.74429657794677,18.98764258555133,Idle,Denial of Service,MHDDoS (TCP),Raspberry Pi 4B 4GB,nmon,1
17:53:53.000,0.0,0.0,0.0,1,0,28.9,0.0,0.0,0.0,0.0,0.0,-0.0,-0.0,-0.0,0.0,0.0,0.0,0.0,0.0,0.0,0.0,0.0,0.0,0.0,0.0,0.0,0.0,0.0,0.0,0.0,0.0,0.0,0.0,0.0,0.0,0.0,0.2,7.7,28.0,85.0,0.0,27.540135192226444,4.438635403464301,1.1010773130544995,21.74429657794677,18.990283058724124,Idle,Denial of Service,MHDDoS (TCP),Raspberry Pi 4B 4GB,nmon,1
17:53:54.000,0.0,0.0,0.2,1,0,62.8,0.0,0.0,0.0,0.0,0.0,-0.0,-0.0,-0.0,0.0,0.0,0.0,0.0,0.0,0.0,1.0,0.0,0.0,0.0,0.0,0.0,23.9,0.0,23.9,12.0,0.0,12.0,2.0,0.0,2.0,0.0,0.2,7.7,28.0,86.0,0.20000000000000284,27.540135192226444,4.438635403464301,1.1010773130544995,21.74429657794677,18.990283058724124,Idle,Denial of Service,MHDDoS (TCP),Raspberry Pi 4B 4GB,nmon,1
17:53:55.000,0.0,0.0,0.0,1,0,43.9,0.0,0.0,0.0,0.0,0.0,-0.0,-0.0,-0.0,0.0,0.0,0.0,0.0,0.0,0.0,0.0,0.0,0.0,0.0,0.0,0.0,8.0,0.0,8.0,8.0,0.0,8.0,1.0,0.0,1.0,0.0,0.2,7.7,28.0,87.0,0.0,27.540135192226444,4.438635403464301,1.1010773130544995,21.74429657794677,18.990283058724124,Idle,Denial of Service,MHDDoS (TCP),Raspberry Pi 4B 4GB,nmon,1
17:53:56.000,0.0,0.2,0.0,1,0,34.9,0.0,0.0,0.0,0.0,0.0,-0.0,-0.0,-0.0,0.0,0.0,0.0,0.0,0.0,0.0,0.0,0.0,0.0,0.0,0.0,0.0,0.0,0.0,0.0,0.0,0.0,0.0,0.0,0.0,0.0,0.0,0.2,7.7,28.0,88.0,0.20000000000000284,27.540135192226444,4.438635403464301,1.1010773130544995,21.74429657794677,18.990283058724124,Idle,Denial of Service,MHDDoS (TCP),Raspberry Pi 4B 4GB,nmon,1
17:53:57.000,0.0,0.0,0.0,1,0,30.9,0.0,0.0,0.0,0.0,0.0,-0.0,-0.0,-0.0,0.0,0.0,0.0,0.0,0.0,0.0,0.0,0.0,0.0,0.0,0.0,0.0,0.0,0.0,0.0,0.0,0.0,0.0,0.0,0.0,0.0,0.0,0.2,7.7,28.0,89.0,0.0,27.540135192226444,4.438635403464301,1.1010773130544995,21.74429657794677,18.990283058724124,Idle,Denial of Service,MHDDoS (TCP),Raspberry Pi 4B 4GB,nmon,1
17:53:58.000,0.0,0.0,0.0,1,0,44.9,0.0,0.0,0.0,0.0,0.0,-0.0,-0.0,-0.0,0.0,0.0,0.0,0.0,0.0,0.0,0.0,0.0,0.0,0.0,0.0,0.0,0.0,0.0,0.0,0.0,0.0,0.0,0.0,0.0,0.0,0.0,0.2,7.7,28.0,90.0,0.0,27.540135192226444,4.438635403464301,1.1010773130544995,21.74429657794677,18.990283058724124,Idle,Denial of Service,MHDDoS (TCP),Raspberry Pi 4B 4GB,nmon,1
17:53:59.000,0.0,0.0,0.0,1,0,52.8,0.0,0.0,0.0,0.0,0.0,-0.0,-0.0,-0.0,0.0,0.0,0.0,0.0,0.0,0.0,0.0,0.0,1.0,0.0,0.0,0.0,23.9,0.0,23.9,12.0,0.0,12.0,2.0,0.0,2.0,0.0,0.2,7.7,28.0,91.0,0.0,27.540135192226444,4.438635403464301,1.1010773130544995,21.74429657794677,18.990283058724124,Idle,Denial of Service,MHDDoS (TCP),Raspberry Pi 4B 4GB,nmon,1
17:54:00.000,0.0,0.0,0.0,1,0,37.9,0.0,0.0,0.0,0.0,0.0,-0.0,-0.0,-0.0,0.0,0.0,0.0,0.0,0.0,0.0,0.0,0.0,0.0,0.0,0.0,0.0,0.0,0.0,0.0,0.0,0.0,0.0,0.0,0.0,0.0,0.0,0.2,7.7,28.0,92.0,0.0,27.540135192226444,4.438635403464301,1.1010773130544995,21.74429657794677,18.990283058724124,Idle,Denial of Service,MHDDoS (TCP),Raspberry Pi 4B 4GB,nmon,1
17:54:01.000,0.0,0.2,0.0,1,0,41.9,0.0,0.0,0.0,0.0,0.0,-0.0,-0.0,-0.0,0.0,0.0,0.0,0.0,0.0,0.0,0.0,0.0,0.0,0.0,0.0,0.0,8.0,0.0,8.0,8.0,0.0,8.0,1.0,0.0,1.0,0.0,0.2,7.7,28.0,93.0,0.20000000000000284,27.540135192226444,4.438635403464301,1.1010773130544995,21.74429657794677,18.990283058724124,Idle,Denial of Service,MHDDoS (TCP),Raspberry Pi 4B 4GB,nmon,1
17:54:02.000,0.0,0.0,0.0,1,0,54.9,0.0,0.0,0.0,0.0,0.0,-0.0,-0.0,-0.0,0.0,0.0,0.0,0.0,0.0,0.0,0.0,0.0,0.0,0.0,0.0,0.0,0.0,0.0,0.0,0.0,0.0,0.0,0.0,0.0,0.0,0.0,0.2,7.7,28.0,94.0,0.0,27.540135192226444,4.438635403464301,1.1010773130544995,21.74429657794677,18.990283058724124,Idle,Denial of Service,MHDDoS (TCP),Raspberry Pi 4B 4GB,nmon,1
17:54:03.000,0.2,0.0,0.0,1,0,35.9,0.0,0.0,0.0,0.0,0.0,-0.0,-0.0,-0.0,0.0,0.0,0.0,0.0,0.0,0.0,0.0,0.0,0.0,0.0,0.0,0.0,0.0,0.0,0.0,0.0,0.0,0.0,0.0,0.0,0.0,0.0,0.2,7.7,28.0,95.0,0.20000000000000284,27.540135192226444,4.438635403464301,1.1010773130544995,21.74429657794677,18.990283058724124,Idle,Denial of Service,MHDDoS (TCP),Raspberry Pi 4B 4GB,nmon,1
17:54:04.000,0.0,0.0,0.2,1,0,56.8,0.0,0.0,0.0,0.0,0.0,-0.0,-0.0,-0.0,0.0,0.0,0.0,0.0,0.0,0.0,0.0,0.0,0.0,0.0,0.0,0.0,23.9,0.0,23.9,12.0,0.0,12.0,2.0,0.0,2.0,0.0,0.2,7.7,28.0,96.0,0.20000000000000284,27.540135192226444,4.438635403464301,1.1010773130544995,21.74429657794677,18.990283058724124,Idle,Denial of Service,MHDDoS (TCP),Raspberry Pi 4B 4GB,nmon,1
17:54:05.000,0.0,0.0,0.0,1,0,32.9,0.0,0.0,0.0,0.0,0.0,-0.0,-0.0,-0.0,0.0,0.0,0.0,0.0,0.0,0.0,0.0,0.0,0.0,0.0,0.0,0.0,0.0,0.0,0.0,0.0,0.0,0.0,0.0,0.0,0.0,0.0,0.2,7.7,28.0,97.0,0.0,27.540135192226444,4.438635403464301,1.1010773130544995,21.74429657794677,18.990283058724124,Idle,Denial of Service,MHDDoS (TCP),Raspberry Pi 4B 4GB,nmon,1
17:54:06.000,0.0,0.0,0.0,1,0,42.9,0.0,0.0,0.0,0.0,0.0,-0.0,-0.0,-0.0,0.0,0.0,0.0,0.0,0.0,0.0,0.0,0.0,0.0,0.0,0.0,0.0,0.0,0.0,0.0,0.0,0.0,0.0,0.0,0.0,0.0,0.0,0.2,7.7,28.0,98.0,0.0,27.540135192226444,4.438635403464301,1.1010773130544995,21.74429657794677,18.990283058724124,Idle,Denial of Service,MHDDoS (TCP),Raspberry Pi 4B 4GB,nmon,1
17:54:07.000,0.0,0.0,0.0,1,0,51.9,0.0,0.0,0.0,0.0,0.0,-0.0,-0.0,-0.0,0.0,0.0,0.0,0.0,0.0,0.0,0.0,0.0,0.0,0.0,0.0,0.0,8.0,0.0,8.0,8.0,0.0,8.0,1.0,0.0,1.0,0.0,0.2,7.7,28.0,99.0,0.0,27.540135192226444,4.441275876637094,1.1010773130544995,21.74429657794677,18.990283058724124,Idle,Denial of Service,MHDDoS (TCP),Raspberry Pi 4B 4GB,nmon,1
17:54:08.000,0.0,0.0,0.0,1,0,34.9,0.0,0.0,0.0,0.0,0.0,-0.0,-0.0,-0.0,0.0,0.0,0.0,0.0,0.0,0.0,0.0,0.0,0.0,0.0,0.0,0.0,0.0,0.0,0.0,0.0,0.0,0.0,0.0,0.0,0.0,0.0,0.2,7.7,28.0,100.0,0.0,27.540135192226444,4.441275876637094,1.1010773130544995,21.74429657794677,18.990283058724124,Idle,Denial of Service,MHDDoS (TCP),Raspberry Pi 4B 4GB,nmon,1
17:54:09.000,0.0,0.0,0.0,1,0,82.7,0.0,0.0,0.0,0.0,0.0,-0.0,-0.0,-0.0,0.0,0.0,0.0,0.0,0.0,0.0,2.0,0.0,2.0,0.0,0.0,0.0,51.8,0.0,51.8,6.5,0.0,6.5,8.0,0.0,8.0,0.0,0.2,7.7,28.0,101.0,0.0,27.540135192226444,4.441275876637094,1.1010773130544995,21.74429657794677,18.990283058724124,Idle,Denial of Service,MHDDoS (TCP),Raspberry Pi 4B 4GB,nmon,1
17:54:10.000,0.0,0.2,0.2,1,0,121.7,0.0,0.0,0.0,0.0,0.0,-0.0,-0.0,-0.0,0.0,0.0,0.0,0.0,0.0,0.0,2.0,0.0,2.0,0.0,0.0,0.0,111.8,0.0,111.8,7.0,0.0,7.0,16.0,0.0,16.0,0.0,0.2,7.7,28.0,102.0,0.5,27.540135192226444,4.441275876637094,1.1010773130544995,21.74429657794677,18.990283058724124,Idle,Denial of Service,MHDDoS (TCP),Raspberry Pi 4B 4GB,nmon,1
17:54:11.000,0.0,0.0,0.0,1,0,38.9,0.0,0.0,0.0,0.0,0.0,-0.0,-0.0,-0.0,0.0,0.0,0.0,0.0,0.0,0.0,0.0,0.0,0.0,0.0,0.0,0.0,0.0,0.0,0.0,0.0,0.0,0.0,0.0,0.0,0.0,0.0,0.2,7.7,28.0,103.0,0.0,27.540135192226444,4.441275876637094,1.1010773130544995,21.74429657794677,18.990283058724124,Idle,Denial of Service,MHDDoS (TCP),Raspberry Pi 4B 4GB,nmon,1
17:54:12.000,0.0,0.0,0.0,1,0,57.9,0.0,0.0,0.0,0.0,0.0,-0.0,-0.0,-0.0,0.0,0.0,0.0,0.0,0.0,0.0,0.0,0.0,0.0,0.0,0.0,0.0,8.0,0.0,8.0,8.0,0.0,8.0,1.0,0.0,1.0,0.0,0.2,7.7,28.0,104.0,0.0,27.540135192226444,4.441275876637094,1.1010773130544995,21.74429657794677,18.990283058724124,Idle,Denial of Service,MHDDoS (TCP),Raspberry Pi 4B 4GB,nmon,1
17:54:13.000,0.0,0.0,0.0,1,0,29.9,0.0,0.0,0.0,0.0,0.0,-0.0,-0.0,-0.0,0.0,0.0,0.0,0.0,0.0,0.0,0.0,0.0,0.0,0.0,0.0,0.0,0.0,0.0,0.0,0.0,0.0,0.0,0.0,0.0,0.0,0.0,0.2,7.7,28.0,105.0,0.0,27.540135192226444,4.441275876637094,1.1010773130544995,21.74429657794677,18.990283058724124,Idle,Denial of Service,MHDDoS (TCP),Raspberry Pi 4B 4GB,nmon,1
17:54:14.000,0.0,0.0,0.2,1,0,60.8,0.0,0.0,0.0,0.0,0.0,-0.0,-0.0,-0.0,0.0,0.0,0.0,0.0,0.0,0.0,0.0,0.0,0.0,0.0,0.0,0.0,27.9,0.0,27.9,14.0,0.0,14.0,2.0,0.0,2.0,0.0,0.2,7.7,28.0,106.0,0.20000000000000284,27.540135192226444,4.441275876637094,1.1010773130544995,21.74429657794677,18.990283058724124,Idle,Denial of Service,MHDDoS (TCP),Raspberry Pi 4B 4GB,nmon,1
17:54:15.000,0.0,0.2,0.0,1,0,35.9,0.0,0.0,0.0,0.0,0.0,-0.0,-0.0,-0.0,0.0,0.0,0.0,0.0,0.0,0.0,0.0,0.0,0.0,0.0,0.0,0.0,0.0,0.0,0.0,0.0,0.0,0.0,0.0,0.0,0.0,0.0,0.2,7.7,28.0,107.0,0.20000000000000284,27.540135192226444,4.441275876637094,1.1010773130544995,21.74429657794677,18.990283058724124,Idle,Denial of Service,MHDDoS (TCP),Raspberry Pi 4B 4GB,nmon,1
17:54:16.000,0.0,0.0,0.0,1,0,32.9,0.0,0.0,0.0,0.0,0.0,-0.0,-0.0,-0.0,0.0,0.0,0.0,0.0,0.0,0.0,0.0,0.0,0.0,0.0,0.0,0.0,0.0,0.0,0.0,0.0,0.0,0.0,0.0,0.0,0.0,0.0,0.2,7.7,28.0,108.0,0.0,27.540135192226444,4.441275876637094,1.1010773130544995,21.74429657794677,18.990283058724124,Idle,Denial of Service,MHDDoS (TCP),Raspberry Pi 4B 4GB,nmon,1
17:54:17.000,0.0,0.0,0.0,1,0,57.9,0.0,0.0,0.0,0.0,0.0,-0.0,-0.0,-0.0,0.0,0.0,0.0,0.0,0.0,0.0,0.0,0.0,0.0,0.0,0.0,0.0,0.0,0.0,0.0,0.0,0.0,0.0,0.0,0.0,0.0,0.0,0.2,7.7,28.0,109.0,0.0,27.540135192226444,4.441275876637094,1.1010773130544995,21.74429657794677,18.990283058724124,Idle,Denial of Service,MHDDoS (TCP),Raspberry Pi 4B 4GB,nmon,1
17:54:18.000,0.0,0.0,0.0,1,0,139.7,0.0,0.0,0.0,0.0,0.1,-0.0,-0.0,-0.1,0.0,0.0,2.0,0.0,0.0,1.0,1.0,0.0,0.0,0.0,0.0,0.0,8.0,0.0,8.0,8.0,0.0,8.0,1.0,0.0,1.0,0.0,0.2,7.7,28.0,110.0,0.0,27.540135192226444,4.441275876637094,1.1010773130544995,21.74429657794677,18.990283058724124,Idle,Denial of Service,MHDDoS (TCP),Raspberry Pi 4B 4GB,nmon,1
17:54:19.000,0.2,0.0,0.2,1,0,62.8,0.0,0.0,0.0,0.0,0.0,-0.0,-0.0,-0.0,0.0,0.0,0.0,0.0,0.0,0.0,0.0,0.0,1.0,0.0,0.0,0.0,23.9,0.0,23.9,12.0,0.0,12.0,2.0,0.0,2.0,0.0,0.2,7.7,28.0,111.0,0.5,27.540135192226444,4.441275876637094,1.1010773130544995,21.74429657794677,18.990283058724124,Idle,Denial of Service,MHDDoS (TCP),Raspberry Pi 4B 4GB,nmon,1
17:54:20.000,0.0,0.0,0.0,1,0,34.9,0.0,0.0,0.0,0.0,0.0,-0.0,-0.0,-0.0,0.0,0.0,0.0,0.0,0.0,0.0,0.0,0.0,0.0,0.0,0.0,0.0,0.0,0.0,0.0,0.0,0.0,0.0,0.0,0.0,0.0,0.0,0.2,7.7,28.0,112.0,0.0,27.540135192226444,4.441275876637094,1.1010773130544995,21.74429657794677,18.990283058724124,Idle,Denial of Service,MHDDoS (TCP),Raspberry Pi 4B 4GB,nmon,1
17:54:21.000,0.0,0.0,0.0,1,0,29.9,0.0,0.0,0.0,0.0,0.0,-0.0,-0.0,-0.0,0.0,0.0,0.0,0.0,0.0,0.0,0.0,0.0,0.0,0.0,0.0,0.0,0.0,0.0,0.0,0.0,0.0,0.0,0.0,0.0,0.0,0.0,0.2,7.7,28.0,113.0,0.0,27.540135192226444,4.441275876637094,1.1010773130544995,21.74429657794677,18.990283058724124,Idle,Denial of Service,MHDDoS (TCP),Raspberry Pi 4B 4GB,nmon,1
17:54:22.000,0.0,0.2,0.0,1,0,47.9,0.0,0.0,0.0,0.0,0.0,-0.0,-0.0,-0.0,0.0,0.0,0.0,0.0,0.0,0.0,0.0,0.0,0.0,0.0,0.0,0.0,0.0,0.0,0.0,0.0,0.0,0.0,0.0,0.0,0.0,0.0,0.2,7.7,28.0,114.0,0.20000000000000284,27.540135192226444,4.441275876637094,1.1010773130544995,21.74429657794677,18.990283058724124,Idle,Denial of Service,MHDDoS (TCP),Raspberry Pi 4B 4GB,nmon,1
17:54:23.000,0.0,0.0,0.0,1,0,35.9,0.0,0.0,0.0,0.0,0.0,-0.0,-0.0,-0.0,0.0,0.0,0.0,0.0,0.0,0.0,1.0,0.0,0.0,0.0,0.0,0.0,0.0,0.0,0.0,0.0,0.0,0.0,0.0,0.0,0.0,0.0,0.2,7.7,28.0,115.0,0.0,27.540135192226444,4.441275876637094,1.1010773130544995,21.74429657794677,18.990283058724124,Idle,Denial of Service,MHDDoS (TCP),Raspberry Pi 4B 4GB,nmon,1
17:54:24.000,0.0,0.0,0.0,1,0,72.8,0.0,0.0,0.0,0.0,0.0,-0.0,-0.0,-0.0,0.0,0.0,0.0,0.0,0.0,0.0,0.0,0.0,0.0,0.0,0.0,0.0,19.9,0.0,19.9,6.7,0.0,6.7,3.0,0.0,3.0,0.0,0.2,7.7,28.0,116.0,0.0,27.540135192226444,4.441275876637094,1.1010773130544995,21.74429657794677,18.990283058724124,Idle,Denial of Service,MHDDoS (TCP),Raspberry Pi 4B 4GB,nmon,1
17:54:25.000,0.0,0.0,0.0,1,0,34.9,0.0,0.0,0.0,0.0,0.0,-0.0,-0.0,-0.0,0.0,0.0,0.0,0.0,0.0,0.0,0.0,0.0,0.0,0.0,0.0,0.0,0.0,0.0,0.0,0.0,0.0,0.0,0.0,0.0,0.0,0.0,0.2,7.7,28.0,117.0,0.0,27.540135192226444,4.441275876637094,1.1010773130544995,21.74429657794677,18.990283058724124,Idle,Denial of Service,MHDDoS (TCP),Raspberry Pi 4B 4GB,nmon,1
17:54:26.000,0.0,0.0,0.0,1,0,113.8,0.0,0.0,0.0,0.0,0.1,-0.0,-0.0,-0.1,0.0,0.0,1.0,0.0,0.0,1.0,0.0,0.0,0.0,0.0,0.0,0.0,0.0,0.0,0.0,0.0,0.0,0.0,0.0,0.0,0.0,0.0,0.2,7.7,28.0,118.0,0.0,27.540135192226444,4.441275876637094,1.1010773130544995,21.74429657794677,18.990283058724124,Idle,Denial of Service,MHDDoS (TCP),Raspberry Pi 4B 4GB,nmon,1
17:54:27.000,0.0,0.2,0.0,1,0,33.9,0.0,0.0,0.0,0.0,0.0,-0.0,-0.0,-0.0,0.0,0.0,0.0,0.0,0.0,0.0,0.0,0.0,0.0,0.0,0.0,0.0,0.0,0.0,0.0,0.0,0.0,0.0,0.0,0.0,0.0,0.0,0.2,7.7,28.0,119.0,0.20000000000000284,27.540135192226444,4.441275876637094,1.1010773130544995,21.74429657794677,18.990283058724124,Idle,Denial of Service,MHDDoS (TCP),Raspberry Pi 4B 4GB,nmon,1
17:54:28.000,0.0,0.0,0.0,1,0,37.9,0.0,0.0,0.0,0.0,0.0,-0.0,-0.0,-0.0,0.0,0.0,0.0,0.0,0.0,0.0,0.0,0.0,1.0,0.0,0.0,0.0,0.0,0.0,0.0,0.0,0.0,0.0,0.0,0.0,0.0,0.0,0.2,7.7,28.0,120.0,0.0,27.540135192226444,4.441275876637094,1.1010773130544995,21.74429657794677,18.990283058724124,Idle,Denial of Service,MHDDoS (TCP),Raspberry Pi 4B 4GB,nmon,1
17:54:29.000,0.0,0.0,0.2,1,0,54.8,0.0,0.0,0.0,0.0,0.0,-0.0,-0.0,-0.0,0.0,0.0,0.0,0.0,0.0,0.0,0.0,0.0,0.0,0.0,0.0,0.0,27.9,0.0,27.9,14.0,0.0,14.0,2.0,0.0,2.0,0.0,0.2,7.7,28.0,121.0,0.20000000000000284,27.540135192226444,4.441275876637094,1.1010773130544995,21.74429657794677,18.990283058724124,Idle,Denial of Service,MHDDoS (TCP),Raspberry Pi 4B 4GB,nmon,1
17:54:30.000,0.0,0.0,0.0,1,0,57.9,0.0,0.0,0.0,0.0,0.0,-0.0,-0.0,-0.0,0.0,0.0,0.0,0.0,0.0,0.0,0.0,0.0,0.0,0.0,0.0,0.0,8.0,0.0,8.0,8.0,0.0,8.0,1.0,0.0,1.0,0.0,0.2,7.7,28.0,122.0,0.0,27.540135192226444,4.441275876637094,1.1010773130544995,21.74429657794677,18.990283058724124,Idle,Denial of Service,MHDDoS (TCP),Raspberry Pi 4B 4GB,nmon,1
17:54:31.000,0.0,0.0,0.0,1,0,89.8,0.0,0.0,0.0,0.0,0.0,-0.0,-0.0,-0.0,0.0,0.0,1.0,0.0,0.0,1.0,0.0,0.0,0.0,0.0,0.0,0.0,0.0,0.0,0.0,0.0,0.0,0.0,0.0,0.0,0.0,0.0,0.2,7.7,28.0,123.0,0.0,27.540135192226444,4.441275876637094,1.1010773130544995,21.74429657794677,18.990283058724124,Idle,Denial of Service,MHDDoS (TCP),Raspberry Pi 4B 4GB,nmon,1
17:54:32.000,0.0,0.2,0.0,1,0,37.9,0.0,0.0,0.0,0.0,0.0,-0.0,-0.0,-0.0,0.0,0.0,0.0,0.0,0.0,0.0,0.0,0.0,0.0,0.0,0.0,0.0,0.0,0.0,0.0,0.0,0.0,0.0,0.0,0.0,0.0,0.0,0.2,7.7,28.0,124.0,0.20000000000000284,27.540135192226444,4.441275876637094,1.1010773130544995,21.74429657794677,18.990283058724124,Idle,Denial of Service,MHDDoS (TCP),Raspberry Pi 4B 4GB,nmon,1
17:54:33.000,0.0,0.0,0.0,1,0,43.9,0.0,0.0,0.0,0.0,0.0,-0.0,-0.0,-0.0,0.0,0.0,0.0,0.0,0.0,0.0,0.0,0.0,0.0,0.0,0.0,0.0,0.0,0.0,0.0,0.0,0.0,0.0,0.0,0.0,0.0,0.0,0.2,7.7,28.0,125.0,0.0,27.540135192226444,4.441275876637094,1.1037177862272918,21.74429657794677,18.990283058724124,Idle,Denial of Service,MHDDoS (TCP),Raspberry Pi 4B 4GB,nmon,1
17:54:34.000,0.0,0.0,0.0,1,0,50.8,0.0,0.0,0.0,0.0,0.0,-0.0,-0.0,-0.0,0.0,0.0,0.0,0.0,0.0,0.0,1.0,0.0,0.0,0.0,0.0,0.0,23.9,0.0,23.9,12.0,0.0,12.0,2.0,0.0,2.0,0.0,0.2,7.7,28.0,126.0,0.0,27.540135192226444,4.441275876637094,1.1037177862272918,21.74429657794677,18.990283058724124,Idle,Denial of Service,MHDDoS (TCP),Raspberry Pi 4B 4GB,nmon,1
17:54:35.000,0.0,0.2,0.0,1,0,31.9,0.0,0.0,0.0,0.0,0.0,-0.0,-0.0,-0.0,0.0,0.0,0.0,0.0,0.0,0.0,0.0,0.0,0.0,0.0,0.0,0.0,0.0,0.0,0.0,0.0,0.0,0.0,0.0,0.0,0.0,0.0,0.2,7.7,28.0,127.0,0.20000000000000284,27.540135192226444,4.441275876637094,1.1037177862272918,21.74429657794677,18.990283058724124,Idle,Denial of Service,MHDDoS (TCP),Raspberry Pi 4B 4GB,nmon,1
17:54:36.000,0.0,0.0,0.0,1,0,46.9,0.0,0.0,0.0,0.0,0.0,-0.0,-0.0,-0.0,0.0,0.0,0.0,0.0,0.0,0.0,0.0,0.0,0.0,0.0,0.0,0.0,8.0,0.0,8.0,8.0,0.0,8.0,1.0,0.0,1.0,0.0,0.2,7.7,28.0,128.0,0.0,27.540135192226444,4.441275876637094,1.1037177862272918,21.74429657794677,18.990283058724124,Idle,Denial of Service,MHDDoS (TCP),Raspberry Pi 4B 4GB,nmon,1
17:54:37.000,0.0,0.0,0.0,1,0,38.9,0.0,0.0,0.0,0.0,0.0,-0.0,-0.0,-0.0,0.0,0.0,0.0,0.0,0.0,0.0,0.0,0.0,0.0,0.0,0.0,0.0,0.0,0.0,0.0,0.0,0.0,0.0,0.0,0.0,0.0,0.0,0.2,7.7,28.0,129.0,0.0,27.540135192226444,4.441275876637094,1.1037177862272918,21.74429657794677,18.990283058724124,Idle,Denial of Service,MHDDoS (TCP),Raspberry Pi 4B 4GB,nmon,1
17:54:38.000,0.0,0.0,0.0,1,0,34.9,0.0,0.0,0.0,0.0,0.0,-0.0,-0.0,-0.0,0.0,0.0,0.0,0.0,0.0,0.0,0.0,0.0,1.0,0.0,0.0,0.0,0.0,0.0,0.0,0.0,0.0,0.0,0.0,0.0,0.0,0.0,0.2,7.7,28.0,130.0,0.0,27.540135192226444,4.441275876637094,1.1037177862272918,21.74429657794677,18.990283058724124,Idle,Denial of Service,MHDDoS (TCP),Raspberry Pi 4B 4GB,nmon,1
17:54:39.000,0.0,0.0,0.2,1,0,56.8,0.0,0.0,0.0,0.0,0.0,-0.0,-0.0,-0.0,0.0,0.0,0.0,0.0,0.0,0.0,0.0,0.0,0.0,0.0,0.0,0.0,23.9,0.0,23.9,12.0,0.0,12.0,2.0,0.0,2.0,0.0,0.2,7.7,28.0,131.0,0.20000000000000284,27.540135192226444,4.441275876637094,1.1037177862272918,21.74429657794677,18.990283058724124,Idle,Denial of Service,MHDDoS (TCP),Raspberry Pi 4B 4GB,nmon,1
17:54:40.000,0.0,0.2,0.0,1,0,34.9,0.0,0.0,0.0,0.0,0.0,-0.0,-0.0,-0.0,0.0,0.0,0.0,0.0,0.0,0.0,0.0,0.0,0.0,0.0,0.0,0.0,0.0,0.0,0.0,0.0,0.0,0.0,0.0,0.0,0.0,0.0,0.2,7.7,28.0,132.0,0.20000000000000284,27.540135192226444,4.441275876637094,1.1037177862272918,21.74429657794677,18.990283058724124,Idle,Denial of Service,MHDDoS (TCP),Raspberry Pi 4B 4GB,nmon,1
17:54:41.000,0.0,0.0,0.0,1,0,37.9,0.0,0.0,0.0,0.0,0.0,-0.0,-0.0,-0.0,0.0,0.0,0.0,0.0,0.0,0.0,0.0,0.0,0.0,0.0,0.0,0.0,0.0,0.0,0.0,0.0,0.0,0.0,0.0,0.0,0.0,0.0,0.2,7.7,28.0,133.0,0.0,27.540135192226444,4.441275876637094,1.1037177862272918,21.74429657794677,18.990283058724124,Idle,Denial of Service,MHDDoS (TCP),Raspberry Pi 4B 4GB,nmon,1
17:54:42.000,0.0,0.0,0.0,1,0,41.9,0.0,0.0,0.0,0.0,0.0,-0.0,-0.0,-0.0,0.0,0.0,0.0,0.0,0.0,0.0,0.0,0.0,0.0,0.0,0.0,0.0,8.0,0.0,8.0,8.0,0.0,8.0,1.0,0.0,1.0,0.0,0.2,7.7,28.0,134.0,0.0,27.540135192226444,4.441275876637094,1.1037177862272918,21.74429657794677,18.990283058724124,Idle,Denial of Service,MHDDoS (TCP),Raspberry Pi 4B 4GB,nmon,1
17:54:43.000,0.0,0.0,0.0,1,0,42.9,0.0,0.0,0.0,0.0,0.0,-0.0,-0.0,-0.0,0.0,0.0,0.0,0.0,0.0,0.0,1.0,0.0,0.0,0.0,0.0,0.0,0.0,0.0,0.0,0.0,0.0,0.0,0.0,0.0,0.0,0.0,0.2,7.7,28.0,135.0,0.0,27.540135192226444,4.441275876637094,1.1037177862272918,21.74429657794677,18.990283058724124,Idle,Denial of Service,MHDDoS (TCP),Raspberry Pi 4B 4GB,nmon,1
17:54:44.000,0.2,0.0,0.0,1,0,86.7,0.0,0.0,0.0,0.0,0.0,-0.0,-0.0,-0.0,0.0,0.0,0.0,0.0,0.0,0.0,0.0,0.0,1.0,0.0,0.0,0.0,43.8,0.0,43.8,6.3,0.0,6.3,7.0,0.0,7.0,0.0,0.2,7.7,28.0,136.0,0.20000000000000284,27.540135192226444,4.441275876637094,1.1037177862272918,21.74429657794677,18.990283058724124,Idle,Denial of Service,MHDDoS (TCP),Raspberry Pi 4B 4GB,nmon,1
17:54:45.000,0.0,0.2,0.0,1,0,35.9,0.0,0.0,0.0,0.0,0.0,-0.0,-0.0,-0.0,0.0,0.0,0.0,0.0,0.0,0.0,0.0,0.0,0.0,0.0,0.0,0.0,0.0,0.0,0.0,0.0,0.0,0.0,0.0,0.0,0.0,0.0,0.2,7.7,28.0,137.0,0.20000000000000284,27.540135192226444,4.441275876637094,1.1037177862272918,21.74429657794677,18.990283058724124,Idle,Denial of Service,MHDDoS (TCP),Raspberry Pi 4B 4GB,nmon,1
17:54:46.000,0.0,0.0,0.0,1,0,34.9,0.0,0.0,0.0,0.0,0.0,-0.0,-0.0,-0.0,0.0,0.0,0.0,0.0,0.0,0.0,0.0,0.0,0.0,0.0,0.0,0.0,0.0,0.0,0.0,0.0,0.0,0.0,0.0,0.0,0.0,0.0,0.2,7.7,28.0,138.0,0.0,27.540135192226444,4.441275876637094,1.1037177862272918,21.74429657794677,18.990283058724124,Idle,Denial of Service,MHDDoS (TCP),Raspberry Pi 4B 4GB,nmon,1
17:54:47.000,0.0,0.0,0.0,1,0,27.9,0.0,0.0,0.0,0.0,0.0,-0.0,-0.0,-0.0,0.0,0.0,0.0,0.0,0.0,0.0,0.0,0.0,0.0,0.0,0.0,0.0,0.0,0.0,0.0,0.0,0.0,0.0,0.0,0.0,0.0,0.0,0.2,7.7,28.0,139.0,0.0,27.540135192226444,4.441275876637094,1.1037177862272918,21.74429657794677,18.990283058724124,Idle,Denial of Service,MHDDoS (TCP),Raspberry Pi 4B 4GB,nmon,1
17:54:48.000,0.0,0.0,0.0,1,0,50.9,0.0,0.0,0.0,0.0,0.0,-0.0,-0.0,-0.0,0.0,0.0,0.0,0.0,0.0,0.0,1.0,0.0,0.0,0.0,0.0,0.0,8.0,0.0,8.0,8.0,0.0,8.0,1.0,0.0,1.0,0.0,0.2,7.7,28.0,140.0,0.0,27.540135192226444,4.441275876637094,1.1037177862272918,21.74429657794677,18.990283058724124,Idle,Denial of Service,MHDDoS (TCP),Raspberry Pi 4B 4GB,nmon,1
17:54:49.000,0.0,0.0,0.5,1,0,54.7,0.0,0.0,0.0,0.0,0.0,-0.0,-0.0,-0.0,0.0,0.0,0.0,0.0,0.0,0.0,1.0,0.0,1.0,0.0,0.0,0.0,23.9,0.0,23.9,12.0,0.0,12.0,2.0,0.0,2.0,0.0,0.2,7.7,28.0,141.0,0.5,27.540135192226444,4.441275876637094,1.1037177862272918,21.74429657794677,18.990283058724124,Idle,Denial of Service,MHDDoS (TCP),Raspberry Pi 4B 4GB,nmon,1
17:54:50.000,0.0,0.0,0.0,1,0,37.9,0.0,0.0,0.0,0.0,0.0,-0.0,-0.0,-0.0,0.0,0.0,0.0,0.0,0.0,0.0,0.0,0.0,0.0,0.0,0.0,0.0,0.0,0.0,0.0,0.0,0.0,0.0,0.0,0.0,0.0,0.0,0.2,7.7,28.0,142.0,0.0,27.540135192226444,4.441275876637094,1.1037177862272918,21.74429657794677,18.990283058724124,Idle,Denial of Service,MHDDoS (TCP),Raspberry Pi 4B 4GB,nmon,1
17:54:51.000,0.0,0.0,0.0,1,0,28.9,0.0,0.0,0.0,0.0,0.0,-0.0,-0.0,-0.0,0.0,0.0,0.0,0.0,0.0,0.0,0.0,0.0,0.0,0.0,0.0,0.0,0.0,0.0,0.0,0.0,0.0,0.0,0.0,0.0,0.0,0.0,0.2,7.7,28.0,143.0,0.0,27.540135192226444,4.441275876637094,1.1037177862272918,21.74429657794677,18.990283058724124,Idle,Denial of Service,MHDDoS (TCP),Raspberry Pi 4B 4GB,nmon,1
17:54:52.000,0.0,0.0,0.0,1,0,29.9,0.0,0.0,0.0,0.0,0.0,-0.0,-0.0,-0.0,0.0,0.0,0.0,0.0,0.0,0.0,0.0,0.0,0.0,0.0,0.0,0.0,0.0,0.0,0.0,0.0,0.0,0.0,0.0,0.0,0.0,0.0,0.2,7.7,28.0,144.0,0.0,27.540135192226444,4.441275876637094,1.1037177862272918,21.74429657794677,18.990283058724124,Idle,Denial of Service,MHDDoS (TCP),Raspberry Pi 4B 4GB,nmon,1
17:54:53.000,0.2,0.0,0.0,1,0,47.9,0.0,0.0,0.0,0.0,0.0,-0.0,-0.0,-0.0,0.0,0.0,0.0,0.0,0.0,0.0,0.0,0.0,0.0,0.0,0.0,0.0,0.0,0.0,0.0,0.0,0.0,0.0,0.0,0.0,0.0,0.0,0.2,7.7,28.0,145.0,0.20000000000000284,27.540135192226444,4.441275876637094,1.1037177862272918,21.74429657794677,18.990283058724124,Idle,Denial of Service,MHDDoS (TCP),Raspberry Pi 4B 4GB,nmon,1
17:54:54.000,0.0,0.0,0.2,1,0,92.6,0.0,0.0,0.0,0.0,0.0,-0.0,-0.0,-0.0,0.0,0.0,0.0,0.0,0.0,0.0,0.0,0.0,1.0,0.0,0.0,0.0,31.9,0.0,31.9,4.6,0.0,4.6,7.0,0.0,7.0,0.0,0.2,7.7,28.0,146.0,0.20000000000000284,27.540135192226444,4.441275876637094,1.1037177862272918,21.74429657794677,18.990283058724124,Idle,Denial of Service,MHDDoS (TCP),Raspberry Pi 4B 4GB,nmon,1
17:54:55.000,0.0,0.0,0.0,1,0,32.9,0.0,0.0,0.0,0.0,0.0,-0.0,-0.0,-0.0,0.0,0.0,0.0,0.0,0.0,0.0,0.0,0.0,0.0,0.0,0.0,0.0,0.0,0.0,0.0,0.0,0.0,0.0,0.0,0.0,0.0,0.0,0.2,7.7,28.0,147.0,0.0,27.540135192226444,4.441275876637094,1.1037177862272918,21.74429657794677,18.990283058724124,Idle,Denial of Service,MHDDoS (TCP),Raspberry Pi 4B 4GB,nmon,1
17:54:56.000,0.0,0.0,0.0,1,0,30.9,0.0,0.0,0.0,0.0,0.0,-0.0,-0.0,-0.0,0.0,0.0,0.0,0.0,0.0,0.0,0.0,0.0,0.0,0.0,0.0,0.0,0.0,0.0,0.0,0.0,0.0,0.0,0.0,0.0,0.0,0.0,0.2,7.7,28.0,148.0,0.0,27.540135192226444,4.441275876637094,1.1037177862272918,21.74429657794677,18.990283058724124,Idle,Denial of Service,MHDDoS (TCP),Raspberry Pi 4B 4GB,nmon,1
17:54:57.000,0.0,0.0,0.0,1,0,44.9,0.0,0.0,0.0,0.0,0.0,-0.0,-0.0,-0.0,0.0,0.0,0.0,0.0,0.0,0.0,0.0,0.0,0.0,0.0,0.0,0.0,0.0,0.0,0.0,0.0,0.0,0.0,0.0,0.0,0.0,0.0,0.2,7.7,28.0,149.0,0.0,27.540135192226444,4.441275876637094,1.1037177862272918,21.74429657794677,18.990283058724124,Idle,Denial of Service,MHDDoS (TCP),Raspberry Pi 4B 4GB,nmon,1
17:54:58.000,0.0,0.0,0.0,1,0,33.9,0.0,0.0,0.0,0.0,0.0,-0.0,-0.0,-0.0,0.0,0.0,0.0,0.0,0.0,0.0,1.0,0.0,0.0,0.0,0.0,0.0,0.0,0.0,0.0,0.0,0.0,0.0,0.0,0.0,0.0,0.0,0.2,7.7,28.0,150.0,0.0,27.540135192226444,4.441275876637094,1.1037177862272918,21.74429657794677,18.990283058724124,Idle,Denial of Service,MHDDoS (TCP),Raspberry Pi 4B 4GB,nmon,1
17:54:59.000,0.0,0.2,0.0,1,0,52.8,0.0,0.0,0.0,0.0,0.0,-0.0,-0.0,-0.0,0.0,0.0,0.0,0.0,0.0,0.0,0.0,0.0,0.0,0.0,0.0,0.0,23.9,0.0,23.9,12.0,0.0,12.0,2.0,0.0,2.0,0.0,0.2,7.7,28.0,151.0,0.20000000000000284,27.540135192226444,4.441275876637094,1.1037177862272918,21.74429657794677,18.990283058724124,Idle,Denial of Service,MHDDoS (TCP),Raspberry Pi 4B 4GB,nmon,1
17:55:00.000,0.0,0.0,0.0,1,0,50.9,0.0,0.0,0.0,0.0,0.0,-0.0,-0.0,-0.0,0.0,0.0,0.0,0.0,0.0,0.0,0.0,0.0,0.0,0.0,0.0,0.0,8.0,0.0,8.0,4.0,0.0,4.0,2.0,0.0,2.0,0.0,0.2,7.7,28.0,152.0,0.0,27.540135192226444,4.441275876637094,1.1037177862272918,21.74429657794677,18.990283058724124,Idle,Denial of Service,MHDDoS (TCP),Raspberry Pi 4B 4GB,nmon,1
17:55:01.000,0.0,0.0,0.0,1,0,36.9,0.0,0.0,0.0,0.0,0.0,-0.0,-0.0,-0.0,0.0,0.0,0.0,0.0,0.0,0.0,0.0,0.0,0.0,0.0,0.0,0.0,0.0,0.0,0.0,0.0,0.0,0.0,0.0,0.0,0.0,0.0,0.2,7.7,28.0,153.0,0.0,27.540135192226444,4.441275876637094,1.1037177862272918,21.74429657794677,18.990283058724124,Idle,Denial of Service,MHDDoS (TCP),Raspberry Pi 4B 4GB,nmon,1
17:55:02.000,0.2,0.0,0.0,1,0,34.9,0.0,0.0,0.0,0.0,0.0,-0.0,-0.0,-0.0,0.0,0.0,0.0,0.0,0.0,0.0,0.0,0.0,0.0,0.0,0.0,0.0,0.0,0.0,0.0,0.0,0.0,0.0,0.0,0.0,0.0,0.0,0.2,7.7,28.0,154.0,0.20000000000000284,27.540135192226444,4.441275876637094,1.1037177862272918,21.74429657794677,18.990283058724124,Idle,Denial of Service,MHDDoS (TCP),Raspberry Pi 4B 4GB,nmon,1
17:55:03.000,0.0,0.0,0.0,1,0,33.9,0.0,0.0,0.0,0.0,0.0,-0.0,-0.0,-0.0,0.0,0.0,0.0,0.0,0.0,0.0,0.0,0.0,1.0,0.0,0.0,0.0,0.0,0.0,0.0,0.0,0.0,0.0,0.0,0.0,0.0,0.0,0.2,7.7,28.0,155.0,0.0,27.540135192226444,4.441275876637094,1.1037177862272918,21.74429657794677,18.990283058724124,Idle,Denial of Service,MHDDoS (TCP),Raspberry Pi 4B 4GB,nmon,1
17:55:04.000,0.0,0.0,0.2,1,0,77.7,0.0,0.0,0.0,0.0,0.0,-0.0,-0.0,-0.0,0.0,0.0,0.0,0.0,0.0,0.0,1.0,0.0,1.0,0.0,0.0,0.0,35.9,0.0,35.9,7.2,0.0,7.2,5.0,0.0,5.0,0.0,0.2,7.7,28.0,156.0,0.20000000000000284,27.540135192226444,4.441275876637094,1.1037177862272918,21.74429657794677,18.990283058724124,Idle,Denial of Service,MHDDoS (TCP),Raspberry Pi 4B 4GB,nmon,1
17:55:05.000,0.0,0.0,0.0,1,0,39.9,0.0,0.0,0.0,0.0,0.0,-0.0,-0.0,-0.0,0.0,0.0,0.0,0.0,0.0,0.0,0.0,0.0,0.0,0.0,0.0,0.0,0.0,0.0,0.0,0.0,0.0,0.0,0.0,0.0,0.0,0.0,0.2,7.7,28.0,157.0,0.0,27.540135192226444,4.441275876637094,1.1037177862272918,21.74429657794677,18.990283058724124,Idle,Denial of Service,MHDDoS (TCP),Raspberry Pi 4B 4GB,nmon,1
17:55:06.000,0.0,0.0,0.0,1,0,42.9,0.0,0.0,0.0,0.0,0.0,-0.0,-0.0,-0.0,0.0,0.0,0.0,0.0,0.0,0.0,1.0,0.0,0.0,0.0,0.0,0.0,8.0,0.0,8.0,8.0,0.0,8.0,1.0,0.0,1.0,0.0,0.2,7.7,28.0,158.0,0.0,27.540135192226444,4.441275876637094,1.1037177862272918,21.74429657794677,18.990283058724124,Idle,Denial of Service,MHDDoS (TCP),Raspberry Pi 4B 4GB,nmon,1
17:55:07.000,0.0,0.2,0.0,1,0,29.9,0.0,0.0,0.0,0.0,0.0,-0.0,-0.0,-0.0,0.0,0.0,0.0,0.0,0.0,0.0,0.0,0.0,0.0,0.0,0.0,0.0,0.0,0.0,0.0,0.0,0.0,0.0,0.0,0.0,0.0,0.0,0.2,7.7,28.0,159.0,0.20000000000000284,27.540135192226444,4.441275876637094,1.1037177862272918,21.74429657794677,18.990283058724124,Idle,Denial of Service,MHDDoS (TCP),Raspberry Pi 4B 4GB,nmon,1
17:55:08.000,0.0,0.0,0.0,1,0,33.9,0.0,0.0,0.0,0.0,0.0,-0.0,-0.0,-0.0,0.0,0.0,0.0,0.0,0.0,0.0,0.0,0.0,1.0,0.0,0.0,0.0,0.0,0.0,0.0,0.0,0.0,0.0,0.0,0.0,0.0,0.0,0.2,7.7,28.0,160.0,0.0,27.540135192226444,4.441275876637094,1.1037177862272918,21.74429657794677,18.990283058724124,Idle,Denial of Service,MHDDoS (TCP),Raspberry Pi 4B 4GB,nmon,1
17:55:09.000,0.0,0.0,0.2,1,0,57.8,0.0,0.0,0.0,0.0,0.0,-0.0,-0.0,-0.0,0.0,0.0,0.0,0.0,0.0,0.0,0.0,0.0,0.0,0.0,0.0,0.0,23.9,0.0,23.9,12.0,0.0,12.0,2.0,0.0,2.0,0.0,0.2,7.7,28.0,161.0,0.20000000000000284,27.540135192226444,4.441275876637094,1.1037177862272918,21.74429657794677,18.990283058724124,Idle,Denial of Service,MHDDoS (TCP),Raspberry Pi 4B 4GB,nmon,1
17:55:10.000,0.0,0.0,0.0,1,0,33.9,0.0,0.0,0.0,0.0,0.0,-0.0,-0.0,-0.0,0.0,0.0,0.0,0.0,0.0,0.0,0.0,0.0,0.0,0.0,0.0,0.0,0.0,0.0,0.0,0.0,0.0,0.0,0.0,0.0,0.0,0.0,0.2,7.7,28.0,162.0,0.0,27.540135192226444,4.441275876637094,1.1037177862272918,21.74429657794677,18.990283058724124,Idle,Denial of Service,MHDDoS (TCP),Raspberry Pi 4B 4GB,nmon,1
17:55:11.000,0.0,0.0,0.0,1,0,30.9,0.0,0.0,0.0,0.0,0.0,-0.0,-0.0,-0.0,0.0,0.0,0.0,0.0,0.0,0.0,0.0,0.0,0.0,0.0,0.0,0.0,0.0,0.0,0.0,0.0,0.0,0.0,0.0,0.0,0.0,0.0,0.2,7.7,28.0,163.0,0.0,27.540135192226444,4.441275876637094,1.1037177862272918,21.74429657794677,18.990283058724124,Idle,Denial of Service,MHDDoS (TCP),Raspberry Pi 4B 4GB,nmon,1
17:55:12.000,0.0,0.0,0.0,1,0,47.9,0.0,0.0,0.0,0.0,0.0,-0.0,-0.0,-0.0,0.0,0.0,0.0,0.0,0.0,0.0,0.0,0.0,0.0,0.0,0.0,0.0,8.0,0.0,8.0,8.0,0.0,8.0,1.0,0.0,1.0,0.0,0.2,7.7,28.0,164.0,0.0,27.540135192226444,4.441275876637094,1.1037177862272918,21.74429657794677,18.990283058724124,Idle,Denial of Service,MHDDoS (TCP),Raspberry Pi 4B 4GB,nmon,1
17:55:13.000,0.0,0.0,0.0,1,0,36.9,0.0,0.0,0.0,0.0,0.0,-0.0,-0.0,-0.0,0.0,0.0,0.0,0.0,0.0,0.0,1.0,0.0,0.0,0.0,0.0,0.0,0.0,0.0,0.0,0.0,0.0,0.0,0.0,0.0,0.0,0.0,0.2,7.7,28.0,165.0,0.0,27.540135192226444,4.441275876637094,1.1037177862272918,21.74429657794677,18.990283058724124,Idle,Denial of Service,MHDDoS (TCP),Raspberry Pi 4B 4GB,nmon,1
17:55:14.000,0.2,0.0,0.0,1,0,83.7,0.0,0.0,0.0,0.0,0.0,-0.0,-0.0,-0.0,0.0,0.0,0.0,0.0,0.0,0.0,0.0,0.0,1.0,0.0,0.0,0.0,35.9,0.0,35.9,7.2,0.0,7.2,5.0,0.0,5.0,0.0,0.2,7.7,28.0,166.0,0.20000000000000284,27.540135192226444,4.441275876637094,1.1037177862272918,21.74429657794677,18.990283058724124,Idle,Denial of Service,MHDDoS (TCP),Raspberry Pi 4B 4GB,nmon,1
17:55:15.000,0.0,0.0,0.0,1,0,27.9,0.0,0.0,0.0,0.0,0.0,-0.0,-0.0,-0.0,0.0,0.0,0.0,0.0,0.0,0.0,0.0,0.0,0.0,0.0,0.0,0.0,0.0,0.0,0.0,0.0,0.0,0.0,0.0,0.0,0.0,0.0,0.2,7.7,28.0,167.0,0.0,27.540135192226444,4.441275876637094,1.1037177862272918,21.74429657794677,18.990283058724124,Idle,Denial of Service,MHDDoS (TCP),Raspberry Pi 4B 4GB,nmon,1
17:55:16.000,0.0,0.0,0.0,1,0,31.9,0.0,0.0,0.0,0.0,0.0,-0.0,-0.0,-0.0,0.0,0.0,0.0,0.0,0.0,0.0,0.0,0.0,0.0,0.0,0.0,0.0,0.0,0.0,0.0,0.0,0.0,0.0,0.0,0.0,0.0,0.0,0.2,7.7,28.0,168.0,0.0,27.540135192226444,4.441275876637094,1.1037177862272918,21.74429657794677,18.990283058724124,Idle,Denial of Service,MHDDoS (TCP),Raspberry Pi 4B 4GB,nmon,1
17:55:17.000,0.0,0.2,0.0,1,0,35.9,0.0,0.0,0.0,0.0,0.0,-0.0,-0.0,-0.0,0.0,0.0,0.0,0.0,0.0,0.0,0.0,0.0,0.0,0.0,0.0,0.0,0.0,0.0,0.0,0.0,0.0,0.0,0.0,0.0,0.0,0.0,0.2,7.7,28.0,169.0,0.20000000000000284,27.540135192226444,4.441275876637094,1.1037177862272918,21.74429657794677,18.990283058724124,Idle,Denial of Service,MHDDoS (TCP),Raspberry Pi 4B 4GB,nmon,1
17:55:18.000,0.0,0.0,0.0,1,0,48.9,0.0,0.0,0.0,0.0,0.0,-0.0,-0.0,-0.0,0.0,0.0,0.0,0.0,0.0,0.0,0.0,0.0,0.0,0.0,0.0,0.0,8.0,0.0,8.0,8.0,0.0,8.0,1.0,0.0,1.0,0.0,0.2,7.7,28.0,170.0,0.0,27.540135192226444,4.441275876637094,1.1037177862272918,21.74429657794677,18.990283058724124,Idle,Denial of Service,MHDDoS (TCP),Raspberry Pi 4B 4GB,nmon,1
17:55:19.000,0.0,0.0,0.2,1,0,49.9,0.0,0.0,0.0,0.0,0.0,-0.0,-0.0,-0.0,0.0,0.0,0.0,0.0,0.0,0.0,0.0,0.0,0.0,0.0,0.0,0.0,23.9,0.0,23.9,12.0,0.0,12.0,2.0,0.0,2.0,0.0,0.2,7.7,28.0,171.0,0.20000000000000284,27.540135192226444,4.441275876637094,1.1037177862272918,21.74429657794677,18.990283058724124,Idle,Denial of Service,MHDDoS (TCP),Raspberry Pi 4B 4GB,nmon,1
17:55:20.000,0.0,0.0,0.0,1,0,33.9,0.0,0.0,0.0,0.0,0.0,-0.0,-0.0,-0.0,0.0,0.0,0.0,0.0,0.0,0.0,0.0,0.0,0.0,0.0,0.0,0.0,0.0,0.0,0.0,0.0,0.0,0.0,0.0,0.0,0.0,0.0,0.2,7.7,28.0,172.0,0.0,27.540135192226444,4.441275876637094,1.1037177862272918,21.74429657794677,18.990283058724124,Idle,Denial of Service,MHDDoS (TCP),Raspberry Pi 4B 4GB,nmon,1
17:55:21.000,0.0,0.2,0.0,1,0,22.0,0.0,0.0,0.0,0.0,0.0,-0.0,-0.0,-0.0,0.0,0.0,0.0,0.0,0.0,0.0,0.0,0.0,0.0,0.0,0.0,0.0,0.0,0.0,0.0,0.0,0.0,0.0,0.0,0.0,0.0,0.0,0.2,7.7,28.0,173.0,0.20000000000000284,27.540135192226444,4.441275876637094,1.1037177862272918,21.74429657794677,18.990283058724124,Idle,Denial of Service,MHDDoS (TCP),Raspberry Pi 4B 4GB,nmon,1
17:55:22.000,0.0,0.0,0.0,1,0,34.9,0.0,0.0,0.0,0.0,0.0,-0.0,-0.0,-0.0,0.0,0.0,0.0,0.0,0.0,0.0,0.0,0.0,0.0,0.0,0.0,0.0,0.0,0.0,0.0,0.0,0.0,0.0,0.0,0.0,0.0,0.0,0.2,7.7,28.0,174.0,0.0,27.540135192226444,4.441275876637094,1.1037177862272918,21.74429657794677,18.990283058724124,Idle,Denial of Service,MHDDoS (TCP),Raspberry Pi 4B 4GB,nmon,1
17:55:23.000,0.0,0.0,0.0,1,0,25.9,0.0,0.0,0.0,0.0,0.0,-0.0,-0.0,-0.0,0.0,0.0,0.0,0.0,0.0,0.0,0.0,0.0,0.0,0.0,0.0,0.0,0.0,0.0,0.0,0.0,0.0,0.0,0.0,0.0,0.0,0.0,0.2,7.7,28.0,175.0,0.0,27.540135192226444,4.441275876637094,1.1037177862272918,21.74429657794677,18.990283058724124,Idle,Denial of Service,MHDDoS (TCP),Raspberry Pi 4B 4GB,nmon,1
17:55:24.000,0.0,0.0,0.2,1,0,100.7,0.0,0.0,0.0,0.0,0.0,-0.0,-0.0,-0.0,0.0,0.0,0.0,0.0,0.0,0.0,1.0,0.0,1.0,0.0,0.0,0.0,31.9,0.0,31.9,4.6,0.0,4.6,7.0,0.0,7.0,0.0,0.2,7.7,28.0,176.0,0.20000000000000284,27.540135192226444,4.441275876637094,1.1037177862272918,21.74429657794677,18.990283058724124,Idle,Denial of Service,MHDDoS (TCP),Raspberry Pi 4B 4GB,nmon,1
17:55:25.000,0.0,0.0,0.0,1,0,38.9,0.0,0.0,0.0,0.0,0.0,-0.0,-0.0,-0.0,0.0,0.0,0.0,0.0,0.0,0.0,0.0,0.0,0.0,0.0,0.0,0.0,0.0,0.0,0.0,0.0,0.0,0.0,0.0,0.0,0.0,0.0,0.2,7.7,28.0,177.0,0.0,27.540135192226444,4.441275876637094,1.1037177862272918,21.74429657794677,18.990283058724124,Idle,Denial of Service,MHDDoS (TCP),Raspberry Pi 4B 4GB,nmon,1
17:55:26.000,0.0,0.0,0.0,1,0,43.9,0.0,0.0,0.0,0.0,0.0,-0.0,-0.0,-0.0,0.0,0.0,0.0,0.0,0.0,0.0,0.0,0.0,0.0,0.0,0.0,0.0,0.0,0.0,0.0,0.0,0.0,0.0,0.0,0.0,0.0,0.0,0.2,7.7,28.0,178.0,0.0,27.540135192226444,4.441275876637094,1.1037177862272918,21.74429657794677,18.990283058724124,Idle,Denial of Service,MHDDoS (TCP),Raspberry Pi 4B 4GB,nmon,1
17:55:27.000,0.0,0.0,0.0,1,0,29.9,0.0,0.0,0.0,0.0,0.0,-0.0,-0.0,-0.0,0.0,0.0,0.0,0.0,0.0,0.0,0.0,0.0,0.0,0.0,0.0,0.0,0.0,0.0,0.0,0.0,0.0,0.0,0.0,0.0,0.0,0.0,0.2,7.7,28.0,179.0,0.0,27.540135192226444,4.441275876637094,1.1037177862272918,21.74429657794677,18.990283058724124,Idle,Denial of Service,MHDDoS (TCP),Raspberry Pi 4B 4GB,nmon,1
17:55:28.000,0.0,0.2,0.0,1,0,34.9,0.0,0.0,0.0,0.0,0.0,-0.0,-0.0,-0.0,0.0,0.0,0.0,0.0,0.0,0.0,0.0,0.0,0.0,0.0,0.0,0.0,0.0,0.0,0.0,0.0,0.0,0.0,0.0,0.0,0.0,0.0,0.2,7.7,28.0,180.0,0.20000000000000284,27.540135192226444,4.441275876637094,1.1037177862272918,21.74429657794677,18.990283058724124,Idle,Denial of Service,MHDDoS (TCP),Raspberry Pi 4B 4GB,nmon,1
17:55:29.000,0.0,0.0,0.0,1,0,56.8,0.0,0.0,0.0,0.0,0.0,-0.0,-0.0,-0.0,0.0,0.0,0.0,0.0,0.0,0.0,1.0,0.0,1.0,0.0,0.0,0.0,27.9,0.0,27.9,14.0,0.0,14.0,2.0,0.0,2.0,0.0,0.2,7.7,28.0,181.0,0.0,27.540135192226444,4.441275876637094,1.1037177862272918,21.74429657794677,18.990283058724124,Idle,Denial of Service,MHDDoS (TCP),Raspberry Pi 4B 4GB,nmon,1
17:55:30.000,0.0,0.0,0.0,1,0,44.9,0.0,0.0,0.0,0.0,0.0,-0.0,-0.0,-0.0,0.0,0.0,0.0,0.0,0.0,0.0,0.0,0.0,0.0,0.0,0.0,0.0,8.0,0.0,8.0,8.0,0.0,8.0,1.0,0.0,1.0,0.0,0.2,7.7,28.0,182.0,0.0,27.540135192226444,4.441275876637094,1.1037177862272918,21.746937051119563,18.990283058724124,Idle,Denial of Service,MHDDoS (TCP),Raspberry Pi 4B 4GB,nmon,1
17:55:31.000,0.0,0.0,0.0,1,0,31.9,0.0,0.0,0.0,0.0,0.0,-0.0,-0.0,-0.0,0.0,0.0,0.0,0.0,0.0,0.0,0.0,0.0,0.0,0.0,0.0,0.0,0.0,0.0,0.0,0.0,0.0,0.0,0.0,0.0,0.0,0.0,0.2,7.7,28.0,183.0,0.0,27.540135192226444,4.441275876637094,1.1037177862272918,21.746937051119563,18.990283058724124,Idle,Denial of Service,MHDDoS (TCP),Raspberry Pi 4B 4GB,nmon,1
17:55:32.000,0.0,0.0,0.0,1,0,34.9,0.0,0.0,0.0,0.0,0.0,-0.0,-0.0,-0.0,0.0,0.0,0.0,0.0,0.0,0.0,0.0,0.0,0.0,0.0,0.0,0.0,0.0,0.0,0.0,0.0,0.0,0.0,0.0,0.0,0.0,0.0,0.2,7.7,28.0,184.0,0.0,27.540135192226444,4.441275876637094,1.1037177862272918,21.746937051119563,18.990283058724124,Idle,Denial of Service,MHDDoS (TCP),Raspberry Pi 4B 4GB,nmon,1
17:55:33.000,0.2,0.0,0.0,1,0,38.9,0.0,0.0,0.0,0.0,0.0,-0.0,-0.0,-0.0,0.0,0.0,0.0,0.0,0.0,0.0,0.0,0.0,0.0,0.0,0.0,0.0,0.0,0.0,0.0,0.0,0.0,0.0,0.0,0.0,0.0,0.0,0.2,7.7,28.0,185.0,0.20000000000000284,27.540135192226444,4.441275876637094,1.1037177862272918,21.74429657794677,18.990283058724124,Idle,Denial of Service,MHDDoS (TCP),Raspberry Pi 4B 4GB,nmon,1
17:55:34.000,0.0,0.0,0.2,1,0,86.7,0.0,0.0,0.0,0.0,0.0,-0.0,-0.0,-0.0,0.0,0.0,0.0,0.0,0.0,0.0,1.0,0.0,0.0,0.0,0.0,0.0,39.9,0.0,39.9,6.7,0.0,6.7,6.0,0.0,6.0,0.0,0.2,7.7,28.0,186.0,0.20000000000000284,27.540135192226444,4.441275876637094,1.1037177862272918,21.746937051119563,18.990283058724124,Idle,Denial of Service,MHDDoS (TCP),Raspberry Pi 4B 4GB,nmon,1
17:55:35.000,0.0,0.0,0.0,1,0,30.9,0.0,0.0,0.0,0.0,0.0,-0.0,-0.0,-0.0,0.0,0.0,0.0,0.0,0.0,0.0,0.0,0.0,0.0,0.0,0.0,0.0,0.0,0.0,0.0,0.0,0.0,0.0,0.0,0.0,0.0,0.0,0.2,7.7,28.0,187.0,0.0,27.540135192226444,4.441275876637094,1.1037177862272918,21.746937051119563,18.990283058724124,Idle,Denial of Service,MHDDoS (TCP),Raspberry Pi 4B 4GB,nmon,1
17:55:36.000,0.0,0.2,0.0,1,0,40.9,0.0,0.0,0.0,0.0,0.0,-0.0,-0.0,-0.0,0.0,0.0,0.0,0.0,0.0,0.0,0.0,0.0,0.0,0.0,0.0,0.0,8.0,0.0,8.0,8.0,0.0,8.0,1.0,0.0,1.0,0.0,0.2,7.7,28.0,188.0,0.20000000000000284,27.540135192226444,4.441275876637094,1.1037177862272918,21.746937051119563,18.990283058724124,Idle,Denial of Service,MHDDoS (TCP),Raspberry Pi 4B 4GB,nmon,1
17:55:37.000,0.0,0.0,0.0,1,0,38.9,0.0,0.0,0.0,0.0,0.0,-0.0,-0.0,-0.0,0.0,0.0,0.0,0.0,0.0,0.0,0.0,0.0,0.0,0.0,0.0,0.0,0.0,0.0,0.0,0.0,0.0,0.0,0.0,0.0,0.0,0.0,0.2,7.7,28.0,189.0,0.0,27.540135192226444,4.441275876637094,1.1037177862272918,21.746937051119563,18.990283058724124,Idle,Denial of Service,MHDDoS (TCP),Raspberry Pi 4B 4GB,nmon,1
17:55:38.000,0.0,0.0,0.0,1,0,31.9,0.0,0.0,0.0,0.0,0.0,-0.0,-0.0,-0.0,0.0,0.0,0.0,0.0,0.0,0.0,0.0,0.0,0.0,0.0,0.0,0.0,0.0,0.0,0.0,0.0,0.0,0.0,0.0,0.0,0.0,0.0,0.2,7.7,28.0,190.0,0.0,27.540135192226444,4.441275876637094,1.1037177862272918,21.746937051119563,18.990283058724124,Idle,Denial of Service,MHDDoS (TCP),Raspberry Pi 4B 4GB,nmon,1
17:55:39.000,0.0,0.0,0.0,1,0,46.8,0.0,0.0,0.0,0.0,0.0,-0.0,-0.0,-0.0,0.0,0.0,0.0,0.0,0.0,0.0,0.0,0.0,1.0,0.0,0.0,0.0,23.9,0.0,23.9,12.0,0.0,12.0,2.0,0.0,2.0,0.0,0.2,7.7,28.0,191.0,0.0,27.540135192226444,4.441275876637094,1.1037177862272918,21.746937051119563,18.990283058724124,Idle,Denial of Service,MHDDoS (TCP),Raspberry Pi 4B 4GB,nmon,1
17:55:40.000,0.0,0.0,0.0,1,0,33.9,0.0,0.0,0.0,0.0,0.0,-0.0,-0.0,-0.0,0.0,0.0,0.0,0.0,0.0,0.0,0.0,0.0,0.0,0.0,0.0,0.0,0.0,0.0,0.0,0.0,0.0,0.0,0.0,0.0,0.0,0.0,0.2,7.7,28.0,192.0,0.0,27.540135192226444,4.441275876637094,1.1037177862272918,21.746937051119563,18.990283058724124,Idle,Denial of Service,MHDDoS (TCP),Raspberry Pi 4B 4GB,nmon,1
17:55:41.000,0.0,0.0,0.0,1,0,37.9,0.0,0.0,0.0,0.0,0.0,-0.0,-0.0,-0.0,0.0,0.0,0.0,0.0,0.0,0.0,0.0,0.0,0.0,0.0,0.0,0.0,0.0,0.0,0.0,0.0,0.0,0.0,0.0,0.0,0.0,0.0,0.2,7.7,28.0,193.0,0.0,27.540135192226444,4.441275876637094,1.1037177862272918,21.746937051119563,18.990283058724124,Idle,Denial of Service,MHDDoS (TCP),Raspberry Pi 4B 4GB,nmon,1
17:55:42.000,0.0,0.0,0.0,1,0,47.9,0.0,0.0,0.0,0.0,0.0,-0.0,-0.0,-0.0,0.0,0.0,0.0,0.0,0.0,0.0,0.0,0.0,0.0,0.0,0.0,0.0,8.0,0.0,8.0,8.0,0.0,8.0,1.0,0.0,1.0,0.0,0.2,7.7,28.0,194.0,0.0,27.540135192226444,4.441275876637094,1.1037177862272918,21.746937051119563,18.990283058724124,Idle,Denial of Service,MHDDoS (TCP),Raspberry Pi 4B 4GB,nmon,1
17:55:43.000,0.0,0.0,0.0,1,0,28.9,0.0,0.0,0.0,0.0,0.0,-0.0,-0.0,-0.0,0.0,0.0,0.0,0.0,0.0,0.0,0.0,0.0,0.0,0.0,0.0,0.0,0.0,0.0,0.0,0.0,0.0,0.0,0.0,0.0,0.0,0.0,0.2,7.7,28.0,195.0,0.0,27.540135192226444,4.441275876637094,1.1037177862272918,21.746937051119563,18.990283058724124,Idle,Denial of Service,MHDDoS (TCP),Raspberry Pi 4B 4GB,nmon,1
17:55:44.000,0.0,0.0,0.2,1,0,76.7,0.0,0.0,0.0,0.0,0.0,-0.0,-0.0,-0.0,0.0,0.0,0.0,0.0,0.0,0.0,1.0,0.0,1.0,0.0,0.0,0.0,35.9,0.0,35.9,7.2,0.0,7.2,5.0,0.0,5.0,0.0,0.2,7.7,28.0,196.0,0.20000000000000284,27.540135192226444,4.441275876637094,1.1037177862272918,21.746937051119563,18.990283058724124,Idle,Denial of Service,MHDDoS (TCP),Raspberry Pi 4B 4GB,nmon,1
17:55:45.000,0.0,0.0,0.0,1,0,36.9,0.0,0.0,0.0,0.0,0.0,-0.0,-0.0,-0.0,0.0,0.0,0.0,0.0,0.0,0.0,0.0,0.0,0.0,0.0,0.0,0.0,0.0,0.0,0.0,0.0,0.0,0.0,0.0,0.0,0.0,0.0,0.2,7.7,28.0,197.0,0.0,27.540135192226444,4.441275876637094,1.1037177862272918,21.746937051119563,18.990283058724124,Idle,Denial of Service,MHDDoS (TCP),Raspberry Pi 4B 4GB,nmon,1
17:55:46.000,0.0,0.2,0.0,1,0,33.9,0.0,0.0,0.0,0.0,0.0,-0.0,-0.0,-0.0,0.0,0.0,0.0,0.0,0.0,0.0,0.0,0.0,0.0,0.0,0.0,0.0,0.0,0.0,0.0,0.0,0.0,0.0,0.0,0.0,0.0,0.0,0.2,7.7,28.0,198.0,0.20000000000000284,27.540135192226444,4.441275876637094,1.1037177862272918,21.746937051119563,18.990283058724124,Idle,Denial of Service,MHDDoS (TCP),Raspberry Pi 4B 4GB,nmon,1
17:55:47.000,0.0,0.0,0.0,1,0,39.9,0.0,0.0,0.0,0.0,0.0,-0.0,-0.0,-0.0,0.0,0.0,0.0,0.0,0.0,0.0,0.0,0.0,0.0,0.0,0.0,0.0,4.0,0.0,4.0,4.0,0.0,4.0,1.0,0.0,1.0,0.0,0.2,7.7,28.0,199.0,0.0,27.540135192226444,4.441275876637094,1.1037177862272918,21.746937051119563,18.990283058724124,Idle,Denial of Service,MHDDoS (TCP),Raspberry Pi 4B 4GB,nmon,1
17:55:48.000,16.5,2.5,0.0,2,0,297.4,1.0,0.0,0.0,0.0,0.1,-0.0,-0.0,-0.4,0.0,0.0,1.0,0.0,0.0,1.0,0.0,0.0,0.0,0.0,0.0,0.0,0.0,0.0,0.0,0.0,0.0,0.0,0.0,0.0,0.0,0.0,0.2,7.7,28.0,200.0,19.0,28.260984368398812,4.441275876637094,1.1037177862272918,21.746937051119563,19.7084917617237,Idle,Denial of Service,MHDDoS (TCP),Raspberry Pi 4B 4GB,nmon,1
17:55:49.000,11.5,26.8,0.3,5,0,68060.5,4.0,0.0,0.0,0.0,37.5,-0.0,-0.0,-10022.2,0.0,0.0,671.6,0.0,0.0,6837.8,1.0,0.0,0.0,0.0,0.0,0.0,15.9,0.0,15.9,8.0,0.0,8.0,2.0,0.0,2.0,0.0,0.2,7.7,28.0,201.0,38.5,28.4088508660752,4.441275876637094,1.1037177862272918,21.746937051119563,19.71905365441487,Attack,Denial of Service,MHDDoS (TCP),Raspberry Pi 4B 4GB,nmon,1
17:55:50.000,12.4,32.2,0.0,2,0,56044.8,0.0,0.0,0.0,0.0,46.6,-0.0,-0.0,-10038.0,0.0,0.0,897.4,0.0,0.0,6792.3,0.0,0.0,0.0,0.0,0.0,0.0,0.0,0.0,0.0,0.0,0.0,0.0,0.0,0.0,0.0,0.0,0.2,7.7,28.0,202.0,44.5,28.443177017321496,4.441275876637094,1.1037177862272918,21.746937051119563,19.71905365441487,Attack,Denial of Service,MHDDoS (TCP),Raspberry Pi 4B 4GB,nmon,1
17:55:51.000,10.6,32.8,0.0,1,0,50627.7,0.0,0.0,0.0,0.0,46.7,-0.0,-0.0,-10908.3,0.0,0.0,914.8,0.0,0.0,7377.9,0.0,0.0,0.0,0.0,0.0,0.0,0.0,0.0,0.0,0.0,0.0,0.0,0.0,0.0,0.0,0.0,0.2,7.7,28.0,203.0,43.4,28.255703422053237,4.441275876637094,1.1037177862272918,21.746937051119563,19.71905365441487,Attack,Denial of Service,MHDDoS (TCP),Raspberry Pi 4B 4GB,nmon,1
17:55:52.000,12.5,33.0,0.0,3,0,51617.1,0.0,0.0,0.0,0.0,45.9,-0.0,-0.0,-11201.2,0.0,0.0,904.6,0.0,0.0,7576.0,0.0,0.0,0.0,0.0,0.0,0.0,0.0,0.0,0.0,0.0,0.0,0.0,0.0,0.0,0.0,0.0,0.2,7.7,28.0,204.0,45.5,28.342839036755375,4.441275876637094,1.1037177862272918,21.746937051119563,19.71905365441487,Attack,Denial of Service,MHDDoS (TCP),Raspberry Pi 4B 4GB,nmon,1
17:55:53.000,11.0,34.0,0.0,3,0,52548.5,0.0,0.0,0.0,0.0,48.7,-0.0,-0.0,-10846.2,0.0,0.0,951.8,0.0,0.0,7335.9,0.0,0.0,1.0,0.0,0.0,0.0,12.0,0.0,12.0,12.0,0.0,12.0,1.0,0.0,1.0,0.0,0.2,7.7,28.0,205.0,44.9,28.42469370511196,4.441275876637094,1.1037177862272918,21.746937051119563,19.71905365441487,Attack,Denial of Service,MHDDoS (TCP),Raspberry Pi 4B 4GB,nmon,1
17:55:54.000,11.4,33.0,0.0,3,0,51959.2,0.0,0.0,0.0,0.0,45.7,-0.0,-0.0,-10226.0,0.0,0.0,892.6,0.0,0.0,6916.4,1.0,0.0,1.0,0.0,0.0,0.0,39.9,0.0,39.9,6.7,0.0,6.7,6.0,0.0,6.0,0.0,0.2,7.7,28.0,206.0,44.3,28.218736797634136,4.441275876637094,1.1037177862272918,21.746937051119563,19.71905365441487,Attack,Denial of Service,MHDDoS (TCP),Raspberry Pi 4B 4GB,nmon,1
17:55:55.000,10.6,33.5,0.0,1,0,50246.3,0.0,0.0,0.0,0.0,45.0,-0.0,-0.0,-10634.4,0.0,0.0,878.6,0.0,0.0,7193.6,0.0,0.0,0.0,0.0,0.0,0.0,0.0,0.0,0.0,0.0,0.0,0.0,0.0,0.0,0.0,0.0,0.2,7.7,28.0,207.0,44.1,28.253062948880437,4.441275876637094,1.1037177862272918,21.746937051119563,19.721694127587664,Attack,Denial of Service,MHDDoS (TCP),Raspberry Pi 4B 4GB,nmon,1
17:55:56.000,12.3,33.0,0.0,2,0,51934.4,0.0,0.0,0.0,0.0,46.0,-0.0,-0.0,-10706.4,0.0,0.0,904.9,0.0,0.0,7241.3,0.0,0.0,0.0,0.0,0.0,0.0,0.0,0.0,0.0,0.0,0.0,0.0,0.0,0.0,0.0,0.0,0.2,7.7,28.0,208.0,45.3,28.31643430502745,4.441275876637094,1.1037177862272918,21.746937051119563,19.721694127587664,Attack,Denial of Service,MHDDoS (TCP),Raspberry Pi 4B 4GB,nmon,1
17:55:57.000,11.4,30.9,0.0,3,0,52262.2,0.0,0.0,0.0,0.0,47.2,-0.0,-0.0,-10815.9,0.0,0.0,929.0,0.0,0.0,7315.4,0.0,0.0,0.0,0.0,0.0,0.0,0.0,0.0,0.0,0.0,0.0,0.0,0.0,0.0,0.0,0.0,0.2,7.7,28.0,209.0,42.3,28.38772708069286,4.441275876637094,1.1037177862272918,21.746937051119563,19.721694127587664,Attack,Denial of Service,MHDDoS (TCP),Raspberry Pi 4B 4GB,nmon,1
17:55:58.000,11.5,35.5,0.0,3,0,57895.6,0.0,0.0,0.0,0.0,44.2,-0.0,-0.0,-10603.6,0.0,0.0,870.3,0.0,0.0,7171.8,1.0,0.0,0.0,0.0,0.0,0.0,12.0,0.0,12.0,6.0,0.0,6.0,2.0,0.0,2.0,0.0,0.2,7.7,28.0,210.0,47.0,28.42205323193916,4.441275876637094,1.1037177862272918,21.746937051119563,19.721694127587664,Attack,Denial of Service,MHDDoS (TCP),Raspberry Pi 4B 4GB,nmon,1
17:55:59.000,11.7,36.3,0.0,4,0,58504.9,0.0,0.0,0.0,0.0,47.6,-0.0,-0.0,-11218.9,0.0,0.0,935.7,0.0,0.0,7590.8,0.0,0.0,0.0,0.0,0.0,0.0,8.0,0.0,8.0,8.0,0.0,8.0,1.0,0.0,1.0,0.0,0.2,7.7,28.0,211.0,48.0,28.464300802703846,4.441275876637094,1.1037177862272918,21.746937051119563,19.721694127587664,Attack,Denial of Service,MHDDoS (TCP),Raspberry Pi 4B 4GB,nmon,1
17:56:00.000,10.2,28.3,0.0,4,0,46436.4,1.0,0.0,0.0,0.0,40.5,-0.0,-0.0,-9587.7,0.0,0.0,795.6,0.0,0.0,6484.7,0.0,0.0,0.0,0.0,0.0,0.0,0.0,0.0,0.0,0.0,0.0,0.0,0.0,0.0,0.0,0.0,0.2,7.7,28.0,212.0,38.5,28.493346007604558,4.441275876637094,1.1037177862272918,21.746937051119563,19.721694127587664,Attack,Denial of Service,MHDDoS (TCP),Raspberry Pi 4B 4GB,nmon,1
17:56:01.000,11.8,29.1,0.0,3,0,45581.6,0.0,0.0,0.0,0.0,40.8,-0.0,-0.0,-10217.7,0.0,0.0,801.3,0.0,0.0,6912.7,0.0,0.0,0.0,0.0,0.0,0.0,0.0,0.0,0.0,0.0,0.0,0.0,0.0,0.0,0.0,0.0,0.2,7.7,28.0,213.0,40.9,28.498626953950147,4.441275876637094,1.1037177862272918,21.746937051119563,19.721694127587664,Attack,Denial of Service,MHDDoS (TCP),Raspberry Pi 4B 4GB,nmon,1
17:56:02.000,10.0,29.1,0.0,2,0,39623.1,0.0,0.0,0.0,0.0,41.7,-0.0,-0.0,-9538.3,0.0,0.0,821.9,0.0,0.0,6452.2,0.0,0.0,0.0,0.0,0.0,0.0,0.0,0.0,0.0,0.0,0.0,0.0,0.0,0.0,0.0,0.0,0.2,7.7,28.0,214.0,39.1,28.52767215885086,4.441275876637094,1.1037177862272918,21.746937051119563,19.721694127587664,Attack,Denial of Service,MHDDoS (TCP),Raspberry Pi 4B 4GB,nmon,1
17:56:03.000,9.2,29.4,0.0,5,0,37754.0,0.0,0.0,0.0,0.0,47.4,-0.0,-0.0,-9695.7,0.0,0.0,933.8,0.0,0.0,6557.7,0.0,0.0,1.0,0.0,0.0,0.0,23.9,0.0,23.9,12.0,0.0,12.0,2.0,0.0,2.0,0.0,0.2,7.7,28.0,215.0,38.6,28.580481622306706,4.441275876637094,1.1037177862272918,21.746937051119563,19.721694127587664,Attack,Denial of Service,MHDDoS (TCP),Raspberry Pi 4B 4GB,nmon,1
17:56:04.000,11.5,26.6,0.3,5,0,36634.5,0.0,0.0,0.0,0.0,43.6,-0.0,-0.0,-10279.5,0.0,0.0,858.4,0.0,0.0,6952.6,0.0,0.0,0.0,0.0,0.0,0.0,0.0,0.0,0.0,0.0,0.0,0.0,0.0,0.0,0.0,0.0,0.2,7.7,28.0,216.0,38.4,28.638572032108158,4.441275876637094,1.1037177862272918,21.746937051119563,19.721694127587664,Attack,Denial of Service,MHDDoS (TCP),Raspberry Pi 4B 4GB,nmon,1
17:56:05.000,11.2,27.0,0.0,2,0,42394.2,0.0,0.0,0.0,0.0,46.2,-0.0,-0.0,-11747.0,0.0,0.0,903.5,0.0,0.0,7945.1,0.0,0.0,0.0,0.0,0.0,0.0,8.0,0.0,8.0,8.0,0.0,8.0,1.0,0.0,1.0,0.0,0.2,7.7,28.0,217.0,38.2,28.495986480777347,4.441275876637094,1.1037177862272918,21.746937051119563,19.721694127587664,Attack,Denial of Service,MHDDoS (TCP),Raspberry Pi 4B 4GB,nmon,1
17:56:06.000,9.4,22.3,0.0,1,0,29573.9,0.0,0.0,0.0,0.0,38.1,-0.0,-0.0,-9822.0,0.0,0.0,749.3,0.0,0.0,6643.2,0.0,0.0,0.0,0.0,0.0,0.0,0.0,0.0,0.0,0.0,0.0,0.0,0.0,0.0,0.0,0.0,0.2,7.7,28.0,218.0,31.700000000000003,28.292670046472335,4.441275876637094,1.1037177862272918,21.746937051119563,19.721694127587664,Attack,Denial of Service,MHDDoS (TCP),Raspberry Pi 4B 4GB,nmon,1
17:56:07.000,8.8,24.0,0.0,2,0,37456.5,0.0,0.0,0.0,0.0,41.6,-0.0,-0.0,-11046.4,0.0,0.0,805.5,0.0,0.0,7475.3,0.0,0.0,0.0,0.0,0.0,0.0,0.0,0.0,0.0,0.0,0.0,0.0,0.0,0.0,0.0,0.0,0.2,7.7,28.0,219.0,32.8,28.385086607520073,4.441275876637094,1.1037177862272918,21.746937051119563,19.721694127587664,Attack,Denial of Service,MHDDoS (TCP),Raspberry Pi 4B 4GB,nmon,1
17:56:08.000,9.8,31.1,0.0,3,0,47429.8,0.0,0.0,0.0,0.0,39.4,-0.0,-0.0,-11431.0,0.0,0.0,775.1,0.0,0.0,7732.1,0.0,0.0,0.0,0.0,0.0,0.0,0.0,0.0,0.0,0.0,0.0,0.0,0.0,0.0,0.0,0.0,0.2,7.7,28.0,220.0,41.0,28.443177017321496,4.441275876637094,1.1037177862272918,21.746937051119563,19.721694127587664,Attack,Denial of Service,MHDDoS (TCP),Raspberry Pi 4B 4GB,nmon,1
17:56:09.000,8.2,27.0,0.0,6,0,39956.8,0.0,0.0,0.0,0.0,44.2,-0.0,-0.0,-10177.5,0.0,0.0,870.7,0.0,0.0,6883.6,1.0,0.0,1.0,0.0,0.0,0.0,35.9,0.0,35.9,7.2,0.0,7.2,5.0,0.0,5.0,0.0,0.2,7.7,28.0,221.0,35.2,28.490705534431772,4.441275876637094,1.1037177862272918,21.746937051119563,19.721694127587664,Attack,Denial of Service,MHDDoS (TCP),Raspberry Pi 4B 4GB,nmon,1
17:56:10.000,12.6,31.2,0.0,2,0,48544.9,0.0,0.0,0.0,0.0,40.2,-0.0,-0.0,-12515.1,0.0,0.0,787.9,0.0,0.0,8464.7,0.0,0.0,0.0,0.0,0.0,0.0,0.0,0.0,0.0,0.0,0.0,0.0,0.0,0.0,0.0,0.0,0.2,7.7,28.0,222.0,43.8,28.258343895226023,4.441275876637094,1.1037177862272918,21.746937051119563,19.721694127587664,Attack,Denial of Service,MHDDoS (TCP),Raspberry Pi 4B 4GB,nmon,1
17:56:11.000,10.3,26.3,0.0,2,0,36609.2,0.0,0.0,0.0,0.0,41.9,-0.0,-0.0,-11092.6,0.0,0.0,815.4,0.0,0.0,7502.5,0.0,0.0,0.0,0.0,0.0,0.0,8.0,0.0,8.0,8.0,0.0,8.0,1.0,0.0,1.0,0.0,0.2,7.7,28.0,223.0,36.6,28.326996197718625,4.441275876637094,1.1037177862272918,21.746937051119563,19.721694127587664,Attack,Denial of Service,MHDDoS (TCP),Raspberry Pi 4B 4GB,nmon,1
17:56:12.000,7.5,23.7,0.0,2,0,32445.7,0.0,0.0,0.0,0.0,37.9,-0.0,-0.0,-10188.8,0.0,0.0,741.9,0.0,0.0,6893.2,0.0,0.0,0.0,0.0,0.0,0.0,0.0,0.0,0.0,0.0,0.0,0.0,0.0,0.0,0.0,0.0,0.2,7.7,28.0,224.0,31.299999999999997,28.340198563582586,4.441275876637094,1.1037177862272918,21.746937051119563,19.721694127587664,Attack,Denial of Service,MHDDoS (TCP),Raspberry Pi 4B 4GB,nmon,1
17:56:13.000,9.2,23.7,0.0,1,0,33519.3,0.0,0.0,0.0,0.0,34.2,-0.0,-0.0,-11547.0,0.0,0.0,671.5,0.0,0.0,7810.8,1.0,0.0,0.0,0.0,0.0,0.0,23.9,0.0,23.9,12.0,0.0,12.0,2.0,0.0,2.0,0.0,0.2,7.7,28.0,225.0,33.0,28.429974651457535,4.441275876637094,1.1037177862272918,21.746937051119563,19.721694127587664,Attack,Denial of Service,MHDDoS (TCP),Raspberry Pi 4B 4GB,nmon,1
17:56:14.000,11.2,23.5,0.3,1,0,29440.7,0.0,0.0,0.0,0.0,42.9,-0.0,-0.0,-10992.7,0.0,0.0,834.8,0.0,0.0,7440.7,0.0,0.0,0.0,0.0,0.0,0.0,0.0,0.0,0.0,0.0,0.0,0.0,0.0,0.0,0.0,0.0,0.2,7.7,28.0,226.0,34.900000000000006,28.501267427122933,4.441275876637094,1.1037177862272918,21.746937051119563,19.721694127587664,Attack,Denial of Service,MHDDoS (TCP),Raspberry Pi 4B 4GB,nmon,1
17:56:15.000,10.8,30.5,0.0,2,0,41863.1,0.0,0.0,0.0,0.0,46.8,-0.0,-0.0,-12482.3,0.0,0.0,921.6,0.0,0.0,8450.4,0.0,0.0,0.0,0.0,0.0,0.0,0.0,0.0,0.0,0.0,0.0,0.0,0.0,0.0,0.0,0.0,0.2,7.7,28.0,227.0,41.3,28.55935783692437,4.441275876637094,1.1037177862272918,21.746937051119563,19.721694127587664,Attack,Denial of Service,MHDDoS (TCP),Raspberry Pi 4B 4GB,nmon,1
17:56:16.000,8.4,23.2,0.0,4,0,35960.8,0.0,0.0,0.0,0.0,45.4,-0.0,-0.0,-9766.1,0.0,0.0,890.6,0.0,0.0,6608.3,0.0,0.0,0.0,0.0,0.0,0.0,0.0,0.0,0.0,0.0,0.0,0.0,0.0,0.0,0.0,0.0,0.2,7.7,28.0,228.0,31.599999999999994,28.588403041825096,4.441275876637094,1.1037177862272918,21.746937051119563,19.721694127587664,Attack,Denial of Service,MHDDoS (TCP),Raspberry Pi 4B 4GB,nmon,1
17:56:17.000,9.7,27.0,0.0,1,0,36721.5,0.0,0.0,0.0,0.0,40.2,-0.0,-0.0,-12291.0,0.0,0.0,791.3,0.0,0.0,8319.8,0.0,0.0,0.0,0.0,0.0,0.0,8.0,0.0,8.0,8.0,0.0,8.0,1.0,0.0,1.0,0.0,0.2,7.7,28.0,229.0,36.8,28.628010139416983,4.441275876637094,1.1037177862272918,21.746937051119563,19.721694127587664,Attack,Denial of Service,MHDDoS (TCP),Raspberry Pi 4B 4GB,nmon,1
17:56:18.000,9.4,26.2,0.0,2,0,36486.5,0.0,0.0,0.0,0.0,62.1,-0.0,-0.0,-9139.2,0.0,0.0,1247.8,0.0,0.0,6422.4,0.0,0.0,1.0,0.0,0.0,0.0,19.9,0.0,19.9,20.0,0.0,20.0,1.0,0.0,1.0,0.0,0.2,7.7,28.0,230.0,35.5,28.41941275876636,4.441275876637094,1.1037177862272918,21.746937051119563,19.721694127587664,Attack,Denial of Service,MHDDoS (TCP),Raspberry Pi 4B 4GB,nmon,1
17:56:19.000,11.5,40.2,0.0,2,0,84674.7,0.0,0.0,0.0,0.0,47.7,-0.0,-0.0,-10936.7,0.0,0.0,940.0,0.0,0.0,7413.8,1.0,0.0,0.0,0.0,0.0,0.0,15.9,0.0,15.9,4.0,0.0,4.0,4.0,0.0,4.0,0.0,0.2,7.7,28.0,231.0,51.7,28.45373891001267,4.441275876637094,1.1037177862272918,21.746937051119563,19.721694127587664,Attack,Denial of Service,MHDDoS (TCP),Raspberry Pi 4B 4GB,nmon,1
17:56:20.000,13.8,39.3,0.0,4,0,88987.9,0.0,0.0,0.0,0.0,43.5,-0.0,-0.0,-10920.3,0.0,0.0,855.4,0.0,0.0,7414.2,0.0,0.0,0.0,0.0,0.0,0.0,0.0,0.0,0.0,0.0,0.0,0.0,0.0,0.0,0.0,0.0,0.2,7.7,28.0,232.0,53.1,28.498626953950147,4.441275876637094,1.1037177862272918,21.746937051119563,19.721694127587664,Attack,Denial of Service,MHDDoS (TCP),Raspberry Pi 4B 4GB,nmon,1
17:56:21.000,12.4,38.0,0.0,1,0,82023.0,0.0,0.0,0.0,0.0,46.4,-0.0,-0.0,-11438.0,0.0,0.0,913.3,0.0,0.0,7773.8,0.0,0.0,0.0,0.0,0.0,0.0,0.0,0.0,0.0,0.0,0.0,0.0,0.0,0.0,0.0,0.0,0.2,7.7,28.0,233.0,50.4,28.52767215885086,4.441275876637094,1.1037177862272918,21.746937051119563,19.721694127587664,Attack,Denial of Service,MHDDoS (TCP),Raspberry Pi 4B 4GB,nmon,1
17:56:22.000,11.6,34.4,0.0,1,0,61072.8,0.0,0.0,0.0,0.0,46.0,-0.0,-0.0,-10483.3,0.0,0.0,904.4,0.0,0.0,7134.6,0.0,0.0,0.0,0.0,0.0,0.0,0.0,0.0,0.0,0.0,0.0,0.0,0.0,0.0,0.0,0.0,0.2,7.7,28.0,234.0,46.0,28.305872412336296,4.441275876637094,1.1037177862272918,21.746937051119563,19.721694127587664,Attack,Denial of Service,MHDDoS (TCP),Raspberry Pi 4B 4GB,nmon,1
17:56:23.000,10.3,30.6,0.0,1,0,54997.8,0.0,0.0,0.0,0.0,46.3,-0.0,-0.0,-11275.4,0.0,0.0,907.2,0.0,0.0,7659.5,0.0,0.0,1.0,0.0,0.0,0.0,8.0,0.0,8.0,8.0,0.0,8.0,1.0,0.0,1.0,0.0,0.2,7.7,28.0,235.0,40.9,28.358681875792147,4.441275876637094,1.1037177862272918,21.746937051119563,19.721694127587664,Attack,Denial of Service,MHDDoS (TCP),Raspberry Pi 4B 4GB,nmon,1
17:56:24.000,11.4,29.9,0.3,1,0,51283.6,0.0,0.0,0.0,0.0,44.0,-0.0,-0.0,-11644.5,0.0,0.0,863.7,0.0,0.0,7891.8,0.0,0.0,0.0,0.0,0.0,0.0,23.9,0.0,23.9,12.0,0.0,12.0,2.0,0.0,2.0,0.0,0.2,7.7,28.0,236.0,41.6,28.416772285593574,4.441275876637094,1.1037177862272918,21.746937051119563,19.721694127587664,Attack,Denial of Service,MHDDoS (TCP),Raspberry Pi 4B 4GB,nmon,1
17:56:25.000,8.2,28.7,0.0,3,0,46836.0,0.0,0.0,0.0,0.0,42.9,-0.0,-0.0,-10231.6,0.0,0.0,844.6,0.0,0.0,6935.6,0.0,0.0,0.0,0.0,0.0,0.0,0.0,0.0,0.0,0.0,0.0,0.0,0.0,0.0,0.0,0.0,0.2,7.7,28.0,237.0,36.9,28.279467680608363,4.441275876637094,1.1037177862272918,21.746937051119563,19.724334600760457,Attack,Denial of Service,MHDDoS (TCP),Raspberry Pi 4B 4GB,nmon,1
17:56:26.000,10.3,27.9,0.0,1,0,47266.9,0.0,0.0,0.0,0.0,45.7,-0.0,-0.0,-10712.5,0.0,0.0,900.5,0.0,0.0,7260.9,0.0,0.0,0.0,0.0,0.0,0.0,0.0,0.0,0.0,0.0,0.0,0.0,0.0,0.0,0.0,0.0,0.2,7.7,28.0,238.0,38.2,28.31379383185466,4.441275876637094,1.1037177862272918,21.746937051119563,19.724334600760457,Attack,Denial of Service,MHDDoS (TCP),Raspberry Pi 4B 4GB,nmon,1
17:56:27.000,10.1,34.3,0.0,3,0,57645.4,0.0,0.0,0.0,0.0,46.0,-0.0,-0.0,-12212.1,0.0,0.0,906.7,0.0,0.0,8268.3,0.0,0.0,0.0,0.0,0.0,0.0,0.0,0.0,0.0,0.0,0.0,0.0,0.0,0.0,0.0,0.0,0.2,7.7,28.0,239.0,44.4,28.337558090409797,4.441275876637094,1.1037177862272918,21.746937051119563,19.724334600760457,Attack,Denial of Service,MHDDoS (TCP),Raspberry Pi 4B 4GB,nmon,1
17:56:28.000,8.8,27.4,0.0,1,0,49317.3,0.0,0.0,0.0,0.0,37.9,-0.0,-0.0,-10706.3,0.0,0.0,745.6,0.0,0.0,7253.1,0.0,0.0,0.0,0.0,0.0,0.0,0.0,0.0,0.0,0.0,0.0,0.0,0.0,0.0,0.0,0.0,0.2,7.7,28.0,240.0,36.2,28.443177017321496,4.441275876637094,1.1037177862272918,21.746937051119563,19.724334600760457,Attack,Denial of Service,MHDDoS (TCP),Raspberry Pi 4B 4GB,nmon,1
17:56:29.000,9.8,30.3,0.0,1,0,48265.1,0.0,0.0,0.0,0.0,45.6,-0.0,-0.0,-11111.0,0.0,0.0,891.3,0.0,0.0,7536.5,2.0,0.0,1.0,0.0,0.0,0.0,31.9,0.0,31.9,5.3,0.0,5.3,6.0,0.0,6.0,0.0,0.2,7.7,28.0,241.0,40.2,28.495986480777347,4.443916349809887,1.1037177862272918,21.746937051119563,19.724334600760457,Attack,Denial of Service,MHDDoS (TCP),Raspberry Pi 4B 4GB,nmon,1
17:56:30.000,8.6,30.4,0.0,2,0,46862.4,0.0,0.0,0.0,0.0,45.4,-0.0,-0.0,-10895.8,0.0,0.0,891.2,0.0,0.0,7378.1,0.0,0.0,0.0,0.0,0.0,0.0,0.0,0.0,0.0,0.0,0.0,0.0,0.0,0.0,0.0,0.0,0.2,7.7,28.0,242.0,39.0,28.52503168567807,4.443916349809887,1.1037177862272918,21.746937051119563,19.724334600760457,Attack,Denial of Service,MHDDoS (TCP),Raspberry Pi 4B 4GB,nmon,1
17:56:31.000,7.0,26.1,0.0,2,0,37335.2,0.0,0.0,0.0,0.0,44.6,-0.0,-0.0,-10002.2,0.0,0.0,879.1,0.0,0.0,6775.5,0.0,0.0,0.0,0.0,0.0,0.0,0.0,0.0,0.0,0.0,0.0,0.0,0.0,0.0,0.0,0.0,0.2,7.7,28.0,243.0,33.099999999999994,28.57784114913392,4.443916349809887,1.1037177862272918,21.746937051119563,19.724334600760457,Attack,Denial of Service,MHDDoS (TCP),Raspberry Pi 4B 4GB,nmon,1
17:56:32.000,8.5,27.6,0.0,3,0,40944.1,0.0,0.0,0.0,0.0,35.0,-0.0,-0.0,-10422.4,0.0,0.0,685.2,0.0,0.0,7058.6,0.0,0.0,0.0,0.0,0.0,0.0,0.0,0.0,0.0,0.0,0.0,0.0,0.0,0.0,0.0,0.0,0.2,7.7,28.0,244.0,36.2,28.612167300380232,4.443916349809887,1.1037177862272918,21.746937051119563,19.724334600760457,Attack,Denial of Service,MHDDoS (TCP),Raspberry Pi 4B 4GB,nmon,1
17:56:33.000,10.3,31.9,0.0,2,0,49230.6,0.0,0.0,0.0,0.0,42.7,-0.0,-0.0,-11389.5,0.0,0.0,841.8,0.0,0.0,7714.4,0.0,0.0,1.0,0.0,0.0,0.0,19.9,0.0,23.9,20.0,0.0,12.0,1.0,0.0,2.0,0.0,0.2,7.7,28.0,245.0,42.2,28.4088508660752,4.443916349809887,1.1037177862272918,21.746937051119563,19.724334600760457,Attack,Denial of Service,MHDDoS (TCP),Raspberry Pi 4B 4GB,nmon,1
17:56:34.000,9.7,28.8,0.3,2,0,45188.1,0.0,0.0,0.0,0.0,43.4,-0.0,-0.0,-11003.2,0.0,0.0,854.4,0.0,0.0,7457.2,0.0,0.0,0.0,0.0,0.0,0.0,4.0,0.0,0.0,4.0,0.0,0.0,1.0,0.0,0.0,0.0,0.2,7.7,28.0,246.0,38.7,28.45901985635826,4.443916349809887,1.1037177862272918,21.746937051119563,19.724334600760457,Attack,Denial of Service,MHDDoS (TCP),Raspberry Pi 4B 4GB,nmon,1
17:56:35.000,11.0,27.2,0.0,2,0,42735.7,0.0,0.0,0.0,0.0,45.8,-0.0,-0.0,-10099.1,0.0,0.0,897.1,0.0,0.0,6844.2,0.0,0.0,0.0,0.0,0.0,0.0,8.0,0.0,8.0,8.0,0.0,8.0,1.0,0.0,1.0,0.0,0.2,7.7,28.0,247.0,38.2,28.52767215885086,4.443916349809887,1.1037177862272918,21.746937051119563,19.724334600760457,Attack,Denial of Service,MHDDoS (TCP),Raspberry Pi 4B 4GB,nmon,1
17:56:36.000,10.6,27.8,0.0,3,0,41661.2,0.0,0.0,0.0,0.0,42.0,-0.0,-0.0,-10411.4,0.0,0.0,821.9,0.0,0.0,7056.1,0.0,0.0,0.0,0.0,0.0,0.0,0.0,0.0,0.0,0.0,0.0,0.0,0.0,0.0,0.0,0.0,0.2,7.7,28.0,248.0,38.3,28.348119983100972,4.443916349809887,1.1037177862272918,21.746937051119563,19.724334600760457,Attack,Denial of Service,MHDDoS (TCP),Raspberry Pi 4B 4GB,nmon,1
17:56:37.000,9.9,32.8,0.0,5,0,48428.6,0.0,0.0,0.0,0.0,41.6,-0.0,-0.0,-11623.9,0.0,0.0,818.4,0.0,0.0,7872.4,0.0,0.0,0.0,0.0,0.0,0.0,0.0,0.0,0.0,0.0,0.0,0.0,0.0,0.0,0.0,0.0,0.2,7.7,28.0,249.0,42.6,28.400929446556823,4.443916349809887,1.1037177862272918,21.746937051119563,19.724334600760457,Attack,Denial of Service,MHDDoS (TCP),Raspberry Pi 4B 4GB,nmon,1
17:56:38.000,11.0,35.8,0.0,5,0,52202.8,0.0,0.0,0.0,0.0,49.8,-0.0,-0.0,-13414.5,0.0,0.0,981.1,0.0,0.0,9129.3,0.0,0.0,0.0,0.0,0.0,0.0,24.0,0.0,24.0,24.0,0.0,24.0,1.0,0.0,1.0,0.0,0.2,7.7,28.0,250.0,46.8,28.448457963667085,4.443916349809887,1.1037177862272918,21.746937051119563,19.724334600760457,Attack,Denial of Service,MHDDoS (TCP),Raspberry Pi 4B 4GB,nmon,1
17:56:39.000,9.1,27.0,0.0,1,0,47036.2,0.0,0.0,0.0,0.0,42.8,-0.0,-0.0,-10894.4,0.0,0.0,843.7,0.0,0.0,7391.4,3.0,0.0,2.0,0.0,0.0,0.0,19.9,0.0,19.9,4.0,0.0,4.0,5.0,0.0,5.0,0.0,0.2,7.7,28.0,251.0,36.1,28.506548373468522,4.443916349809887,1.1037177862272918,21.746937051119563,19.724334600760457,Attack,Denial of Service,MHDDoS (TCP),Raspberry Pi 4B 4GB,nmon,1
17:56:40.000,12.0,31.6,0.0,1,0,48278.5,0.0,0.0,0.0,0.0,47.6,-0.0,-0.0,-12860.3,0.0,0.0,932.3,0.0,0.0,8777.3,0.0,0.0,0.0,0.0,0.0,0.0,0.0,0.0,0.0,0.0,0.0,0.0,0.0,0.0,0.0,0.0,0.2,7.7,28.0,252.0,43.6,28.54615547106041,4.443916349809887,1.1037177862272918,21.746937051119563,19.724334600760457,Attack,Denial of Service,MHDDoS (TCP),Raspberry Pi 4B 4GB,nmon,1
17:56:41.000,12.1,28.1,0.0,2,0,39837.4,0.0,0.0,0.0,0.0,59.6,-0.0,-0.0,-11782.9,0.0,0.0,1168.1,0.0,0.0,8117.7,0.0,0.0,0.0,0.0,0.0,0.0,8.0,0.0,8.0,8.0,0.0,8.0,1.0,0.0,1.0,0.0,0.2,7.7,28.0,253.0,40.2,28.628010139416983,4.443916349809887,1.1037177862272918,21.746937051119563,19.724334600760457,Attack,Denial of Service,MHDDoS (TCP),Raspberry Pi 4B 4GB,nmon,1
17:56:42.000,10.5,29.2,0.0,3,0,39646.6,0.0,0.0,0.0,0.0,55.3,-0.0,-0.0,-11718.9,0.0,0.0,1084.7,0.0,0.0,8024.9,0.0,0.0,0.0,0.0,0.0,0.0,0.0,0.0,0.0,0.0,0.0,0.0,0.0,0.0,0.0,0.0,0.2,7.7,28.0,254.0,39.7,28.67025771018166,4.443916349809887,1.1037177862272918,21.746937051119563,19.724334600760457,Attack,Denial of Service,MHDDoS (TCP),Raspberry Pi 4B 4GB,nmon,1
17:56:43.000,9.6,30.0,0.0,4,0,40049.0,0.0,0.0,0.0,0.0,47.1,-0.0,-0.0,-11905.7,0.0,0.0,928.2,0.0,0.0,8095.4,0.0,0.0,0.0,0.0,0.0,0.0,0.0,0.0,0.0,0.0,0.0,0.0,0.0,0.0,0.0,0.0,0.2,7.7,28.0,255.0,39.7,28.68610054921841,4.443916349809887,1.1037177862272918,21.746937051119563,19.724334600760457,Attack,Denial of Service,MHDDoS (TCP),Raspberry Pi 4B 4GB,nmon,1
17:56:44.000,10.2,31.3,0.0,2,0,37775.5,0.0,0.0,0.0,0.0,53.6,-0.0,-0.0,-11858.0,0.0,0.0,1048.9,0.0,0.0,8141.0,0.0,0.0,1.0,0.0,0.0,0.0,23.9,0.0,23.9,12.0,0.0,12.0,2.0,0.0,2.0,0.0,0.2,7.7,28.0,256.0,41.6,28.45373891001267,4.443916349809887,1.1037177862272918,21.746937051119563,19.724334600760457,Attack,Denial of Service,MHDDoS (TCP),Raspberry Pi 4B 4GB,nmon,1
17:56:45.000,12.7,29.4,0.0,1,0,38744.5,0.0,0.0,0.0,0.0,56.2,-0.0,-0.0,-11596.6,0.0,0.0,1106.9,0.0,0.0,7978.1,0.0,0.0,0.0,0.0,0.0,0.0,0.0,0.0,0.0,0.0,0.0,0.0,0.0,0.0,0.0,0.0,0.2,7.7,28.0,257.0,42.1,28.501267427122933,4.443916349809887,1.1037177862272918,21.746937051119563,19.724334600760457,Attack,Denial of Service,MHDDoS (TCP),Raspberry Pi 4B 4GB,nmon,1
17:56:46.000,9.8,25.6,0.0,2,0,39343.0,0.0,0.0,0.0,0.0,52.1,-0.0,-0.0,-10942.8,0.0,0.0,1019.3,0.0,0.0,7462.3,0.0,0.0,0.0,0.0,0.0,0.0,0.0,0.0,0.0,0.0,0.0,0.0,0.0,0.0,0.0,0.0,0.2,7.7,28.0,258.0,35.400000000000006,28.588403041825096,4.443916349809887,1.1037177862272918,21.746937051119563,19.724334600760457,Attack,Denial of Service,MHDDoS (TCP),Raspberry Pi 4B 4GB,nmon,1
17:56:47.000,9.8,32.9,0.0,3,0,42200.7,0.0,0.0,0.0,0.0,52.2,-0.0,-0.0,-12820.8,0.0,0.0,1028.3,0.0,0.0,8780.3,0.0,0.0,0.0,0.0,0.0,0.0,0.0,0.0,0.0,0.0,0.0,0.0,0.0,0.0,0.0,0.0,0.2,7.7,28.0,259.0,42.8,28.361322348964933,4.443916349809887,1.1037177862272918,21.746937051119563,19.724334600760457,Attack,Denial of Service,MHDDoS (TCP),Raspberry Pi 4B 4GB,nmon,1
17:56:48.000,8.3,30.2,0.0,4,0,56247.8,0.0,0.0,0.0,0.0,66.7,-0.0,-0.0,-9673.2,0.0,0.0,1335.5,0.0,0.0,6823.0,1.0,0.0,0.0,0.0,0.0,0.0,12.0,0.0,12.0,6.0,0.0,6.0,2.0,0.0,2.0,0.0,0.2,7.7,28.0,260.0,38.5,28.147444021968738,4.443916349809887,1.1063582594000845,21.746937051119563,19.724334600760457,Attack,Denial of Service,MHDDoS (TCP),Raspberry Pi 4B 4GB,nmon,1
17:56:49.000,14.2,40.8,0.0,5,0,91440.6,0.0,0.0,0.0,0.0,52.9,-0.0,-0.0,-12484.3,0.0,0.0,1041.9,0.0,0.0,8521.7,0.0,0.0,1.0,0.0,0.0,0.0,11.9,0.0,11.9,4.0,0.0,4.0,3.0,0.0,3.0,0.0,0.2,7.7,28.0,261.0,55.0,28.19233206590621,4.443916349809887,1.1063582594000845,21.746937051119563,19.724334600760457,Attack,Denial of Service,MHDDoS (TCP),Raspberry Pi 4B 4GB,nmon,1
17:56:50.000,12.4,33.8,0.0,1,0,68950.3,0.0,0.0,0.0,0.0,55.3,-0.0,-0.0,-9781.6,0.0,0.0,1030.8,0.0,0.0,6744.9,0.0,0.0,0.0,0.0,0.0,0.0,0.0,0.0,0.0,0.0,0.0,0.0,0.0,0.0,0.0,0.0,0.2,7.7,28.0,262.0,46.2,28.234579636670887,4.443916349809887,1.1063582594000845,21.746937051119563,19.724334600760457,Attack,Denial of Service,MHDDoS (TCP),Raspberry Pi 4B 4GB,nmon,1
17:56:51.000,12.6,39.8,0.0,6,0,77015.6,0.0,0.0,0.0,0.0,62.2,-0.0,-0.0,-12050.9,0.0,0.0,1212.4,0.0,0.0,8151.6,0.0,0.0,0.0,0.0,0.0,0.0,0.0,0.0,0.0,0.0,0.0,0.0,0.0,0.0,0.0,0.0,0.2,7.7,28.0,263.0,52.4,28.30323193916349,4.443916349809887,1.1063582594000845,21.746937051119563,19.724334600760457,Attack,Denial of Service,MHDDoS (TCP),Raspberry Pi 4B 4GB,nmon,1
17:56:52.000,13.3,40.0,0.0,3,0,78847.1,0.0,0.0,0.0,0.0,58.0,-0.0,-0.0,-11743.2,0.0,0.0,1142.5,0.0,0.0,7942.6,0.0,0.0,0.0,0.0,0.0,0.0,0.0,0.0,0.0,0.0,0.0,0.0,0.0,0.0,0.0,0.0,0.2,7.7,28.0,264.0,53.3,28.342839036755375,4.443916349809887,1.1063582594000845,21.746937051119563,19.724334600760457,Attack,Denial of Service,MHDDoS (TCP),Raspberry Pi 4B 4GB,nmon,1
17:56:53.000,12.8,40.8,0.0,2,0,78572.6,0.0,0.0,0.0,0.0,58.0,-0.0,-0.0,-11471.0,0.0,0.0,1142.3,0.0,0.0,7759.4,0.0,0.0,0.0,0.0,0.0,0.0,12.0,0.0,12.0,6.0,0.0,6.0,2.0,0.0,2.0,0.0,0.2,7.7,28.0,265.0,53.6,28.094634558512887,4.443916349809887,1.1063582594000845,21.746937051119563,19.724334600760457,Attack,Denial of Service,MHDDoS (TCP),Raspberry Pi 4B 4GB,nmon,1
17:56:54.000,13.0,37.8,0.3,2,0,85602.3,0.0,0.0,0.0,0.0,60.0,-0.0,-0.0,-11930.7,0.0,0.0,1181.7,0.0,0.0,8071.3,0.0,0.0,0.0,0.0,0.0,0.0,0.0,0.0,0.0,0.0,0.0,0.0,0.0,0.0,0.0,0.0,0.2,7.7,28.0,266.0,51.0,28.17384875369666,4.443916349809887,1.1063582594000845,21.746937051119563,19.724334600760457,Attack,Denial of Service,MHDDoS (TCP),Raspberry Pi 4B 4GB,nmon,1
17:56:55.000,11.4,39.5,0.0,4,0,81369.0,0.0,0.0,0.0,0.0,50.2,-0.0,-0.0,-11145.1,0.0,0.0,988.9,0.0,0.0,7538.1,0.0,0.0,0.0,0.0,0.0,0.0,0.0,0.0,0.0,0.0,0.0,0.0,0.0,0.0,0.0,0.0,0.2,7.7,28.0,267.0,50.9,28.20817490494296,4.443916349809887,1.1063582594000845,21.746937051119563,19.724334600760457,Attack,Denial of Service,MHDDoS (TCP),Raspberry Pi 4B 4GB,nmon,1
17:56:56.000,13.6,38.5,0.0,3,0,86829.7,0.0,0.0,0.0,0.0,55.2,-0.0,-0.0,-11690.0,0.0,0.0,1082.8,0.0,0.0,7906.6,0.0,0.0,0.0,0.0,0.0,0.0,0.0,0.0,0.0,0.0,0.0,0.0,0.0,0.0,0.0,0.0,0.2,7.7,28.0,268.0,52.1,28.260984368398812,4.443916349809887,1.1063582594000845,21.746937051119563,19.724334600760457,Attack,Denial of Service,MHDDoS (TCP),Raspberry Pi 4B 4GB,nmon,1
17:56:57.000,12.1,40.3,0.0,2,0,83553.3,0.0,0.0,0.0,0.0,53.3,-0.0,-0.0,-11862.3,0.0,0.0,1050.0,0.0,0.0,8024.0,0.0,0.0,0.0,0.0,0.0,0.0,0.0,0.0,0.0,0.0,0.0,0.0,0.0,0.0,0.0,0.0,0.2,7.7,28.0,269.0,52.4,28.290029573299524,4.443916349809887,1.1063582594000845,21.746937051119563,19.724334600760457,Attack,Denial of Service,MHDDoS (TCP),Raspberry Pi 4B 4GB,nmon,1
17:56:58.000,13.7,39.0,0.0,2,0,85304.5,0.0,0.0,0.0,0.0,58.5,-0.0,-0.0,-12178.3,0.0,0.0,1152.9,0.0,0.0,8236.8,1.0,0.0,0.0,0.0,0.0,0.0,8.0,0.0,8.0,8.0,0.0,8.0,1.0,0.0,1.0,0.0,0.2,7.7,28.0,270.0,52.7,28.33227714406422,4.443916349809887,1.1063582594000845,21.746937051119563,19.724334600760457,Attack,Denial of Service,MHDDoS (TCP),Raspberry Pi 4B 4GB,nmon,1
17:56:59.000,13.5,43.1,0.0,3,0,94867.6,0.0,0.0,0.0,0.0,57.1,-0.0,-0.0,-11912.6,0.0,0.0,1125.3,0.0,0.0,8059.1,0.0,0.0,0.0,0.0,0.0,0.0,4.0,0.0,4.0,4.0,0.0,4.0,1.0,0.0,1.0,0.0,0.2,7.7,28.0,271.0,56.6,28.36660329531051,4.443916349809887,1.1063582594000845,21.746937051119563,19.724334600760457,Attack,Denial of Service,MHDDoS (TCP),Raspberry Pi 4B 4GB,nmon,1
17:57:00.000,13.5,39.9,0.0,2,0,87388.6,0.0,0.0,0.0,0.0,60.1,-0.0,-0.0,-11874.5,0.0,0.0,1182.8,0.0,0.0,8031.3,0.0,0.0,0.0,0.0,0.0,0.0,0.0,0.0,0.0,0.0,0.0,0.0,0.0,0.0,0.0,0.0,0.2,7.7,28.0,272.0,53.5,28.429974651457535,4.443916349809887,1.1063582594000845,21.746937051119563,19.724334600760457,Attack,Denial of Service,MHDDoS (TCP),Raspberry Pi 4B 4GB,nmon,1
17:57:01.000,11.0,34.4,0.0,2,0,66396.9,0.0,0.0,0.0,0.0,57.7,-0.0,-0.0,-10717.9,0.0,0.0,1124.2,0.0,0.0,7249.1,0.0,0.0,0.0,0.0,0.0,0.0,0.0,0.0,0.0,0.0,0.0,0.0,0.0,0.0,0.0,0.0,0.2,7.7,28.0,273.0,45.4,28.477503168567807,4.443916349809887,1.1063582594000845,21.746937051119563,19.724334600760457,Attack,Denial of Service,MHDDoS (TCP),Raspberry Pi 4B 4GB,nmon,1
17:57:02.000,14.5,35.2,0.0,5,0,68733.0,0.0,0.0,0.0,0.0,53.5,-0.0,-0.0,-12063.3,0.0,0.0,1054.2,0.0,0.0,8159.0,0.0,0.0,0.0,0.0,0.0,0.0,0.0,0.0,0.0,0.0,0.0,0.0,0.0,0.0,0.0,0.0,0.2,7.7,28.0,274.0,49.7,28.535593578369244,4.443916349809887,1.1063582594000845,21.746937051119563,19.724334600760457,Attack,Denial of Service,MHDDoS (TCP),Raspberry Pi 4B 4GB,nmon,1
17:57:03.000,11.2,35.9,0.0,2,0,60372.5,0.0,0.0,0.0,0.0,57.7,-0.0,-0.0,-11246.5,0.0,0.0,1137.1,0.0,0.0,7606.6,0.0,0.0,1.0,0.0,0.0,0.0,0.0,0.0,0.0,0.0,0.0,0.0,0.0,0.0,0.0,0.0,0.2,7.7,28.0,275.0,47.1,28.308512885509085,4.443916349809887,1.1063582594000845,21.746937051119563,19.724334600760457,Attack,Denial of Service,MHDDoS (TCP),Raspberry Pi 4B 4GB,nmon,1
17:57:04.000,11.2,32.9,0.0,3,0,55929.6,0.0,0.0,0.0,0.0,55.5,-0.0,-0.0,-12372.3,0.0,0.0,1093.9,0.0,0.0,8402.4,0.0,0.0,0.0,0.0,0.0,0.0,12.0,0.0,12.0,6.0,0.0,6.0,2.0,0.0,2.0,0.0,0.2,7.7,28.0,276.0,44.1,28.395648500211234,4.443916349809887,1.1063582594000845,21.746937051119563,19.724334600760457,Attack,Denial of Service,MHDDoS (TCP),Raspberry Pi 4B 4GB,nmon,1
17:57:05.000,11.8,33.5,0.0,3,0,51262.2,0.0,0.0,0.0,0.0,58.4,-0.0,-0.0,-11851.3,0.0,0.0,1136.3,0.0,0.0,8056.7,0.0,0.0,0.0,0.0,0.0,0.0,0.0,0.0,0.0,0.0,0.0,0.0,0.0,0.0,0.0,0.0,0.2,7.7,28.0,277.0,45.4,28.41941275876636,4.443916349809887,1.1063582594000845,21.746937051119563,19.724334600760457,Attack,Denial of Service,MHDDoS (TCP),Raspberry Pi 4B 4GB,nmon,1
17:57:06.000,11.9,28.5,0.0,1,0,44404.9,0.0,0.0,0.0,0.0,50.2,-0.0,-0.0,-11501.4,0.0,0.0,988.4,0.0,0.0,7812.8,0.0,0.0,0.0,0.0,0.0,0.0,0.0,0.0,0.0,0.0,0.0,0.0,0.0,0.0,0.0,0.0,0.2,7.7,28.0,278.0,40.4,28.477503168567807,4.443916349809887,1.1063582594000845,21.746937051119563,19.724334600760457,Attack,Denial of Service,MHDDoS (TCP),Raspberry Pi 4B 4GB,nmon,1
17:57:07.000,9.3,33.1,0.0,3,0,43617.9,0.0,0.0,0.0,0.0,55.2,-0.0,-0.0,-12988.2,0.0,0.0,1063.1,0.0,0.0,8786.2,0.0,0.0,0.0,0.0,0.0,0.0,0.0,0.0,0.0,0.0,0.0,0.0,0.0,0.0,0.0,0.0,0.2,7.7,28.0,279.0,42.5,28.517110266159694,4.443916349809887,1.1063582594000845,21.746937051119563,19.724334600760457,Attack,Denial of Service,MHDDoS (TCP),Raspberry Pi 4B 4GB,nmon,1
17:57:08.000,8.0,27.5,0.0,1,0,33322.0,0.0,0.0,0.0,0.0,54.0,-0.0,-0.0,-11382.7,0.0,0.0,1047.2,0.0,0.0,7699.7,1.0,0.0,0.0,0.0,0.0,0.0,7.9,0.0,7.9,8.0,0.0,8.0,1.0,0.0,1.0,0.0,0.2,7.7,28.0,280.0,35.400000000000006,28.36660329531051,4.443916349809887,1.1063582594000845,21.746937051119563,19.724334600760457,Attack,Denial of Service,MHDDoS (TCP),Raspberry Pi 4B 4GB,nmon,1
17:57:09.000,11.3,31.7,0.0,3,0,37453.8,0.0,0.0,0.0,0.0,58.2,-0.0,-0.0,-12102.4,0.0,0.0,1141.7,0.0,0.0,8185.5,0.0,0.0,0.0,0.0,0.0,0.0,4.0,0.0,4.0,4.0,0.0,4.0,1.0,0.0,1.0,0.0,0.2,7.7,28.0,281.0,43.0,28.46958174904942,4.443916349809887,1.1063582594000845,21.746937051119563,19.724334600760457,Attack,Denial of Service,MHDDoS (TCP),Raspberry Pi 4B 4GB,nmon,1
17:57:10.000,10.2,29.6,0.0,1,0,38802.6,0.0,0.0,0.0,0.0,49.9,-0.0,-0.0,-11694.1,0.0,0.0,981.7,0.0,0.0,7909.4,0.0,0.0,0.0,0.0,0.0,0.0,0.0,0.0,0.0,0.0,0.0,0.0,0.0,0.0,0.0,0.0,0.2,7.7,28.0,282.0,39.8,28.2636248415716,4.443916349809887,1.1063582594000845,21.746937051119563,19.724334600760457,Attack,Denial of Service,MHDDoS (TCP),Raspberry Pi 4B 4GB,nmon,1
17:57:11.000,12.8,28.7,0.0,3,0,39875.0,0.0,0.0,0.0,0.0,55.2,-0.0,-0.0,-12201.4,0.0,0.0,1086.8,0.0,0.0,8252.4,0.0,0.0,0.0,0.0,0.0,0.0,0.0,0.0,0.0,0.0,0.0,0.0,0.0,0.0,0.0,0.0,0.2,7.7,28.0,283.0,41.5,28.326996197718625,4.443916349809887,1.1063582594000845,21.746937051119563,19.724334600760457,Attack,Denial of Service,MHDDoS (TCP),Raspberry Pi 4B 4GB,nmon,1
17:57:12.000,9.6,28.2,0.0,2,0,37591.3,0.0,0.0,0.0,0.0,50.8,-0.0,-0.0,-10378.8,0.0,0.0,1001.2,0.0,0.0,7019.7,0.0,0.0,0.0,0.0,0.0,0.0,24.0,0.0,24.0,24.0,0.0,24.0,1.0,0.0,1.0,0.0,0.2,7.7,28.0,284.0,37.7,28.398288973384034,4.443916349809887,1.1063582594000845,21.746937051119563,19.724334600760457,Attack,Denial of Service,MHDDoS (TCP),Raspberry Pi 4B 4GB,nmon,1
17:57:13.000,10.2,33.3,0.0,6,0,44425.7,0.0,0.0,0.0,0.0,52.6,-0.0,-0.0,-12390.5,0.0,0.0,1034.9,0.0,0.0,8380.3,0.0,0.0,1.0,0.0,0.0,0.0,24.0,0.0,24.0,12.0,0.0,12.0,2.0,0.0,2.0,0.0,0.2,7.7,28.0,285.0,43.5,28.466941275876636,4.443916349809887,1.1063582594000845,21.746937051119563,19.724334600760457,Attack,Denial of Service,MHDDoS (TCP),Raspberry Pi 4B 4GB,nmon,1
17:57:14.000,10.9,25.4,0.0,2,0,40369.8,0.0,0.0,0.0,0.0,47.8,-0.0,-0.0,-10689.7,0.0,0.0,941.1,0.0,0.0,7231.0,0.0,0.0,0.0,0.0,0.0,0.0,0.0,0.0,0.0,0.0,0.0,0.0,0.0,0.0,0.0,0.0,0.2,7.7,28.0,286.0,36.3,28.255703422053237,4.443916349809887,1.1063582594000845,21.746937051119563,19.724334600760457,Attack,Denial of Service,MHDDoS (TCP),Raspberry Pi 4B 4GB,nmon,1
17:57:15.000,10.1,34.6,0.0,2,0,49734.1,0.0,0.0,0.0,0.0,52.5,-0.0,-0.0,-12488.2,0.0,0.0,1034.2,0.0,0.0,8446.4,0.0,0.0,0.0,0.0,0.0,0.0,0.0,0.0,0.0,0.0,0.0,0.0,0.0,0.0,0.0,0.0,0.2,7.7,28.0,287.0,44.7,28.356041402619336,4.443916349809887,1.1063582594000845,21.746937051119563,19.724334600760457,Attack,Denial of Service,MHDDoS (TCP),Raspberry Pi 4B 4GB,nmon,1
17:57:16.000,12.0,33.6,0.0,4,0,51045.1,0.0,0.0,0.0,0.0,58.8,-0.0,-0.0,-12074.0,0.0,0.0,1157.3,0.0,0.0,8166.3,0.0,0.0,0.0,0.0,0.0,0.0,0.0,0.0,0.0,0.0,0.0,0.0,0.0,0.0,0.0,0.0,0.2,7.7,28.0,288.0,45.7,28.42469370511196,4.443916349809887,1.1063582594000845,21.746937051119563,19.724334600760457,Attack,Denial of Service,MHDDoS (TCP),Raspberry Pi 4B 4GB,nmon,1
17:57:17.000,13.0,32.3,0.0,6,0,54099.0,0.0,0.0,0.0,0.0,54.5,-0.0,-0.0,-12252.9,0.0,0.0,1073.2,0.0,0.0,8288.3,0.0,0.0,0.0,0.0,0.0,0.0,0.0,0.0,0.0,0.0,0.0,0.0,0.0,0.0,0.0,0.0,0.2,7.7,28.0,289.0,45.3,28.45373891001267,4.443916349809887,1.1063582594000845,21.746937051119563,19.724334600760457,Attack,Denial of Service,MHDDoS (TCP),Raspberry Pi 4B 4GB,nmon,1
17:57:18.000,9.2,30.5,0.0,2,0,57346.1,0.0,0.0,0.0,0.0,70.4,-0.0,-0.0,-8137.9,0.0,0.0,1405.2,0.0,0.0,5939.1,1.0,0.0,0.0,0.0,0.0,0.0,0.0,0.0,0.0,0.0,0.0,0.0,0.0,0.0,0.0,0.0,0.2,7.7,28.0,290.0,39.7,28.464300802703846,4.443916349809887,1.1063582594000845,21.746937051119563,19.724334600760457,Attack,Denial of Service,MHDDoS (TCP),Raspberry Pi 4B 4GB,nmon,1
17:57:19.000,13.2,41.9,0.0,4,0,95977.7,0.0,0.0,0.0,0.0,57.5,-0.0,-0.0,-12244.1,0.0,0.0,1129.5,0.0,0.0,8314.4,0.0,0.0,1.0,0.0,0.0,0.0,23.9,0.0,23.9,4.8,0.0,4.8,5.0,0.0,5.0,0.0,0.2,7.7,28.0,291.0,55.1,28.517110266159694,4.443916349809887,1.1063582594000845,21.746937051119563,19.724334600760457,Attack,Denial of Service,MHDDoS (TCP),Raspberry Pi 4B 4GB,nmon,1
17:57:20.000,12.0,33.0,0.0,2,0,62047.6,0.0,0.0,0.0,0.0,51.1,-0.0,-0.0,-10975.1,0.0,0.0,997.7,0.0,0.0,7535.3,0.0,0.0,0.0,0.0,0.0,0.0,0.0,0.0,0.0,0.0,0.0,0.0,0.0,0.0,0.0,0.0,0.2,7.7,28.0,292.0,45.0,28.585762568652306,4.443916349809887,1.1063582594000845,21.746937051119563,19.724334600760457,Attack,Denial of Service,MHDDoS (TCP),Raspberry Pi 4B 4GB,nmon,1
17:57:21.000,10.1,34.8,0.0,1,0,51978.1,0.0,0.0,0.0,0.0,58.1,-0.0,-0.0,-10507.5,0.0,0.0,1125.6,0.0,0.0,7232.7,0.0,0.0,0.0,0.0,0.0,0.0,0.0,0.0,0.0,0.0,0.0,0.0,0.0,0.0,0.0,0.0,0.2,7.7,28.0,293.0,44.8,28.348119983100972,4.443916349809887,1.1063582594000845,21.746937051119563,19.724334600760457,Attack,Denial of Service,MHDDoS (TCP),Raspberry Pi 4B 4GB,nmon,1
17:57:22.000,11.5,28.5,0.0,1,0,35791.7,0.0,0.0,0.0,0.0,53.8,-0.0,-0.0,-11552.5,0.0,0.0,1042.3,0.0,0.0,7910.8,0.0,0.0,0.0,0.0,0.0,0.0,0.0,0.0,0.0,0.0,0.0,0.0,0.0,0.0,0.0,0.0,0.2,7.7,28.0,294.0,40.0,28.16328686100549,4.443916349809887,1.1063582594000845,21.746937051119563,19.724334600760457,Attack,Denial of Service,MHDDoS (TCP),Raspberry Pi 4B 4GB,nmon,1
17:57:23.000,10.0,28.1,0.0,3,0,29603.3,0.0,0.0,0.0,0.0,52.8,-0.0,-0.0,-11143.2,0.0,0.0,1036.7,0.0,0.0,7656.0,1.0,0.0,0.0,0.0,0.0,0.0,0.0,0.0,0.0,0.0,0.0,0.0,0.0,0.0,0.0,0.0,0.2,7.7,28.0,295.0,38.2,28.22401774397971,4.443916349809887,1.1063582594000845,21.746937051119563,19.724334600760457,Attack,Denial of Service,MHDDoS (TCP),Raspberry Pi 4B 4GB,nmon,1
17:57:24.000,9.8,28.3,0.3,1,0,32133.3,0.0,0.0,0.0,0.0,52.9,-0.0,-0.0,-11063.2,0.0,0.0,1041.1,0.0,0.0,7603.8,0.0,0.0,0.0,0.0,0.0,0.0,12.0,0.0,12.0,6.0,0.0,6.0,2.0,0.0,2.0,0.0,0.2,7.7,28.0,296.0,38.4,28.276827207435563,4.443916349809887,1.1063582594000845,21.746937051119563,19.724334600760457,Attack,Denial of Service,MHDDoS (TCP),Raspberry Pi 4B 4GB,nmon,1
17:57:25.000,11.2,27.4,0.0,2,0,32470.3,0.0,0.0,0.0,0.0,51.4,-0.0,-0.0,-11122.0,0.0,0.0,1008.8,0.0,0.0,7626.2,0.0,0.0,0.0,0.0,0.0,0.0,0.0,0.0,0.0,0.0,0.0,0.0,0.0,0.0,0.0,0.0,0.2,7.7,28.0,297.0,38.5,28.3005914659907,4.443916349809887,1.1063582594000845,21.746937051119563,19.724334600760457,Attack,Denial of Service,MHDDoS (TCP),Raspberry Pi 4B 4GB,nmon,1
17:57:26.000,9.7,27.9,0.0,2,0,31932.8,0.0,0.0,0.0,0.0,50.7,-0.0,-0.0,-11095.0,0.0,0.0,997.6,0.0,0.0,7583.9,0.0,0.0,0.0,0.0,0.0,0.0,0.0,0.0,0.0,0.0,0.0,0.0,0.0,0.0,0.0,0.0,0.2,7.7,28.0,298.0,37.6,28.358681875792147,4.443916349809887,1.1063582594000845,21.746937051119563,19.724334600760457,Attack,Denial of Service,MHDDoS (TCP),Raspberry Pi 4B 4GB,nmon,1
17:57:27.000,8.9,29.8,0.0,3,0,32234.8,0.0,0.0,0.0,0.0,53.6,-0.0,-0.0,-11096.1,0.0,0.0,1043.5,0.0,0.0,7598.8,0.0,0.0,0.0,0.0,0.0,0.0,0.0,0.0,0.0,0.0,0.0,0.0,0.0,0.0,0.0,0.0,0.2,7.7,28.0,299.0,38.7,28.416772285593574,4.443916349809887,1.1063582594000845,21.746937051119563,19.724334600760457,Attack,Denial of Service,MHDDoS (TCP),Raspberry Pi 4B 4GB,nmon,1
17:57:28.000,7.9,28.3,0.0,4,0,29153.5,1.0,0.0,0.0,0.0,49.3,-0.0,-0.0,-10897.9,0.0,0.0,967.0,0.0,0.0,7467.3,0.0,0.0,1.0,0.0,0.0,0.0,20.0,0.0,20.0,6.7,0.0,6.7,3.0,0.0,3.0,0.0,0.2,7.7,28.0,300.0,36.3,28.461660329531046,4.443916349809887,1.1063582594000845,21.746937051119563,19.724334600760457,Attack,Denial of Service,MHDDoS (TCP),Raspberry Pi 4B 4GB,nmon,1
17:57:29.000,10.9,29.8,0.0,1,0,33127.0,0.0,0.0,0.0,0.0,53.0,-0.0,-0.0,-11789.6,0.0,0.0,1043.5,0.0,0.0,8090.1,0.0,0.0,0.0,0.0,0.0,0.0,0.0,0.0,0.0,0.0,0.0,0.0,0.0,0.0,0.0,0.0,0.2,7.7,28.0,301.0,40.7,28.485424588086182,4.443916349809887,1.1063582594000845,21.746937051119563,19.724334600760457,Attack,Denial of Service,MHDDoS (TCP),Raspberry Pi 4B 4GB,nmon,1
17:57:30.000,10.2,26.4,0.0,3,0,29905.9,0.0,0.0,0.0,0.0,51.5,-0.0,-0.0,-11525.1,0.0,0.0,1001.5,0.0,0.0,7916.9,0.0,0.0,0.0,0.0,0.0,0.0,0.0,0.0,0.0,0.0,0.0,0.0,0.0,0.0,0.0,0.0,0.2,7.7,28.0,302.0,36.6,28.276827207435563,4.443916349809887,1.1063582594000845,21.746937051119563,19.724334600760457,Attack,Denial of Service,MHDDoS (TCP),Raspberry Pi 4B 4GB,nmon,1
17:57:31.000,9.1,23.2,0.0,5,0,22593.3,0.0,0.0,0.0,0.0,44.0,-0.0,-0.0,-9942.8,0.0,0.0,858.1,0.0,0.0,6802.3,0.0,0.0,0.0,0.0,0.0,0.0,0.0,0.0,0.0,0.0,0.0,0.0,0.0,0.0,0.0,0.0,0.2,7.7,28.0,303.0,32.3,28.345479509928182,4.443916349809887,1.1063582594000845,21.746937051119563,19.724334600760457,Attack,Denial of Service,MHDDoS (TCP),Raspberry Pi 4B 4GB,nmon,1
17:57:32.000,9.3,27.8,0.0,2,0,24775.5,0.0,0.0,0.0,0.0,45.5,-0.0,-0.0,-10851.3,0.0,0.0,892.2,0.0,0.0,7444.7,0.0,0.0,0.0,0.0,0.0,0.0,0.0,0.0,0.0,0.0,0.0,0.0,0.0,0.0,0.0,0.0,0.2,7.7,28.0,304.0,37.1,28.40356991972961,4.443916349809887,1.1063582594000845,21.746937051119563,19.724334600760457,Attack,Denial of Service,MHDDoS (TCP),Raspberry Pi 4B 4GB,nmon,1
17:57:33.000,10.7,25.1,0.0,1,0,28554.3,0.0,0.0,0.0,0.0,47.3,-0.0,-0.0,-11262.6,0.0,0.0,930.3,0.0,0.0,7679.1,0.0,0.0,0.0,0.0,0.0,0.0,4.0,0.0,4.0,4.0,0.0,4.0,1.0,0.0,1.0,0.0,0.2,7.7,28.0,305.0,35.900000000000006,28.45637938318546,4.443916349809887,1.1063582594000845,21.746937051119563,19.724334600760457,Attack,Denial of Service,MHDDoS (TCP),Raspberry Pi 4B 4GB,nmon,1
17:57:34.000,11.2,27.2,0.0,1,0,30502.7,0.0,0.0,0.0,0.0,52.7,-0.0,-0.0,-11662.3,0.0,0.0,1033.4,0.0,0.0,7984.2,0.0,0.0,0.0,0.0,0.0,0.0,12.0,0.0,12.0,6.0,0.0,6.0,2.0,0.0,2.0,0.0,0.2,7.7,28.0,306.0,38.4,28.490705534431772,4.443916349809887,1.1063582594000845,21.746937051119563,19.724334600760457,Attack,Denial of Service,MHDDoS (TCP),Raspberry Pi 4B 4GB,nmon,1
17:57:35.000,8.9,25.8,0.0,4,0,27183.6,0.0,0.0,0.0,0.0,48.9,-0.0,-0.0,-10537.6,0.0,0.0,957.6,0.0,0.0,7203.9,0.0,0.0,0.0,0.0,0.0,0.0,0.0,0.0,0.0,0.0,0.0,0.0,0.0,0.0,0.0,0.0,0.2,7.7,28.0,307.0,34.7,28.54351499788762,4.443916349809887,1.1063582594000845,21.746937051119563,19.724334600760457,Attack,Denial of Service,MHDDoS (TCP),Raspberry Pi 4B 4GB,nmon,1
17:57:36.000,10.6,25.7,0.0,3,0,29054.3,0.0,0.0,0.0,0.0,51.3,-0.0,-0.0,-11187.2,0.0,0.0,1005.3,0.0,0.0,7686.7,0.0,0.0,0.0,0.0,0.0,0.0,0.0,0.0,0.0,0.0,0.0,0.0,0.0,0.0,0.0,0.0,0.2,7.7,28.0,308.0,36.3,28.321715251373046,4.443916349809887,1.1063582594000845,21.746937051119563,19.724334600760457,Attack,Denial of Service,MHDDoS (TCP),Raspberry Pi 4B 4GB,nmon,1
17:57:37.000,9.3,28.5,0.0,6,0,27661.6,0.0,0.0,0.0,0.0,50.5,-0.0,-0.0,-11606.3,0.0,0.0,985.4,0.0,0.0,7927.3,0.0,0.0,0.0,0.0,0.0,0.0,0.0,0.0,0.0,0.0,0.0,0.0,0.0,0.0,0.0,0.0,0.2,7.7,28.0,309.0,37.8,28.414131812420784,4.443916349809887,1.1063582594000845,21.746937051119563,19.724334600760457,Attack,Denial of Service,MHDDoS (TCP),Raspberry Pi 4B 4GB,nmon,1
17:57:38.000,10.3,24.4,0.0,4,0,26477.6,0.0,0.0,0.0,0.0,45.9,-0.0,-0.0,-10571.0,0.0,0.0,897.5,0.0,0.0,7227.0,1.0,0.0,0.0,0.0,0.0,0.0,12.0,0.0,12.0,6.0,0.0,6.0,2.0,0.0,2.0,0.0,0.2,7.7,28.0,310.0,34.7,28.200253485424586,4.443916349809887,1.1063582594000845,21.746937051119563,19.724334600760457,Attack,Denial of Service,MHDDoS (TCP),Raspberry Pi 4B 4GB,nmon,1
17:57:39.000,8.9,24.9,0.3,4,0,21766.2,0.0,0.0,0.0,0.0,48.9,-0.0,-0.0,-10708.6,0.0,0.0,950.6,0.0,0.0,7345.5,0.0,0.0,1.0,0.0,0.0,0.0,19.9,0.0,19.9,6.7,0.0,6.7,3.0,0.0,3.0,0.0,0.2,7.7,28.0,311.0,34.099999999999994,28.321715251373046,4.443916349809887,1.1063582594000845,21.746937051119563,19.724334600760457,Attack,Denial of Service,MHDDoS (TCP),Raspberry Pi 4B 4GB,nmon,1
17:57:40.000,10.4,23.5,0.0,4,0,23458.3,0.0,0.0,0.0,0.0,46.2,-0.0,-0.0,-10964.8,0.0,0.0,894.3,0.0,0.0,7436.2,0.0,0.0,0.0,0.0,0.0,0.0,0.0,0.0,0.0,0.0,0.0,0.0,0.0,0.0,0.0,0.0,0.2,7.7,28.0,312.0,33.900000000000006,28.40356991972961,4.443916349809887,1.1063582594000845,21.746937051119563,19.724334600760457,Attack,Denial of Service,MHDDoS (TCP),Raspberry Pi 4B 4GB,nmon,1
17:57:41.000,9.6,24.5,0.0,2,0,21935.1,0.0,0.0,0.0,0.0,47.0,-0.0,-0.0,-10781.5,0.0,0.0,917.6,0.0,0.0,7292.1,0.0,0.0,0.0,0.0,0.0,0.0,0.0,0.0,0.0,0.0,0.0,0.0,0.0,0.0,0.0,0.0,0.2,7.7,28.0,313.0,34.2,28.43789607097592,4.443916349809887,1.1063582594000845,21.746937051119563,19.724334600760457,Attack,Denial of Service,MHDDoS (TCP),Raspberry Pi 4B 4GB,nmon,1
17:57:42.000,8.4,25.1,0.0,3,0,21316.2,0.0,0.0,0.0,0.0,47.4,-0.0,-0.0,-11028.0,0.0,0.0,923.6,0.0,0.0,7458.8,0.0,0.0,0.0,0.0,0.0,0.0,0.0,0.0,0.0,0.0,0.0,0.0,0.0,0.0,0.0,0.0,0.2,7.7,28.0,314.0,33.5,28.47222222222222,4.443916349809887,1.1063582594000845,21.746937051119563,19.724334600760457,Attack,Denial of Service,MHDDoS (TCP),Raspberry Pi 4B 4GB,nmon,1
17:57:43.000,8.9,24.2,0.0,3,0,20312.2,0.0,0.0,0.0,0.0,50.5,-0.0,-0.0,-11517.3,0.0,0.0,990.4,0.0,0.0,7789.8,1.0,0.0,0.0,0.0,0.0,0.0,23.9,0.0,23.9,24.0,0.0,24.0,1.0,0.0,1.0,0.0,0.2,7.7,28.0,315.0,33.099999999999994,28.231939163498097,4.443916349809887,1.1063582594000845,21.746937051119563,19.724334600760457,Attack,Denial of Service,MHDDoS (TCP),Raspberry Pi 4B 4GB,nmon,1
17:57:44.000,9.3,20.8,0.0,1,0,18071.3,0.0,0.0,0.0,0.0,51.2,-0.0,-0.0,-11654.9,0.0,0.0,998.7,0.0,0.0,7883.8,0.0,0.0,0.0,0.0,0.0,0.0,0.0,0.0,0.0,0.0,0.0,0.0,0.0,0.0,0.0,0.0,0.2,7.7,28.0,316.0,30.099999999999994,28.305872412336296,4.443916349809887,1.1063582594000845,21.746937051119563,19.724334600760457,Attack,Denial of Service,MHDDoS (TCP),Raspberry Pi 4B 4GB,nmon,1
17:57:45.000,7.3,17.9,0.3,1,0,13621.9,0.0,0.0,0.0,0.0,42.2,-0.0,-0.0,-9769.7,0.0,0.0,817.8,0.0,0.0,6608.7,0.0,0.0,1.0,0.0,0.0,0.0,51.7,0.0,51.7,7.4,0.0,7.4,7.0,0.0,7.0,0.0,0.2,7.7,28.0,317.0,25.5,28.369243768483297,4.443916349809887,1.1063582594000845,21.746937051119563,19.724334600760457,Attack,Denial of Service,MHDDoS (TCP),Raspberry Pi 4B 4GB,nmon,1
17:57:46.000,7.6,17.9,0.0,2,0,13531.5,0.0,0.0,0.0,0.0,42.6,-0.0,-0.0,-10655.8,0.0,0.0,827.8,0.0,0.0,7207.1,0.0,0.0,0.0,0.0,0.0,0.0,0.0,0.0,0.0,0.0,0.0,0.0,0.0,0.0,0.0,0.0,0.2,7.7,28.0,318.0,25.5,28.451098436839885,4.443916349809887,1.1063582594000845,21.746937051119563,19.724334600760457,Attack,Denial of Service,MHDDoS (TCP),Raspberry Pi 4B 4GB,nmon,1
17:57:47.000,7.8,18.5,0.0,1,0,14257.0,0.0,0.0,0.0,0.0,43.5,-0.0,-0.0,-10471.8,0.0,0.0,847.7,0.0,0.0,7082.6,0.0,0.0,0.0,0.0,0.0,0.0,0.0,0.0,0.0,0.0,0.0,0.0,0.0,0.0,0.0,0.0,0.2,7.7,28.0,319.0,26.299999999999997,28.19233206590621,4.443916349809887,1.1063582594000845,21.746937051119563,19.724334600760457,Attack,Denial of Service,MHDDoS (TCP),Raspberry Pi 4B 4GB,nmon,1
17:57:48.000,10.6,33.4,0.0,5,0,69523.9,0.0,0.0,0.0,0.0,64.5,-0.0,-0.0,-10477.6,0.0,0.0,1243.7,0.0,0.0,7520.0,0.0,0.0,0.0,0.0,0.0,0.0,0.0,0.0,0.0,0.0,0.0,0.0,0.0,0.0,0.0,0.0,0.2,7.7,28.0,320.0,44.0,28.253062948880437,4.443916349809887,1.1063582594000845,21.746937051119563,19.724334600760457,Attack,Denial of Service,MHDDoS (TCP),Raspberry Pi 4B 4GB,nmon,1
17:57:49.000,11.3,37.6,0.0,2,0,77385.7,0.0,0.0,0.0,0.0,52.0,-0.0,-0.0,-11119.3,0.0,0.0,1009.5,0.0,0.0,7598.4,1.0,0.0,0.0,0.0,0.0,0.0,15.9,0.0,15.9,8.0,0.0,8.0,2.0,0.0,2.0,0.0,0.2,7.7,28.0,321.0,49.0,28.287389100126738,4.443916349809887,1.1063582594000845,21.746937051119563,19.724334600760457,Attack,Denial of Service,MHDDoS (TCP),Raspberry Pi 4B 4GB,nmon,1
17:57:50.000,12.9,31.1,0.0,6,0,56455.7,0.0,0.0,0.0,0.0,52.0,-0.0,-0.0,-10926.1,0.0,0.0,1016.9,0.0,0.0,7440.3,0.0,0.0,0.0,0.0,0.0,0.0,0.0,0.0,0.0,0.0,0.0,0.0,0.0,0.0,0.0,0.0,0.2,7.7,28.0,322.0,44.0,28.345479509928182,4.443916349809887,1.1063582594000845,21.746937051119563,19.724334600760457,Attack,Denial of Service,MHDDoS (TCP),Raspberry Pi 4B 4GB,nmon,1
17:57:51.000,11.4,26.6,0.0,2,0,33735.2,0.0,0.0,0.0,0.0,56.0,-0.0,-0.0,-10782.3,0.0,0.0,1065.4,0.0,0.0,7314.1,0.0,0.0,0.0,0.0,0.0,0.0,0.0,0.0,0.0,0.0,0.0,0.0,0.0,0.0,0.0,0.0,0.2,7.7,28.0,323.0,38.0,28.414131812420784,4.443916349809887,1.1063582594000845,21.746937051119563,19.724334600760457,Attack,Denial of Service,MHDDoS (TCP),Raspberry Pi 4B 4GB,nmon,1
17:57:52.000,7.8,24.9,0.0,3,0,24775.1,0.0,0.0,0.0,0.0,54.5,-0.0,-0.0,-10320.8,0.0,0.0,1061.6,0.0,0.0,6980.5,0.0,0.0,0.0,0.0,0.0,0.0,0.0,0.0,0.0,0.0,0.0,0.0,0.0,0.0,0.0,0.0,0.2,7.7,28.0,324.0,32.7,28.506548373468522,4.443916349809887,1.1063582594000845,21.746937051119563,19.724334600760457,Attack,Denial of Service,MHDDoS (TCP),Raspberry Pi 4B 4GB,nmon,1
17:57:53.000,9.2,24.4,0.0,2,0,24136.9,0.0,0.0,0.0,0.0,54.1,-0.0,-0.0,-11130.5,0.0,0.0,1058.1,0.0,0.0,7528.2,0.0,0.0,0.0,0.0,0.0,0.0,0.0,0.0,0.0,0.0,0.0,0.0,0.0,0.0,0.0,0.0,0.2,7.7,28.0,325.0,33.599999999999994,28.54615547106041,4.443916349809887,1.1063582594000845,21.746937051119563,19.724334600760457,Attack,Denial of Service,MHDDoS (TCP),Raspberry Pi 4B 4GB,nmon,1
17:57:54.000,8.5,27.8,0.0,1,0,31878.7,0.0,0.0,0.0,0.0,54.8,-0.0,-0.0,-11111.2,0.0,0.0,1078.6,0.0,0.0,7516.0,0.0,0.0,1.0,0.0,0.0,0.0,0.0,0.0,0.0,0.0,0.0,0.0,0.0,0.0,0.0,0.0,0.2,7.7,28.0,326.0,36.4,28.598964934516268,4.443916349809887,1.1063582594000845,21.746937051119563,19.724334600760457,Attack,Denial of Service,MHDDoS (TCP),Raspberry Pi 4B 4GB,nmon,1
17:57:55.000,9.3,29.2,0.3,2,0,34678.5,0.0,0.0,0.0,0.0,54.7,-0.0,-0.0,-10891.4,0.0,0.0,1069.8,0.0,0.0,7366.4,1.0,0.0,0.0,0.0,0.0,0.0,15.9,0.0,15.9,5.3,0.0,5.3,3.0,0.0,3.0,0.0,0.2,7.7,28.0,327.0,38.8,28.633291085762558,4.443916349809887,1.1063582594000845,21.749577524292356,19.724334600760457,Attack,Denial of Service,MHDDoS (TCP),Raspberry Pi 4B 4GB,nmon,1
17:57:56.000,8.4,25.7,0.0,1,0,26074.1,0.0,0.0,0.0,0.0,49.3,-0.0,-0.0,-10309.9,0.0,0.0,962.7,0.0,0.0,6973.2,0.0,0.0,0.0,0.0,0.0,0.0,0.0,0.0,0.0,0.0,0.0,0.0,0.0,0.0,0.0,0.0,0.2,7.7,28.0,328.0,34.099999999999994,28.720426700464717,4.443916349809887,1.1063582594000845,21.749577524292356,19.724334600760457,Attack,Denial of Service,MHDDoS (TCP),Raspberry Pi 4B 4GB,nmon,1
17:57:57.000,8.9,23.0,0.0,2,0,24763.6,0.0,0.0,0.0,0.0,52.4,-0.0,-0.0,-11053.6,0.0,0.0,1022.4,0.0,0.0,7476.2,0.0,0.0,0.0,0.0,0.0,0.0,0.0,0.0,0.0,0.0,0.0,0.0,0.0,0.0,0.0,0.0,0.2,7.7,28.0,329.0,31.900000000000006,28.488065061258972,4.443916349809887,1.1063582594000845,21.749577524292356,19.724334600760457,Attack,Denial of Service,MHDDoS (TCP),Raspberry Pi 4B 4GB,nmon,1
17:57:58.000,7.8,21.3,0.3,4,0,17353.3,1.0,0.0,0.0,0.0,49.2,-0.0,-0.0,-10924.1,0.0,0.0,955.5,0.0,0.0,7389.5,2.0,0.0,3.0,0.0,0.0,0.0,131.7,0.0,131.7,6.6,0.0,6.6,19.9,0.0,19.9,0.0,0.2,7.7,28.0,330.0,29.400000000000006,28.239860583016473,4.443916349809887,1.1063582594000845,21.749577524292356,19.724334600760457,Attack,Denial of Service,MHDDoS (TCP),Raspberry Pi 4B 4GB,nmon,1
17:57:59.000,7.9,22.6,0.0,1,0,17143.5,0.0,0.0,0.0,0.0,47.3,-0.0,-0.0,-11246.0,0.0,0.0,924.6,0.0,0.0,7606.3,0.0,0.0,0.0,0.0,0.0,0.0,0.0,0.0,0.0,0.0,0.0,0.0,0.0,0.0,0.0,0.0,0.2,7.7,28.0,331.0,30.400000000000006,28.36660329531051,4.443916349809887,1.1063582594000845,21.749577524292356,19.724334600760457,Attack,Denial of Service,MHDDoS (TCP),Raspberry Pi 4B 4GB,nmon,1
17:58:00.000,8.2,23.8,0.3,3,0,21667.3,0.0,0.0,0.0,0.0,52.8,-0.0,-0.0,-11740.0,0.0,0.0,1034.1,0.0,0.0,7940.4,0.0,0.0,0.0,0.0,0.0,0.0,19.9,0.0,19.9,10.0,0.0,10.0,2.0,0.0,2.0,0.0,0.2,7.7,28.0,332.0,32.2,28.432615124630324,4.443916349809887,1.1063582594000845,21.749577524292356,19.724334600760457,Attack,Denial of Service,MHDDoS (TCP),Raspberry Pi 4B 4GB,nmon,1
17:58:01.000,7.6,25.0,0.0,3,0,22417.1,0.0,0.0,0.0,0.0,52.3,-0.0,-0.0,-11089.9,0.0,0.0,1026.0,0.0,0.0,7501.6,0.0,0.0,0.0,0.0,0.0,0.0,0.0,0.0,0.0,0.0,0.0,0.0,0.0,0.0,0.0,0.0,0.2,7.7,28.0,333.0,32.599999999999994,28.466941275876636,4.443916349809887,1.1063582594000845,21.749577524292356,19.724334600760457,Attack,Denial of Service,MHDDoS (TCP),Raspberry Pi 4B 4GB,nmon,1
17:58:02.000,9.1,22.3,0.0,2,0,20537.3,0.0,0.0,0.0,0.0,47.6,-0.0,-0.0,-10776.8,0.0,0.0,916.6,0.0,0.0,7289.0,0.0,0.0,0.0,0.0,0.0,0.0,0.0,0.0,0.0,0.0,0.0,0.0,0.0,0.0,0.0,0.0,0.2,7.7,28.0,334.0,31.299999999999997,28.495986480777347,4.443916349809887,1.1063582594000845,21.749577524292356,19.724334600760457,Attack,Denial of Service,MHDDoS (TCP),Raspberry Pi 4B 4GB,nmon,1
17:58:03.000,6.7,22.1,0.0,4,0,15328.9,0.0,0.0,0.0,0.0,42.9,-0.0,-0.0,-11272.0,0.0,0.0,840.0,0.0,0.0,7624.8,0.0,0.0,0.0,0.0,0.0,0.0,0.0,0.0,0.0,0.0,0.0,0.0,0.0,0.0,0.0,0.0,0.2,7.7,28.0,335.0,28.799999999999997,28.221377270806926,4.443916349809887,1.1063582594000845,21.749577524292356,19.724334600760457,Attack,Denial of Service,MHDDoS (TCP),Raspberry Pi 4B 4GB,nmon,1
17:58:04.000,6.6,22.5,0.0,2,0,16406.0,0.0,0.0,0.0,0.0,46.6,-0.0,-0.0,-11792.8,0.0,0.0,912.6,0.0,0.0,7976.1,0.0,0.0,0.0,0.0,0.0,0.0,0.0,0.0,0.0,0.0,0.0,0.0,0.0,0.0,0.0,0.0,0.2,7.7,28.0,336.0,29.0,28.385086607520073,4.443916349809887,1.1063582594000845,21.749577524292356,19.724334600760457,Attack,Denial of Service,MHDDoS (TCP),Raspberry Pi 4B 4GB,nmon,1
17:58:05.000,8.0,19.6,0.0,1,0,16029.2,0.0,0.0,0.0,0.0,44.2,-0.0,-0.0,-12118.9,0.0,0.0,866.0,0.0,0.0,8196.6,0.0,0.0,0.0,0.0,0.0,0.0,20.0,0.0,20.0,5.0,0.0,5.0,4.0,0.0,4.0,0.0,0.2,7.7,28.0,337.0,27.5,28.432615124630324,4.443916349809887,1.1063582594000845,21.749577524292356,19.724334600760457,Attack,Denial of Service,MHDDoS (TCP),Raspberry Pi 4B 4GB,nmon,1
17:58:06.000,5.9,20.7,0.0,2,0,13285.3,0.0,0.0,0.0,0.0,41.9,-0.0,-0.0,-11145.5,0.0,0.0,816.3,0.0,0.0,7538.3,0.0,0.0,0.0,0.0,0.0,0.0,0.0,0.0,0.0,0.0,0.0,0.0,0.0,0.0,0.0,0.0,0.2,7.7,28.0,338.0,26.599999999999994,28.448457963667085,4.443916349809887,1.1063582594000845,21.749577524292356,19.724334600760457,Attack,Denial of Service,MHDDoS (TCP),Raspberry Pi 4B 4GB,nmon,1
17:58:07.000,6.2,18.6,0.0,2,0,11045.4,0.0,0.0,0.0,0.0,40.3,-0.0,-0.0,-11558.0,0.0,0.0,790.9,0.0,0.0,7845.0,0.0,0.0,0.0,0.0,0.0,0.0,0.0,0.0,0.0,0.0,0.0,0.0,0.0,0.0,0.0,0.0,0.2,7.7,28.0,339.0,24.900000000000006,28.345479509928182,4.443916349809887,1.1063582594000845,21.749577524292356,19.724334600760457,Attack,Denial of Service,MHDDoS (TCP),Raspberry Pi 4B 4GB,nmon,1
17:58:08.000,6.9,21.5,0.0,2,0,14145.2,0.0,0.0,0.0,0.0,43.1,-0.0,-0.0,-12382.9,0.0,0.0,844.7,0.0,0.0,8388.6,0.0,0.0,0.0,0.0,0.0,0.0,0.0,0.0,0.0,0.0,0.0,0.0,0.0,0.0,0.0,0.0,0.2,7.7,28.0,340.0,28.400000000000006,28.121039290240812,4.443916349809887,1.1063582594000845,21.749577524292356,19.72697507393325,Attack,Denial of Service,MHDDoS (TCP),Raspberry Pi 4B 4GB,nmon,1
17:58:09.000,7.3,16.8,0.0,1,0,10730.7,0.0,0.0,0.0,0.0,39.2,-0.0,-0.0,-10753.3,0.0,0.0,761.3,0.0,0.0,7294.5,1.0,0.0,1.0,0.0,0.0,0.0,12.0,0.0,12.0,6.0,0.0,6.0,2.0,0.0,2.0,0.0,0.2,7.7,28.0,341.0,24.200000000000003,28.231939163498097,4.443916349809887,1.1063582594000845,21.749577524292356,19.72697507393325,Attack,Denial of Service,MHDDoS (TCP),Raspberry Pi 4B 4GB,nmon,1
17:58:10.000,6.7,19.8,0.0,4,0,12303.8,0.0,0.0,0.0,0.0,41.1,-0.0,-0.0,-12159.0,0.0,0.0,806.1,0.0,0.0,8242.3,0.0,0.0,0.0,0.0,0.0,0.0,0.0,0.0,0.0,0.0,0.0,0.0,0.0,0.0,0.0,0.0,0.2,7.7,28.0,342.0,26.5,28.295310519645124,4.443916349809887,1.1063582594000845,21.749577524292356,19.72697507393325,Attack,Denial of Service,MHDDoS (TCP),Raspberry Pi 4B 4GB,nmon,1
17:58:11.000,6.5,20.1,0.0,6,0,12250.5,0.0,0.0,0.0,0.0,41.0,-0.0,-0.0,-11673.7,0.0,0.0,805.3,0.0,0.0,7924.1,0.0,0.0,0.0,0.0,0.0,0.0,0.0,0.0,0.0,0.0,0.0,0.0,0.0,0.0,0.0,0.0,0.2,7.7,28.0,343.0,26.599999999999994,28.358681875792147,4.443916349809887,1.1063582594000845,21.749577524292356,19.72697507393325,Attack,Denial of Service,MHDDoS (TCP),Raspberry Pi 4B 4GB,nmon,1
17:58:12.000,4.8,20.1,0.0,2,0,10567.0,0.0,0.0,0.0,0.0,39.1,-0.0,-0.0,-11470.8,0.0,0.0,759.5,0.0,0.0,7792.6,0.0,0.0,0.0,0.0,0.0,0.0,0.0,0.0,0.0,0.0,0.0,0.0,0.0,0.0,0.0,0.0,0.2,7.7,28.0,344.0,24.900000000000006,28.517110266159694,4.443916349809887,1.1063582594000845,21.749577524292356,19.72697507393325,Attack,Denial of Service,MHDDoS (TCP),Raspberry Pi 4B 4GB,nmon,1
17:58:13.000,6.8,16.6,0.0,4,0,9989.5,0.0,0.0,0.0,0.0,36.8,-0.0,-0.0,-11689.1,0.0,0.0,718.7,0.0,0.0,7965.2,0.0,0.0,0.0,0.0,0.0,0.0,0.0,0.0,0.0,0.0,0.0,0.0,0.0,0.0,0.0,0.0,0.2,7.7,28.0,345.0,23.400000000000006,28.42205323193916,4.443916349809887,1.1063582594000845,21.749577524292356,19.72697507393325,Attack,Denial of Service,MHDDoS (TCP),Raspberry Pi 4B 4GB,nmon,1
17:58:14.000,6.6,17.5,0.0,2,0,9833.6,0.0,0.0,0.0,0.0,38.2,-0.0,-0.0,-10795.8,0.0,0.0,747.1,0.0,0.0,7358.0,1.0,0.0,1.0,0.0,0.0,0.0,27.9,0.0,27.9,14.0,0.0,14.0,2.0,0.0,2.0,0.0,0.2,7.7,28.0,346.0,24.099999999999994,28.451098436839885,4.443916349809887,1.1063582594000845,21.749577524292356,19.72697507393325,Attack,Denial of Service,MHDDoS (TCP),Raspberry Pi 4B 4GB,nmon,1
17:58:15.000,7.7,16.6,0.6,2,0,10656.4,0.0,0.0,0.0,0.0,38.9,-0.0,-0.0,-11368.7,0.0,0.0,762.9,0.0,0.0,7703.6,1.0,0.0,1.0,0.0,0.0,0.0,27.9,0.0,27.9,14.0,0.0,14.0,2.0,0.0,2.0,0.0,0.2,7.7,28.0,347.0,24.900000000000006,28.221377270806926,4.443916349809887,1.1063582594000845,21.749577524292356,19.72697507393325,Attack,Denial of Service,MHDDoS (TCP),Raspberry Pi 4B 4GB,nmon,1
17:58:16.000,6.1,20.1,0.0,1,0,11400.3,0.0,0.0,0.0,0.0,41.1,-0.0,-0.0,-12109.4,0.0,0.0,809.7,0.0,0.0,8273.0,0.0,0.0,0.0,0.0,0.0,0.0,0.0,0.0,0.0,0.0,0.0,0.0,0.0,0.0,0.0,0.0,0.2,7.7,28.0,348.0,26.099999999999994,28.337558090409797,4.443916349809887,1.1063582594000845,21.749577524292356,19.72697507393325,Attack,Denial of Service,MHDDoS (TCP),Raspberry Pi 4B 4GB,nmon,1
17:58:17.000,8.6,16.4,0.0,3,0,13168.9,0.0,0.0,0.0,0.0,43.8,-0.0,-0.0,-10927.9,0.0,0.0,862.8,0.0,0.0,7411.4,0.0,0.0,0.0,0.0,0.0,0.0,0.0,0.0,0.0,0.0,0.0,0.0,0.0,0.0,0.0,0.0,0.2,7.7,28.0,349.0,25.099999999999994,28.382446134347273,4.443916349809887,1.1063582594000845,21.749577524292356,19.72697507393325,Attack,Denial of Service,MHDDoS (TCP),Raspberry Pi 4B 4GB,nmon,1
17:58:18.000,11.3,37.1,0.0,5,0,75689.3,0.0,0.0,0.0,0.0,69.5,-0.0,-0.0,-10650.7,0.0,0.0,1353.1,0.0,0.0,7670.3,0.0,0.0,0.0,0.0,0.0,0.0,0.0,0.0,0.0,0.0,0.0,0.0,0.0,0.0,0.0,0.0,0.2,7.7,28.0,350.0,48.4,28.43789607097592,4.443916349809887,1.1063582594000845,21.749577524292356,19.72697507393325,Attack,Denial of Service,MHDDoS (TCP),Raspberry Pi 4B 4GB,nmon,1
17:58:19.000,12.7,37.6,0.0,4,0,72092.3,0.0,0.0,0.0,0.0,52.6,-0.0,-0.0,-10985.4,0.0,0.0,1028.8,0.0,0.0,7482.2,1.0,0.0,1.0,0.0,0.0,0.0,20.0,0.0,20.0,10.0,0.0,10.0,2.0,0.0,2.0,0.0,0.2,7.7,28.0,351.0,50.3,28.488065061258972,4.443916349809887,1.1063582594000845,21.749577524292356,19.72697507393325,Attack,Denial of Service,MHDDoS (TCP),Raspberry Pi 4B 4GB,nmon,1
17:58:20.000,10.7,34.0,0.0,4,0,58818.4,0.0,0.0,0.0,0.0,52.3,-0.0,-0.0,-10555.4,0.0,0.0,1021.8,0.0,0.0,7225.3,0.0,0.0,0.0,0.0,0.0,0.0,0.0,0.0,0.0,0.0,0.0,0.0,0.0,0.0,0.0,0.0,0.2,7.7,28.0,352.0,44.7,28.551436417405995,4.443916349809887,1.1063582594000845,21.749577524292356,19.72697507393325,Attack,Denial of Service,MHDDoS (TCP),Raspberry Pi 4B 4GB,nmon,1
17:58:21.000,13.1,34.4,0.0,2,0,54865.7,0.0,0.0,0.0,0.0,52.3,-0.0,-0.0,-11497.0,0.0,0.0,1025.8,0.0,0.0,7843.9,0.0,0.0,0.0,0.0,0.0,0.0,0.0,0.0,0.0,0.0,0.0,0.0,0.0,0.0,0.0,0.0,0.2,7.7,28.0,353.0,47.4,28.588403041825096,4.443916349809887,1.1063582594000845,21.749577524292356,19.72697507393325,Attack,Denial of Service,MHDDoS (TCP),Raspberry Pi 4B 4GB,nmon,1
17:58:22.000,10.3,35.4,0.0,2,0,48326.9,0.0,0.0,0.0,0.0,53.7,-0.0,-0.0,-10728.0,0.0,0.0,1052.9,0.0,0.0,7353.7,0.0,0.0,0.0,0.0,0.0,0.0,0.0,0.0,0.0,0.0,0.0,0.0,0.0,0.0,0.0,0.0,0.2,7.7,28.0,354.0,45.7,28.65177439797212,4.443916349809887,1.1063582594000845,21.749577524292356,19.72697507393325,Attack,Denial of Service,MHDDoS (TCP),Raspberry Pi 4B 4GB,nmon,1
17:58:23.000,9.3,29.9,0.0,3,0,36181.9,0.0,0.0,0.0,0.0,51.4,-0.0,-0.0,-10289.0,0.0,0.0,1001.1,0.0,0.0,7033.4,0.0,0.0,0.0,0.0,0.0,0.0,0.0,0.0,0.0,0.0,0.0,0.0,0.0,0.0,0.0,0.0,0.2,7.7,28.0,355.0,39.3,28.395648500211234,4.443916349809887,1.1063582594000845,21.749577524292356,19.72697507393325,Attack,Denial of Service,MHDDoS (TCP),Raspberry Pi 4B 4GB,nmon,1
17:58:24.000,10.1,29.3,0.0,3,0,32716.2,0.0,0.0,0.0,0.0,53.0,-0.0,-0.0,-10722.1,0.0,0.0,1039.2,0.0,0.0,7344.5,0.0,0.0,0.0,0.0,0.0,0.0,0.0,0.0,0.0,0.0,0.0,0.0,0.0,0.0,0.0,0.0,0.2,7.7,28.0,356.0,39.5,28.448457963667085,4.443916349809887,1.1063582594000845,21.749577524292356,19.72697507393325,Attack,Denial of Service,MHDDoS (TCP),Raspberry Pi 4B 4GB,nmon,1
17:58:25.000,11.4,31.0,0.0,6,0,35965.2,1.0,0.0,0.0,0.0,55.5,-0.0,-0.0,-11907.7,0.0,0.0,1091.5,0.0,0.0,8167.4,0.0,0.0,0.0,0.0,0.0,0.0,12.0,0.0,12.0,6.0,0.0,6.0,2.0,0.0,2.0,0.0,0.2,7.7,28.0,357.0,42.4,28.488065061258972,4.443916349809887,1.1063582594000845,21.749577524292356,19.72697507393325,Attack,Denial of Service,MHDDoS (TCP),Raspberry Pi 4B 4GB,nmon,1
17:58:26.000,10.3,31.9,0.0,3,0,42171.3,0.0,0.0,0.0,0.0,57.6,-0.0,-0.0,-11653.2,0.0,0.0,1134.3,0.0,0.0,8014.0,0.0,0.0,0.0,0.0,0.0,0.0,0.0,0.0,0.0,0.0,0.0,0.0,0.0,0.0,0.0,0.0,0.2,7.7,28.0,358.0,42.2,28.535593578369244,4.443916349809887,1.1063582594000845,21.749577524292356,19.72697507393325,Attack,Denial of Service,MHDDoS (TCP),Raspberry Pi 4B 4GB,nmon,1
17:58:27.000,10.3,33.5,0.0,3,0,43492.2,0.0,0.0,0.0,0.0,52.9,-0.0,-0.0,-11214.2,0.0,0.0,1040.6,0.0,0.0,7705.1,0.0,0.0,0.0,0.0,0.0,0.0,0.0,0.0,0.0,0.0,0.0,0.0,0.0,0.0,0.0,0.0,0.2,7.7,28.0,359.0,43.8,28.340198563582586,4.443916349809887,1.1063582594000845,21.749577524292356,19.72697507393325,Attack,Denial of Service,MHDDoS (TCP),Raspberry Pi 4B 4GB,nmon,1
17:58:28.000,11.4,36.1,0.0,3,0,48673.6,0.0,0.0,0.0,0.0,51.9,-0.0,-0.0,-11701.9,0.0,0.0,1019.8,0.0,0.0,8003.3,0.0,0.0,0.0,0.0,0.0,0.0,0.0,0.0,0.0,0.0,0.0,0.0,0.0,0.0,0.0,0.0,0.2,7.7,28.0,360.0,47.4,28.40356991972961,4.443916349809887,1.1063582594000845,21.749577524292356,19.72697507393325,Attack,Denial of Service,MHDDoS (TCP),Raspberry Pi 4B 4GB,nmon,1
17:58:29.000,11.4,35.7,0.0,5,0,50112.5,0.0,0.0,0.0,0.0,58.6,-0.0,-0.0,-11939.0,0.0,0.0,1149.5,0.0,0.0,8208.1,0.0,0.0,0.0,0.0,0.0,0.0,0.0,0.0,0.0,0.0,0.0,0.0,0.0,0.0,0.0,0.0,0.2,7.7,28.0,361.0,47.1,28.461660329531046,4.443916349809887,1.1063582594000845,21.749577524292356,19.72697507393325,Attack,Denial of Service,MHDDoS (TCP),Raspberry Pi 4B 4GB,nmon,1
17:58:30.000,9.7,30.7,0.0,3,0,38073.7,0.0,0.0,0.0,0.0,53.0,-0.0,-0.0,-11039.3,0.0,0.0,1028.9,0.0,0.0,7563.8,0.0,0.0,0.0,0.0,0.0,0.0,12.0,0.0,12.0,6.0,0.0,6.0,2.0,0.0,2.0,0.0,0.2,7.7,28.0,362.0,40.3,28.466941275876636,4.443916349809887,1.1063582594000845,21.749577524292356,19.72697507393325,Attack,Denial of Service,MHDDoS (TCP),Raspberry Pi 4B 4GB,nmon,1
17:58:31.000,10.6,31.2,0.0,1,0,33220.4,0.0,0.0,0.0,0.0,53.6,-0.0,-0.0,-11965.5,0.0,0.0,1052.5,0.0,0.0,8226.1,0.0,0.0,0.0,0.0,0.0,0.0,0.0,0.0,0.0,0.0,0.0,0.0,0.0,0.0,0.0,0.0,0.2,7.7,28.0,363.0,41.8,28.506548373468522,4.443916349809887,1.1063582594000845,21.749577524292356,19.72697507393325,Attack,Denial of Service,MHDDoS (TCP),Raspberry Pi 4B 4GB,nmon,1
17:58:32.000,11.0,29.3,0.0,3,0,32370.6,0.0,0.0,0.0,0.0,52.9,-0.0,-0.0,-11199.5,0.0,0.0,1040.6,0.0,0.0,7672.6,0.0,0.0,0.0,0.0,0.0,0.0,0.0,0.0,0.0,0.0,0.0,0.0,0.0,0.0,0.0,0.0,0.2,7.7,28.0,364.0,40.3,28.260984368398812,4.443916349809887,1.1063582594000845,21.749577524292356,19.72697507393325,Attack,Denial of Service,MHDDoS (TCP),Raspberry Pi 4B 4GB,nmon,1
17:58:33.000,9.4,29.5,0.0,1,0,37722.2,0.0,0.0,0.0,0.0,51.6,-0.0,-0.0,-11110.7,0.0,0.0,1013.5,0.0,0.0,7601.5,0.0,0.0,0.0,0.0,0.0,0.0,0.0,0.0,0.0,0.0,0.0,0.0,0.0,0.0,0.0,0.0,0.2,7.7,28.0,365.0,38.9,28.32963667089141,4.443916349809887,1.1063582594000845,21.749577524292356,19.72697507393325,Attack,Denial of Service,MHDDoS (TCP),Raspberry Pi 4B 4GB,nmon,1
17:58:34.000,10.9,30.7,0.0,3,0,34494.3,0.0,0.0,0.0,0.0,52.1,-0.0,-0.0,-11539.1,0.0,0.0,1016.4,0.0,0.0,7900.7,1.0,0.0,1.0,0.0,0.0,0.0,19.9,0.0,19.9,10.0,0.0,10.0,2.0,0.0,2.0,0.0,0.2,7.7,28.0,366.0,41.6,28.395648500211234,4.443916349809887,1.1063582594000845,21.749577524292356,19.72697507393325,Attack,Denial of Service,MHDDoS (TCP),Raspberry Pi 4B 4GB,nmon,1
17:58:35.000,10.6,27.2,0.0,2,0,30376.4,0.0,0.0,0.0,0.0,47.4,-0.0,-0.0,-10800.8,0.0,0.0,926.3,0.0,0.0,7396.2,0.0,0.0,0.0,0.0,0.0,0.0,7.9,0.0,7.9,4.0,0.0,4.0,2.0,0.0,2.0,0.0,0.2,7.7,28.0,367.0,37.8,28.411491339247995,4.443916349809887,1.1063582594000845,21.749577524292356,19.72697507393325,Attack,Denial of Service,MHDDoS (TCP),Raspberry Pi 4B 4GB,nmon,1
17:58:36.000,11.1,26.4,0.0,4,0,27605.3,0.0,0.0,0.0,0.0,49.8,-0.0,-0.0,-11231.6,0.0,0.0,974.6,0.0,0.0,7732.0,0.0,0.0,0.0,0.0,0.0,0.0,0.0,0.0,0.0,0.0,0.0,0.0,0.0,0.0,0.0,0.0,0.2,7.7,28.0,368.0,37.5,28.258343895226023,4.443916349809887,1.1063582594000845,21.749577524292356,19.72697507393325,Attack,Denial of Service,MHDDoS (TCP),Raspberry Pi 4B 4GB,nmon,1
17:58:37.000,10.6,27.7,0.0,3,0,30694.5,0.0,0.0,0.0,0.0,50.1,-0.0,-0.0,-11122.1,0.0,0.0,978.9,0.0,0.0,7617.0,0.0,0.0,0.0,0.0,0.0,0.0,0.0,0.0,0.0,0.0,0.0,0.0,0.0,0.0,0.0,0.0,0.2,7.7,28.0,369.0,38.3,28.305872412336296,4.443916349809887,1.1063582594000845,21.749577524292356,19.72697507393325,Attack,Denial of Service,MHDDoS (TCP),Raspberry Pi 4B 4GB,nmon,1
17:58:38.000,10.6,26.9,0.0,3,0,29343.4,0.0,0.0,0.0,0.0,51.6,-0.0,-0.0,-11520.4,0.0,0.0,1008.8,0.0,0.0,7852.0,0.0,0.0,0.0,0.0,0.0,0.0,0.0,0.0,0.0,0.0,0.0,0.0,0.0,0.0,0.0,0.0,0.2,7.7,28.0,370.0,37.5,28.358681875792147,4.443916349809887,1.1063582594000845,21.749577524292356,19.72697507393325,Attack,Denial of Service,MHDDoS (TCP),Raspberry Pi 4B 4GB,nmon,1
17:58:39.000,10.0,26.9,0.0,1,0,27736.3,0.0,0.0,0.0,0.0,50.7,-0.0,-0.0,-11612.6,0.0,0.0,994.9,0.0,0.0,7903.0,1.0,0.0,1.0,0.0,0.0,0.0,0.0,0.0,0.0,0.0,0.0,0.0,0.0,0.0,0.0,0.0,0.2,7.7,28.0,371.0,36.8,28.14216307562315,4.443916349809887,1.1063582594000845,21.749577524292356,19.72697507393325,Attack,Denial of Service,MHDDoS (TCP),Raspberry Pi 4B 4GB,nmon,1
17:58:40.000,9.1,28.5,0.3,3,0,25929.3,7.0,0.0,0.0,0.0,50.0,-0.0,-0.0,-11541.8,0.0,0.0,976.1,0.0,0.0,7861.6,0.0,0.0,0.0,0.0,0.0,0.0,20.0,0.0,20.0,10.0,0.0,10.0,2.0,0.0,2.0,0.0,0.2,7.7,28.0,372.0,37.9,28.237220109843676,4.443916349809887,1.1063582594000845,21.749577524292356,19.729615547106043,Attack,Denial of Service,MHDDoS (TCP),Raspberry Pi 4B 4GB,nmon,1
17:58:41.000,10.3,24.9,0.0,1,0,27142.5,0.0,0.0,0.0,0.0,47.2,-0.0,-0.0,-11208.7,0.0,0.0,925.5,0.0,0.0,7621.4,0.0,0.0,0.0,0.0,0.0,0.0,0.0,0.0,0.0,0.0,0.0,0.0,0.0,0.0,0.0,0.0,0.2,7.7,28.0,373.0,35.099999999999994,28.271546261089988,4.443916349809887,1.1063582594000845,21.749577524292356,19.72697507393325,Attack,Denial of Service,MHDDoS (TCP),Raspberry Pi 4B 4GB,nmon,1
17:58:42.000,11.8,24.8,0.0,1,0,27428.6,1.0,0.0,0.0,0.0,48.5,-0.0,-0.0,-11264.2,0.0,0.0,952.1,0.0,0.0,7665.5,0.0,0.0,0.0,0.0,0.0,0.0,0.0,0.0,0.0,0.0,0.0,0.0,0.0,0.0,0.0,0.0,0.2,7.7,28.0,374.0,36.6,28.33491761723701,4.443916349809887,1.1063582594000845,21.749577524292356,19.72697507393325,Attack,Denial of Service,MHDDoS (TCP),Raspberry Pi 4B 4GB,nmon,1
17:58:43.000,10.7,28.1,0.0,3,0,29862.9,0.0,0.0,0.0,0.0,52.9,-0.0,-0.0,-11145.7,0.0,0.0,1040.1,0.0,0.0,7576.2,0.0,0.0,0.0,0.0,0.0,0.0,0.0,0.0,0.0,0.0,0.0,0.0,0.0,0.0,0.0,0.0,0.2,7.7,28.0,375.0,38.8,28.358681875792147,4.443916349809887,1.1063582594000845,21.749577524292356,19.72697507393325,Attack,Denial of Service,MHDDoS (TCP),Raspberry Pi 4B 4GB,nmon,1
17:58:44.000,10.3,27.9,0.0,1,0,30325.6,0.0,0.0,0.0,0.0,52.5,-0.0,-0.0,-11286.0,0.0,0.0,1029.3,0.0,0.0,7688.9,0.0,0.0,0.0,0.0,0.0,0.0,0.0,0.0,0.0,0.0,0.0,0.0,0.0,0.0,0.0,0.0,0.2,7.7,28.0,376.0,38.2,28.144803548795938,4.443916349809887,1.1063582594000845,21.749577524292356,19.72697507393325,Attack,Denial of Service,MHDDoS (TCP),Raspberry Pi 4B 4GB,nmon,1
17:58:45.000,10.6,27.2,0.8,1,0,30575.4,2.0,0.0,0.0,0.0,49.3,-0.0,-0.0,-11069.6,0.0,0.0,971.1,0.0,0.0,7516.4,3.0,0.0,3.0,0.0,0.0,0.0,195.6,0.0,195.6,7.0,0.0,7.0,27.9,0.0,27.9,0.0,0.2,7.7,28.0,377.0,38.7,28.184410646387825,4.443916349809887,1.1063582594000845,21.749577524292356,19.72697507393325,Attack,Denial of Service,MHDDoS (TCP),Raspberry Pi 4B 4GB,nmon,1
17:58:46.000,11.6,30.3,0.0,2,0,35053.6,0.0,0.0,0.0,0.0,55.0,-0.0,-0.0,-11917.2,0.0,0.0,1080.8,0.0,0.0,8113.7,0.0,0.0,0.0,0.0,0.0,0.0,0.0,0.0,0.0,0.0,0.0,0.0,0.0,0.0,0.0,0.0,0.2,7.7,28.0,378.0,41.9,28.22665821715251,4.443916349809887,1.1063582594000845,21.749577524292356,19.72697507393325,Attack,Denial of Service,MHDDoS (TCP),Raspberry Pi 4B 4GB,nmon,1
17:58:47.000,9.9,29.6,0.0,2,0,35622.8,0.0,0.0,0.0,0.0,59.7,-0.0,-0.0,-11573.1,0.0,0.0,1175.9,0.0,0.0,7880.9,0.0,0.0,0.0,0.0,0.0,0.0,0.0,0.0,0.0,0.0,0.0,0.0,0.0,0.0,0.0,0.0,0.2,7.7,28.0,379.0,39.5,28.28474862695395,4.443916349809887,1.1063582594000845,21.749577524292356,19.72697507393325,Attack,Denial of Service,MHDDoS (TCP),Raspberry Pi 4B 4GB,nmon,1
17:58:48.000,12.0,42.5,0.0,3,0,100113.1,0.0,0.0,0.0,0.0,75.7,-0.0,-0.0,-11950.5,0.0,0.0,1483.8,0.0,0.0,8552.4,0.0,0.0,0.0,0.0,0.0,0.0,0.0,0.0,0.0,0.0,0.0,0.0,0.0,0.0,0.0,0.0,0.2,7.7,28.0,380.0,54.5,28.358681875792147,4.443916349809887,1.1063582594000845,21.749577524292356,19.72697507393325,Attack,Denial of Service,MHDDoS (TCP),Raspberry Pi 4B 4GB,nmon,1
17:58:49.000,13.4,38.2,0.0,3,0,81145.8,0.0,0.0,0.0,0.0,57.2,-0.0,-0.0,-11860.3,0.0,0.0,1126.0,0.0,0.0,8115.3,1.0,0.0,1.0,0.0,0.0,0.0,24.0,0.0,24.0,12.0,0.0,12.0,2.0,0.0,2.0,0.0,0.2,7.7,28.0,381.0,51.6,28.395648500211234,4.443916349809887,1.1063582594000845,21.749577524292356,19.72697507393325,Attack,Denial of Service,MHDDoS (TCP),Raspberry Pi 4B 4GB,nmon,1
17:58:50.000,11.6,36.1,0.0,4,0,70508.0,0.0,0.0,0.0,0.0,48.0,-0.0,-0.0,-10852.0,0.0,0.0,945.9,0.0,0.0,7402.3,0.0,0.0,0.0,0.0,0.0,0.0,0.0,0.0,0.0,0.0,0.0,0.0,0.0,0.0,0.0,0.0,0.2,7.7,28.0,382.0,47.7,28.43525559780312,4.443916349809887,1.1063582594000845,21.749577524292356,19.72697507393325,Attack,Denial of Service,MHDDoS (TCP),Raspberry Pi 4B 4GB,nmon,1
17:58:51.000,12.7,38.2,0.0,2,0,74493.2,0.0,0.0,0.0,0.0,55.4,-0.0,-0.0,-12344.8,0.0,0.0,1091.2,0.0,0.0,8528.2,0.0,0.0,0.0,0.0,0.0,0.0,0.0,0.0,0.0,0.0,0.0,0.0,0.0,0.0,0.0,0.0,0.2,7.7,28.0,383.0,50.9,28.488065061258972,4.443916349809887,1.1063582594000845,21.749577524292356,19.72697507393325,Attack,Denial of Service,MHDDoS (TCP),Raspberry Pi 4B 4GB,nmon,1
17:58:52.000,12.6,35.3,0.0,1,0,68898.5,0.0,0.0,0.0,0.0,54.5,-0.0,-0.0,-11604.0,0.0,0.0,1036.5,0.0,0.0,7908.1,0.0,0.0,0.0,0.0,0.0,0.0,0.0,0.0,0.0,0.0,0.0,0.0,0.0,0.0,0.0,0.0,0.2,7.7,28.0,384.0,47.9,28.538234051542034,4.443916349809887,1.1063582594000845,21.749577524292356,19.72697507393325,Attack,Denial of Service,MHDDoS (TCP),Raspberry Pi 4B 4GB,nmon,1
17:58:53.000,10.8,39.2,0.0,3,0,70236.2,0.0,0.0,0.0,0.0,57.3,-0.0,-0.0,-12337.9,0.0,0.0,1128.4,0.0,0.0,8344.8,0.0,0.0,0.0,0.0,0.0,0.0,0.0,0.0,0.0,0.0,0.0,0.0,0.0,0.0,0.0,0.0,0.2,7.7,28.0,385.0,50.0,28.551436417405995,4.443916349809887,1.1063582594000845,21.749577524292356,19.72697507393325,Attack,Denial of Service,MHDDoS (TCP),Raspberry Pi 4B 4GB,nmon,1
17:58:54.000,12.0,38.1,0.0,3,0,65888.7,0.0,0.0,0.0,0.0,55.9,-0.0,-0.0,-11977.8,0.0,0.0,1100.6,0.0,0.0,8101.3,0.0,0.0,0.0,0.0,0.0,0.0,0.0,0.0,0.0,0.0,0.0,0.0,0.0,0.0,0.0,0.0,0.2,7.7,28.0,386.0,50.2,28.585762568652306,4.443916349809887,1.1063582594000845,21.749577524292356,19.72697507393325,Attack,Denial of Service,MHDDoS (TCP),Raspberry Pi 4B 4GB,nmon,1
17:58:55.000,11.8,33.8,0.0,4,0,67946.2,0.0,0.0,0.0,0.0,53.1,-0.0,-0.0,-12205.1,0.0,0.0,1045.1,0.0,0.0,8255.9,0.0,0.0,0.0,0.0,0.0,0.0,12.0,0.0,12.0,6.0,0.0,6.0,2.0,0.0,2.0,0.0,0.2,7.7,28.0,387.0,45.6,28.348119983100972,4.443916349809887,1.1063582594000845,21.749577524292356,19.72697507393325,Attack,Denial of Service,MHDDoS (TCP),Raspberry Pi 4B 4GB,nmon,1
17:58:56.000,11.2,36.7,0.0,8,0,63088.8,0.0,0.0,0.0,0.0,54.2,-0.0,-0.0,-11717.5,0.0,0.0,1063.2,0.0,0.0,7926.1,0.0,0.0,0.0,0.0,0.0,0.0,12.0,0.0,12.0,12.0,0.0,12.0,1.0,0.0,1.0,0.0,0.2,7.7,28.0,388.0,47.9,28.393008027038434,4.443916349809887,1.1063582594000845,21.749577524292356,19.72697507393325,Attack,Denial of Service,MHDDoS (TCP),Raspberry Pi 4B 4GB,nmon,1
17:58:57.000,12.9,37.0,0.0,3,0,61759.2,0.0,0.0,0.0,0.0,53.3,-0.0,-0.0,-11820.6,0.0,0.0,1050.1,0.0,0.0,7994.9,0.0,0.0,0.0,0.0,0.0,0.0,0.0,0.0,0.0,0.0,0.0,0.0,0.0,0.0,0.0,0.0,0.2,7.7,28.0,389.0,49.9,28.45637938318546,4.443916349809887,1.1063582594000845,21.749577524292356,19.72697507393325,Attack,Denial of Service,MHDDoS (TCP),Raspberry Pi 4B 4GB,nmon,1
17:58:58.000,10.6,33.7,0.0,4,0,55283.7,0.0,0.0,0.0,0.0,52.9,-0.0,-0.0,-11593.4,0.0,0.0,1040.6,0.0,0.0,7841.2,0.0,0.0,0.0,0.0,0.0,0.0,0.0,0.0,0.0,0.0,0.0,0.0,0.0,0.0,0.0,0.0,0.2,7.7,28.0,390.0,44.3,28.490705534431772,4.443916349809887,1.1063582594000845,21.749577524292356,19.72697507393325,Attack,Denial of Service,MHDDoS (TCP),Raspberry Pi 4B 4GB,nmon,1
17:58:59.000,10.8,38.4,0.0,1,0,62260.6,0.0,0.0,0.0,0.0,62.0,-0.0,-0.0,-11653.1,0.0,0.0,1220.8,0.0,0.0,7883.5,1.0,0.0,1.0,0.0,0.0,0.0,0.0,0.0,0.0,0.0,0.0,0.0,0.0,0.0,0.0,0.0,0.2,7.7,28.0,391.0,49.1,28.52503168567807,4.443916349809887,1.1063582594000845,21.749577524292356,19.72697507393325,Attack,Denial of Service,MHDDoS (TCP),Raspberry Pi 4B 4GB,nmon,1
17:59:00.000,12.9,36.3,0.3,3,0,66492.7,0.0,0.0,0.0,0.0,53.2,-0.0,-0.0,-12249.9,0.0,0.0,1047.5,0.0,0.0,8285.3,0.0,0.0,0.0,0.0,0.0,0.0,27.8,0.0,27.8,14.0,0.0,14.0,2.0,0.0,2.0,0.0,0.2,7.7,28.0,392.0,49.4,28.554076890578784,4.443916349809887,1.1063582594000845,21.749577524292356,19.72697507393325,Attack,Denial of Service,MHDDoS (TCP),Raspberry Pi 4B 4GB,nmon,1
17:59:01.000,10.1,37.5,0.0,1,0,65120.2,0.0,0.0,0.0,0.0,53.6,-0.0,-0.0,-11872.1,0.0,0.0,1054.9,0.0,0.0,8029.7,0.0,0.0,0.0,0.0,0.0,0.0,0.0,0.0,0.0,0.0,0.0,0.0,0.0,0.0,0.0,0.0,0.2,7.7,28.0,393.0,47.6,28.59632446134347,4.443916349809887,1.1063582594000845,21.749577524292356,19.72697507393325,Attack,Denial of Service,MHDDoS (TCP),Raspberry Pi 4B 4GB,nmon,1
17:59:02.000,13.1,37.9,0.0,3,0,71442.4,0.0,0.0,0.0,0.0,62.8,-0.0,-0.0,-11835.5,0.0,0.0,1236.2,0.0,0.0,8005.0,0.0,0.0,0.0,0.0,0.0,0.0,8.0,0.0,8.0,8.0,0.0,8.0,1.0,0.0,1.0,0.0,0.2,7.7,28.0,394.0,51.0,28.641212505280944,4.443916349809887,1.1063582594000845,21.749577524292356,19.72697507393325,Attack,Denial of Service,MHDDoS (TCP),Raspberry Pi 4B 4GB,nmon,1
17:59:03.000,14.3,38.5,0.0,6,0,73429.2,0.0,0.0,0.0,0.0,52.1,-0.0,-0.0,-12076.5,0.0,0.0,1022.2,0.0,0.0,8168.0,0.0,0.0,0.0,0.0,0.0,0.0,0.0,0.0,0.0,0.0,0.0,0.0,0.0,0.0,0.0,0.0,0.2,7.7,28.0,395.0,52.8,28.68346007604562,4.443916349809887,1.1063582594000845,21.749577524292356,19.72697507393325,Attack,Denial of Service,MHDDoS (TCP),Raspberry Pi 4B 4GB,nmon,1
17:59:04.000,12.5,34.8,0.0,3,0,73294.4,0.0,0.0,0.0,0.0,53.0,-0.0,-0.0,-12127.1,0.0,0.0,1037.5,0.0,0.0,8202.2,1.0,0.0,1.0,0.0,0.0,0.0,0.0,0.0,0.0,0.0,0.0,0.0,0.0,0.0,0.0,0.0,0.2,7.7,28.0,396.0,47.3,28.477503168567807,4.443916349809887,1.1063582594000845,21.749577524292356,19.72697507393325,Attack,Denial of Service,MHDDoS (TCP),Raspberry Pi 4B 4GB,nmon,1
17:59:05.000,13.6,34.3,0.0,2,0,61759.7,0.0,0.0,0.0,0.0,58.5,-0.0,-0.0,-11978.0,0.0,0.0,1152.4,0.0,0.0,8101.4,0.0,0.0,0.0,0.0,0.0,0.0,23.9,0.0,23.9,12.0,0.0,12.0,2.0,0.0,2.0,0.0,0.2,7.7,28.0,397.0,47.9,28.54615547106041,4.443916349809887,1.1063582594000845,21.749577524292356,19.72697507393325,Attack,Denial of Service,MHDDoS (TCP),Raspberry Pi 4B 4GB,nmon,1
17:59:06.000,12.5,34.2,0.0,2,0,67782.1,0.0,0.0,0.0,0.0,56.3,-0.0,-0.0,-12592.7,0.0,0.0,1109.2,0.0,0.0,8519.1,0.0,0.0,0.0,0.0,0.0,0.0,0.0,0.0,0.0,0.0,0.0,0.0,0.0,0.0,0.0,0.0,0.2,7.7,28.0,398.0,46.7,28.609526827207432,4.443916349809887,1.1063582594000845,21.749577524292356,19.72697507393325,Attack,Denial of Service,MHDDoS (TCP),Raspberry Pi 4B 4GB,nmon,1
17:59:07.000,9.1,34.6,0.0,5,0,53703.2,0.0,0.0,0.0,0.0,57.1,-0.0,-0.0,-11037.5,0.0,0.0,1125.1,0.0,0.0,7465.2,0.0,0.0,0.0,0.0,0.0,0.0,0.0,0.0,0.0,0.0,0.0,0.0,0.0,0.0,0.0,0.0,0.2,7.7,28.0,399.0,43.7,28.382446134347273,4.443916349809887,1.1063582594000845,21.749577524292356,19.72697507393325,Attack,Denial of Service,MHDDoS (TCP),Raspberry Pi 4B 4GB,nmon,1
17:59:08.000,9.6,20.1,0.0,1,0,37903.3,0.0,0.0,0.0,0.0,46.9,-0.0,-0.0,-9008.9,0.0,0.0,923.8,0.0,0.0,6357.6,0.0,0.0,0.0,0.0,0.0,0.0,8.0,0.0,8.0,8.0,0.0,8.0,1.0,0.0,1.0,0.0,0.2,7.7,28.0,400.0,29.799999999999997,27.347380650612585,4.451837769328264,1.1063582594000845,21.749577524292356,18.98764258555133,Attack,Denial of Service,MHDDoS (TCP),Raspberry Pi 4B 4GB,nmon,1
17:59:09.000,0.0,0.2,0.0,1,0,51.9,0.0,0.0,0.0,0.0,0.0,-0.0,-0.0,-0.0,0.0,0.0,0.0,0.0,0.0,0.0,0.0,0.0,0.0,0.0,0.0,0.0,0.0,0.0,0.0,0.0,0.0,0.0,0.0,0.0,0.0,0.0,0.2,7.7,28.0,401.0,0.20000000000000284,27.34209970426701,4.454478242501056,1.1063582594000845,21.749577524292356,18.98236163920575,Recovery,Denial of Service,MHDDoS (TCP),Raspberry Pi 4B 4GB,nmon,1
17:59:10.000,0.0,0.0,0.0,1,0,53.8,0.0,0.0,0.0,0.0,0.0,-0.0,-0.0,-0.0,0.0,0.0,0.0,0.0,0.0,0.0,0.0,0.0,0.0,0.0,0.0,0.0,23.9,0.0,23.9,12.0,0.0,12.0,2.0,0.0,2.0,0.0,0.2,7.7,28.0,402.0,0.0,27.34209970426701,4.454478242501056,1.1063582594000845,21.749577524292356,18.98236163920575,Recovery,Denial of Service,MHDDoS (TCP),Raspberry Pi 4B 4GB,nmon,1
17:59:11.000,0.0,0.0,0.0,1,0,32.9,0.0,0.0,0.0,0.0,0.0,-0.0,-0.0,-0.0,0.0,0.0,0.0,0.0,0.0,0.0,0.0,0.0,0.0,0.0,0.0,0.0,0.0,0.0,0.0,0.0,0.0,0.0,0.0,0.0,0.0,0.0,0.2,7.7,28.0,403.0,0.0,27.34209970426701,4.454478242501056,1.1063582594000845,21.749577524292356,18.98236163920575,Recovery,Denial of Service,MHDDoS (TCP),Raspberry Pi 4B 4GB,nmon,1
17:59:12.000,0.0,0.0,0.0,1,0,31.9,0.0,0.0,0.0,0.0,0.0,-0.0,-0.0,-0.0,0.0,0.0,0.0,0.0,0.0,0.0,0.0,0.0,0.0,0.0,0.0,0.0,0.0,0.0,0.0,0.0,0.0,0.0,0.0,0.0,0.0,0.0,0.2,7.7,28.0,404.0,0.0,27.34209970426701,4.454478242501056,1.1063582594000845,21.749577524292356,18.98236163920575,Recovery,Denial of Service,MHDDoS (TCP),Raspberry Pi 4B 4GB,nmon,1
17:59:13.000,0.0,0.0,0.0,1,0,35.9,0.0,0.0,0.0,0.0,0.0,-0.0,-0.0,-0.0,0.0,0.0,0.0,0.0,0.0,0.0,0.0,0.0,0.0,0.0,0.0,0.0,0.0,0.0,0.0,0.0,0.0,0.0,0.0,0.0,0.0,0.0,0.2,7.7,28.0,405.0,0.0,27.34209970426701,4.454478242501056,1.1063582594000845,21.749577524292356,18.98236163920575,Recovery,Denial of Service,MHDDoS (TCP),Raspberry Pi 4B 4GB,nmon,1
17:59:15.000,0.0,0.0,0.0,1,0,43.9,0.0,0.0,0.0,0.0,0.0,-0.0,-0.0,-0.0,0.0,0.0,0.0,0.0,0.0,0.0,1.0,0.0,1.0,0.0,0.0,0.0,8.0,0.0,8.0,8.0,0.0,8.0,1.0,0.0,1.0,0.0,0.2,7.7,28.0,407.0,0.0,27.34209970426701,4.454478242501056,1.1063582594000845,21.749577524292356,18.98236163920575,Recovery,Denial of Service,MHDDoS (TCP),Raspberry Pi 4B 4GB,nmon,1
17:59:16.000,0.0,0.0,0.2,1,0,58.8,0.0,0.0,0.0,0.0,0.0,-0.0,-0.0,-0.0,0.0,0.0,0.0,0.0,0.0,0.0,0.0,0.0,0.0,0.0,0.0,0.0,23.9,0.0,23.9,12.0,0.0,12.0,2.0,0.0,2.0,0.0,0.2,7.7,28.0,408.0,0.20000000000000284,27.34209970426701,4.454478242501056,1.1063582594000845,21.749577524292356,18.98236163920575,Recovery,Denial of Service,MHDDoS (TCP),Raspberry Pi 4B 4GB,nmon,1
17:59:17.000,0.0,0.0,0.0,1,0,44.9,0.0,0.0,0.0,0.0,0.0,-0.0,-0.0,-0.0,0.0,0.0,0.0,0.0,0.0,0.0,0.0,0.0,0.0,0.0,0.0,0.0,0.0,0.0,0.0,0.0,0.0,0.0,0.0,0.0,0.0,0.0,0.2,7.7,28.0,409.0,0.0,27.34209970426701,4.454478242501056,1.1063582594000845,21.749577524292356,18.98236163920575,Recovery,Denial of Service,MHDDoS (TCP),Raspberry Pi 4B 4GB,nmon,1
17:59:18.000,0.0,0.0,0.0,1,0,38.9,0.0,0.0,0.0,0.0,0.0,-0.0,-0.0,-0.0,0.0,0.0,0.0,0.0,0.0,0.0,0.0,0.0,0.0,0.0,0.0,0.0,0.0,0.0,0.0,0.0,0.0,0.0,0.0,0.0,0.0,0.0,0.2,7.7,28.0,410.0,0.0,27.34209970426701,4.454478242501056,1.1063582594000845,21.749577524292356,18.98236163920575,Recovery,Denial of Service,MHDDoS (TCP),Raspberry Pi 4B 4GB,nmon,1
17:59:19.000,0.0,0.0,0.0,1,0,36.9,0.0,0.0,0.0,0.0,0.0,-0.0,-0.0,-0.0,0.0,0.0,0.0,0.0,0.0,0.0,0.0,0.0,0.0,0.0,0.0,0.0,0.0,0.0,0.0,0.0,0.0,0.0,0.0,0.0,0.0,0.0,0.2,7.7,28.0,411.0,0.0,27.34209970426701,4.454478242501056,1.1063582594000845,21.749577524292356,18.98236163920575,Recovery,Denial of Service,MHDDoS (TCP),Raspberry Pi 4B 4GB,nmon,1
17:59:20.000,0.0,0.2,0.0,1,0,35.9,0.0,0.0,0.0,0.0,0.0,-0.0,-0.0,-0.0,0.0,0.0,0.0,0.0,0.0,0.0,0.0,0.0,0.0,0.0,0.0,0.0,0.0,0.0,0.0,0.0,0.0,0.0,0.0,0.0,0.0,0.0,0.2,7.7,28.0,412.0,0.20000000000000284,27.34209970426701,4.454478242501056,1.1063582594000845,21.749577524292356,18.98236163920575,Recovery,Denial of Service,MHDDoS (TCP),Raspberry Pi 4B 4GB,nmon,1
17:59:21.000,0.0,0.0,0.0,1,0,73.8,0.0,0.0,0.0,0.0,0.0,-0.0,-0.0,-0.0,0.0,0.0,0.0,0.0,0.0,0.0,1.0,0.0,1.0,0.0,0.0,0.0,23.9,0.0,23.9,6.0,0.0,6.0,4.0,0.0,4.0,0.0,0.2,7.7,28.0,413.0,0.0,27.34209970426701,4.454478242501056,1.1063582594000845,21.749577524292356,18.98236163920575,Recovery,Denial of Service,MHDDoS (TCP),Raspberry Pi 4B 4GB,nmon,1
17:59:22.000,0.0,0.0,0.0,1,0,40.9,0.0,0.0,0.0,0.0,0.0,-0.0,-0.0,-0.0,0.0,0.0,0.0,0.0,0.0,0.0,0.0,0.0,0.0,0.0,0.0,0.0,0.0,0.0,0.0,0.0,0.0,0.0,0.0,0.0,0.0,0.0,0.2,7.7,28.0,414.0,0.0,27.34209970426701,4.454478242501056,1.1063582594000845,21.749577524292356,18.98236163920575,Recovery,Denial of Service,MHDDoS (TCP),Raspberry Pi 4B 4GB,nmon,1
17:59:23.000,0.0,0.0,0.0,1,0,34.9,0.0,0.0,0.0,0.0,0.0,-0.0,-0.0,-0.0,0.0,0.0,0.0,0.0,0.0,0.0,0.0,0.0,0.0,0.0,0.0,0.0,0.0,0.0,0.0,0.0,0.0,0.0,0.0,0.0,0.0,0.0,0.2,7.7,28.0,415.0,0.0,27.34209970426701,4.454478242501056,1.1063582594000845,21.749577524292356,18.98236163920575,Recovery,Denial of Service,MHDDoS (TCP),Raspberry Pi 4B 4GB,nmon,1
17:59:24.000,0.0,0.0,0.0,1,0,36.9,0.0,0.0,0.0,0.0,0.0,-0.0,-0.0,-0.0,0.0,0.0,0.0,0.0,0.0,0.0,0.0,0.0,0.0,0.0,0.0,0.0,0.0,0.0,0.0,0.0,0.0,0.0,0.0,0.0,0.0,0.0,0.2,7.7,28.0,416.0,0.0,27.34209970426701,4.454478242501056,1.1063582594000845,21.749577524292356,18.98236163920575,Recovery,Denial of Service,MHDDoS (TCP),Raspberry Pi 4B 4GB,nmon,1
17:59:25.000,0.0,0.2,0.0,1,0,30.9,0.0,0.0,0.0,0.0,0.0,-0.0,-0.0,-0.0,0.0,0.0,0.0,0.0,0.0,0.0,0.0,0.0,0.0,0.0,0.0,0.0,0.0,0.0,0.0,0.0,0.0,0.0,0.0,0.0,0.0,0.0,0.2,7.7,28.0,417.0,0.20000000000000284,27.34209970426701,4.454478242501056,1.1063582594000845,21.749577524292356,18.98236163920575,Recovery,Denial of Service,MHDDoS (TCP),Raspberry Pi 4B 4GB,nmon,1
17:59:26.000,0.0,0.0,0.2,1,0,41.9,0.0,0.0,0.0,0.0,0.0,-0.0,-0.0,-0.0,0.0,0.0,0.0,0.0,0.0,0.0,0.0,0.0,0.0,0.0,0.0,0.0,23.9,0.0,23.9,12.0,0.0,12.0,2.0,0.0,2.0,0.0,0.2,7.7,28.0,418.0,0.20000000000000284,27.34209970426701,4.454478242501056,1.1063582594000845,21.749577524292356,18.98236163920575,Recovery,Denial of Service,MHDDoS (TCP),Raspberry Pi 4B 4GB,nmon,1
17:59:27.000,0.0,0.0,0.0,1,0,50.9,0.0,0.0,0.0,0.0,0.0,-0.0,-0.0,-0.0,0.0,0.0,0.0,0.0,0.0,0.0,0.0,0.0,0.0,0.0,0.0,0.0,8.0,0.0,8.0,8.0,0.0,8.0,1.0,0.0,1.0,0.0,0.2,7.7,28.0,419.0,0.0,27.34209970426701,4.454478242501056,1.1063582594000845,21.749577524292356,18.98236163920575,Recovery,Denial of Service,MHDDoS (TCP),Raspberry Pi 4B 4GB,nmon,1
17:59:28.000,0.0,0.0,0.0,1,0,33.9,0.0,0.0,0.0,0.0,0.0,-0.0,-0.0,-0.0,0.0,0.0,0.0,0.0,0.0,0.0,0.0,0.0,0.0,0.0,0.0,0.0,0.0,0.0,0.0,0.0,0.0,0.0,0.0,0.0,0.0,0.0,0.2,7.7,28.0,420.0,0.0,27.34209970426701,4.454478242501056,1.1063582594000845,21.749577524292356,18.98236163920575,Recovery,Denial of Service,MHDDoS (TCP),Raspberry Pi 4B 4GB,nmon,1
17:59:29.000,0.0,0.0,0.0,1,0,31.9,0.0,0.0,0.0,0.0,0.0,-0.0,-0.0,-0.0,0.0,0.0,0.0,0.0,0.0,0.0,0.0,0.0,0.0,0.0,0.0,0.0,0.0,0.0,0.0,0.0,0.0,0.0,0.0,0.0,0.0,0.0,0.2,7.7,28.0,421.0,0.0,27.34209970426701,4.454478242501056,1.1063582594000845,21.749577524292356,18.98236163920575,Recovery,Denial of Service,MHDDoS (TCP),Raspberry Pi 4B 4GB,nmon,1
17:59:30.000,0.0,0.0,0.0,1,0,51.9,0.0,0.0,0.0,0.0,0.0,-0.0,-0.0,-0.0,0.0,0.0,0.0,0.0,0.0,0.0,0.0,0.0,0.0,0.0,0.0,0.0,0.0,0.0,0.0,0.0,0.0,0.0,0.0,0.0,0.0,0.0,0.2,7.7,28.0,422.0,0.0,27.34209970426701,4.454478242501056,1.1063582594000845,21.749577524292356,18.98236163920575,Recovery,Denial of Service,MHDDoS (TCP),Raspberry Pi 4B 4GB,nmon,1
17:59:31.000,0.0,0.0,0.0,1,0,51.8,0.0,0.0,0.0,0.0,0.0,-0.0,-0.0,-0.0,0.0,0.0,0.0,0.0,0.0,0.0,0.0,0.0,0.0,0.0,0.0,0.0,23.9,0.0,23.9,12.0,0.0,12.0,2.0,0.0,2.0,0.0,0.2,7.7,28.0,423.0,0.0,27.34209970426701,4.454478242501056,1.1089987325728772,21.749577524292356,18.98236163920575,Recovery,Denial of Service,MHDDoS (TCP),Raspberry Pi 4B 4GB,nmon,1
17:59:32.000,0.0,0.0,0.0,1,0,33.9,0.0,0.0,0.0,0.0,0.0,-0.0,-0.0,-0.0,0.0,0.0,0.0,0.0,0.0,0.0,0.0,0.0,0.0,0.0,0.0,0.0,0.0,0.0,0.0,0.0,0.0,0.0,0.0,0.0,0.0,0.0,0.2,7.7,28.0,424.0,0.0,27.34209970426701,4.454478242501056,1.1089987325728772,21.749577524292356,18.98236163920575,Recovery,Denial of Service,MHDDoS (TCP),Raspberry Pi 4B 4GB,nmon,1
17:59:33.000,0.0,0.2,0.0,1,0,43.9,0.0,0.0,0.0,0.0,0.0,-0.0,-0.0,-0.0,0.0,0.0,0.0,0.0,0.0,0.0,0.0,0.0,0.0,0.0,0.0,0.0,8.0,0.0,8.0,8.0,0.0,8.0,1.0,0.0,1.0,0.0,0.2,7.7,28.0,425.0,0.20000000000000284,27.34209970426701,4.454478242501056,1.1089987325728772,21.749577524292356,18.98236163920575,Recovery,Denial of Service,MHDDoS (TCP),Raspberry Pi 4B 4GB,nmon,1
17:59:34.000,0.0,0.0,0.0,1,0,39.9,0.0,0.0,0.0,0.0,0.0,-0.0,-0.0,-0.0,0.0,0.0,0.0,0.0,0.0,0.0,0.0,0.0,0.0,0.0,0.0,0.0,0.0,0.0,0.0,0.0,0.0,0.0,0.0,0.0,0.0,0.0,0.2,7.7,28.0,426.0,0.0,27.34209970426701,4.454478242501056,1.1089987325728772,21.749577524292356,18.98236163920575,Recovery,Denial of Service,MHDDoS (TCP),Raspberry Pi 4B 4GB,nmon,1
17:59:35.000,0.0,0.0,0.0,1,0,37.9,0.0,0.0,0.0,0.0,0.0,-0.0,-0.0,-0.0,0.0,0.0,0.0,0.0,0.0,0.0,0.0,0.0,0.0,0.0,0.0,0.0,0.0,0.0,0.0,0.0,0.0,0.0,0.0,0.0,0.0,0.0,0.2,7.7,28.0,427.0,0.0,27.34209970426701,4.454478242501056,1.1089987325728772,21.749577524292356,18.98236163920575,Recovery,Denial of Service,MHDDoS (TCP),Raspberry Pi 4B 4GB,nmon,1
17:59:36.000,0.0,0.0,0.2,1,0,53.8,0.0,0.0,0.0,0.0,0.0,-0.0,-0.0,-0.0,0.0,0.0,0.0,0.0,0.0,0.0,1.0,0.0,1.0,0.0,0.0,0.0,23.9,0.0,23.9,12.0,0.0,12.0,2.0,0.0,2.0,0.0,0.2,7.7,28.0,428.0,0.20000000000000284,27.34209970426701,4.454478242501056,1.1089987325728772,21.749577524292356,18.98236163920575,Recovery,Denial of Service,MHDDoS (TCP),Raspberry Pi 4B 4GB,nmon,1
17:59:37.000,0.0,0.0,0.0,1,0,31.9,0.0,0.0,0.0,0.0,0.0,-0.0,-0.0,-0.0,0.0,0.0,0.0,0.0,0.0,0.0,0.0,0.0,0.0,0.0,0.0,0.0,0.0,0.0,0.0,0.0,0.0,0.0,0.0,0.0,0.0,0.0,0.2,7.7,28.0,429.0,0.0,27.34209970426701,4.454478242501056,1.1089987325728772,21.749577524292356,18.98236163920575,Recovery,Denial of Service,MHDDoS (TCP),Raspberry Pi 4B 4GB,nmon,1
17:59:38.000,0.0,0.2,0.0,1,0,35.9,0.0,0.0,0.0,0.0,0.0,-0.0,-0.0,-0.0,0.0,0.0,0.0,0.0,0.0,0.0,0.0,0.0,0.0,0.0,0.0,0.0,0.0,0.0,0.0,0.0,0.0,0.0,0.0,0.0,0.0,0.0,0.2,7.7,28.0,430.0,0.20000000000000284,27.34209970426701,4.454478242501056,1.1089987325728772,21.749577524292356,18.98236163920575,Recovery,Denial of Service,MHDDoS (TCP),Raspberry Pi 4B 4GB,nmon,1
17:59:39.000,0.0,0.0,0.0,1,0,43.9,0.0,0.0,0.0,0.0,0.0,-0.0,-0.0,-0.0,0.0,0.0,0.0,0.0,0.0,0.0,0.0,0.0,0.0,0.0,0.0,0.0,8.0,0.0,8.0,8.0,0.0,8.0,1.0,0.0,1.0,0.0,0.2,7.7,28.0,431.0,0.0,27.34209970426701,4.454478242501056,1.1089987325728772,21.749577524292356,18.98236163920575,Recovery,Denial of Service,MHDDoS (TCP),Raspberry Pi 4B 4GB,nmon,1
17:59:40.000,0.0,0.0,0.0,1,0,41.9,0.0,0.0,0.0,0.0,0.0,-0.0,-0.0,-0.0,0.0,0.0,0.0,0.0,0.0,0.0,0.0,0.0,0.0,0.0,0.0,0.0,0.0,0.0,0.0,0.0,0.0,0.0,0.0,0.0,0.0,0.0,0.2,7.7,28.0,432.0,0.0,27.34209970426701,4.457118715673849,1.1089987325728772,21.749577524292356,18.98236163920575,Recovery,Denial of Service,MHDDoS (TCP),Raspberry Pi 4B 4GB,nmon,1
17:59:41.000,0.0,0.0,0.2,1,0,50.8,0.0,0.0,0.0,0.0,0.0,-0.0,-0.0,-0.0,0.0,0.0,0.0,0.0,0.0,0.0,0.0,0.0,0.0,0.0,0.0,0.0,23.9,0.0,23.9,12.0,0.0,12.0,2.0,0.0,2.0,0.0,0.2,7.7,28.0,433.0,0.20000000000000284,27.34209970426701,4.457118715673849,1.1089987325728772,21.749577524292356,18.98236163920575,Recovery,Denial of Service,MHDDoS (TCP),Raspberry Pi 4B 4GB,nmon,1
17:59:42.000,0.0,0.0,0.0,1,0,41.9,0.0,0.0,0.0,0.0,0.0,-0.0,-0.0,-0.0,0.0,0.0,0.0,0.0,0.0,0.0,0.0,0.0,0.0,0.0,0.0,0.0,0.0,0.0,0.0,0.0,0.0,0.0,0.0,0.0,0.0,0.0,0.2,7.7,28.0,434.0,0.0,27.34209970426701,4.457118715673849,1.1089987325728772,21.749577524292356,18.98236163920575,Recovery,Denial of Service,MHDDoS (TCP),Raspberry Pi 4B 4GB,nmon,1
17:59:43.000,0.0,0.0,0.0,1,0,31.9,0.0,0.0,0.0,0.0,0.0,-0.0,-0.0,-0.0,0.0,0.0,0.0,0.0,0.0,0.0,0.0,0.0,0.0,0.0,0.0,0.0,0.0,0.0,0.0,0.0,0.0,0.0,0.0,0.0,0.0,0.0,0.2,7.7,28.0,435.0,0.0,27.34209970426701,4.457118715673849,1.1089987325728772,21.749577524292356,18.98236163920575,Recovery,Denial of Service,MHDDoS (TCP),Raspberry Pi 4B 4GB,nmon,1
17:59:44.000,0.0,0.0,0.0,1,0,24.0,0.0,0.0,0.0,0.0,0.0,-0.0,-0.0,-0.0,0.0,0.0,0.0,0.0,0.0,0.0,0.0,0.0,0.0,0.0,0.0,0.0,0.0,0.0,0.0,0.0,0.0,0.0,0.0,0.0,0.0,0.0,0.2,7.7,28.0,436.0,0.0,27.34209970426701,4.457118715673849,1.1089987325728772,21.749577524292356,18.98236163920575,Recovery,Denial of Service,MHDDoS (TCP),Raspberry Pi 4B 4GB,nmon,1
17:59:45.000,0.0,0.2,0.0,1,0,49.9,0.0,0.0,0.0,0.0,0.0,-0.0,-0.0,-0.0,0.0,0.0,0.0,0.0,0.0,0.0,1.0,0.0,1.0,0.0,0.0,0.0,27.9,0.0,27.9,14.0,0.0,14.0,2.0,0.0,2.0,0.0,0.2,7.7,28.0,437.0,0.20000000000000284,27.34209970426701,4.457118715673849,1.1089987325728772,21.749577524292356,18.98236163920575,Recovery,Denial of Service,MHDDoS (TCP),Raspberry Pi 4B 4GB,nmon,1
17:59:46.000,0.0,0.0,0.0,1,0,55.7,0.0,0.0,0.0,0.0,0.0,-0.0,-0.0,-0.0,0.0,0.0,0.0,0.0,0.0,0.0,0.0,0.0,0.0,0.0,0.0,0.0,4.0,0.0,4.0,4.0,0.0,4.0,1.0,0.0,1.0,0.0,0.2,7.7,28.0,438.0,0.0,27.34209970426701,4.457118715673849,1.1089987325728772,21.749577524292356,18.98236163920575,Recovery,Denial of Service,MHDDoS (TCP),Raspberry Pi 4B 4GB,nmon,1
17:59:47.000,0.0,0.0,0.0,1,0,34.9,0.0,0.0,0.0,0.0,0.0,-0.0,-0.0,-0.0,0.0,0.0,0.0,0.0,0.0,0.0,0.0,0.0,0.0,0.0,0.0,0.0,0.0,0.0,0.0,0.0,0.0,0.0,0.0,0.0,0.0,0.0,0.2,7.7,28.0,439.0,0.0,27.34209970426701,4.457118715673849,1.1089987325728772,21.749577524292356,18.98236163920575,Recovery,Denial of Service,MHDDoS (TCP),Raspberry Pi 4B 4GB,nmon,1
17:59:48.000,0.0,0.0,0.0,1,0,30.9,0.0,0.0,0.0,0.0,0.0,-0.0,-0.0,-0.0,0.0,0.0,0.0,0.0,0.0,0.0,0.0,0.0,0.0,0.0,0.0,0.0,0.0,0.0,0.0,0.0,0.0,0.0,0.0,0.0,0.0,0.0,0.2,7.7,28.0,440.0,0.0,27.34209970426701,4.457118715673849,1.1089987325728772,21.749577524292356,18.98236163920575,Recovery,Denial of Service,MHDDoS (TCP),Raspberry Pi 4B 4GB,nmon,1
17:59:49.000,0.0,0.2,0.0,1,0,35.9,0.0,0.0,0.0,0.0,0.0,-0.0,-0.0,-0.0,0.0,0.0,0.0,0.0,0.0,0.0,0.0,0.0,0.0,0.0,0.0,0.0,0.0,0.0,0.0,0.0,0.0,0.0,0.0,0.0,0.0,0.0,0.2,7.7,28.0,441.0,0.20000000000000284,27.34209970426701,4.457118715673849,1.1089987325728772,21.749577524292356,18.98236163920575,Recovery,Denial of Service,MHDDoS (TCP),Raspberry Pi 4B 4GB,nmon,1
17:59:50.000,0.0,0.0,0.0,1,0,47.9,0.0,0.0,0.0,0.0,0.0,-0.0,-0.0,-0.0,0.0,0.0,0.0,0.0,0.0,0.0,0.0,0.0,0.0,0.0,0.0,0.0,0.0,0.0,0.0,0.0,0.0,0.0,0.0,0.0,0.0,0.0,0.2,7.7,28.0,442.0,0.0,27.34209970426701,4.457118715673849,1.1089987325728772,21.749577524292356,18.98236163920575,Recovery,Denial of Service,MHDDoS (TCP),Raspberry Pi 4B 4GB,nmon,1
17:59:51.000,0.0,0.0,0.2,1,0,63.8,0.0,0.0,0.0,0.0,0.0,-0.0,-0.0,-0.0,0.0,0.0,0.0,0.0,0.0,0.0,0.0,0.0,0.0,0.0,0.0,0.0,19.9,0.0,19.9,6.7,0.0,6.7,3.0,0.0,3.0,0.0,0.2,7.7,28.0,443.0,0.20000000000000284,27.34209970426701,4.457118715673849,1.1089987325728772,21.749577524292356,18.98236163920575,Recovery,Denial of Service,MHDDoS (TCP),Raspberry Pi 4B 4GB,nmon,1
17:59:52.000,0.0,0.0,0.0,1,0,37.9,0.0,0.0,0.0,0.0,0.0,-0.0,-0.0,-0.0,0.0,0.0,0.0,0.0,0.0,0.0,0.0,0.0,0.0,0.0,0.0,0.0,0.0,0.0,0.0,0.0,0.0,0.0,0.0,0.0,0.0,0.0,0.2,7.7,28.0,444.0,0.0,27.34209970426701,4.457118715673849,1.1089987325728772,21.749577524292356,18.98236163920575,Recovery,Denial of Service,MHDDoS (TCP),Raspberry Pi 4B 4GB,nmon,1
17:59:53.000,0.0,0.0,0.0,1,0,27.9,0.0,0.0,0.0,0.0,0.0,-0.0,-0.0,-0.0,0.0,0.0,0.0,0.0,0.0,0.0,0.0,0.0,0.0,0.0,0.0,0.0,0.0,0.0,0.0,0.0,0.0,0.0,0.0,0.0,0.0,0.0,0.2,7.7,28.0,445.0,0.0,27.34209970426701,4.457118715673849,1.1089987325728772,21.749577524292356,18.98236163920575,Recovery,Denial of Service,MHDDoS (TCP),Raspberry Pi 4B 4GB,nmon,1
17:59:54.000,0.0,0.0,0.0,1,0,42.9,0.0,0.0,0.0,0.0,0.0,-0.0,-0.0,-0.0,0.0,0.0,0.0,0.0,0.0,0.0,0.0,0.0,0.0,0.0,0.0,0.0,0.0,0.0,0.0,0.0,0.0,0.0,0.0,0.0,0.0,0.0,0.2,7.7,28.0,446.0,0.0,27.34209970426701,4.457118715673849,1.1089987325728772,21.749577524292356,18.98236163920575,Recovery,Denial of Service,MHDDoS (TCP),Raspberry Pi 4B 4GB,nmon,1
17:59:55.000,0.0,0.0,0.0,1,0,29.9,0.0,0.0,0.0,0.0,0.0,-0.0,-0.0,-0.0,0.0,0.0,0.0,0.0,0.0,0.0,0.0,0.0,0.0,0.0,0.0,0.0,0.0,0.0,0.0,0.0,0.0,0.0,0.0,0.0,0.0,0.0,0.2,7.7,28.0,447.0,0.0,27.34209970426701,4.457118715673849,1.1089987325728772,21.749577524292356,18.98236163920575,Recovery,Denial of Service,MHDDoS (TCP),Raspberry Pi 4B 4GB,nmon,1
17:59:56.000,0.0,0.0,0.0,1,0,65.8,0.0,0.0,0.0,0.0,0.0,-0.0,-0.0,-0.0,0.0,0.0,0.0,0.0,0.0,0.0,1.0,0.0,1.0,0.0,0.0,0.0,35.9,0.0,35.9,7.2,0.0,7.2,5.0,0.0,5.0,0.0,0.2,7.7,28.0,448.0,0.0,27.34209970426701,4.457118715673849,1.1089987325728772,21.749577524292356,18.98236163920575,Recovery,Denial of Service,MHDDoS (TCP),Raspberry Pi 4B 4GB,nmon,1
17:59:57.000,0.0,0.0,0.0,1,0,47.9,0.0,0.0,0.0,0.0,0.0,-0.0,-0.0,-0.0,0.0,0.0,0.0,0.0,0.0,0.0,0.0,0.0,0.0,0.0,0.0,0.0,8.0,0.0,8.0,8.0,0.0,8.0,1.0,0.0,1.0,0.0,0.2,7.7,28.0,449.0,0.0,27.34209970426701,4.457118715673849,1.1089987325728772,21.749577524292356,18.98236163920575,Recovery,Denial of Service,MHDDoS (TCP),Raspberry Pi 4B 4GB,nmon,1
17:59:58.000,0.0,0.2,0.0,1,0,37.9,0.0,0.0,0.0,0.0,0.0,-0.0,-0.0,-0.0,0.0,0.0,0.0,0.0,0.0,0.0,0.0,0.0,0.0,0.0,0.0,0.0,0.0,0.0,0.0,0.0,0.0,0.0,0.0,0.0,0.0,0.0,0.2,7.7,28.0,450.0,0.20000000000000284,27.34209970426701,4.457118715673849,1.1089987325728772,21.749577524292356,18.98236163920575,Recovery,Denial of Service,MHDDoS (TCP),Raspberry Pi 4B 4GB,nmon,1
17:59:59.000,0.0,0.0,0.0,1,0,27.9,0.0,0.0,0.0,0.0,0.0,-0.0,-0.0,-0.0,0.0,0.0,0.0,0.0,0.0,0.0,0.0,0.0,0.0,0.0,0.0,0.0,0.0,0.0,0.0,0.0,0.0,0.0,0.0,0.0,0.0,0.0,0.2,7.7,28.0,451.0,0.0,27.34209970426701,4.457118715673849,1.1089987325728772,21.749577524292356,18.98236163920575,Recovery,Denial of Service,MHDDoS (TCP),Raspberry Pi 4B 4GB,nmon,1
18:00:00.000,0.0,0.0,0.0,1,0,33.9,0.0,0.0,0.0,0.0,0.0,-0.0,-0.0,-0.0,0.0,0.0,0.0,0.0,0.0,0.0,0.0,0.0,0.0,0.0,0.0,0.0,0.0,0.0,0.0,0.0,0.0,0.0,0.0,0.0,0.0,0.0,0.2,7.7,28.0,452.0,0.0,27.34209970426701,4.457118715673849,1.1089987325728772,21.749577524292356,18.98236163920575,Recovery,Denial of Service,MHDDoS (TCP),Raspberry Pi 4B 4GB,nmon,1
18:00:01.000,0.0,0.0,0.2,1,0,57.8,0.0,0.0,0.0,0.0,0.0,-0.0,-0.0,-0.0,0.0,0.0,0.0,0.0,0.0,0.0,1.0,0.0,1.0,0.0,0.0,0.0,23.9,0.0,23.9,12.0,0.0,12.0,2.0,0.0,2.0,0.0,0.2,7.7,28.0,453.0,0.20000000000000284,27.34209970426701,4.457118715673849,1.1089987325728772,21.749577524292356,18.98236163920575,Recovery,Denial of Service,MHDDoS (TCP),Raspberry Pi 4B 4GB,nmon,1
18:00:02.000,0.0,0.0,0.0,1,0,39.9,0.0,0.0,0.0,0.0,0.0,-0.0,-0.0,-0.0,0.0,0.0,0.0,0.0,0.0,0.0,0.0,0.0,0.0,0.0,0.0,0.0,0.0,0.0,0.0,0.0,0.0,0.0,0.0,0.0,0.0,0.0,0.2,7.7,28.0,454.0,0.0,27.34209970426701,4.457118715673849,1.1089987325728772,21.749577524292356,18.98236163920575,Recovery,Denial of Service,MHDDoS (TCP),Raspberry Pi 4B 4GB,nmon,1
18:00:03.000,0.2,0.0,0.0,1,0,47.9,0.0,0.0,0.0,0.0,0.0,-0.0,-0.0,-0.0,0.0,0.0,0.0,0.0,0.0,0.0,0.0,0.0,0.0,0.0,0.0,0.0,8.0,0.0,8.0,8.0,0.0,8.0,1.0,0.0,1.0,0.0,0.2,7.7,28.0,455.0,0.20000000000000284,27.34209970426701,4.457118715673849,1.1089987325728772,21.749577524292356,18.98236163920575,Recovery,Denial of Service,MHDDoS (TCP),Raspberry Pi 4B 4GB,nmon,1
18:00:04.000,0.0,0.0,0.0,1,0,31.9,0.0,0.0,0.0,0.0,0.0,-0.0,-0.0,-0.0,0.0,0.0,0.0,0.0,0.0,0.0,0.0,0.0,0.0,0.0,0.0,0.0,0.0,0.0,0.0,0.0,0.0,0.0,0.0,0.0,0.0,0.0,0.2,7.7,28.0,456.0,0.0,27.34209970426701,4.457118715673849,1.1089987325728772,21.749577524292356,18.98236163920575,Recovery,Denial of Service,MHDDoS (TCP),Raspberry Pi 4B 4GB,nmon,1
18:00:05.000,0.0,0.0,0.0,1,0,32.9,0.0,0.0,0.0,0.0,0.0,-0.0,-0.0,-0.0,0.0,0.0,0.0,0.0,0.0,0.0,0.0,0.0,0.0,0.0,0.0,0.0,0.0,0.0,0.0,0.0,0.0,0.0,0.0,0.0,0.0,0.0,0.2,7.7,28.0,457.0,0.0,27.34209970426701,4.457118715673849,1.1089987325728772,21.749577524292356,18.98236163920575,Recovery,Denial of Service,MHDDoS (TCP),Raspberry Pi 4B 4GB,nmon,1
18:00:06.000,0.0,0.0,0.2,1,0,56.8,0.0,0.0,0.0,0.0,0.0,-0.0,-0.0,-0.0,0.0,0.0,0.0,0.0,0.0,0.0,0.0,0.0,0.0,0.0,0.0,0.0,23.9,0.0,23.9,12.0,0.0,12.0,2.0,0.0,2.0,0.0,0.2,7.7,28.0,458.0,0.20000000000000284,27.34209970426701,4.457118715673849,1.1089987325728772,21.749577524292356,18.98236163920575,Recovery,Denial of Service,MHDDoS (TCP),Raspberry Pi 4B 4GB,nmon,1
18:00:07.000,0.0,0.0,0.0,1,0,41.9,0.0,0.0,0.0,0.0,0.0,-0.0,-0.0,-0.0,0.0,0.0,0.0,0.0,0.0,0.0,0.0,0.0,0.0,0.0,0.0,0.0,0.0,0.0,0.0,0.0,0.0,0.0,0.0,0.0,0.0,0.0,0.2,7.7,28.0,459.0,0.0,27.34209970426701,4.457118715673849,1.1089987325728772,21.749577524292356,18.98236163920575,Recovery,Denial of Service,MHDDoS (TCP),Raspberry Pi 4B 4GB,nmon,1
18:00:08.000,0.0,0.0,0.0,1,0,27.9,0.0,0.0,0.0,0.0,0.0,-0.0,-0.0,-0.0,0.0,0.0,0.0,0.0,0.0,0.0,0.0,0.0,0.0,0.0,0.0,0.0,0.0,0.0,0.0,0.0,0.0,0.0,0.0,0.0,0.0,0.0,0.2,7.7,28.0,460.0,0.0,27.34209970426701,4.457118715673849,1.1089987325728772,21.749577524292356,18.98236163920575,Recovery,Denial of Service,MHDDoS (TCP),Raspberry Pi 4B 4GB,nmon,1
18:00:09.000,0.0,0.0,0.0,1,0,48.9,0.0,0.0,0.0,0.0,0.0,-0.0,-0.0,-0.0,0.0,0.0,0.0,0.0,0.0,0.0,0.0,0.0,0.0,0.0,0.0,0.0,8.0,0.0,8.0,8.0,0.0,8.0,1.0,0.0,1.0,0.0,0.2,7.7,28.0,461.0,0.0,27.34209970426701,4.457118715673849,1.1089987325728772,21.749577524292356,18.98236163920575,Recovery,Denial of Service,MHDDoS (TCP),Raspberry Pi 4B 4GB,nmon,1
18:00:10.000,0.0,0.0,0.0,1,0,39.9,0.0,0.0,0.0,0.0,0.0,-0.0,-0.0,-0.0,0.0,0.0,0.0,0.0,0.0,0.0,0.0,0.0,0.0,0.0,0.0,0.0,0.0,0.0,0.0,0.0,0.0,0.0,0.0,0.0,0.0,0.0,0.2,7.7,28.0,462.0,0.0,27.34209970426701,4.457118715673849,1.1089987325728772,21.749577524292356,18.98236163920575,Recovery,Denial of Service,MHDDoS (TCP),Raspberry Pi 4B 4GB,nmon,1
18:00:11.000,0.0,0.2,0.0,1,0,57.8,0.0,0.0,0.0,0.0,0.0,-0.0,-0.0,-0.0,0.0,0.0,0.0,0.0,0.0,0.0,0.0,0.0,0.0,0.0,0.0,0.0,27.9,0.0,27.9,14.0,0.0,14.0,2.0,0.0,2.0,0.0,0.2,7.7,28.0,463.0,0.20000000000000284,27.34209970426701,4.457118715673849,1.1089987325728772,21.749577524292356,18.98236163920575,Recovery,Denial of Service,MHDDoS (TCP),Raspberry Pi 4B 4GB,nmon,1
18:00:12.000,0.2,0.0,0.0,1,0,40.9,0.0,0.0,0.0,0.0,0.0,-0.0,-0.0,-0.0,0.0,0.0,0.0,0.0,0.0,0.0,0.0,0.0,0.0,0.0,0.0,0.0,0.0,0.0,0.0,0.0,0.0,0.0,0.0,0.0,0.0,0.0,0.2,7.7,28.0,464.0,0.20000000000000284,27.34209970426701,4.457118715673849,1.1089987325728772,21.749577524292356,18.98236163920575,Recovery,Denial of Service,MHDDoS (TCP),Raspberry Pi 4B 4GB,nmon,1
18:00:13.000,0.0,0.0,0.0,1,0,16.0,0.0,0.0,0.0,0.0,0.0,-0.0,-0.0,-0.0,0.0,0.0,0.0,0.0,0.0,0.0,0.0,0.0,0.0,0.0,0.0,0.0,0.0,0.0,0.0,0.0,0.0,0.0,0.0,0.0,0.0,0.0,0.2,7.7,28.0,465.0,0.0,27.34209970426701,4.457118715673849,1.1089987325728772,21.749577524292356,18.98236163920575,Recovery,Denial of Service,MHDDoS (TCP),Raspberry Pi 4B 4GB,nmon,1
18:00:14.000,0.0,0.0,0.0,1,0,37.9,0.0,0.0,0.0,0.0,0.0,-0.0,-0.0,-0.0,0.0,0.0,0.0,0.0,0.0,0.0,0.0,0.0,0.0,0.0,0.0,0.0,0.0,0.0,0.0,0.0,0.0,0.0,0.0,0.0,0.0,0.0,0.2,7.7,28.0,466.0,0.0,27.34209970426701,4.457118715673849,1.1089987325728772,21.749577524292356,18.98236163920575,Recovery,Denial of Service,MHDDoS (TCP),Raspberry Pi 4B 4GB,nmon,1
18:00:15.000,0.0,0.0,0.0,1,0,45.9,0.0,0.0,0.0,0.0,0.0,-0.0,-0.0,-0.0,0.0,0.0,0.0,0.0,0.0,0.0,1.0,0.0,1.0,0.0,0.0,0.0,8.0,0.0,8.0,8.0,0.0,8.0,1.0,0.0,1.0,0.0,0.2,7.7,28.0,467.0,0.0,27.34209970426701,4.457118715673849,1.1089987325728772,21.749577524292356,18.98236163920575,Recovery,Denial of Service,MHDDoS (TCP),Raspberry Pi 4B 4GB,nmon,1
18:00:16.000,0.0,0.0,0.2,1,0,59.8,0.0,0.0,0.0,0.0,0.0,-0.0,-0.0,-0.0,0.0,0.0,0.0,0.0,0.0,0.0,0.0,0.0,0.0,0.0,0.0,0.0,23.9,0.0,23.9,12.0,0.0,12.0,2.0,0.0,2.0,0.0,0.2,7.7,28.0,468.0,0.20000000000000284,27.34209970426701,4.457118715673849,1.1089987325728772,21.749577524292356,18.98236163920575,Recovery,Denial of Service,MHDDoS (TCP),Raspberry Pi 4B 4GB,nmon,1
18:00:17.000,0.0,0.2,0.0,1,0,44.9,0.0,0.0,0.0,0.0,0.0,-0.0,-0.0,-0.0,0.0,0.0,0.0,0.0,0.0,0.0,0.0,0.0,0.0,0.0,0.0,0.0,0.0,0.0,0.0,0.0,0.0,0.0,0.0,0.0,0.0,0.0,0.2,7.7,28.0,469.0,0.20000000000000284,27.34209970426701,4.457118715673849,1.1089987325728772,21.749577524292356,18.98236163920575,Recovery,Denial of Service,MHDDoS (TCP),Raspberry Pi 4B 4GB,nmon,1
18:00:18.000,0.0,0.0,0.0,1,0,41.9,0.0,0.0,0.0,0.0,0.0,-0.0,-0.0,-0.0,0.0,0.0,0.0,0.0,0.0,0.0,0.0,0.0,0.0,0.0,0.0,0.0,0.0,0.0,0.0,0.0,0.0,0.0,0.0,0.0,0.0,0.0,0.2,7.7,28.0,470.0,0.0,27.34209970426701,4.457118715673849,1.1089987325728772,21.749577524292356,18.98236163920575,Recovery,Denial of Service,MHDDoS (TCP),Raspberry Pi 4B 4GB,nmon,1
18:00:19.000,0.0,0.0,0.0,1,0,35.9,0.0,0.0,0.0,0.0,0.0,-0.0,-0.0,-0.0,0.0,0.0,0.0,0.0,0.0,0.0,0.0,0.0,0.0,0.0,0.0,0.0,0.0,0.0,0.0,0.0,0.0,0.0,0.0,0.0,0.0,0.0,0.2,7.7,28.0,471.0,0.0,27.34209970426701,4.457118715673849,1.1089987325728772,21.749577524292356,18.98236163920575,Recovery,Denial of Service,MHDDoS (TCP),Raspberry Pi 4B 4GB,nmon,1
18:00:20.000,0.0,0.0,0.0,1,0,29.9,0.0,0.0,0.0,0.0,0.0,-0.0,-0.0,-0.0,0.0,0.0,0.0,0.0,0.0,0.0,1.0,0.0,1.0,0.0,0.0,0.0,0.0,0.0,0.0,0.0,0.0,0.0,0.0,0.0,0.0,0.0,0.2,7.7,28.0,472.0,0.0,27.34209970426701,4.457118715673849,1.1089987325728772,21.749577524292356,18.98236163920575,Recovery,Denial of Service,MHDDoS (TCP),Raspberry Pi 4B 4GB,nmon,1
18:00:21.000,0.0,0.2,0.2,1,0,74.7,0.0,0.0,0.0,0.0,0.0,-0.0,-0.0,-0.0,0.0,0.0,0.0,0.0,0.0,0.0,0.0,0.0,0.0,0.0,0.0,0.0,19.9,0.0,19.9,6.7,0.0,6.7,3.0,0.0,3.0,0.0,0.2,7.7,28.0,473.0,0.5,27.34209970426701,4.457118715673849,1.1089987325728772,21.749577524292356,18.98236163920575,Recovery,Denial of Service,MHDDoS (TCP),Raspberry Pi 4B 4GB,nmon,1
18:00:22.000,0.0,0.0,0.0,1,0,41.9,0.0,0.0,0.0,0.0,0.0,-0.0,-0.0,-0.0,0.0,0.0,0.0,0.0,0.0,0.0,0.0,0.0,0.0,0.0,0.0,0.0,0.0,0.0,0.0,0.0,0.0,0.0,0.0,0.0,0.0,0.0,0.2,7.7,28.0,474.0,0.0,27.34209970426701,4.457118715673849,1.1089987325728772,21.749577524292356,18.98236163920575,Recovery,Denial of Service,MHDDoS (TCP),Raspberry Pi 4B 4GB,nmon,1
18:00:23.000,0.0,0.0,0.0,1,0,32.9,0.0,0.0,0.0,0.0,0.0,-0.0,-0.0,-0.0,0.0,0.0,0.0,0.0,0.0,0.0,0.0,0.0,0.0,0.0,0.0,0.0,0.0,0.0,0.0,0.0,0.0,0.0,0.0,0.0,0.0,0.0,0.2,7.7,28.0,475.0,0.0,27.34209970426701,4.457118715673849,1.1089987325728772,21.749577524292356,18.98236163920575,Recovery,Denial of Service,MHDDoS (TCP),Raspberry Pi 4B 4GB,nmon,1
18:00:24.000,0.0,0.0,0.0,1,0,33.9,0.0,0.0,0.0,0.0,0.0,-0.0,-0.0,-0.0,0.0,0.0,0.0,0.0,0.0,0.0,0.0,0.0,0.0,0.0,0.0,0.0,0.0,0.0,0.0,0.0,0.0,0.0,0.0,0.0,0.0,0.0,0.2,7.7,28.0,476.0,0.0,27.34209970426701,4.457118715673849,1.1089987325728772,21.749577524292356,18.98236163920575,Recovery,Denial of Service,MHDDoS (TCP),Raspberry Pi 4B 4GB,nmon,1
18:00:25.000,0.0,0.0,0.0,1,0,29.9,0.0,0.0,0.0,0.0,0.0,-0.0,-0.0,-0.0,0.0,0.0,0.0,0.0,0.0,0.0,0.0,0.0,0.0,0.0,0.0,0.0,0.0,0.0,0.0,0.0,0.0,0.0,0.0,0.0,0.0,0.0,0.2,7.7,28.0,477.0,0.0,27.34209970426701,4.457118715673849,1.1089987325728772,21.749577524292356,18.98236163920575,Recovery,Denial of Service,MHDDoS (TCP),Raspberry Pi 4B 4GB,nmon,1
18:00:26.000,0.0,0.0,0.0,1,0,58.8,0.0,0.0,0.0,0.0,0.0,-0.0,-0.0,-0.0,0.0,0.0,0.0,0.0,0.0,0.0,0.0,0.0,0.0,0.0,0.0,0.0,23.9,0.0,23.9,12.0,0.0,12.0,2.0,0.0,2.0,0.0,0.2,7.7,28.0,478.0,0.0,27.34209970426701,4.457118715673849,1.1089987325728772,21.749577524292356,18.98236163920575,Recovery,Denial of Service,MHDDoS (TCP),Raspberry Pi 4B 4GB,nmon,1
18:00:27.000,0.2,0.0,0.0,1,0,47.9,0.0,0.0,0.0,0.0,0.0,-0.0,-0.0,-0.0,0.0,0.0,0.0,0.0,0.0,0.0,0.0,0.0,0.0,0.0,0.0,0.0,8.0,0.0,8.0,8.0,0.0,8.0,1.0,0.0,1.0,0.0,0.2,7.7,28.0,479.0,0.20000000000000284,27.34209970426701,4.457118715673849,1.1089987325728772,21.749577524292356,18.98236163920575,Recovery,Denial of Service,MHDDoS (TCP),Raspberry Pi 4B 4GB,nmon,1
18:00:28.000,0.0,0.0,0.0,1,0,33.9,0.0,0.0,0.0,0.0,0.0,-0.0,-0.0,-0.0,0.0,0.0,0.0,0.0,0.0,0.0,0.0,0.0,0.0,0.0,0.0,0.0,0.0,0.0,0.0,0.0,0.0,0.0,0.0,0.0,0.0,0.0,0.2,7.7,28.0,480.0,0.0,27.34209970426701,4.457118715673849,1.1089987325728772,21.749577524292356,18.98236163920575,Recovery,Denial of Service,MHDDoS (TCP),Raspberry Pi 4B 4GB,nmon,1
18:00:29.000,0.0,0.0,0.0,1,0,30.9,0.0,0.0,0.0,0.0,0.0,-0.0,-0.0,-0.0,0.0,0.0,0.0,0.0,0.0,0.0,0.0,0.0,0.0,0.0,0.0,0.0,0.0,0.0,0.0,0.0,0.0,0.0,0.0,0.0,0.0,0.0,0.2,7.7,28.0,481.0,0.0,27.34209970426701,4.457118715673849,1.1089987325728772,21.752217997465145,18.98236163920575,Recovery,Denial of Service,MHDDoS (TCP),Raspberry Pi 4B 4GB,nmon,1
18:00:30.000,0.0,0.0,0.0,1,0,39.9,0.0,0.0,0.0,0.0,0.0,-0.0,-0.0,-0.0,0.0,0.0,0.0,0.0,0.0,0.0,0.0,0.0,0.0,0.0,0.0,0.0,0.0,0.0,0.0,0.0,0.0,0.0,0.0,0.0,0.0,0.0,0.2,7.7,28.0,482.0,0.0,27.34209970426701,4.457118715673849,1.1089987325728772,21.752217997465145,18.98236163920575,Recovery,Denial of Service,MHDDoS (TCP),Raspberry Pi 4B 4GB,nmon,1
18:00:31.000,0.0,0.2,0.2,1,0,81.7,0.0,0.0,0.0,0.0,0.0,-0.0,-0.0,-0.0,0.0,0.0,0.0,0.0,0.0,0.0,2.0,0.0,2.0,0.0,0.0,0.0,39.8,0.0,39.8,6.7,0.0,6.7,6.0,0.0,6.0,0.0,0.2,7.7,28.0,483.0,0.5,27.34209970426701,4.457118715673849,1.1089987325728772,21.749577524292356,18.98236163920575,Recovery,Denial of Service,MHDDoS (TCP),Raspberry Pi 4B 4GB,nmon,1
18:00:32.000,0.0,0.0,0.0,1,0,93.8,0.0,0.0,0.0,0.0,0.1,-0.0,-0.0,-0.0,0.0,0.0,2.0,0.0,0.0,0.0,0.0,0.0,0.0,0.0,0.0,0.0,0.0,0.0,0.0,0.0,0.0,0.0,0.0,0.0,0.0,0.0,0.2,7.7,28.0,484.0,0.0,27.34209970426701,4.457118715673849,1.1089987325728772,21.752217997465145,18.98236163920575,Recovery,Denial of Service,MHDDoS (TCP),Raspberry Pi 4B 4GB,nmon,1
18:00:33.000,0.0,0.0,0.0,1,0,102.8,0.0,0.0,0.0,0.0,0.0,-0.0,-0.0,-0.1,0.0,0.0,0.0,0.0,0.0,1.0,0.0,0.0,0.0,0.0,0.0,0.0,8.0,0.0,8.0,8.0,0.0,8.0,1.0,0.0,1.0,0.0,0.2,7.7,28.0,485.0,0.0,27.34209970426701,4.457118715673849,1.1089987325728772,21.752217997465145,18.98236163920575,Recovery,Denial of Service,MHDDoS (TCP),Raspberry Pi 4B 4GB,nmon,1
18:00:34.000,0.0,0.2,0.0,1,0,30.9,0.0,0.0,0.0,0.0,0.0,-0.0,-0.0,-0.0,0.0,0.0,0.0,0.0,0.0,0.0,0.0,0.0,0.0,0.0,0.0,0.0,0.0,0.0,0.0,0.0,0.0,0.0,0.0,0.0,0.0,0.0,0.2,7.7,28.0,486.0,0.20000000000000284,27.34209970426701,4.457118715673849,1.1089987325728772,21.752217997465145,18.98236163920575,Recovery,Denial of Service,MHDDoS (TCP),Raspberry Pi 4B 4GB,nmon,1
18:00:35.000,0.0,0.0,0.0,1,0,31.9,0.0,0.0,0.0,0.0,0.0,-0.0,-0.0,-0.0,0.0,0.0,0.0,0.0,0.0,0.0,0.0,0.0,0.0,0.0,0.0,0.0,0.0,0.0,0.0,0.0,0.0,0.0,0.0,0.0,0.0,0.0,0.2,7.7,28.0,487.0,0.0,27.34209970426701,4.457118715673849,1.1089987325728772,21.752217997465145,18.98236163920575,Recovery,Denial of Service,MHDDoS (TCP),Raspberry Pi 4B 4GB,nmon,1
18:00:36.000,0.0,0.0,0.0,1,0,51.8,0.0,0.0,0.0,0.0,0.0,-0.0,-0.0,-0.0,0.0,0.0,0.0,0.0,0.0,0.0,0.0,0.0,0.0,0.0,0.0,0.0,23.9,0.0,23.9,12.0,0.0,12.0,2.0,0.0,2.0,0.0,0.2,7.7,28.0,488.0,0.0,27.34209970426701,4.457118715673849,1.1089987325728772,21.752217997465145,18.98236163920575,Recovery,Denial of Service,MHDDoS (TCP),Raspberry Pi 4B 4GB,nmon,1
18:00:37.000,0.0,0.0,0.0,1,0,37.9,0.0,0.0,0.0,0.0,0.0,-0.0,-0.0,-0.0,0.0,0.0,0.0,0.0,0.0,0.0,0.0,0.0,0.0,0.0,0.0,0.0,0.0,0.0,0.0,0.0,0.0,0.0,0.0,0.0,0.0,0.0,0.2,7.7,28.0,489.0,0.0,27.34209970426701,4.457118715673849,1.1089987325728772,21.752217997465145,18.98236163920575,Recovery,Denial of Service,MHDDoS (TCP),Raspberry Pi 4B 4GB,nmon,1
18:00:38.000,0.0,0.0,0.0,1,0,30.9,0.0,0.0,0.0,0.0,0.0,-0.0,-0.0,-0.0,0.0,0.0,0.0,0.0,0.0,0.0,0.0,0.0,0.0,0.0,0.0,0.0,0.0,0.0,0.0,0.0,0.0,0.0,0.0,0.0,0.0,0.0,0.2,7.7,28.0,490.0,0.0,27.34209970426701,4.457118715673849,1.1089987325728772,21.752217997465145,18.98236163920575,Recovery,Denial of Service,MHDDoS (TCP),Raspberry Pi 4B 4GB,nmon,1
18:00:39.000,0.0,0.2,0.0,1,0,44.9,0.0,0.0,0.0,0.0,0.0,-0.0,-0.0,-0.0,0.0,0.0,0.0,0.0,0.0,0.0,0.0,0.0,0.0,0.0,0.0,0.0,8.0,0.0,8.0,8.0,0.0,8.0,1.0,0.0,1.0,0.0,0.2,7.7,28.0,491.0,0.20000000000000284,27.34209970426701,4.457118715673849,1.1089987325728772,21.752217997465145,18.98236163920575,Recovery,Denial of Service,MHDDoS (TCP),Raspberry Pi 4B 4GB,nmon,1
18:00:40.000,0.0,0.0,0.0,1,0,27.9,0.0,0.0,0.0,0.0,0.0,-0.0,-0.0,-0.0,0.0,0.0,0.0,0.0,0.0,0.0,1.0,0.0,1.0,0.0,0.0,0.0,0.0,0.0,0.0,0.0,0.0,0.0,0.0,0.0,0.0,0.0,0.2,7.7,28.0,492.0,0.0,27.34209970426701,4.457118715673849,1.1089987325728772,21.752217997465145,18.98236163920575,Recovery,Denial of Service,MHDDoS (TCP),Raspberry Pi 4B 4GB,nmon,1
18:00:41.000,0.0,0.0,0.2,1,0,60.8,0.0,0.0,0.0,0.0,0.0,-0.0,-0.0,-0.0,0.0,0.0,0.0,0.0,0.0,0.0,0.0,0.0,0.0,0.0,0.0,0.0,23.9,0.0,23.9,12.0,0.0,12.0,2.0,0.0,2.0,0.0,0.2,7.7,28.0,493.0,0.20000000000000284,27.34209970426701,4.457118715673849,1.1089987325728772,21.752217997465145,18.98236163920575,Recovery,Denial of Service,MHDDoS (TCP),Raspberry Pi 4B 4GB,nmon,1
18:00:42.000,0.0,0.2,0.0,1,0,37.9,0.0,0.0,0.0,0.0,0.0,-0.0,-0.0,-0.0,0.0,0.0,0.0,0.0,0.0,0.0,0.0,0.0,0.0,0.0,0.0,0.0,0.0,0.0,0.0,0.0,0.0,0.0,0.0,0.0,0.0,0.0,0.2,7.7,28.0,494.0,0.20000000000000284,27.34209970426701,4.457118715673849,1.1089987325728772,21.752217997465145,18.985002112378538,Recovery,Denial of Service,MHDDoS (TCP),Raspberry Pi 4B 4GB,nmon,1
18:00:43.000,0.0,0.0,0.0,1,0,31.9,0.0,0.0,0.0,0.0,0.0,-0.0,-0.0,-0.0,0.0,0.0,0.0,0.0,0.0,0.0,0.0,0.0,0.0,0.0,0.0,0.0,0.0,0.0,0.0,0.0,0.0,0.0,0.0,0.0,0.0,0.0,0.2,7.7,28.0,495.0,0.0,27.34209970426701,4.457118715673849,1.1089987325728772,21.752217997465145,18.985002112378538,Recovery,Denial of Service,MHDDoS (TCP),Raspberry Pi 4B 4GB,nmon,1
18:00:44.000,0.0,0.0,0.0,1,0,27.9,0.0,0.0,0.0,0.0,0.0,-0.0,-0.0,-0.0,0.0,0.0,0.0,0.0,0.0,0.0,0.0,0.0,0.0,0.0,0.0,0.0,0.0,0.0,0.0,0.0,0.0,0.0,0.0,0.0,0.0,0.0,0.2,7.7,28.0,496.0,0.0,27.34209970426701,4.457118715673849,1.1089987325728772,21.752217997465145,18.985002112378538,Recovery,Denial of Service,MHDDoS (TCP),Raspberry Pi 4B 4GB,nmon,1
18:00:45.000,0.0,0.0,0.0,1,0,50.9,0.0,0.0,0.0,0.0,0.0,-0.0,-0.0,-0.0,0.0,0.0,0.0,0.0,0.0,0.0,0.0,0.0,0.0,0.0,0.0,0.0,8.0,0.0,8.0,8.0,0.0,8.0,1.0,0.0,1.0,0.0,0.2,7.7,28.0,497.0,0.0,27.34209970426701,4.457118715673849,1.1089987325728772,21.752217997465145,18.985002112378538,Recovery,Denial of Service,MHDDoS (TCP),Raspberry Pi 4B 4GB,nmon,1
18:00:46.000,0.0,0.0,0.0,1,0,48.9,0.0,0.0,0.0,0.0,0.0,-0.0,-0.0,-0.0,0.0,0.0,0.0,0.0,0.0,0.0,1.0,0.0,1.0,0.0,0.0,0.0,23.9,0.0,23.9,12.0,0.0,12.0,2.0,0.0,2.0,0.0,0.2,7.7,28.0,498.0,0.0,27.34209970426701,4.457118715673849,1.1089987325728772,21.752217997465145,18.985002112378538,Recovery,Denial of Service,MHDDoS (TCP),Raspberry Pi 4B 4GB,nmon,1
18:00:47.000,0.0,0.0,0.0,1,0,29.9,0.0,0.0,0.0,0.0,0.0,-0.0,-0.0,-0.0,0.0,0.0,0.0,0.0,0.0,0.0,0.0,0.0,0.0,0.0,0.0,0.0,0.0,0.0,0.0,0.0,0.0,0.0,0.0,0.0,0.0,0.0,0.2,7.7,28.0,499.0,0.0,27.34209970426701,4.457118715673849,1.1089987325728772,21.752217997465145,18.985002112378538,Recovery,Denial of Service,MHDDoS (TCP),Raspberry Pi 4B 4GB,nmon,1
18:00:48.000,0.2,0.0,0.0,1,0,29.9,0.0,0.0,0.0,0.0,0.0,-0.0,-0.0,-0.0,0.0,0.0,0.0,0.0,0.0,0.0,0.0,0.0,0.0,0.0,0.0,0.0,0.0,0.0,0.0,0.0,0.0,0.0,0.0,0.0,0.0,0.0,0.2,7.7,28.0,500.0,0.20000000000000284,27.34209970426701,4.457118715673849,1.1089987325728772,21.752217997465145,18.985002112378538,Recovery,Denial of Service,MHDDoS (TCP),Raspberry Pi 4B 4GB,nmon,1
18:00:49.000,0.0,0.0,0.0,1,0,37.9,0.0,0.0,0.0,0.0,0.0,-0.0,-0.0,-0.0,0.0,0.0,0.0,0.0,0.0,0.0,0.0,0.0,0.0,0.0,0.0,0.0,0.0,0.0,0.0,0.0,0.0,0.0,0.0,0.0,0.0,0.0,0.2,7.7,28.0,501.0,0.0,27.34209970426701,4.457118715673849,1.1089987325728772,21.752217997465145,18.985002112378538,Recovery,Denial of Service,MHDDoS (TCP),Raspberry Pi 4B 4GB,nmon,1
18:00:50.000,0.0,0.0,0.0,1,0,29.9,0.0,0.0,0.0,0.0,0.0,-0.0,-0.0,-0.0,0.0,0.0,0.0,0.0,0.0,0.0,0.0,0.0,0.0,0.0,0.0,0.0,0.0,0.0,0.0,0.0,0.0,0.0,0.0,0.0,0.0,0.0,0.2,7.7,28.0,502.0,0.0,27.34209970426701,4.457118715673849,1.1089987325728772,21.752217997465145,18.985002112378538,Recovery,Denial of Service,MHDDoS (TCP),Raspberry Pi 4B 4GB,nmon,1
18:00:51.000,0.0,0.0,1.0,1,0,63.8,0.0,0.0,0.0,0.0,0.0,-0.0,-0.0,-0.0,0.0,0.0,0.0,0.0,0.0,0.0,2.0,0.0,2.0,0.0,0.0,0.0,19.6,0.0,19.6,6.7,0.0,6.7,2.9,0.0,2.9,0.0,0.2,7.7,28.0,503.0,1.0,27.34209970426701,4.457118715673849,1.1089987325728772,21.752217997465145,18.985002112378538,Recovery,Denial of Service,MHDDoS (TCP),Raspberry Pi 4B 4GB,nmon,1
18:00:52.000,0.0,0.0,0.0,1,0,41.9,0.0,0.0,0.0,0.0,0.0,-0.0,-0.0,-0.0,0.0,0.0,0.0,0.0,0.0,0.0,0.0,0.0,0.0,0.0,0.0,0.0,0.0,0.0,0.0,0.0,0.0,0.0,0.0,0.0,0.0,0.0,0.2,7.7,28.0,504.0,0.0,27.34209970426701,4.457118715673849,1.1089987325728772,21.752217997465145,18.985002112378538,Recovery,Denial of Service,MHDDoS (TCP),Raspberry Pi 4B 4GB,nmon,1
18:00:53.000,0.0,0.0,0.0,1,0,41.9,0.0,0.0,0.0,0.0,0.0,-0.0,-0.0,-0.0,0.0,0.0,0.0,0.0,0.0,0.0,0.0,0.0,0.0,0.0,0.0,0.0,0.0,0.0,0.0,0.0,0.0,0.0,0.0,0.0,0.0,0.0,0.2,7.7,28.0,505.0,0.0,27.34209970426701,4.457118715673849,1.1089987325728772,21.752217997465145,18.985002112378538,Recovery,Denial of Service,MHDDoS (TCP),Raspberry Pi 4B 4GB,nmon,1
18:00:54.000,0.0,0.2,0.0,1,0,29.9,0.0,0.0,0.0,0.0,0.0,-0.0,-0.0,-0.0,0.0,0.0,0.0,0.0,0.0,0.0,0.0,0.0,0.0,0.0,0.0,0.0,0.0,0.0,0.0,0.0,0.0,0.0,0.0,0.0,0.0,0.0,0.2,7.7,28.0,506.0,0.20000000000000284,27.34209970426701,4.457118715673849,1.1089987325728772,21.752217997465145,18.985002112378538,Recovery,Denial of Service,MHDDoS (TCP),Raspberry Pi 4B 4GB,nmon,1
18:00:55.000,0.2,0.0,0.0,1,0,31.9,0.0,0.0,0.0,0.0,0.0,-0.0,-0.0,-0.0,0.0,0.0,0.0,0.0,0.0,0.0,0.0,0.0,0.0,0.0,0.0,0.0,0.0,0.0,0.0,0.0,0.0,0.0,0.0,0.0,0.0,0.0,0.2,7.7,28.0,507.0,0.20000000000000284,27.34209970426701,4.457118715673849,1.1089987325728772,21.752217997465145,18.985002112378538,Recovery,Denial of Service,MHDDoS (TCP),Raspberry Pi 4B 4GB,nmon,1
18:00:56.000,0.0,0.0,0.0,1,0,47.8,0.0,0.0,0.0,0.0,0.0,-0.0,-0.0,-0.0,0.0,0.0,0.0,0.0,0.0,0.0,1.0,0.0,1.0,0.0,0.0,0.0,23.9,0.0,23.9,12.0,0.0,12.0,2.0,0.0,2.0,0.0,0.2,7.7,28.0,508.0,0.0,27.34209970426701,4.457118715673849,1.1089987325728772,21.752217997465145,18.985002112378538,Recovery,Denial of Service,MHDDoS (TCP),Raspberry Pi 4B 4GB,nmon,1
18:00:57.000,0.0,0.0,0.0,1,0,57.9,0.0,0.0,0.0,0.0,0.0,-0.0,-0.0,-0.0,0.0,0.0,0.0,0.0,0.0,0.0,0.0,0.0,0.0,0.0,0.0,0.0,8.0,0.0,8.0,8.0,0.0,8.0,1.0,0.0,1.0,0.0,0.2,7.7,28.0,509.0,0.0,27.34209970426701,4.457118715673849,1.1089987325728772,21.752217997465145,18.985002112378538,Recovery,Denial of Service,MHDDoS (TCP),Raspberry Pi 4B 4GB,nmon,1
18:00:58.000,0.0,0.0,0.0,1,0,37.9,0.0,0.0,0.0,0.0,0.0,-0.0,-0.0,-0.0,0.0,0.0,0.0,0.0,0.0,0.0,0.0,0.0,0.0,0.0,0.0,0.0,0.0,0.0,0.0,0.0,0.0,0.0,0.0,0.0,0.0,0.0,0.2,7.7,28.0,510.0,0.0,27.34209970426701,4.457118715673849,1.1089987325728772,21.752217997465145,18.985002112378538,Recovery,Denial of Service,MHDDoS (TCP),Raspberry Pi 4B 4GB,nmon,1
18:00:59.000,0.0,0.0,0.0,1,0,31.9,0.0,0.0,0.0,0.0,0.0,-0.0,-0.0,-0.0,0.0,0.0,0.0,0.0,0.0,0.0,0.0,0.0,0.0,0.0,0.0,0.0,0.0,0.0,0.0,0.0,0.0,0.0,0.0,0.0,0.0,0.0,0.2,7.7,28.0,511.0,0.0,27.34209970426701,4.457118715673849,1.1089987325728772,21.752217997465145,18.985002112378538,Recovery,Denial of Service,MHDDoS (TCP),Raspberry Pi 4B 4GB,nmon,1
18:01:00.000,0.0,0.2,0.0,1,0,31.9,0.0,0.0,0.0,0.0,0.0,-0.0,-0.0,-0.0,0.0,0.0,0.0,0.0,0.0,0.0,0.0,0.0,0.0,0.0,0.0,0.0,0.0,0.0,0.0,0.0,0.0,0.0,0.0,0.0,0.0,0.0,0.2,7.7,28.0,512.0,0.20000000000000284,27.34209970426701,4.457118715673849,1.1089987325728772,21.752217997465145,18.985002112378538,Recovery,Denial of Service,MHDDoS (TCP),Raspberry Pi 4B 4GB,nmon,1
18:01:01.000,0.0,0.0,0.2,1,0,63.7,0.0,0.0,0.0,0.0,0.0,-0.0,-0.0,-0.0,0.0,0.0,0.0,0.0,0.0,0.0,0.0,0.0,0.0,0.0,0.0,0.0,23.9,0.0,23.9,12.0,0.0,12.0,2.0,0.0,2.0,0.0,0.2,7.7,28.0,513.0,0.20000000000000284,27.34209970426701,4.457118715673849,1.1089987325728772,21.752217997465145,18.985002112378538,Recovery,Denial of Service,MHDDoS (TCP),Raspberry Pi 4B 4GB,nmon,1
18:01:02.000,0.0,0.0,0.0,1,0,29.9,0.0,0.0,0.0,0.0,0.0,-0.0,-0.0,-0.0,0.0,0.0,0.0,0.0,0.0,0.0,0.0,0.0,0.0,0.0,0.0,0.0,0.0,0.0,0.0,0.0,0.0,0.0,0.0,0.0,0.0,0.0,0.2,7.7,28.0,514.0,0.0,27.34209970426701,4.457118715673849,1.1089987325728772,21.752217997465145,18.985002112378538,Recovery,Denial of Service,MHDDoS (TCP),Raspberry Pi 4B 4GB,nmon,1
18:01:03.000,0.0,0.0,0.0,1,0,43.9,0.0,0.0,0.0,0.0,0.0,-0.0,-0.0,-0.0,0.0,0.0,0.0,0.0,0.0,0.0,0.0,0.0,0.0,0.0,0.0,0.0,8.0,0.0,8.0,8.0,0.0,8.0,1.0,0.0,1.0,0.0,0.2,7.7,28.0,515.0,0.0,27.34209970426701,4.457118715673849,1.1089987325728772,21.752217997465145,18.985002112378538,Recovery,Denial of Service,MHDDoS (TCP),Raspberry Pi 4B 4GB,nmon,1
18:01:04.000,0.0,0.0,0.0,1,0,33.9,0.0,0.0,0.0,0.0,0.0,-0.0,-0.0,-0.0,0.0,0.0,0.0,0.0,0.0,0.0,0.0,0.0,0.0,0.0,0.0,0.0,0.0,0.0,0.0,0.0,0.0,0.0,0.0,0.0,0.0,0.0,0.2,7.7,28.0,516.0,0.0,27.34209970426701,4.457118715673849,1.1089987325728772,21.752217997465145,18.985002112378538,Recovery,Denial of Service,MHDDoS (TCP),Raspberry Pi 4B 4GB,nmon,1
18:01:05.000,0.0,0.0,0.0,1,0,44.9,0.0,0.0,0.0,0.0,0.0,-0.0,-0.0,-0.0,0.0,0.0,0.0,0.0,0.0,0.0,0.0,0.0,0.0,0.0,0.0,0.0,0.0,0.0,0.0,0.0,0.0,0.0,0.0,0.0,0.0,0.0,0.2,7.7,28.0,517.0,0.0,27.34209970426701,4.457118715673849,1.1089987325728772,21.752217997465145,18.985002112378538,Recovery,Denial of Service,MHDDoS (TCP),Raspberry Pi 4B 4GB,nmon,1
18:01:06.000,0.0,0.0,0.2,1,0,65.8,0.0,0.0,0.0,0.0,0.0,-0.0,-0.0,-0.0,0.0,0.0,0.0,0.0,0.0,0.0,1.0,0.0,1.0,0.0,0.0,0.0,35.9,0.0,35.9,7.2,0.0,7.2,5.0,0.0,5.0,0.0,0.2,7.7,28.0,518.0,0.20000000000000284,27.34209970426701,4.457118715673849,1.1089987325728772,21.752217997465145,18.985002112378538,Recovery,Denial of Service,MHDDoS (TCP),Raspberry Pi 4B 4GB,nmon,1
18:01:07.000,0.0,0.0,0.0,1,0,37.9,0.0,0.0,0.0,0.0,0.0,-0.0,-0.0,-0.0,0.0,0.0,0.0,0.0,0.0,0.0,0.0,0.0,0.0,0.0,0.0,0.0,0.0,0.0,0.0,0.0,0.0,0.0,0.0,0.0,0.0,0.0,0.2,7.7,28.0,519.0,0.0,27.34209970426701,4.457118715673849,1.1089987325728772,21.752217997465145,18.985002112378538,Recovery,Denial of Service,MHDDoS (TCP),Raspberry Pi 4B 4GB,nmon,1
18:01:08.000,0.0,0.0,0.0,1,0,37.9,0.0,0.0,0.0,0.0,0.0,-0.0,-0.0,-0.0,0.0,0.0,0.0,0.0,0.0,0.0,0.0,0.0,0.0,0.0,0.0,0.0,0.0,0.0,0.0,0.0,0.0,0.0,0.0,0.0,0.0,0.0,0.2,7.7,28.0,520.0,0.0,27.34209970426701,4.457118715673849,1.1089987325728772,21.752217997465145,18.985002112378538,Recovery,Denial of Service,MHDDoS (TCP),Raspberry Pi 4B 4GB,nmon,1
18:01:09.000,0.0,0.0,0.0,1,0,49.9,0.0,0.0,0.0,0.0,0.0,-0.0,-0.0,-0.0,0.0,0.0,0.0,0.0,0.0,0.0,0.0,0.0,0.0,0.0,0.0,0.0,8.0,0.0,8.0,8.0,0.0,8.0,1.0,0.0,1.0,0.0,0.2,7.7,28.0,521.0,0.0,27.34209970426701,4.457118715673849,1.1089987325728772,21.752217997465145,18.985002112378538,Recovery,Denial of Service,MHDDoS (TCP),Raspberry Pi 4B 4GB,nmon,1
18:01:10.000,0.0,0.0,0.0,1,0,34.9,0.0,0.0,0.0,0.0,0.0,-0.0,-0.0,-0.0,0.0,0.0,0.0,0.0,0.0,0.0,0.0,0.0,0.0,0.0,0.0,0.0,0.0,0.0,0.0,0.0,0.0,0.0,0.0,0.0,0.0,0.0,0.2,7.7,28.0,522.0,0.0,27.34209970426701,4.457118715673849,1.1089987325728772,21.752217997465145,18.985002112378538,Recovery,Denial of Service,MHDDoS (TCP),Raspberry Pi 4B 4GB,nmon,1
18:01:11.000,0.0,0.0,0.0,1,0,48.8,0.0,0.0,0.0,0.0,0.0,-0.0,-0.0,-0.0,0.0,0.0,0.0,0.0,0.0,0.0,1.0,0.0,1.0,0.0,0.0,0.0,23.9,0.0,23.9,12.0,0.0,12.0,2.0,0.0,2.0,0.0,0.2,7.7,28.0,523.0,0.0,27.34209970426701,4.457118715673849,1.1089987325728772,21.752217997465145,18.985002112378538,Recovery,Denial of Service,MHDDoS (TCP),Raspberry Pi 4B 4GB,nmon,1
18:01:12.000,0.0,0.0,0.0,1,0,40.9,0.0,0.0,0.0,0.0,0.0,-0.0,-0.0,-0.0,0.0,0.0,0.0,0.0,0.0,0.0,0.0,0.0,0.0,0.0,0.0,0.0,0.0,0.0,0.0,0.0,0.0,0.0,0.0,0.0,0.0,0.0,0.2,7.7,28.0,524.0,0.0,27.34209970426701,4.457118715673849,1.1089987325728772,21.752217997465145,18.985002112378538,Recovery,Denial of Service,MHDDoS (TCP),Raspberry Pi 4B 4GB,nmon,1
18:01:13.000,0.0,0.2,0.0,1,0,41.9,0.0,0.0,0.0,0.0,0.0,-0.0,-0.0,-0.0,0.0,0.0,0.0,0.0,0.0,0.0,0.0,0.0,0.0,0.0,0.0,0.0,0.0,0.0,0.0,0.0,0.0,0.0,0.0,0.0,0.0,0.0,0.2,7.7,28.0,525.0,0.20000000000000284,27.34209970426701,4.457118715673849,1.1089987325728772,21.752217997465145,18.985002112378538,Recovery,Denial of Service,MHDDoS (TCP),Raspberry Pi 4B 4GB,nmon,1
18:01:14.000,0.0,0.0,0.0,1,0,30.9,0.0,0.0,0.0,0.0,0.0,-0.0,-0.0,-0.0,0.0,0.0,0.0,0.0,0.0,0.0,0.0,0.0,0.0,0.0,0.0,0.0,0.0,0.0,0.0,0.0,0.0,0.0,0.0,0.0,0.0,0.0,0.2,7.7,28.0,526.0,0.0,27.34209970426701,4.457118715673849,1.1089987325728772,21.752217997465145,18.985002112378538,Recovery,Denial of Service,MHDDoS (TCP),Raspberry Pi 4B 4GB,nmon,1
18:01:15.000,0.0,0.0,0.0,1,0,39.9,0.0,0.0,0.0,0.0,0.0,-0.0,-0.0,-0.0,0.0,0.0,0.0,0.0,0.0,0.0,0.0,0.0,0.0,0.0,0.0,0.0,8.0,0.0,8.0,8.0,0.0,8.0,1.0,0.0,1.0,0.0,0.2,7.7,28.0,527.0,0.0,27.34209970426701,4.457118715673849,1.1089987325728772,21.752217997465145,18.985002112378538,Recovery,Denial of Service,MHDDoS (TCP),Raspberry Pi 4B 4GB,nmon,1
18:01:16.000,0.0,0.0,0.2,1,0,63.8,0.0,0.0,0.0,0.0,0.0,-0.0,-0.0,-0.0,0.0,0.0,0.0,0.0,0.0,0.0,0.0,0.0,0.0,0.0,0.0,0.0,23.9,0.0,23.9,12.0,0.0,12.0,2.0,0.0,2.0,0.0,0.2,7.7,28.0,528.0,0.20000000000000284,27.34209970426701,4.457118715673849,1.1089987325728772,21.752217997465145,18.985002112378538,Recovery,Denial of Service,MHDDoS (TCP),Raspberry Pi 4B 4GB,nmon,1
18:01:17.000,0.0,0.0,0.0,1,0,39.9,0.0,0.0,0.0,0.0,0.0,-0.0,-0.0,-0.0,0.0,0.0,0.0,0.0,0.0,0.0,0.0,0.0,0.0,0.0,0.0,0.0,0.0,0.0,0.0,0.0,0.0,0.0,0.0,0.0,0.0,0.0,0.2,7.7,28.0,529.0,0.0,27.34209970426701,4.457118715673849,1.1089987325728772,21.752217997465145,18.985002112378538,Recovery,Denial of Service,MHDDoS (TCP),Raspberry Pi 4B 4GB,nmon,1
18:01:18.000,0.0,0.2,0.0,1,0,32.9,0.0,0.0,0.0,0.0,0.0,-0.0,-0.0,-0.0,0.0,0.0,0.0,0.0,0.0,0.0,0.0,0.0,0.0,0.0,0.0,0.0,0.0,0.0,0.0,0.0,0.0,0.0,0.0,0.0,0.0,0.0,0.2,7.7,28.0,530.0,0.20000000000000284,27.34209970426701,4.457118715673849,1.1089987325728772,21.752217997465145,18.985002112378538,Recovery,Denial of Service,MHDDoS (TCP),Raspberry Pi 4B 4GB,nmon,1
18:01:19.000,0.0,0.0,0.0,1,0,32.9,0.0,0.0,0.0,0.0,0.0,-0.0,-0.0,-0.0,0.0,0.0,0.0,0.0,0.0,0.0,0.0,0.0,0.0,0.0,0.0,0.0,0.0,0.0,0.0,0.0,0.0,0.0,0.0,0.0,0.0,0.0,0.2,7.7,28.0,531.0,0.0,27.34209970426701,4.457118715673849,1.1089987325728772,21.752217997465145,18.985002112378538,Recovery,Denial of Service,MHDDoS (TCP),Raspberry Pi 4B 4GB,nmon,1
18:01:20.000,0.0,0.0,0.0,1,0,30.9,0.0,0.0,0.0,0.0,0.0,-0.0,-0.0,-0.0,0.0,0.0,0.0,0.0,0.0,0.0,0.0,0.0,0.0,0.0,0.0,0.0,0.0,0.0,0.0,0.0,0.0,0.0,0.0,0.0,0.0,0.0,0.2,7.7,28.0,532.0,0.0,27.34209970426701,4.457118715673849,1.1089987325728772,21.752217997465145,18.985002112378538,Recovery,Denial of Service,MHDDoS (TCP),Raspberry Pi 4B 4GB,nmon,1
18:01:21.000,0.0,0.0,0.2,1,0,63.7,0.0,0.0,0.0,0.0,0.0,-0.0,-0.0,-0.0,0.0,0.0,0.0,0.0,0.0,0.0,1.0,0.0,1.0,0.0,0.0,0.0,23.9,0.0,23.9,8.0,0.0,8.0,3.0,0.0,3.0,0.0,0.2,7.7,28.0,533.0,0.20000000000000284,27.34209970426701,4.457118715673849,1.1089987325728772,21.752217997465145,18.985002112378538,Recovery,Denial of Service,MHDDoS (TCP),Raspberry Pi 4B 4GB,nmon,1
18:01:22.000,0.0,0.0,0.0,1,0,51.9,0.0,0.0,0.0,0.0,0.0,-0.0,-0.0,-0.0,0.0,0.0,0.0,0.0,0.0,0.0,0.0,0.0,0.0,0.0,0.0,0.0,0.0,0.0,0.0,0.0,0.0,0.0,0.0,0.0,0.0,0.0,0.2,7.7,28.0,534.0,0.0,27.34209970426701,4.457118715673849,1.1089987325728772,21.752217997465145,18.985002112378538,Recovery,Denial of Service,MHDDoS (TCP),Raspberry Pi 4B 4GB,nmon,1
18:01:23.000,0.0,0.0,0.0,1,0,29.9,0.0,0.0,0.0,0.0,0.0,-0.0,-0.0,-0.0,0.0,0.0,0.0,0.0,0.0,0.0,0.0,0.0,0.0,0.0,0.0,0.0,0.0,0.0,0.0,0.0,0.0,0.0,0.0,0.0,0.0,0.0,0.2,7.7,28.0,535.0,0.0,27.34209970426701,4.457118715673849,1.1089987325728772,21.752217997465145,18.985002112378538,Recovery,Denial of Service,MHDDoS (TCP),Raspberry Pi 4B 4GB,nmon,1
18:01:24.000,0.0,0.2,0.0,1,0,35.9,0.0,0.0,0.0,0.0,0.0,-0.0,-0.0,-0.0,0.0,0.0,0.0,0.0,0.0,0.0,0.0,0.0,0.0,0.0,0.0,0.0,0.0,0.0,0.0,0.0,0.0,0.0,0.0,0.0,0.0,0.0,0.2,7.7,28.0,536.0,0.20000000000000284,27.34209970426701,4.457118715673849,1.1089987325728772,21.752217997465145,18.985002112378538,Recovery,Denial of Service,MHDDoS (TCP),Raspberry Pi 4B 4GB,nmon,1
18:01:25.000,0.0,0.0,0.0,1,0,38.9,0.0,0.0,0.0,0.0,0.0,-0.0,-0.0,-0.0,0.0,0.0,0.0,0.0,0.0,0.0,0.0,0.0,0.0,0.0,0.0,0.0,0.0,0.0,0.0,0.0,0.0,0.0,0.0,0.0,0.0,0.0,0.2,7.7,28.0,537.0,0.0,27.34209970426701,4.457118715673849,1.1089987325728772,21.752217997465145,18.985002112378538,Recovery,Denial of Service,MHDDoS (TCP),Raspberry Pi 4B 4GB,nmon,1
18:01:26.000,0.0,0.0,0.0,1,0,47.8,0.0,0.0,0.0,0.0,0.0,-0.0,-0.0,-0.0,0.0,0.0,0.0,0.0,0.0,0.0,0.0,0.0,0.0,0.0,0.0,0.0,23.9,0.0,23.9,12.0,0.0,12.0,2.0,0.0,2.0,0.0,0.2,7.7,28.0,538.0,0.0,27.34209970426701,4.457118715673849,1.1089987325728772,21.752217997465145,18.985002112378538,Recovery,Denial of Service,MHDDoS (TCP),Raspberry Pi 4B 4GB,nmon,1
18:01:27.000,0.0,0.2,0.0,1,0,56.9,0.0,0.0,0.0,0.0,0.0,-0.0,-0.0,-0.0,0.0,0.0,0.0,0.0,0.0,0.0,0.0,0.0,0.0,0.0,0.0,0.0,8.0,0.0,8.0,8.0,0.0,8.0,1.0,0.0,1.0,0.0,0.2,7.7,28.0,539.0,0.20000000000000284,27.34209970426701,4.457118715673849,1.1089987325728772,21.752217997465145,18.985002112378538,Recovery,Denial of Service,MHDDoS (TCP),Raspberry Pi 4B 4GB,nmon,1
18:01:28.000,0.0,0.0,0.0,1,0,32.9,0.0,0.0,0.0,0.0,0.0,-0.0,-0.0,-0.0,0.0,0.0,0.0,0.0,0.0,0.0,0.0,0.0,0.0,0.0,0.0,0.0,0.0,0.0,0.0,0.0,0.0,0.0,0.0,0.0,0.0,0.0,0.2,7.7,28.0,540.0,0.0,27.34209970426701,4.457118715673849,1.1089987325728772,21.752217997465145,18.985002112378538,Recovery,Denial of Service,MHDDoS (TCP),Raspberry Pi 4B 4GB,nmon,1
18:01:29.000,0.0,0.0,0.0,1,0,39.9,0.0,0.0,0.0,0.0,0.0,-0.0,-0.0,-0.0,0.0,0.0,0.0,0.0,0.0,0.0,0.0,0.0,0.0,0.0,0.0,0.0,0.0,0.0,0.0,0.0,0.0,0.0,0.0,0.0,0.0,0.0,0.2,7.7,28.0,541.0,0.0,27.34209970426701,4.457118715673849,1.1089987325728772,21.752217997465145,18.985002112378538,Recovery,Denial of Service,MHDDoS (TCP),Raspberry Pi 4B 4GB,nmon,1
18:01:30.000,0.0,0.0,0.0,1,0,27.9,0.0,0.0,0.0,0.0,0.0,-0.0,-0.0,-0.0,0.0,0.0,0.0,0.0,0.0,0.0,0.0,0.0,0.0,0.0,0.0,0.0,0.0,0.0,0.0,0.0,0.0,0.0,0.0,0.0,0.0,0.0,0.2,7.7,28.0,542.0,0.0,27.34209970426701,4.457118715673849,1.1089987325728772,21.752217997465145,18.985002112378538,Recovery,Denial of Service,MHDDoS (TCP),Raspberry Pi 4B 4GB,nmon,1
18:01:31.000,0.0,0.0,0.2,1,0,50.8,0.0,0.0,0.0,0.0,0.0,-0.0,-0.0,-0.0,0.0,0.0,0.0,0.0,0.0,0.0,0.0,0.0,0.0,0.0,0.0,0.0,23.9,0.0,23.9,12.0,0.0,12.0,2.0,0.0,2.0,0.0,0.2,7.7,28.0,543.0,0.20000000000000284,27.34209970426701,4.457118715673849,1.1089987325728772,21.752217997465145,18.985002112378538,Recovery,Denial of Service,MHDDoS (TCP),Raspberry Pi 4B 4GB,nmon,1
18:01:32.000,0.0,0.2,0.0,1,0,66.9,0.0,0.0,0.0,0.0,0.1,-0.0,-0.0,-0.0,0.0,0.0,1.0,0.0,0.0,0.0,0.0,0.0,0.0,0.0,0.0,0.0,0.0,0.0,0.0,0.0,0.0,0.0,0.0,0.0,0.0,0.0,0.2,7.7,28.0,544.0,0.20000000000000284,27.34209970426701,4.457118715673849,1.1089987325728772,21.752217997465145,18.985002112378538,Recovery,Denial of Service,MHDDoS (TCP),Raspberry Pi 4B 4GB,nmon,1
18:01:33.000,0.0,0.0,0.0,1,0,61.9,0.0,0.0,0.0,0.0,0.0,-0.0,-0.0,-0.0,0.0,0.0,0.0,0.0,0.0,0.0,0.0,0.0,0.0,0.0,0.0,0.0,8.0,0.0,8.0,8.0,0.0,8.0,1.0,0.0,1.0,0.0,0.2,7.7,28.0,545.0,0.0,27.34209970426701,4.457118715673849,1.1089987325728772,21.752217997465145,18.985002112378538,Recovery,Denial of Service,MHDDoS (TCP),Raspberry Pi 4B 4GB,nmon,1
18:01:34.000,0.0,0.0,0.0,1,0,35.9,0.0,0.0,0.0,0.0,0.0,-0.0,-0.0,-0.0,0.0,0.0,0.0,0.0,0.0,0.0,0.0,0.0,0.0,0.0,0.0,0.0,0.0,0.0,0.0,0.0,0.0,0.0,0.0,0.0,0.0,0.0,0.2,7.7,28.0,546.0,0.0,27.34209970426701,4.457118715673849,1.1089987325728772,21.752217997465145,18.985002112378538,Recovery,Denial of Service,MHDDoS (TCP),Raspberry Pi 4B 4GB,nmon,1
18:01:35.000,0.0,0.0,0.0,1,0,31.9,0.0,0.0,0.0,0.0,0.0,-0.0,-0.0,-0.0,0.0,0.0,0.0,0.0,0.0,0.0,1.0,0.0,1.0,0.0,0.0,0.0,0.0,0.0,0.0,0.0,0.0,0.0,0.0,0.0,0.0,0.0,0.2,7.7,28.0,547.0,0.0,27.34209970426701,4.457118715673849,1.1089987325728772,21.752217997465145,18.985002112378538,Recovery,Denial of Service,MHDDoS (TCP),Raspberry Pi 4B 4GB,nmon,1
18:01:36.000,0.0,0.2,0.2,1,0,51.8,0.0,0.0,0.0,0.0,0.0,-0.0,-0.0,-0.0,0.0,0.0,0.0,0.0,0.0,0.0,0.0,0.0,0.0,0.0,0.0,0.0,23.9,0.0,23.9,12.0,0.0,12.0,2.0,0.0,2.0,0.0,0.2,7.7,28.0,548.0,0.5,27.34209970426701,4.457118715673849,1.1089987325728772,21.752217997465145,18.985002112378538,Recovery,Denial of Service,MHDDoS (TCP),Raspberry Pi 4B 4GB,nmon,1
18:01:37.000,0.0,0.0,0.0,1,0,42.9,0.0,0.0,0.0,0.0,0.0,-0.0,-0.0,-0.0,0.0,0.0,0.0,0.0,0.0,0.0,0.0,0.0,0.0,0.0,0.0,0.0,0.0,0.0,0.0,0.0,0.0,0.0,0.0,0.0,0.0,0.0,0.2,7.7,28.0,549.0,0.0,27.34209970426701,4.457118715673849,1.1089987325728772,21.752217997465145,18.985002112378538,Recovery,Denial of Service,MHDDoS (TCP),Raspberry Pi 4B 4GB,nmon,1
18:01:38.000,0.0,0.0,0.0,1,0,31.9,0.0,0.0,0.0,0.0,0.0,-0.0,-0.0,-0.0,0.0,0.0,0.0,0.0,0.0,0.0,0.0,0.0,0.0,0.0,0.0,0.0,0.0,0.0,0.0,0.0,0.0,0.0,0.0,0.0,0.0,0.0,0.2,7.7,28.0,550.0,0.0,27.34209970426701,4.457118715673849,1.1089987325728772,21.752217997465145,18.985002112378538,Recovery,Denial of Service,MHDDoS (TCP),Raspberry Pi 4B 4GB,nmon,1
18:01:39.000,0.0,0.0,0.0,1,0,43.9,0.0,0.0,0.0,0.0,0.0,-0.0,-0.0,-0.0,0.0,0.0,0.0,0.0,0.0,0.0,0.0,0.0,0.0,0.0,0.0,0.0,8.0,0.0,8.0,8.0,0.0,8.0,1.0,0.0,1.0,0.0,0.2,7.7,28.0,551.0,0.0,27.34209970426701,4.457118715673849,1.1089987325728772,21.752217997465145,18.985002112378538,Recovery,Denial of Service,MHDDoS (TCP),Raspberry Pi 4B 4GB,nmon,1
18:01:40.000,0.0,0.0,0.0,1,0,29.9,0.0,0.0,0.0,0.0,0.0,-0.0,-0.0,-0.0,0.0,0.0,0.0,0.0,0.0,0.0,1.0,0.0,1.0,0.0,0.0,0.0,0.0,0.0,0.0,0.0,0.0,0.0,0.0,0.0,0.0,0.0,0.2,7.7,28.0,552.0,0.0,27.34209970426701,4.457118715673849,1.1089987325728772,21.752217997465145,18.985002112378538,Recovery,Denial of Service,MHDDoS (TCP),Raspberry Pi 4B 4GB,nmon,1
18:01:41.000,0.0,0.2,0.0,1,0,83.7,0.0,0.0,0.0,0.0,0.0,-0.0,-0.0,-0.0,0.0,0.0,0.0,0.0,0.0,0.0,0.0,0.0,0.0,0.0,0.0,0.0,39.9,0.0,39.9,6.7,0.0,6.7,6.0,0.0,6.0,0.0,0.2,7.7,28.0,553.0,0.20000000000000284,27.34209970426701,4.457118715673849,1.1089987325728772,21.752217997465145,18.985002112378538,Recovery,Denial of Service,MHDDoS (TCP),Raspberry Pi 4B 4GB,nmon,1
18:01:42.000,0.0,0.0,0.0,1,0,35.9,0.0,0.0,0.0,0.0,0.0,-0.0,-0.0,-0.0,0.0,0.0,0.0,0.0,0.0,0.0,0.0,0.0,0.0,0.0,0.0,0.0,0.0,0.0,0.0,0.0,0.0,0.0,0.0,0.0,0.0,0.0,0.2,7.7,28.0,554.0,0.0,27.34209970426701,4.457118715673849,1.1089987325728772,21.752217997465145,18.985002112378538,Recovery,Denial of Service,MHDDoS (TCP),Raspberry Pi 4B 4GB,nmon,1
18:01:43.000,0.0,0.0,0.0,1,0,40.9,0.0,0.0,0.0,0.0,0.0,-0.0,-0.0,-0.0,0.0,0.0,0.0,0.0,0.0,0.0,0.0,0.0,0.0,0.0,0.0,0.0,0.0,0.0,0.0,0.0,0.0,0.0,0.0,0.0,0.0,0.0,0.2,7.7,28.0,555.0,0.0,27.34209970426701,4.457118715673849,1.1089987325728772,21.752217997465145,18.985002112378538,Recovery,Denial of Service,MHDDoS (TCP),Raspberry Pi 4B 4GB,nmon,1
18:01:44.000,0.0,0.2,0.0,1,0,30.9,0.0,0.0,0.0,0.0,0.0,-0.0,-0.0,-0.0,0.0,0.0,0.0,0.0,0.0,0.0,0.0,0.0,0.0,0.0,0.0,0.0,0.0,0.0,0.0,0.0,0.0,0.0,0.0,0.0,0.0,0.0,0.2,7.7,28.0,556.0,0.20000000000000284,27.34209970426701,4.457118715673849,1.1089987325728772,21.752217997465145,18.985002112378538,Recovery,Denial of Service,MHDDoS (TCP),Raspberry Pi 4B 4GB,nmon,1
18:01:45.000,0.0,0.0,0.0,1,0,49.9,0.0,0.0,0.0,0.0,0.0,-0.0,-0.0,-0.0,0.0,0.0,0.0,0.0,0.0,0.0,0.0,0.0,0.0,0.0,0.0,0.0,8.0,0.0,8.0,8.0,0.0,8.0,1.0,0.0,1.0,0.0,0.2,7.7,28.0,557.0,0.0,27.34209970426701,4.457118715673849,1.1089987325728772,21.752217997465145,18.985002112378538,Recovery,Denial of Service,MHDDoS (TCP),Raspberry Pi 4B 4GB,nmon,1
18:01:46.000,0.0,0.0,0.0,1,0,47.9,0.0,0.0,0.0,0.0,0.0,-0.0,-0.0,-0.0,0.0,0.0,0.0,0.0,0.0,0.0,0.0,0.0,0.0,0.0,0.0,0.0,23.9,0.0,23.9,12.0,0.0,12.0,2.0,0.0,2.0,0.0,0.2,7.7,28.0,558.0,0.0,27.34209970426701,4.457118715673849,1.1089987325728772,21.752217997465145,18.985002112378538,Recovery,Denial of Service,MHDDoS (TCP),Raspberry Pi 4B 4GB,nmon,1
18:01:47.000,0.0,0.0,0.0,1,0,36.9,0.0,0.0,0.0,0.0,0.0,-0.0,-0.0,-0.0,0.0,0.0,0.0,0.0,0.0,0.0,0.0,0.0,0.0,0.0,0.0,0.0,0.0,0.0,0.0,0.0,0.0,0.0,0.0,0.0,0.0,0.0,0.2,7.7,28.0,559.0,0.0,27.34209970426701,4.457118715673849,1.1089987325728772,21.752217997465145,18.985002112378538,Recovery,Denial of Service,MHDDoS (TCP),Raspberry Pi 4B 4GB,nmon,1
18:01:48.000,0.2,0.0,0.0,1,0,29.9,0.0,0.0,0.0,0.0,0.0,-0.0,-0.0,-0.0,0.0,0.0,0.0,0.0,0.0,0.0,0.0,0.0,0.0,0.0,0.0,0.0,0.0,0.0,0.0,0.0,0.0,0.0,0.0,0.0,0.0,0.0,0.2,7.7,28.0,560.0,0.20000000000000284,27.34209970426701,4.457118715673849,1.1089987325728772,21.752217997465145,18.985002112378538,Recovery,Denial of Service,MHDDoS (TCP),Raspberry Pi 4B 4GB,nmon,1
18:01:49.000,0.0,0.0,0.0,1,0,24.0,0.0,0.0,0.0,0.0,0.0,-0.0,-0.0,-0.0,0.0,0.0,0.0,0.0,0.0,0.0,0.0,0.0,0.0,0.0,0.0,0.0,0.0,0.0,0.0,0.0,0.0,0.0,0.0,0.0,0.0,0.0,0.2,7.7,28.0,561.0,0.0,27.34209970426701,4.457118715673849,1.1089987325728772,21.752217997465145,18.985002112378538,Recovery,Denial of Service,MHDDoS (TCP),Raspberry Pi 4B 4GB,nmon,1
18:01:50.000,0.0,0.0,0.0,1,0,32.9,0.0,0.0,0.0,0.0,0.0,-0.0,-0.0,-0.0,0.0,0.0,0.0,0.0,0.0,0.0,0.0,0.0,0.0,0.0,0.0,0.0,0.0,0.0,0.0,0.0,0.0,0.0,0.0,0.0,0.0,0.0,0.2,7.7,28.0,562.0,0.0,27.34209970426701,4.457118715673849,1.1089987325728772,21.752217997465145,18.985002112378538,Recovery,Denial of Service,MHDDoS (TCP),Raspberry Pi 4B 4GB,nmon,1
18:01:51.000,0.0,0.0,0.2,1,0,63.6,0.0,0.0,0.0,0.0,0.0,-0.0,-0.0,-0.0,0.0,0.0,0.0,0.0,0.0,0.0,1.0,0.0,1.0,0.0,0.0,0.0,11.9,0.0,11.9,6.0,0.0,6.0,2.0,0.0,2.0,0.0,0.2,7.7,28.0,563.0,0.20000000000000284,27.34209970426701,4.457118715673849,1.1089987325728772,21.752217997465145,18.985002112378538,Recovery,Denial of Service,MHDDoS (TCP),Raspberry Pi 4B 4GB,nmon,1
18:01:52.000,0.0,0.0,0.0,1,0,32.9,0.0,0.0,0.0,0.0,0.0,-0.0,-0.0,-0.0,0.0,0.0,0.0,0.0,0.0,0.0,0.0,0.0,0.0,0.0,0.0,0.0,0.0,0.0,0.0,0.0,0.0,0.0,0.0,0.0,0.0,0.0,0.2,7.7,28.0,564.0,0.0,27.34209970426701,4.457118715673849,1.1089987325728772,21.752217997465145,18.985002112378538,Recovery,Denial of Service,MHDDoS (TCP),Raspberry Pi 4B 4GB,nmon,1
18:01:53.000,0.0,0.0,0.0,1,0,47.9,0.0,0.0,0.0,0.0,0.0,-0.0,-0.0,-0.0,0.0,0.0,0.0,0.0,0.0,0.0,0.0,0.0,0.0,0.0,0.0,0.0,0.0,0.0,0.0,0.0,0.0,0.0,0.0,0.0,0.0,0.0,0.2,7.7,28.0,565.0,0.0,27.34209970426701,4.457118715673849,1.1089987325728772,21.752217997465145,18.985002112378538,Recovery,Denial of Service,MHDDoS (TCP),Raspberry Pi 4B 4GB,nmon,1
18:01:54.000,0.2,0.0,0.0,1,0,32.9,0.0,0.0,0.0,0.0,0.0,-0.0,-0.0,-0.0,0.0,0.0,0.0,0.0,0.0,0.0,0.0,0.0,0.0,0.0,0.0,0.0,0.0,0.0,0.0,0.0,0.0,0.0,0.0,0.0,0.0,0.0,0.2,7.7,28.0,566.0,0.20000000000000284,27.34209970426701,4.457118715673849,1.1089987325728772,21.752217997465145,18.985002112378538,Recovery,Denial of Service,MHDDoS (TCP),Raspberry Pi 4B 4GB,nmon,1
18:01:55.000,0.0,0.0,0.0,1,0,29.9,0.0,0.0,0.0,0.0,0.0,-0.0,-0.0,-0.0,0.0,0.0,0.0,0.0,0.0,0.0,0.0,0.0,0.0,0.0,0.0,0.0,0.0,0.0,0.0,0.0,0.0,0.0,0.0,0.0,0.0,0.0,0.2,7.7,28.0,567.0,0.0,27.34209970426701,4.457118715673849,1.1089987325728772,21.752217997465145,18.985002112378538,Recovery,Denial of Service,MHDDoS (TCP),Raspberry Pi 4B 4GB,nmon,1
18:01:56.000,0.0,0.2,0.2,1,0,55.8,0.0,0.0,0.0,0.0,0.0,-0.0,-0.0,-0.0,0.0,0.0,0.0,0.0,0.0,0.0,0.0,0.0,0.0,0.0,0.0,0.0,12.0,0.0,12.0,6.0,0.0,6.0,2.0,0.0,2.0,0.0,0.2,7.7,28.0,568.0,0.5,27.34209970426701,4.457118715673849,1.1089987325728772,21.752217997465145,18.985002112378538,Recovery,Denial of Service,MHDDoS (TCP),Raspberry Pi 4B 4GB,nmon,1
18:01:57.000,0.0,0.0,0.0,1,0,43.9,0.0,0.0,0.0,0.0,0.0,-0.0,-0.0,-0.0,0.0,0.0,0.0,0.0,0.0,0.0,0.0,0.0,0.0,0.0,0.0,0.0,0.0,0.0,0.0,0.0,0.0,0.0,0.0,0.0,0.0,0.0,0.2,7.7,28.0,569.0,0.0,27.34209970426701,4.457118715673849,1.1089987325728772,21.752217997465145,18.985002112378538,Recovery,Denial of Service,MHDDoS (TCP),Raspberry Pi 4B 4GB,nmon,1
18:01:58.000,0.0,0.0,0.0,1,0,34.9,0.0,0.0,0.0,0.0,0.0,-0.0,-0.0,-0.0,0.0,0.0,0.0,0.0,0.0,0.0,0.0,0.0,0.0,0.0,0.0,0.0,0.0,0.0,0.0,0.0,0.0,0.0,0.0,0.0,0.0,0.0,0.2,7.7,28.0,570.0,0.0,27.34209970426701,4.457118715673849,1.1089987325728772,21.752217997465145,18.985002112378538,Recovery,Denial of Service,MHDDoS (TCP),Raspberry Pi 4B 4GB,nmon,1
18:01:59.000,0.0,0.2,0.0,1,0,37.9,0.0,0.0,0.0,0.0,0.0,-0.0,-0.0,-0.0,0.0,0.0,0.0,0.0,0.0,0.0,0.0,0.0,0.0,0.0,0.0,0.0,0.0,0.0,0.0,0.0,0.0,0.0,0.0,0.0,0.0,0.0,0.2,7.7,28.0,571.0,0.20000000000000284,27.34209970426701,4.457118715673849,1.1089987325728772,21.752217997465145,18.985002112378538,Recovery,Denial of Service,MHDDoS (TCP),Raspberry Pi 4B 4GB,nmon,1
18:02:00.000,0.0,0.0,0.0,1,0,34.9,0.0,0.0,0.0,0.0,0.0,-0.0,-0.0,-0.0,0.0,0.0,0.0,0.0,0.0,0.0,1.0,0.0,1.0,0.0,0.0,0.0,0.0,0.0,0.0,0.0,0.0,0.0,0.0,0.0,0.0,0.0,0.2,7.7,28.0,572.0,0.0,27.34209970426701,4.457118715673849,1.1089987325728772,21.752217997465145,18.985002112378538,Recovery,Denial of Service,MHDDoS (TCP),Raspberry Pi 4B 4GB,nmon,1
18:02:01.000,0.0,0.0,0.0,1,0,77.7,0.0,0.0,0.0,0.0,0.0,-0.0,-0.0,-0.0,0.0,0.0,0.0,0.0,0.0,0.0,0.0,0.0,0.0,0.0,0.0,0.0,12.0,0.0,12.0,6.0,0.0,6.0,2.0,0.0,2.0,0.0,0.2,7.7,28.0,573.0,0.0,27.34209970426701,4.457118715673849,1.1116392057456697,21.752217997465145,18.985002112378538,Recovery,Denial of Service,MHDDoS (TCP),Raspberry Pi 4B 4GB,nmon,1
18:02:02.000,0.0,0.0,0.0,1,0,32.9,0.0,0.0,0.0,0.0,0.0,-0.0,-0.0,-0.0,0.0,0.0,0.0,0.0,0.0,0.0,0.0,0.0,0.0,0.0,0.0,0.0,0.0,0.0,0.0,0.0,0.0,0.0,0.0,0.0,0.0,0.0,0.2,7.7,28.0,574.0,0.0,27.34209970426701,4.457118715673849,1.1116392057456697,21.752217997465145,18.985002112378538,Recovery,Denial of Service,MHDDoS (TCP),Raspberry Pi 4B 4GB,nmon,1
18:02:03.000,0.0,0.0,0.0,1,0,37.9,0.0,0.0,0.0,0.0,0.0,-0.0,-0.0,-0.0,0.0,0.0,0.0,0.0,0.0,0.0,0.0,0.0,0.0,0.0,0.0,0.0,0.0,0.0,0.0,0.0,0.0,0.0,0.0,0.0,0.0,0.0,0.2,7.7,28.0,575.0,0.0,27.34209970426701,4.4597591888466415,1.1116392057456697,21.752217997465145,18.985002112378538,Recovery,Denial of Service,MHDDoS (TCP),Raspberry Pi 4B 4GB,nmon,1
18:02:04.000,0.0,0.0,0.0,1,0,36.9,0.0,0.0,0.0,0.0,0.0,-0.0,-0.0,-0.0,0.0,0.0,0.0,0.0,0.0,0.0,0.0,0.0,0.0,0.0,0.0,0.0,0.0,0.0,0.0,0.0,0.0,0.0,0.0,0.0,0.0,0.0,0.2,7.7,28.0,576.0,0.0,27.34209970426701,4.4597591888466415,1.1116392057456697,21.752217997465145,18.985002112378538,Recovery,Denial of Service,MHDDoS (TCP),Raspberry Pi 4B 4GB,nmon,1
18:02:05.000,0.0,0.0,0.0,1,0,35.9,0.0,0.0,0.0,0.0,0.0,-0.0,-0.0,-0.0,0.0,0.0,0.0,0.0,0.0,0.0,0.0,0.0,0.0,0.0,0.0,0.0,0.0,0.0,0.0,0.0,0.0,0.0,0.0,0.0,0.0,0.0,0.2,7.7,28.0,577.0,0.0,27.34209970426701,4.4597591888466415,1.1116392057456697,21.752217997465145,18.985002112378538,Recovery,Denial of Service,MHDDoS (TCP),Raspberry Pi 4B 4GB,nmon,1
18:02:06.000,0.0,0.2,0.2,1,0,55.8,0.0,0.0,0.0,0.0,0.0,-0.0,-0.0,-0.0,0.0,0.0,0.0,0.0,0.0,0.0,0.0,0.0,0.0,0.0,0.0,0.0,12.0,0.0,12.0,6.0,0.0,6.0,2.0,0.0,2.0,0.0,0.2,7.7,28.0,578.0,0.5,27.34209970426701,4.4597591888466415,1.1116392057456697,21.752217997465145,18.985002112378538,Recovery,Denial of Service,MHDDoS (TCP),Raspberry Pi 4B 4GB,nmon,1
18:02:07.000,0.0,0.0,0.0,1,0,24.0,0.0,0.0,0.0,0.0,0.0,-0.0,-0.0,-0.0,0.0,0.0,0.0,0.0,0.0,0.0,0.0,0.0,0.0,0.0,0.0,0.0,0.0,0.0,0.0,0.0,0.0,0.0,0.0,0.0,0.0,0.0,0.2,7.7,28.0,579.0,0.0,27.34209970426701,4.4597591888466415,1.1116392057456697,21.752217997465145,18.985002112378538,Recovery,Denial of Service,MHDDoS (TCP),Raspberry Pi 4B 4GB,nmon,1
18:02:08.000,0.0,0.0,0.0,1,0,31.9,0.0,0.0,0.0,0.0,0.0,-0.0,-0.0,-0.0,0.0,0.0,0.0,0.0,0.0,0.0,0.0,0.0,0.0,0.0,0.0,0.0,0.0,0.0,0.0,0.0,0.0,0.0,0.0,0.0,0.0,0.0,0.2,7.7,28.0,580.0,0.0,27.34209970426701,4.4597591888466415,1.1116392057456697,21.752217997465145,18.985002112378538,Recovery,Denial of Service,MHDDoS (TCP),Raspberry Pi 4B 4GB,nmon,1
18:02:09.000,0.0,0.0,0.0,1,0,35.9,0.0,0.0,0.0,0.0,0.0,-0.0,-0.0,-0.0,0.0,0.0,0.0,0.0,0.0,0.0,0.0,0.0,0.0,0.0,0.0,0.0,0.0,0.0,0.0,0.0,0.0,0.0,0.0,0.0,0.0,0.0,0.2,7.7,28.0,581.0,0.0,27.34209970426701,4.4597591888466415,1.1116392057456697,21.752217997465145,18.985002112378538,Recovery,Denial of Service,MHDDoS (TCP),Raspberry Pi 4B 4GB,nmon,1
18:02:10.000,0.0,0.0,0.0,1,0,37.9,0.0,0.0,0.0,0.0,0.0,-0.0,-0.0,-0.0,0.0,0.0,0.0,0.0,0.0,0.0,0.0,0.0,0.0,0.0,0.0,0.0,0.0,0.0,0.0,0.0,0.0,0.0,0.0,0.0,0.0,0.0,0.2,7.7,28.0,582.0,0.0,27.34209970426701,4.4597591888466415,1.1116392057456697,21.752217997465145,18.985002112378538,Recovery,Denial of Service,MHDDoS (TCP),Raspberry Pi 4B 4GB,nmon,1
18:02:11.000,0.0,0.0,0.0,1,0,49.8,0.0,0.0,0.0,0.0,0.0,-0.0,-0.0,-0.0,0.0,0.0,0.0,0.0,0.0,0.0,0.0,0.0,0.0,0.0,0.0,0.0,12.0,0.0,12.0,6.0,0.0,6.0,2.0,0.0,2.0,0.0,0.2,7.7,28.0,583.0,0.0,27.34209970426701,4.4597591888466415,1.1116392057456697,21.752217997465145,18.985002112378538,Recovery,Denial of Service,MHDDoS (TCP),Raspberry Pi 4B 4GB,nmon,1
18:02:12.000,0.0,0.0,0.0,1,0,30.9,0.0,0.0,0.0,0.0,0.0,-0.0,-0.0,-0.0,0.0,0.0,0.0,0.0,0.0,0.0,0.0,0.0,0.0,0.0,0.0,0.0,0.0,0.0,0.0,0.0,0.0,0.0,0.0,0.0,0.0,0.0,0.2,7.7,28.0,584.0,0.0,27.34209970426701,4.4597591888466415,1.1116392057456697,21.752217997465145,18.985002112378538,Recovery,Denial of Service,MHDDoS (TCP),Raspberry Pi 4B 4GB,nmon,1
18:02:13.000,0.2,0.0,0.0,1,0,47.9,0.0,0.0,0.0,0.0,0.0,-0.0,-0.0,-0.0,0.0,0.0,0.0,0.0,0.0,0.0,0.0,0.0,0.0,0.0,0.0,0.0,0.0,0.0,0.0,0.0,0.0,0.0,0.0,0.0,0.0,0.0,0.2,7.7,28.0,585.0,0.20000000000000284,27.34209970426701,4.4597591888466415,1.1116392057456697,21.752217997465145,18.985002112378538,Recovery,Denial of Service,MHDDoS (TCP),Raspberry Pi 4B 4GB,nmon,1
18:02:14.000,0.0,0.0,0.0,1,0,31.9,0.0,0.0,0.0,0.0,0.0,-0.0,-0.0,-0.0,0.0,0.0,0.0,0.0,0.0,0.0,0.0,0.0,0.0,0.0,0.0,0.0,0.0,0.0,0.0,0.0,0.0,0.0,0.0,0.0,0.0,0.0,0.2,7.7,28.0,586.0,0.0,27.34209970426701,4.4597591888466415,1.1116392057456697,21.752217997465145,18.985002112378538,Recovery,Denial of Service,MHDDoS (TCP),Raspberry Pi 4B 4GB,nmon,1
18:02:15.000,0.0,0.0,0.0,1,0,30.9,0.0,0.0,0.0,0.0,0.0,-0.0,-0.0,-0.0,0.0,0.0,0.0,0.0,0.0,0.0,0.0,0.0,0.0,0.0,0.0,0.0,0.0,0.0,0.0,0.0,0.0,0.0,0.0,0.0,0.0,0.0,0.2,7.7,28.0,587.0,0.0,27.34209970426701,4.4597591888466415,1.1116392057456697,21.752217997465145,18.985002112378538,Recovery,Denial of Service,MHDDoS (TCP),Raspberry Pi 4B 4GB,nmon,1
18:02:16.000,0.0,0.0,0.2,1,0,93.7,0.0,0.0,0.0,0.0,0.0,-0.0,-0.0,-0.0,0.0,0.0,0.0,0.0,0.0,0.0,1.0,0.0,1.0,0.0,0.0,0.0,51.8,0.0,51.8,8.7,0.0,8.7,6.0,0.0,6.0,0.0,0.2,7.7,28.0,588.0,0.20000000000000284,27.34209970426701,4.4597591888466415,1.1116392057456697,21.752217997465145,18.985002112378538,Recovery,Denial of Service,MHDDoS (TCP),Raspberry Pi 4B 4GB,nmon,1
18:02:17.000,0.0,0.0,0.0,1,0,39.9,0.0,0.0,0.0,0.0,0.0,-0.0,-0.0,-0.0,0.0,0.0,0.0,0.0,0.0,0.0,0.0,0.0,0.0,0.0,0.0,0.0,0.0,0.0,0.0,0.0,0.0,0.0,0.0,0.0,0.0,0.0,0.2,7.7,28.0,589.0,0.0,27.34209970426701,4.4597591888466415,1.1116392057456697,21.752217997465145,18.985002112378538,Recovery,Denial of Service,MHDDoS (TCP),Raspberry Pi 4B 4GB,nmon,1
18:02:18.000,0.0,0.2,0.0,1,0,38.9,0.0,0.0,0.0,0.0,0.0,-0.0,-0.0,-0.0,0.0,0.0,0.0,0.0,0.0,0.0,0.0,0.0,0.0,0.0,0.0,0.0,0.0,0.0,0.0,0.0,0.0,0.0,0.0,0.0,0.0,0.0,0.2,7.7,28.0,590.0,0.20000000000000284,27.34209970426701,4.4597591888466415,1.1116392057456697,21.752217997465145,18.985002112378538,Recovery,Denial of Service,MHDDoS (TCP),Raspberry Pi 4B 4GB,nmon,1
18:02:19.000,0.0,0.0,0.0,1,0,33.9,0.0,0.0,0.0,0.0,0.0,-0.0,-0.0,-0.0,0.0,0.0,0.0,0.0,0.0,0.0,0.0,0.0,0.0,0.0,0.0,0.0,0.0,0.0,0.0,0.0,0.0,0.0,0.0,0.0,0.0,0.0,0.2,7.7,28.0,591.0,0.0,27.34209970426701,4.4597591888466415,1.1116392057456697,21.752217997465145,18.985002112378538,Recovery,Denial of Service,MHDDoS (TCP),Raspberry Pi 4B 4GB,nmon,1
18:02:20.000,0.0,0.0,0.0,1,0,31.9,0.0,0.0,0.0,0.0,0.0,-0.0,-0.0,-0.0,0.0,0.0,0.0,0.0,0.0,0.0,0.0,0.0,0.0,0.0,0.0,0.0,0.0,0.0,0.0,0.0,0.0,0.0,0.0,0.0,0.0,0.0,0.2,7.7,28.0,592.0,0.0,27.34209970426701,4.4597591888466415,1.1116392057456697,21.752217997465145,18.985002112378538,Recovery,Denial of Service,MHDDoS (TCP),Raspberry Pi 4B 4GB,nmon,1
18:02:21.000,0.0,0.0,0.2,1,0,57.7,0.0,0.0,0.0,0.0,0.0,-0.0,-0.0,-0.0,0.0,0.0,0.0,0.0,0.0,0.0,1.0,0.0,1.0,0.0,0.0,0.0,23.9,0.0,23.9,12.0,0.0,12.0,2.0,0.0,2.0,0.0,0.2,7.7,28.0,593.0,0.20000000000000284,27.34209970426701,4.4597591888466415,1.1116392057456697,21.752217997465145,18.985002112378538,Recovery,Denial of Service,MHDDoS (TCP),Raspberry Pi 4B 4GB,nmon,1
18:02:22.000,0.0,0.0,0.0,1,0,45.9,0.0,0.0,0.0,0.0,0.0,-0.0,-0.0,-0.0,0.0,0.0,0.0,0.0,0.0,0.0,0.0,0.0,0.0,0.0,0.0,0.0,8.0,0.0,8.0,8.0,0.0,8.0,1.0,0.0,1.0,0.0,0.2,7.7,28.0,594.0,0.0,27.34209970426701,4.4597591888466415,1.1116392057456697,21.752217997465145,18.985002112378538,Recovery,Denial of Service,MHDDoS (TCP),Raspberry Pi 4B 4GB,nmon,1
18:02:23.000,0.0,0.0,0.0,1,0,32.9,0.0,0.0,0.0,0.0,0.0,-0.0,-0.0,-0.0,0.0,0.0,0.0,0.0,0.0,0.0,0.0,0.0,0.0,0.0,0.0,0.0,0.0,0.0,0.0,0.0,0.0,0.0,0.0,0.0,0.0,0.0,0.2,7.7,28.0,595.0,0.0,27.34209970426701,4.4597591888466415,1.1116392057456697,21.752217997465145,18.985002112378538,Recovery,Denial of Service,MHDDoS (TCP),Raspberry Pi 4B 4GB,nmon,1
18:02:24.000,0.2,0.0,0.0,1,0,44.9,0.0,0.0,0.0,0.0,0.0,-0.0,-0.0,-0.0,0.0,0.0,0.0,0.0,0.0,0.0,0.0,0.0,0.0,0.0,0.0,0.0,0.0,0.0,0.0,0.0,0.0,0.0,0.0,0.0,0.0,0.0,0.2,7.7,28.0,596.0,0.20000000000000284,27.34209970426701,4.4597591888466415,1.1116392057456697,21.752217997465145,18.985002112378538,Recovery,Denial of Service,MHDDoS (TCP),Raspberry Pi 4B 4GB,nmon,1
18:02:25.000,0.0,0.0,0.0,1,0,37.9,0.0,0.0,0.0,0.0,0.0,-0.0,-0.0,-0.0,0.0,0.0,0.0,0.0,0.0,0.0,0.0,0.0,0.0,0.0,0.0,0.0,0.0,0.0,0.0,0.0,0.0,0.0,0.0,0.0,0.0,0.0,0.2,7.7,28.0,597.0,0.0,27.34209970426701,4.4597591888466415,1.1116392057456697,21.752217997465145,18.985002112378538,Recovery,Denial of Service,MHDDoS (TCP),Raspberry Pi 4B 4GB,nmon,1
18:02:26.000,0.0,0.2,0.0,1,0,57.8,0.0,0.0,0.0,0.0,0.0,-0.0,-0.0,-0.0,0.0,0.0,0.0,0.0,0.0,0.0,0.0,0.0,0.0,0.0,0.0,0.0,23.9,0.0,23.9,12.0,0.0,12.0,2.0,0.0,2.0,0.0,0.2,7.7,28.0,598.0,0.20000000000000284,27.34209970426701,4.4597591888466415,1.1116392057456697,21.752217997465145,18.985002112378538,Recovery,Denial of Service,MHDDoS (TCP),Raspberry Pi 4B 4GB,nmon,1
18:02:27.000,0.0,0.0,0.0,1,0,33.9,0.0,0.0,0.0,0.0,0.0,-0.0,-0.0,-0.0,0.0,0.0,0.0,0.0,0.0,0.0,0.0,0.0,0.0,0.0,0.0,0.0,4.0,0.0,4.0,4.0,0.0,4.0,1.0,0.0,1.0,0.0,0.2,7.7,28.0,599.0,0.0,27.34209970426701,4.4597591888466415,1.1116392057456697,21.752217997465145,18.985002112378538,Recovery,Denial of Service,MHDDoS (TCP),Raspberry Pi 4B 4GB,nmon,1
18:02:28.000,0.0,0.0,0.0,1,0,39.9,0.0,0.0,0.0,0.0,0.0,-0.0,-0.0,-0.0,0.0,0.0,0.0,0.0,0.0,0.0,0.0,0.0,0.0,0.0,0.0,0.0,0.0,0.0,0.0,0.0,0.0,0.0,0.0,0.0,0.0,0.0,0.2,7.7,28.0,600.0,0.0,27.34209970426701,4.4597591888466415,1.1116392057456697,21.752217997465145,18.985002112378538,Recovery,Denial of Service,MHDDoS (TCP),Raspberry Pi 4B 4GB,nmon,1
18:02:29.000,0.0,0.0,0.0,1,0,41.9,0.0,0.0,0.0,0.0,0.0,-0.0,-0.0,-0.0,0.0,0.0,0.0,0.0,0.0,0.0,0.0,0.0,0.0,0.0,0.0,0.0,0.0,0.0,0.0,0.0,0.0,0.0,0.0,0.0,0.0,0.0,0.2,7.7,28.0,601.0,0.0,27.34209970426701,4.4597591888466415,1.1116392057456697,21.752217997465145,18.985002112378538,Recovery,Denial of Service,MHDDoS (TCP),Raspberry Pi 4B 4GB,nmon,1
