Timestamp,CPU Usage User (%),CPU Usage System (%),CPU Usage Wait (%),CPU Usage Idle (%),Memory Total (Mo),Memory Free (Mo),Memory Cached (Mo),Memory Active (Mo),Memory Buffers (Mo),Memory Inactive (Mo),Swap Total (Mo),Swap Free (Mo),Processes Runnable,Processes Blocked,Process Switches,Process Forks,Process Execs,Network lo Received (Ko/s),Network eth0 Received (Ko/s),Network wlan0 Received (Ko/s),Network lo Sent (Ko/s),Network eth0 Sent (Ko/s),Network wlan0 Sent (Ko/s),Network Packet lo Received,Network Packet eth0 Received,Network Packet wlan0 Received,Network Packet lo Sent,Network Packet eth0 Sent,Network Packet wlan0 Sent,Disk mmcblk0 Usage (%),Disk mmcblk0p1 Usage (%),Disk mmcblk0p2 Usage (%),Disk mmcblk0 Read (Ko/s),Disk mmcblk0p1 Read (Ko/s),Disk mmcblk0p2 Read (Ko/s),Disk mmcblk0 Write (Ko/s),Disk mmcblk0p1 Write (Ko/s),Disk mmcblk0p2 Write (Ko/s),Disk mmcblk0 Block Size (Ko),Disk mmcblk0p1 Block Size (Ko),Disk mmcblk0p2 Block Size (Ko),Disk mmcblk0 Transfers,Disk mmcblk0p1 Transfers,Disk mmcblk0p2 Transfers,JFS dev Usage (%),JFS run Usage (%),JFS Usage (%),JFS boot/firmware Usage (%)
14:34:44.000,0.7,3.1,0.0,96.3,3787.2,3552.1,90.2,51.8,13.1,74.2,0.0,0.0,1,0,0.0,0.0,0.0,0.0,0.0,0.0,-0.0,-0.0,-0.0,0.0,0.0,0.0,0.0,0.0,0.0,0.0,0.0,0.0,0.0,0.0,0.0,0.0,0.0,0.0,0.0,0.0,0.0,0.0,0.0,0.0,0.0,0.2,8.5,28.0
14:34:45.000,0.0,0.0,0.0,100.0,3787.2,3552.1,90.2,51.8,13.1,74.2,0.0,0.0,1,0,76.8,2.0,0.0,0.0,0.0,0.0,-0.0,-0.0,-0.0,0.0,0.0,0.0,0.0,0.0,0.0,0.0,0.0,0.0,0.0,0.0,0.0,0.0,0.0,0.0,0.0,0.0,0.0,0.0,0.0,0.0,0.0,0.2,8.5,28.0
14:34:46.000,0.2,0.2,0.0,99.5,3787.2,3551.8,90.2,51.8,13.1,74.3,0.0,0.0,1,0,89.8,2.0,0.0,0.0,0.0,0.0,-0.0,-0.0,-0.0,0.0,0.0,0.0,0.0,0.0,0.0,0.0,0.0,0.0,0.0,0.0,0.0,0.0,0.0,0.0,0.0,0.0,0.0,0.0,0.0,0.0,0.0,0.2,8.5,28.0
14:34:47.000,0.0,0.2,0.0,99.8,3787.2,3551.6,90.2,51.8,13.1,74.3,0.0,0.0,1,0,82.8,2.0,0.0,0.0,0.0,0.0,-0.0,-0.0,-0.0,0.0,0.0,0.0,0.0,0.0,0.0,0.0,0.0,0.0,0.0,0.0,0.0,0.0,0.0,0.0,0.0,0.0,0.0,0.0,0.0,0.0,0.0,0.2,8.5,28.0
14:34:48.000,0.0,0.2,0.2,99.5,3787.2,3551.8,90.2,51.8,13.1,74.2,0.0,0.0,1,0,119.7,2.0,0.0,0.0,0.0,0.0,-0.0,-0.0,-0.0,0.0,0.0,0.0,0.0,0.0,0.0,0.0,0.0,0.0,0.0,0.0,0.0,31.9,0.0,31.9,16.0,0.0,16.0,2.0,0.0,2.0,0.0,0.2,8.5,28.0
14:34:49.000,0.0,0.2,0.0,99.8,3787.2,3551.8,90.2,51.8,13.1,74.2,0.0,0.0,1,0,79.8,2.0,0.0,0.0,0.0,0.0,-0.0,-0.0,-0.0,0.0,0.0,0.0,0.0,0.0,0.0,0.0,0.0,0.0,0.0,0.0,0.0,0.0,0.0,0.0,0.0,0.0,0.0,0.0,0.0,0.0,0.0,0.2,8.5,28.0
14:34:50.000,0.0,0.0,0.0,100.0,3787.2,3551.7,90.2,51.8,13.1,74.1,0.0,0.0,1,0,83.8,2.0,0.0,0.0,0.0,0.0,-0.0,-0.0,-0.0,0.0,0.0,0.0,0.0,0.0,0.0,0.0,0.0,0.0,0.0,0.0,0.0,0.0,0.0,0.0,0.0,0.0,0.0,0.0,0.0,0.0,0.0,0.2,8.5,28.0
14:34:51.000,0.2,0.2,0.0,99.5,3787.2,3551.7,90.2,51.8,13.1,74.1,0.0,0.0,1,0,78.8,2.0,0.0,0.0,0.0,0.0,-0.0,-0.0,-0.0,0.0,0.0,0.0,0.0,0.0,0.0,0.0,0.0,0.0,0.0,0.0,0.0,0.0,0.0,0.0,0.0,0.0,0.0,0.0,0.0,0.0,0.0,0.2,8.5,28.0
14:34:52.000,0.0,0.2,0.0,99.8,3787.2,3552.1,90.2,51.8,13.1,74.2,0.0,0.0,1,0,99.7,2.0,0.0,0.0,0.0,0.0,-0.0,-0.0,-0.0,0.0,0.0,0.0,0.0,0.0,0.0,0.0,0.0,0.0,0.0,0.0,0.0,0.0,0.0,0.0,0.0,0.0,0.0,0.0,0.0,0.0,0.0,0.2,8.5,28.0
14:34:53.000,0.0,0.2,0.0,99.8,3787.2,3551.8,90.2,51.8,13.1,74.2,0.0,0.0,1,0,79.8,2.0,0.0,0.0,0.0,0.0,-0.0,-0.0,-0.0,0.0,0.0,0.0,0.0,0.0,0.0,1.0,0.0,1.0,0.0,0.0,0.0,0.0,0.0,0.0,0.0,0.0,0.0,0.0,0.0,0.0,0.0,0.2,8.5,28.0
14:34:54.000,0.0,0.2,0.0,99.8,3787.2,3551.6,90.2,51.8,13.1,74.2,0.0,0.0,1,0,142.5,2.0,0.0,0.0,0.0,0.0,-0.0,-0.0,-0.0,0.0,0.0,0.0,0.0,0.0,0.0,0.0,0.0,0.0,0.0,0.0,0.0,35.9,0.0,35.9,5.1,0.0,5.1,7.0,0.0,7.0,0.0,0.2,8.5,28.0
14:34:55.000,0.0,0.2,0.0,99.8,3787.2,3551.8,90.2,51.8,13.1,74.2,0.0,0.0,1,0,127.7,2.0,0.0,0.0,0.0,0.1,-0.0,-0.0,-0.0,0.0,0.0,1.0,0.0,0.0,0.0,0.0,0.0,0.0,0.0,0.0,0.0,0.0,0.0,0.0,0.0,0.0,0.0,0.0,0.0,0.0,0.0,0.2,8.5,28.0
14:34:56.000,0.0,0.2,0.0,99.8,3787.2,3551.6,90.2,51.8,13.1,74.3,0.0,0.0,1,0,92.8,2.0,0.0,0.0,0.0,0.0,-0.0,-0.0,-0.0,0.0,0.0,0.0,0.0,0.0,0.0,0.0,0.0,0.0,0.0,0.0,0.0,0.0,0.0,0.0,0.0,0.0,0.0,0.0,0.0,0.0,0.0,0.2,8.5,28.0
14:34:57.000,0.0,0.0,0.0,100.0,3787.2,3551.8,90.2,51.8,13.1,74.2,0.0,0.0,1,0,80.8,2.0,0.0,0.0,0.0,0.0,-0.0,-0.0,-0.0,0.0,0.0,0.0,0.0,0.0,0.0,0.0,0.0,0.0,0.0,0.0,0.0,0.0,0.0,0.0,0.0,0.0,0.0,0.0,0.0,0.0,0.0,0.2,8.5,28.0
14:34:58.000,0.0,0.2,0.0,99.8,3787.2,3551.6,90.2,51.8,13.1,74.3,0.0,0.0,1,0,76.8,2.0,0.0,0.0,0.0,0.0,-0.0,-0.0,-0.0,0.0,0.0,0.0,0.0,0.0,0.0,0.0,0.0,0.0,0.0,0.0,0.0,0.0,0.0,0.0,0.0,0.0,0.0,0.0,0.0,0.0,0.0,0.2,8.5,28.0
14:34:59.000,0.2,0.2,0.2,99.3,3787.2,3551.8,90.2,51.8,13.1,74.2,0.0,0.0,1,0,110.7,2.0,0.0,0.0,0.0,0.0,-0.0,-0.0,-0.0,0.0,0.0,0.0,0.0,0.0,0.0,1.0,0.0,1.0,0.0,0.0,0.0,16.0,0.0,16.0,8.0,0.0,8.0,2.0,0.0,2.0,0.0,0.2,8.5,28.0
14:35:00.000,0.2,0.0,0.0,99.8,3787.2,3551.6,90.2,51.8,13.1,74.1,0.0,0.0,1,0,100.8,2.0,0.0,0.0,0.0,0.0,-0.0,-0.0,-0.0,0.0,0.0,0.0,0.0,0.0,0.0,0.0,0.0,0.0,0.0,0.0,0.0,0.0,0.0,0.0,0.0,0.0,0.0,0.0,0.0,0.0,0.0,0.2,8.5,28.0
14:35:01.000,0.0,0.2,0.0,99.8,3787.2,3551.8,90.2,51.8,13.1,74.2,0.0,0.0,1,0,77.8,2.0,0.0,0.0,0.0,0.0,-0.0,-0.0,-0.0,0.0,0.0,0.0,0.0,0.0,0.0,0.0,0.0,0.0,0.0,0.0,0.0,0.0,0.0,0.0,0.0,0.0,0.0,0.0,0.0,0.0,0.0,0.2,8.5,28.0
14:35:02.000,0.0,0.2,0.0,99.8,3787.2,3551.9,90.2,51.8,13.1,74.2,0.0,0.0,1,0,88.8,2.0,0.0,0.0,0.0,0.0,-0.0,-0.0,-0.0,0.0,0.0,0.0,0.0,0.0,0.0,0.0,0.0,0.0,0.0,0.0,0.0,0.0,0.0,0.0,0.0,0.0,0.0,0.0,0.0,0.0,0.0,0.2,8.5,28.0
14:35:03.000,0.0,0.0,0.0,100.0,3787.2,3551.6,90.2,51.8,13.1,74.2,0.0,0.0,1,0,97.8,2.0,0.0,0.0,0.0,0.0,-0.0,-0.0,-0.0,0.0,0.0,0.0,0.0,0.0,0.0,0.0,0.0,0.0,0.0,0.0,0.0,0.0,0.0,0.0,0.0,0.0,0.0,0.0,0.0,0.0,0.0,0.2,8.5,28.0
14:35:04.000,0.0,0.5,0.0,99.5,3787.2,3551.7,90.3,51.8,13.1,74.3,0.0,0.0,1,0,121.5,2.0,0.0,0.0,0.0,0.0,-0.0,-0.0,-0.0,0.0,0.0,0.0,0.0,0.0,0.0,1.0,0.0,1.0,0.0,0.0,0.0,27.9,0.0,27.9,7.0,0.0,7.0,4.0,0.0,4.0,0.0,0.2,8.5,28.0
14:35:05.000,0.2,0.0,0.0,99.8,3787.2,3551.5,90.3,51.8,13.1,74.1,0.0,0.0,1,0,94.8,2.0,0.0,0.0,0.0,0.0,-0.0,-0.0,-0.0,0.0,0.0,0.0,0.0,0.0,0.0,0.0,0.0,0.0,0.0,0.0,0.0,0.0,0.0,0.0,0.0,0.0,0.0,0.0,0.0,0.0,0.0,0.2,8.5,28.0
14:35:06.000,0.0,0.2,0.0,99.8,3787.2,3551.7,90.3,51.8,13.1,74.2,0.0,0.0,1,0,84.8,2.0,0.0,0.0,0.0,0.0,-0.0,-0.0,-0.0,0.0,0.0,0.0,0.0,0.0,0.0,0.0,0.0,0.0,0.0,0.0,0.0,0.0,0.0,0.0,0.0,0.0,0.0,0.0,0.0,0.0,0.0,0.2,8.5,28.0
14:35:07.000,0.0,0.2,0.0,99.8,3787.2,3551.5,90.3,51.8,13.1,74.3,0.0,0.0,1,0,90.8,2.0,0.0,0.0,0.0,0.0,-0.0,-0.0,-0.0,0.0,0.0,0.0,0.0,0.0,0.0,0.0,0.0,0.0,0.0,0.0,0.0,0.0,0.0,0.0,0.0,0.0,0.0,0.0,0.0,0.0,0.0,0.2,8.5,28.0
14:35:08.000,0.0,0.5,0.0,99.5,3787.2,3551.6,90.2,51.8,13.1,74.3,0.0,0.0,1,0,92.8,2.0,0.0,0.0,0.0,0.0,-0.0,-0.0,-0.0,0.0,0.0,0.0,0.0,0.0,0.0,0.0,0.0,0.0,0.0,0.0,0.0,0.0,0.0,0.0,0.0,0.0,0.0,0.0,0.0,0.0,0.0,0.2,8.5,28.0
14:35:09.000,0.0,0.0,0.2,99.8,3787.2,3551.5,90.3,51.8,13.1,74.2,0.0,0.0,1,0,100.8,2.0,0.0,0.0,0.0,0.0,-0.0,-0.0,-0.0,0.0,0.0,0.0,0.0,0.0,0.0,0.0,0.0,0.0,0.0,0.0,0.0,16.0,0.0,16.0,8.0,0.0,8.0,2.0,0.0,2.0,0.0,0.2,8.5,28.0
14:35:10.000,0.0,0.2,0.0,99.8,3787.2,3551.4,90.3,51.8,13.1,74.4,0.0,0.0,1,0,78.8,2.0,0.0,0.0,0.0,0.0,-0.0,-0.0,-0.0,0.0,0.0,0.0,0.0,0.0,0.0,0.0,0.0,0.0,0.0,0.0,0.0,0.0,0.0,0.0,0.0,0.0,0.0,0.0,0.0,0.0,0.0,0.2,8.5,28.0
14:35:11.000,0.0,0.2,0.0,99.8,3787.2,3551.4,90.3,51.8,13.1,74.1,0.0,0.0,1,0,74.9,2.0,0.0,0.0,0.0,0.0,-0.0,-0.0,-0.0,0.0,0.0,0.0,0.0,0.0,0.0,0.0,0.0,0.0,0.0,0.0,0.0,0.0,0.0,0.0,0.0,0.0,0.0,0.0,0.0,0.0,0.0,0.2,8.5,28.0
14:35:12.000,0.0,0.2,0.0,99.8,3787.2,3551.4,90.3,51.8,13.1,74.2,0.0,0.0,1,0,187.6,2.0,0.0,0.0,0.0,0.1,-0.0,-0.0,-0.1,0.0,0.0,2.0,0.0,0.0,1.0,0.0,0.0,0.0,0.0,0.0,0.0,0.0,0.0,0.0,0.0,0.0,0.0,0.0,0.0,0.0,0.0,0.2,8.5,28.0
14:35:13.000,0.2,0.0,0.0,99.8,3787.2,3551.6,90.2,51.8,13.1,74.2,0.0,0.0,1,0,137.8,3.0,0.0,0.0,0.0,0.0,-0.0,-0.0,-0.0,0.0,0.0,0.0,0.0,0.0,0.0,1.0,0.0,1.0,0.0,0.0,0.0,20.0,0.0,20.0,6.7,0.0,6.7,3.0,0.0,3.0,0.0,0.2,8.5,28.0
14:35:14.000,0.0,0.5,0.0,99.5,3787.2,3551.3,90.2,51.8,13.1,74.3,0.0,0.0,2,0,98.8,2.0,0.0,0.0,0.0,0.0,-0.0,-0.0,-0.0,0.0,0.0,0.0,0.0,0.0,0.0,0.0,0.0,0.0,0.0,0.0,0.0,47.9,0.0,47.9,48.0,0.0,48.0,1.0,0.0,1.0,0.0,0.2,8.5,28.0
14:35:15.000,0.0,0.0,0.0,100.0,3787.2,3551.6,90.3,51.8,13.1,74.2,0.0,0.0,2,0,85.8,0.0,0.0,0.0,0.0,0.0,-0.0,-0.0,-0.0,0.0,0.0,0.0,0.0,0.0,0.0,0.0,0.0,0.0,0.0,0.0,0.0,0.0,0.0,0.0,0.0,0.0,0.0,0.0,0.0,0.0,0.0,0.2,8.5,28.0
14:35:16.000,0.0,0.2,0.0,99.8,3787.2,3551.9,90.3,51.8,13.1,74.2,0.0,0.0,1,0,86.8,2.0,0.0,0.0,0.0,0.0,-0.0,-0.0,-0.0,0.0,0.0,0.0,0.0,0.0,0.0,0.0,0.0,0.0,0.0,0.0,0.0,0.0,0.0,0.0,0.0,0.0,0.0,0.0,0.0,0.0,0.0,0.2,8.5,28.0
14:35:17.000,0.0,0.0,0.0,100.0,3787.2,3551.4,90.3,51.8,13.1,74.2,0.0,0.0,1,0,90.8,2.0,0.0,0.0,0.0,0.0,-0.0,-0.0,-0.0,0.0,0.0,0.0,0.0,0.0,0.0,0.0,0.0,0.0,0.0,0.0,0.0,0.0,0.0,0.0,0.0,0.0,0.0,0.0,0.0,0.0,0.0,0.2,8.5,28.0
14:35:18.000,0.0,0.5,0.0,99.5,3787.2,3551.4,90.3,51.8,13.1,74.2,0.0,0.0,1,0,90.8,2.0,0.0,0.0,0.0,0.0,-0.0,-0.0,-0.0,0.0,0.0,0.0,0.0,0.0,0.0,0.0,0.0,0.0,0.0,0.0,0.0,0.0,0.0,0.0,0.0,0.0,0.0,0.0,0.0,0.0,0.0,0.2,8.5,28.0
14:35:19.000,0.0,0.0,0.2,99.8,3787.2,3551.4,90.3,51.8,13.1,74.2,0.0,0.0,1,0,130.4,2.0,0.0,0.0,0.0,0.0,-0.0,-0.0,-0.0,0.0,0.0,0.0,0.0,0.0,0.0,1.0,0.0,1.0,0.0,0.0,0.0,27.9,0.0,27.9,9.3,0.0,9.3,3.0,0.0,3.0,0.0,0.2,8.5,28.0
14:35:20.000,0.0,0.2,0.0,99.8,3787.2,3551.3,90.3,51.8,13.1,74.3,0.0,0.0,1,0,93.8,2.0,0.0,0.0,0.0,0.0,-0.0,-0.0,-0.0,0.0,0.0,0.0,0.0,0.0,0.0,0.0,0.0,0.0,0.0,0.0,0.0,0.0,0.0,0.0,0.0,0.0,0.0,0.0,0.0,0.0,0.0,0.2,8.5,28.0
14:35:21.000,0.0,0.2,0.0,99.8,3787.2,3551.4,90.3,51.8,13.1,74.2,0.0,0.0,1,0,96.8,2.0,0.0,0.0,0.0,0.0,-0.0,-0.0,-0.0,0.0,0.0,0.0,0.0,0.0,0.0,0.0,0.0,0.0,0.0,0.0,0.0,0.0,0.0,0.0,0.0,0.0,0.0,0.0,0.0,0.0,0.0,0.2,8.5,28.0
14:35:22.000,0.2,0.2,0.0,99.5,3787.2,3551.4,90.3,51.8,13.1,74.2,0.0,0.0,1,0,90.8,2.0,0.0,0.0,0.0,0.0,-0.0,-0.0,-0.0,0.0,0.0,0.0,0.0,0.0,0.0,0.0,0.0,0.0,0.0,0.0,0.0,0.0,0.0,0.0,0.0,0.0,0.0,0.0,0.0,0.0,0.0,0.2,8.5,28.0
14:35:23.000,0.0,0.0,0.0,100.0,3787.2,3551.6,90.3,51.8,13.1,74.2,0.0,0.0,1,0,93.8,2.0,0.0,0.0,0.0,0.0,-0.0,-0.0,-0.0,0.0,0.0,0.0,0.0,0.0,0.0,0.0,0.0,0.0,0.0,0.0,0.0,0.0,0.0,0.0,0.0,0.0,0.0,0.0,0.0,0.0,0.0,0.2,8.5,28.0
14:35:24.000,0.0,0.2,0.2,99.5,3787.2,3551.4,90.3,51.9,13.1,74.2,0.0,0.0,1,0,136.5,2.0,0.0,0.0,0.0,0.0,-0.0,-0.0,-0.0,0.0,0.0,0.0,0.0,0.0,0.0,1.0,0.0,1.0,0.0,0.0,0.0,23.9,0.0,23.9,6.0,0.0,6.0,4.0,0.0,4.0,0.0,0.2,8.5,28.0
14:35:25.000,0.0,0.5,0.0,99.5,3787.2,3551.3,90.3,51.9,13.1,74.3,0.0,0.0,1,0,131.7,2.0,0.0,0.0,0.0,0.1,-0.0,-0.0,-0.0,0.0,0.0,1.0,0.0,0.0,0.0,0.0,0.0,0.0,0.0,0.0,0.0,0.0,0.0,0.0,0.0,0.0,0.0,0.0,0.0,0.0,0.0,0.2,8.5,28.0
14:35:26.000,0.0,0.0,0.0,100.0,3787.2,3551.4,90.3,51.9,13.1,74.2,0.0,0.0,1,0,92.8,2.0,0.0,0.0,0.0,0.0,-0.0,-0.0,-0.0,0.0,0.0,0.0,0.0,0.0,0.0,0.0,0.0,0.0,0.0,0.0,0.0,0.0,0.0,0.0,0.0,0.0,0.0,0.0,0.0,0.0,0.0,0.2,8.5,28.0
14:35:27.000,0.2,0.2,0.0,99.5,3787.2,3551.4,90.3,51.9,13.1,74.2,0.0,0.0,1,0,100.8,2.0,0.0,0.0,0.0,0.0,-0.0,-0.0,-0.0,0.0,0.0,0.0,0.0,0.0,0.0,0.0,0.0,0.0,0.0,0.0,0.0,0.0,0.0,0.0,0.0,0.0,0.0,0.0,0.0,0.0,0.0,0.2,8.5,28.0
14:35:28.000,0.0,0.2,0.0,99.8,3787.2,3551.4,90.3,51.9,13.1,74.3,0.0,0.0,1,0,102.7,2.0,0.0,0.0,0.0,0.0,-0.0,-0.0,-0.0,0.0,0.0,0.0,0.0,0.0,0.0,0.0,0.0,0.0,0.0,0.0,0.0,0.0,0.0,0.0,0.0,0.0,0.0,0.0,0.0,0.0,0.0,0.2,8.5,28.0
14:35:29.000,0.0,0.2,0.0,99.8,3787.2,3551.4,90.3,51.9,13.1,74.2,0.0,0.0,1,0,131.4,2.0,0.0,0.0,0.0,0.0,-0.0,-0.0,-0.0,0.0,0.0,0.0,0.0,0.0,0.0,0.0,0.0,0.0,0.0,0.0,0.0,15.9,0.0,15.9,8.0,0.0,8.0,2.0,0.0,2.0,0.0,0.2,8.5,28.0
14:35:30.000,0.0,0.0,0.0,100.0,3787.2,3551.6,90.3,51.9,13.1,74.2,0.0,0.0,1,0,97.8,2.0,0.0,0.0,0.0,0.0,-0.0,-0.0,-0.0,0.0,0.0,0.0,0.0,0.0,0.0,0.0,0.0,0.0,0.0,0.0,0.0,0.0,0.0,0.0,0.0,0.0,0.0,0.0,0.0,0.0,0.0,0.2,8.5,28.0
14:35:31.000,0.0,0.2,0.0,99.8,3787.2,3551.3,90.3,51.9,13.1,74.2,0.0,0.0,1,0,88.8,2.0,0.0,0.0,0.0,0.0,-0.0,-0.0,-0.0,0.0,0.0,0.0,0.0,0.0,0.0,0.0,0.0,0.0,0.0,0.0,0.0,0.0,0.0,0.0,0.0,0.0,0.0,0.0,0.0,0.0,0.0,0.2,8.5,28.0
14:35:32.000,0.0,0.5,0.0,99.5,3787.2,3551.4,90.3,51.9,13.1,74.2,0.0,0.0,1,0,109.7,2.0,0.0,0.0,0.0,0.0,-0.0,-0.0,-0.0,0.0,0.0,0.0,0.0,0.0,0.0,0.0,0.0,0.0,0.0,0.0,0.0,0.0,0.0,0.0,0.0,0.0,0.0,0.0,0.0,0.0,0.0,0.2,8.5,28.0
14:35:33.000,0.0,0.0,0.0,100.0,3787.2,3551.4,90.3,51.9,13.1,74.2,0.0,0.0,1,0,102.8,2.0,0.0,0.0,0.0,0.0,-0.0,-0.0,-0.0,0.0,0.0,0.0,0.0,0.0,0.0,1.0,0.0,1.0,0.0,0.0,0.0,0.0,0.0,0.0,0.0,0.0,0.0,0.0,0.0,0.0,0.0,0.2,8.5,28.0
14:35:34.000,0.2,0.2,0.2,99.3,3787.2,3551.4,90.3,51.9,13.1,74.2,0.0,0.0,1,0,121.6,2.0,0.0,0.0,0.0,0.0,-0.0,-0.0,-0.0,0.0,0.0,0.0,0.0,0.0,0.0,0.0,0.0,0.0,0.0,0.0,0.0,15.9,0.0,15.9,8.0,0.0,8.0,2.0,0.0,2.0,0.0,0.2,8.5,28.0
14:35:35.000,0.0,0.2,0.0,99.8,3787.2,3551.4,90.3,51.9,13.1,74.3,0.0,0.0,1,0,107.7,2.0,0.0,0.0,0.0,0.0,-0.0,-0.0,-0.0,0.0,0.0,0.0,0.0,0.0,0.0,0.0,0.0,0.0,0.0,0.0,0.0,0.0,0.0,0.0,0.0,0.0,0.0,0.0,0.0,0.0,0.0,0.2,8.5,28.0
14:35:36.000,0.0,0.0,0.0,100.0,3787.2,3551.6,90.3,51.9,13.1,74.2,0.0,0.0,1,0,129.7,2.0,0.0,0.0,0.0,0.1,-0.0,-0.0,-0.0,0.0,0.0,1.0,0.0,0.0,0.0,0.0,0.0,0.0,0.0,0.0,0.0,0.0,0.0,0.0,0.0,0.0,0.0,0.0,0.0,0.0,0.0,0.2,8.5,28.0
14:35:37.000,0.0,0.2,0.0,99.8,3787.2,3551.4,90.3,51.9,13.1,74.1,0.0,0.0,1,0,91.8,2.0,0.0,0.0,0.0,0.0,-0.0,-0.0,-0.0,0.0,0.0,0.0,0.0,0.0,0.0,0.0,0.0,0.0,0.0,0.0,0.0,0.0,0.0,0.0,0.0,0.0,0.0,0.0,0.0,0.0,0.0,0.2,8.5,28.0
14:35:38.000,0.0,0.2,0.0,99.8,3787.2,3551.4,90.3,51.9,13.1,74.2,0.0,0.0,1,0,93.8,2.0,0.0,0.0,0.0,0.0,-0.0,-0.0,-0.0,0.0,0.0,0.0,0.0,0.0,0.0,0.0,0.0,0.0,0.0,0.0,0.0,0.0,0.0,0.0,0.0,0.0,0.0,0.0,0.0,0.0,0.0,0.2,8.5,28.0
14:35:39.000,0.2,0.2,0.0,99.5,3787.2,3551.4,90.3,51.9,13.1,74.1,0.0,0.0,1,0,113.6,2.0,0.0,0.0,0.0,0.0,-0.0,-0.0,-0.0,0.0,0.0,0.0,0.0,0.0,0.0,0.0,0.0,0.0,0.0,0.0,0.0,15.9,0.0,15.9,8.0,0.0,8.0,2.0,0.0,2.0,0.0,0.2,8.5,28.0
14:35:40.000,0.0,0.2,0.0,99.8,3787.2,3551.3,90.3,51.9,13.1,74.2,0.0,0.0,1,0,109.7,2.0,0.0,0.0,0.0,0.0,-0.0,-0.0,-0.0,0.0,0.0,0.0,0.0,0.0,0.0,0.0,0.0,0.0,0.0,0.0,0.0,0.0,0.0,0.0,0.0,0.0,0.0,0.0,0.0,0.0,0.0,0.2,8.5,28.0
14:35:41.000,0.0,0.0,0.0,100.0,3787.2,3551.4,90.3,51.9,13.1,74.2,0.0,0.0,1,0,87.8,2.0,0.0,0.0,0.0,0.0,-0.0,-0.0,-0.0,0.0,0.0,0.0,0.0,0.0,0.0,0.0,0.0,0.0,0.0,0.0,0.0,0.0,0.0,0.0,0.0,0.0,0.0,0.0,0.0,0.0,0.0,0.2,8.5,28.0
14:35:42.000,0.0,0.2,0.0,99.8,3787.2,3551.4,90.3,51.9,13.1,74.2,0.0,0.0,1,0,91.8,2.0,0.0,0.0,0.0,0.0,-0.0,-0.0,-0.0,0.0,0.0,0.0,0.0,0.0,0.0,0.0,0.0,0.0,0.0,0.0,0.0,0.0,0.0,0.0,0.0,0.0,0.0,0.0,0.0,0.0,0.0,0.2,8.5,28.0
14:35:43.000,0.0,0.2,0.0,99.8,3787.2,3551.4,90.3,51.9,13.2,74.2,0.0,0.0,1,0,92.8,2.0,0.0,0.0,0.0,0.0,-0.0,-0.0,-0.0,0.0,0.0,0.0,0.0,0.0,0.0,0.0,0.0,0.0,0.0,0.0,0.0,0.0,0.0,0.0,0.0,0.0,0.0,0.0,0.0,0.0,0.0,0.2,8.5,28.0
14:35:44.000,0.2,0.0,0.2,99.5,3787.2,3551.3,90.3,51.9,13.2,74.2,0.0,0.0,1,0,151.1,3.0,0.0,0.0,0.0,0.0,-0.0,-0.0,-0.0,0.0,0.0,0.0,0.0,0.0,0.0,1.0,0.0,1.0,0.0,0.0,0.0,19.9,0.0,19.9,6.7,0.0,6.7,3.0,0.0,3.0,0.0,0.2,8.5,28.0
14:35:45.000,0.0,0.2,0.0,99.8,3787.2,3551.6,90.3,51.9,13.2,74.3,0.0,0.0,1,0,117.7,2.0,0.0,0.0,0.0,0.0,-0.0,-0.0,-0.0,0.0,0.0,0.0,0.0,0.0,0.0,0.0,0.0,0.0,0.0,0.0,0.0,23.9,0.0,23.9,12.0,0.0,12.0,2.0,0.0,2.0,0.0,0.2,8.5,28.0
14:35:46.000,0.0,0.2,0.0,99.8,3787.2,3551.2,90.3,51.9,13.2,74.1,0.0,0.0,1,0,95.8,2.0,0.0,0.0,0.0,0.0,-0.0,-0.0,-0.0,0.0,0.0,0.0,0.0,0.0,0.0,0.0,0.0,0.0,0.0,0.0,0.0,0.0,0.0,0.0,0.0,0.0,0.0,0.0,0.0,0.0,0.0,0.2,8.5,28.0
14:35:47.000,0.0,0.2,0.0,99.8,3787.2,3551.6,90.3,51.9,13.2,74.2,0.0,0.0,1,0,92.8,2.0,0.0,0.0,0.0,0.0,-0.0,-0.0,-0.0,0.0,0.0,0.0,0.0,0.0,0.0,0.0,0.0,0.0,0.0,0.0,0.0,0.0,0.0,0.0,0.0,0.0,0.0,0.0,0.0,0.0,0.0,0.2,8.5,28.0
14:35:48.000,0.2,0.0,0.0,99.8,3787.2,3551.6,90.3,51.9,13.2,74.2,0.0,0.0,1,0,95.8,2.0,0.0,0.0,0.0,0.0,-0.0,-0.0,-0.0,0.0,0.0,0.0,0.0,0.0,0.0,0.0,0.0,0.0,0.0,0.0,0.0,0.0,0.0,0.0,0.0,0.0,0.0,0.0,0.0,0.0,0.0,0.2,8.5,28.0
14:35:49.000,0.0,0.2,0.2,99.5,3787.2,3551.4,90.3,51.9,13.2,74.2,0.0,0.0,1,0,108.6,2.0,0.0,0.0,0.0,0.0,-0.0,-0.0,-0.0,0.0,0.0,0.0,0.0,0.0,0.0,0.0,0.0,0.0,0.0,0.0,0.0,23.9,0.0,23.9,12.0,0.0,12.0,2.0,0.0,2.0,0.0,0.2,8.5,28.0
14:35:50.000,0.2,0.0,0.0,99.8,3787.2,3551.6,90.3,51.9,13.2,74.3,0.0,0.0,1,0,104.8,2.0,0.0,0.0,0.0,0.0,-0.0,-0.0,-0.0,0.0,0.0,0.0,0.0,0.0,0.0,0.0,0.0,0.0,0.0,0.0,0.0,8.0,0.0,8.0,4.0,0.0,4.0,2.0,0.0,2.0,0.0,0.2,8.5,28.0
14:35:51.000,0.0,0.5,0.0,99.5,3787.2,3551.6,90.3,51.9,13.2,74.2,0.0,0.0,1,0,100.8,2.0,0.0,0.0,0.0,0.0,-0.0,-0.0,-0.0,0.0,0.0,0.0,0.0,0.0,0.0,0.0,0.0,0.0,0.0,0.0,0.0,0.0,0.0,0.0,0.0,0.0,0.0,0.0,0.0,0.0,0.0,0.2,8.5,28.0
14:35:52.000,0.0,0.0,0.0,100.0,3787.2,3551.4,90.3,51.9,13.2,74.3,0.0,0.0,1,0,83.8,2.0,0.0,0.0,0.0,0.0,-0.0,-0.0,-0.0,0.0,0.0,0.0,0.0,0.0,0.0,0.0,0.0,0.0,0.0,0.0,0.0,0.0,0.0,0.0,0.0,0.0,0.0,0.0,0.0,0.0,0.0,0.2,8.5,28.0
14:35:53.000,0.0,0.2,0.0,99.8,3787.2,3551.2,90.3,51.9,13.2,74.2,0.0,0.0,1,0,82.8,2.0,0.0,0.0,0.0,0.0,-0.0,-0.0,-0.0,0.0,0.0,0.0,0.0,0.0,0.0,0.0,0.0,0.0,0.0,0.0,0.0,0.0,0.0,0.0,0.0,0.0,0.0,0.0,0.0,0.0,0.0,0.2,8.5,28.0
14:35:54.000,0.0,0.2,0.0,99.8,3787.2,3551.4,90.3,51.9,13.2,74.4,0.0,0.0,1,0,121.5,2.0,0.0,0.0,0.0,0.0,-0.0,-0.0,-0.0,0.0,0.0,0.0,0.0,0.0,0.0,3.0,0.0,3.0,0.0,0.0,0.0,39.8,0.0,39.8,6.7,0.0,6.7,6.0,0.0,6.0,0.0,0.2,8.5,28.0
14:35:55.000,0.0,0.2,0.0,99.8,3787.2,3551.2,90.3,51.9,13.2,74.3,0.0,0.0,1,0,123.7,2.0,0.0,0.0,0.0,0.1,-0.0,-0.0,-0.0,0.0,0.0,1.0,0.0,0.0,0.0,0.0,0.0,0.0,0.0,0.0,0.0,0.0,0.0,0.0,0.0,0.0,0.0,0.0,0.0,0.0,0.0,0.2,8.5,28.0
14:35:56.000,0.0,0.2,0.0,99.8,3787.2,3551.3,90.3,51.9,13.2,74.2,0.0,0.0,1,0,109.7,2.0,0.0,0.0,0.0,0.0,-0.0,-0.0,-0.0,0.0,0.0,0.0,0.0,0.0,0.0,0.0,0.0,0.0,0.0,0.0,0.0,0.0,0.0,0.0,0.0,0.0,0.0,0.0,0.0,0.0,0.0,0.2,8.5,28.0
14:35:57.000,0.2,0.2,0.0,99.5,3787.2,3551.2,90.3,51.9,13.2,74.2,0.0,0.0,1,0,89.8,2.0,0.0,0.0,0.0,0.0,-0.0,-0.0,-0.0,0.0,0.0,0.0,0.0,0.0,0.0,0.0,0.0,0.0,0.0,0.0,0.0,0.0,0.0,0.0,0.0,0.0,0.0,0.0,0.0,0.0,0.0,0.2,8.5,28.0
14:35:58.000,0.0,0.0,0.0,100.0,3787.2,3551.4,90.3,51.9,13.2,74.3,0.0,0.0,1,0,98.8,2.0,0.0,0.0,0.0,0.0,-0.0,-0.0,-0.0,0.0,0.0,0.0,0.0,0.0,0.0,0.0,0.0,0.0,0.0,0.0,0.0,0.0,0.0,0.0,0.0,0.0,0.0,0.0,0.0,0.0,0.0,0.2,8.5,28.0
14:35:59.000,0.0,0.2,0.2,99.5,3787.2,3551.4,90.3,51.9,13.2,74.3,0.0,0.0,1,0,101.6,2.0,0.0,0.0,0.0,0.0,-0.0,-0.0,-0.0,0.0,0.0,0.0,0.0,0.0,0.0,0.0,0.0,0.0,0.0,0.0,0.0,15.9,0.0,15.9,8.0,0.0,8.0,2.0,0.0,2.0,0.0,0.2,8.5,28.0
14:36:00.000,0.2,0.0,0.0,99.8,3787.2,3551.1,90.3,51.9,13.2,74.2,0.0,0.0,1,0,101.8,2.0,0.0,0.0,0.0,0.0,-0.0,-0.0,-0.0,0.0,0.0,0.0,0.0,0.0,0.0,0.0,0.0,0.0,0.0,0.0,0.0,0.0,0.0,0.0,0.0,0.0,0.0,0.0,0.0,0.0,0.0,0.2,8.5,28.0
14:36:01.000,0.0,0.5,0.0,99.5,3787.2,3551.3,90.3,51.9,13.2,74.2,0.0,0.0,1,0,88.8,2.0,0.0,0.0,0.0,0.0,-0.0,-0.0,-0.0,0.0,0.0,0.0,0.0,0.0,0.0,0.0,0.0,0.0,0.0,0.0,0.0,0.0,0.0,0.0,0.0,0.0,0.0,0.0,0.0,0.0,0.0,0.2,8.5,28.0
14:36:02.000,0.0,0.0,0.0,100.0,3787.2,3551.4,90.3,51.9,13.2,74.1,0.0,0.0,1,0,98.8,2.0,0.0,0.0,0.0,0.0,-0.0,-0.0,-0.0,0.0,0.0,0.0,0.0,0.0,0.0,0.0,0.0,0.0,0.0,0.0,0.0,0.0,0.0,0.0,0.0,0.0,0.0,0.0,0.0,0.0,0.0,0.2,8.5,28.0
14:36:03.000,0.0,0.2,0.0,99.8,3787.2,3551.6,90.3,51.9,13.2,74.3,0.0,0.0,1,0,101.7,2.0,0.0,0.0,0.0,0.0,-0.0,-0.0,-0.0,0.0,0.0,0.0,0.0,0.0,0.0,0.0,0.0,0.0,0.0,0.0,0.0,0.0,0.0,0.0,0.0,0.0,0.0,0.0,0.0,0.0,0.0,0.2,8.5,28.0
14:36:04.000,0.0,0.2,0.0,99.8,3787.2,3551.4,90.3,51.9,13.2,74.1,0.0,0.0,1,0,127.5,2.0,0.0,0.0,0.0,0.0,-0.0,-0.0,-0.0,0.0,0.0,0.0,0.0,0.0,0.0,1.0,0.0,1.0,0.0,0.0,0.0,19.9,0.0,19.9,6.7,0.0,6.7,3.0,0.0,3.0,0.0,0.2,8.5,28.0
14:36:05.000,0.2,0.0,0.0,99.8,3787.2,3551.4,90.3,51.9,13.2,74.3,0.0,0.0,1,0,94.8,2.0,0.0,0.0,0.0,0.0,-0.0,-0.0,-0.0,0.0,0.0,0.0,0.0,0.0,0.0,0.0,0.0,0.0,0.0,0.0,0.0,0.0,0.0,0.0,0.0,0.0,0.0,0.0,0.0,0.0,0.0,0.2,8.5,28.0
14:36:06.000,0.0,0.2,0.0,99.8,3787.2,3551.4,90.3,51.9,13.2,74.3,0.0,0.0,1,0,90.8,2.0,0.0,0.0,0.0,0.0,-0.0,-0.0,-0.0,0.0,0.0,0.0,0.0,0.0,0.0,0.0,0.0,0.0,0.0,0.0,0.0,0.0,0.0,0.0,0.0,0.0,0.0,0.0,0.0,0.0,0.0,0.2,8.5,28.0
14:36:07.000,0.0,0.2,0.0,99.8,3787.2,3551.4,90.3,51.9,13.2,74.2,0.0,0.0,1,0,87.8,2.0,0.0,0.0,0.0,0.0,-0.0,-0.0,-0.0,0.0,0.0,0.0,0.0,0.0,0.0,0.0,0.0,0.0,0.0,0.0,0.0,0.0,0.0,0.0,0.0,0.0,0.0,0.0,0.0,0.0,0.0,0.2,8.5,28.0
14:36:08.000,0.0,0.2,0.0,99.8,3787.2,3551.6,90.3,51.9,13.2,74.3,0.0,0.0,1,0,97.8,2.0,0.0,0.0,0.0,0.0,-0.0,-0.0,-0.0,0.0,0.0,0.0,0.0,0.0,0.0,0.0,0.0,0.0,0.0,0.0,0.0,0.0,0.0,0.0,0.0,0.0,0.0,0.0,0.0,0.0,0.0,0.2,8.5,28.0
14:36:09.000,0.0,0.2,0.2,99.5,3787.2,3551.4,90.3,51.9,13.2,74.2,0.0,0.0,1,0,110.6,2.0,0.0,0.0,0.0,0.0,-0.0,-0.0,-0.0,0.0,0.0,0.0,0.0,0.0,0.0,0.0,0.0,0.0,0.0,0.0,0.0,15.9,0.0,15.9,8.0,0.0,8.0,2.0,0.0,2.0,0.0,0.2,8.5,28.0
14:36:10.000,0.0,0.0,0.0,100.0,3787.2,3551.6,90.3,51.9,13.2,74.2,0.0,0.0,1,0,90.8,2.0,0.0,0.0,0.0,0.0,-0.0,-0.0,-0.0,0.0,0.0,0.0,0.0,0.0,0.0,0.0,0.0,0.0,0.0,0.0,0.0,0.0,0.0,0.0,0.0,0.0,0.0,0.0,0.0,0.0,0.0,0.2,8.5,28.0
14:36:11.000,0.2,0.2,0.0,99.5,3787.2,3551.5,90.3,51.9,13.2,74.3,0.0,0.0,1,0,79.8,2.0,0.0,0.0,0.0,0.0,-0.0,-0.0,-0.0,0.0,0.0,0.0,0.0,0.0,0.0,0.0,0.0,0.0,0.0,0.0,0.0,0.0,0.0,0.0,0.0,0.0,0.0,0.0,0.0,0.0,0.0,0.2,8.5,28.0
14:36:12.000,0.0,0.2,0.0,99.8,3787.2,3551.3,90.3,51.9,13.2,74.3,0.0,0.0,1,0,104.7,2.0,0.0,0.0,0.0,0.0,-0.0,-0.0,-0.0,0.0,0.0,0.0,0.0,0.0,0.0,0.0,0.0,0.0,0.0,0.0,0.0,0.0,0.0,0.0,0.0,0.0,0.0,0.0,0.0,0.0,0.0,0.2,8.5,28.0
14:36:13.000,0.2,0.0,0.0,99.8,3787.2,3551.4,90.3,51.9,13.2,74.3,0.0,0.0,1,0,92.8,2.0,0.0,0.0,0.0,0.0,-0.0,-0.0,-0.0,0.0,0.0,0.0,0.0,0.0,0.0,0.0,0.0,0.0,0.0,0.0,0.0,0.0,0.0,0.0,0.0,0.0,0.0,0.0,0.0,0.0,0.0,0.2,8.5,28.0
14:36:14.000,0.0,0.5,0.0,99.5,3787.2,3551.4,90.3,51.9,13.2,74.2,0.0,0.0,1,0,119.6,2.0,0.0,0.0,0.0,0.0,-0.0,-0.0,-0.0,0.0,0.0,0.0,0.0,0.0,0.0,1.0,0.0,1.0,0.0,0.0,0.0,27.9,0.0,27.9,7.0,0.0,7.0,4.0,0.0,4.0,0.0,0.2,8.5,28.0
14:36:15.000,0.0,0.0,0.0,100.0,3787.2,3551.4,90.3,51.9,13.2,74.3,0.0,0.0,1,0,92.8,2.0,0.0,0.0,0.0,0.0,-0.0,-0.0,-0.0,0.0,0.0,0.0,0.0,0.0,0.0,0.0,0.0,0.0,0.0,0.0,0.0,0.0,0.0,0.0,0.0,0.0,0.0,0.0,0.0,0.0,0.0,0.2,8.5,28.0
14:36:16.000,0.0,0.2,0.0,99.8,3787.2,3551.4,90.3,51.9,13.2,74.4,0.0,0.0,1,0,99.7,2.0,0.0,0.0,0.0,0.0,-0.0,-0.0,-0.0,0.0,0.0,0.0,0.0,0.0,0.0,0.0,0.0,0.0,0.0,0.0,0.0,0.0,0.0,0.0,0.0,0.0,0.0,0.0,0.0,0.0,0.0,0.2,8.5,28.0
14:36:17.000,0.0,0.2,0.0,99.8,3787.2,3551.6,90.3,51.9,13.2,74.3,0.0,0.0,1,0,83.8,2.0,0.0,0.0,0.0,0.0,-0.0,-0.0,-0.0,0.0,0.0,0.0,0.0,0.0,0.0,0.0,0.0,0.0,0.0,0.0,0.0,0.0,0.0,0.0,0.0,0.0,0.0,0.0,0.0,0.0,0.0,0.2,8.5,28.0
14:36:18.000,0.2,0.0,0.0,99.8,3787.2,3551.4,90.3,51.9,13.2,74.2,0.0,0.0,1,0,114.7,2.0,0.0,0.0,0.0,0.0,-0.0,-0.0,-0.0,0.0,0.0,0.0,0.0,0.0,0.0,0.0,0.0,0.0,0.0,0.0,0.0,0.0,0.0,0.0,0.0,0.0,0.0,0.0,0.0,0.0,0.0,0.2,8.5,28.0
14:36:19.000,0.0,0.2,0.2,99.5,3787.2,3551.4,90.3,51.9,13.2,74.3,0.0,0.0,1,0,116.5,2.0,0.0,0.0,0.0,0.0,-0.0,-0.0,-0.0,0.0,0.0,0.0,0.0,0.0,0.0,0.0,0.0,0.0,0.0,0.0,0.0,23.9,0.0,23.9,12.0,0.0,12.0,2.0,0.0,2.0,0.0,0.2,8.5,28.0
14:36:20.000,0.2,0.2,0.0,99.5,3787.2,3551.4,90.3,51.9,13.2,74.3,0.0,0.0,1,0,109.7,2.0,0.0,0.0,0.0,0.0,-0.0,-0.0,-0.0,0.0,0.0,0.0,0.0,0.0,0.0,0.0,0.0,0.0,0.0,0.0,0.0,27.9,0.0,27.9,28.0,0.0,28.0,1.0,0.0,1.0,0.0,0.2,8.5,28.0
14:36:21.000,0.0,0.0,0.0,100.0,3787.2,3551.6,90.3,51.9,13.2,74.3,0.0,0.0,1,0,112.7,2.0,0.0,0.0,0.0,0.0,-0.0,-0.0,-0.0,0.0,0.0,0.0,0.0,0.0,0.0,0.0,0.0,0.0,0.0,0.0,0.0,8.0,0.0,8.0,4.0,0.0,4.0,2.0,0.0,2.0,0.0,0.2,8.5,28.0
14:36:22.000,0.0,0.2,0.0,99.8,3787.2,3551.4,90.3,51.9,13.2,74.3,0.0,0.0,1,0,86.8,2.0,0.0,0.0,0.0,0.0,-0.0,-0.0,-0.0,0.0,0.0,0.0,0.0,0.0,0.0,0.0,0.0,0.0,0.0,0.0,0.0,0.0,0.0,0.0,0.0,0.0,0.0,0.0,0.0,0.0,0.0,0.2,8.5,28.0
14:36:23.000,0.0,0.2,0.0,99.8,3787.2,3551.4,90.3,51.9,13.2,74.2,0.0,0.0,1,0,89.8,2.0,0.0,0.0,0.0,0.0,-0.0,-0.0,-0.0,0.0,0.0,0.0,0.0,0.0,0.0,0.0,0.0,0.0,0.0,0.0,0.0,0.0,0.0,0.0,0.0,0.0,0.0,0.0,0.0,0.0,0.0,0.2,8.5,28.0
14:36:24.000,0.0,0.2,0.0,99.8,3787.2,3551.8,90.3,51.9,13.2,74.4,0.0,0.0,1,0,137.5,2.0,0.0,0.0,0.0,0.0,-0.0,-0.0,-0.0,0.0,0.0,0.0,0.0,0.0,0.0,1.0,0.0,1.0,0.0,0.0,0.0,43.8,0.0,43.8,6.3,0.0,6.3,7.0,0.0,7.0,0.0,0.2,8.5,28.0
14:36:25.000,0.2,0.0,0.0,99.8,3787.2,3551.4,90.3,51.9,13.2,74.3,0.0,0.0,1,0,127.7,2.0,0.0,0.0,0.0,0.1,-0.0,-0.0,-0.0,0.0,0.0,1.0,0.0,0.0,0.0,0.0,0.0,0.0,0.0,0.0,0.0,4.0,0.0,4.0,4.0,0.0,4.0,1.0,0.0,1.0,0.0,0.2,8.5,28.0
14:36:26.000,0.0,0.2,0.0,99.8,3787.2,3551.4,90.3,51.9,13.2,74.3,0.0,0.0,1,0,104.7,2.0,0.0,0.0,0.0,0.0,-0.0,-0.0,-0.0,0.0,0.0,0.0,0.0,0.0,0.0,0.0,0.0,0.0,0.0,0.0,0.0,0.0,0.0,0.0,0.0,0.0,0.0,0.0,0.0,0.0,0.0,0.2,8.5,28.0
14:36:27.000,0.0,0.2,0.2,99.5,3787.2,3551.3,90.3,51.9,13.2,74.1,0.0,0.0,1,0,124.7,2.0,0.0,0.0,0.0,0.0,-0.0,-0.0,-0.0,0.0,0.0,0.0,0.0,0.0,0.0,1.0,0.0,1.0,0.0,0.0,0.0,20.0,0.0,20.0,6.7,0.0,6.7,3.0,0.0,3.0,0.0,0.2,8.5,28.0
14:36:28.000,0.0,0.2,0.0,99.8,3787.2,3551.4,90.3,52.0,13.2,74.2,0.0,0.0,1,0,100.7,2.0,0.0,0.0,0.0,0.0,-0.0,-0.0,-0.0,0.0,0.0,0.0,0.0,0.0,0.0,0.0,0.0,0.0,0.0,0.0,0.0,0.0,0.0,0.0,0.0,0.0,0.0,0.0,0.0,0.0,0.0,0.2,8.5,28.0
14:36:29.000,0.0,0.0,0.0,100.0,3787.2,3551.4,90.3,52.0,13.2,74.3,0.0,0.0,1,0,87.8,2.0,0.0,0.0,0.0,0.0,-0.0,-0.0,-0.0,0.0,0.0,0.0,0.0,0.0,0.0,0.0,0.0,0.0,0.0,0.0,0.0,0.0,0.0,0.0,0.0,0.0,0.0,0.0,0.0,0.0,0.0,0.2,8.5,28.0
14:36:30.000,0.0,0.2,0.0,99.8,3787.2,3551.3,90.3,52.0,13.2,74.1,0.0,0.0,1,0,92.8,2.0,0.0,0.0,0.0,0.0,-0.0,-0.0,-0.0,0.0,0.0,0.0,0.0,0.0,0.0,0.0,0.0,0.0,0.0,0.0,0.0,0.0,0.0,0.0,0.0,0.0,0.0,0.0,0.0,0.0,0.0,0.2,8.5,28.0
14:36:31.000,0.0,0.2,0.0,99.8,3787.2,3551.2,90.3,52.0,13.2,74.4,0.0,0.0,1,0,93.8,2.0,0.0,0.0,0.0,0.0,-0.0,-0.0,-0.0,0.0,0.0,0.0,0.0,0.0,0.0,0.0,0.0,0.0,0.0,0.0,0.0,0.0,0.0,0.0,0.0,0.0,0.0,0.0,0.0,0.0,0.0,0.2,8.5,28.0
14:36:32.000,0.0,0.5,0.2,99.3,3787.2,3551.4,90.3,52.0,13.2,74.3,0.0,0.0,1,0,231.4,3.0,0.0,0.0,0.0,0.0,-0.0,-0.0,-0.0,0.0,0.0,0.0,0.0,0.0,0.0,2.0,0.0,2.0,0.0,0.0,0.0,111.7,0.0,111.7,7.5,0.0,7.5,15.0,0.0,15.0,0.0,0.2,8.5,28.0
14:36:33.000,0.2,0.0,0.0,99.8,3787.2,3551.2,90.3,52.0,13.2,74.3,0.0,0.0,1,0,94.8,2.0,0.0,0.0,0.0,0.0,-0.0,-0.0,-0.0,0.0,0.0,0.0,0.0,0.0,0.0,0.0,0.0,0.0,0.0,0.0,0.0,0.0,0.0,0.0,0.0,0.0,0.0,0.0,0.0,0.0,0.0,0.2,8.5,28.0
14:36:34.000,0.2,0.0,0.0,99.8,3787.2,3551.4,90.3,52.0,13.2,74.2,0.0,0.0,1,0,130.7,3.0,0.0,0.0,0.0,0.0,-0.0,-0.0,-0.0,0.0,0.0,0.0,0.0,0.0,0.0,0.0,0.0,0.0,0.0,0.0,0.0,0.0,0.0,0.0,0.0,0.0,0.0,0.0,0.0,0.0,0.0,0.2,8.5,28.0
14:36:35.000,0.0,0.0,0.0,100.0,3787.2,3551.4,90.3,52.0,13.2,74.3,0.0,0.0,1,0,111.7,2.0,0.0,0.0,0.0,0.0,-0.0,-0.0,-0.0,0.0,0.0,0.0,0.0,0.0,0.0,0.0,0.0,0.0,0.0,0.0,0.0,0.0,0.0,0.0,0.0,0.0,0.0,0.0,0.0,0.0,0.0,0.2,8.5,28.0
14:36:36.000,0.0,0.5,0.0,99.5,3787.2,3551.4,90.3,52.0,13.2,74.3,0.0,0.0,1,0,105.7,2.0,0.0,0.0,0.0,0.0,-0.0,-0.0,-0.0,0.0,0.0,0.0,0.0,0.0,0.0,0.0,0.0,0.0,0.0,0.0,0.0,0.0,0.0,0.0,0.0,0.0,0.0,0.0,0.0,0.0,0.0,0.2,8.5,28.0
14:36:37.000,0.0,0.2,0.0,99.8,3787.2,3551.4,90.3,52.0,13.2,74.3,0.0,0.0,1,0,79.8,2.0,0.0,0.0,0.0,0.0,-0.0,-0.0,-0.0,0.0,0.0,0.0,0.0,0.0,0.0,0.0,0.0,0.0,0.0,0.0,0.0,0.0,0.0,0.0,0.0,0.0,0.0,0.0,0.0,0.0,0.0,0.2,8.5,28.0
14:36:38.000,0.0,0.2,0.0,99.8,3787.2,3551.4,90.3,52.0,13.2,74.2,0.0,0.0,1,0,120.5,2.0,0.0,0.0,0.0,0.0,-0.0,-0.0,-0.0,0.0,0.0,0.0,0.0,0.0,0.0,0.0,0.0,0.0,0.0,0.0,0.0,15.9,0.0,15.9,8.0,0.0,8.0,2.0,0.0,2.0,0.0,0.2,8.5,28.0
14:36:39.000,0.2,0.2,0.0,99.5,3787.2,3551.4,90.3,52.0,13.2,74.3,0.0,0.0,1,0,94.8,2.0,0.0,0.0,0.0,0.0,-0.0,-0.0,-0.0,0.0,0.0,0.0,0.0,0.0,0.0,0.0,0.0,0.0,0.0,0.0,0.0,0.0,0.0,0.0,0.0,0.0,0.0,0.0,0.0,0.0,0.0,0.2,8.5,28.0
14:36:40.000,0.0,0.2,0.0,99.8,3787.2,3551.2,90.3,52.0,13.2,74.3,0.0,0.0,1,0,77.8,2.0,0.0,0.0,0.0,0.0,-0.0,-0.0,-0.0,0.0,0.0,0.0,0.0,0.0,0.0,0.0,0.0,0.0,0.0,0.0,0.0,0.0,0.0,0.0,0.0,0.0,0.0,0.0,0.0,0.0,0.0,0.2,8.5,28.0
14:36:41.000,0.0,0.2,0.0,99.8,3787.2,3551.4,90.3,52.0,13.2,74.2,0.0,0.0,1,0,89.8,2.0,0.0,0.0,0.0,0.0,-0.0,-0.0,-0.0,0.0,0.0,0.0,0.0,0.0,0.0,0.0,0.0,0.0,0.0,0.0,0.0,0.0,0.0,0.0,0.0,0.0,0.0,0.0,0.0,0.0,0.0,0.2,8.5,28.0
14:36:42.000,0.0,0.2,0.0,99.8,3787.2,3551.1,90.3,52.0,13.2,74.4,0.0,0.0,1,0,78.8,2.0,0.0,0.0,0.0,0.0,-0.0,-0.0,-0.0,0.0,0.0,0.0,0.0,0.0,0.0,0.0,0.0,0.0,0.0,0.0,0.0,0.0,0.0,0.0,0.0,0.0,0.0,0.0,0.0,0.0,0.0,0.2,8.5,28.0
14:36:43.000,0.0,0.0,0.2,99.8,3787.2,3551.4,90.3,52.0,13.2,74.3,0.0,0.0,1,0,166.3,2.0,0.0,0.0,0.0,0.0,-0.0,-0.0,-0.0,0.0,0.0,0.0,0.0,0.0,0.0,2.0,0.0,2.0,0.0,0.0,0.0,91.6,0.0,91.6,7.7,0.0,7.7,12.0,0.0,12.0,0.0,0.2,8.5,28.0
14:36:44.000,0.0,0.5,0.0,99.5,3787.2,3551.4,90.3,52.0,13.2,74.3,0.0,0.0,1,0,92.8,2.0,0.0,0.0,0.0,0.0,-0.0,-0.0,-0.0,0.0,0.0,0.0,0.0,0.0,0.0,0.0,0.0,0.0,0.0,0.0,0.0,0.0,0.0,0.0,0.0,0.0,0.0,0.0,0.0,0.0,0.0,0.2,8.5,28.0
14:36:45.000,0.0,0.0,0.0,100.0,3787.2,3551.4,90.3,52.0,13.2,74.3,0.0,0.0,1,0,85.8,2.0,0.0,0.0,0.0,0.0,-0.0,-0.0,-0.0,0.0,0.0,0.0,0.0,0.0,0.0,0.0,0.0,0.0,0.0,0.0,0.0,0.0,0.0,0.0,0.0,0.0,0.0,0.0,0.0,0.0,0.0,0.2,8.5,28.0
14:36:46.000,0.2,0.2,0.0,99.5,3787.2,3551.4,90.3,52.0,13.2,74.2,0.0,0.0,1,0,90.8,2.0,0.0,0.0,0.0,0.0,-0.0,-0.0,-0.0,0.0,0.0,0.0,0.0,0.0,0.0,0.0,0.0,0.0,0.0,0.0,0.0,0.0,0.0,0.0,0.0,0.0,0.0,0.0,0.0,0.0,0.0,0.2,8.5,28.0
14:36:47.000,0.0,0.2,0.0,99.8,3787.2,3551.1,90.3,52.0,13.3,74.2,0.0,0.0,1,0,95.8,2.0,0.0,0.0,0.0,0.0,-0.0,-0.0,-0.0,0.0,0.0,0.0,0.0,0.0,0.0,0.0,0.0,0.0,0.0,0.0,0.0,0.0,0.0,0.0,0.0,0.0,0.0,0.0,0.0,0.0,0.0,0.2,8.5,28.0
14:36:48.000,0.0,0.0,0.0,100.0,3787.2,3551.3,90.3,52.0,13.3,74.3,0.0,0.0,1,0,108.6,2.0,0.0,0.0,0.0,0.0,-0.0,-0.0,-0.0,0.0,0.0,0.0,0.0,0.0,0.0,0.0,0.0,0.0,0.0,0.0,0.0,15.9,0.0,15.9,8.0,0.0,8.0,2.0,0.0,2.0,0.0,0.2,8.5,28.0
14:36:49.000,0.0,0.5,0.0,99.5,3787.2,3551.5,90.3,52.0,13.3,74.2,0.0,0.0,1,0,78.8,2.0,0.0,0.0,0.0,0.0,-0.0,-0.0,-0.0,0.0,0.0,0.0,0.0,0.0,0.0,0.0,0.0,0.0,0.0,0.0,0.0,0.0,0.0,0.0,0.0,0.0,0.0,0.0,0.0,0.0,0.0,0.2,8.5,28.0
14:36:50.000,0.2,0.0,0.0,99.8,3787.2,3551.6,90.3,52.0,13.3,74.3,0.0,0.0,1,0,97.8,2.0,0.0,0.0,0.0,0.0,-0.0,-0.0,-0.0,0.0,0.0,0.0,0.0,0.0,0.0,0.0,0.0,0.0,0.0,0.0,0.0,0.0,0.0,0.0,0.0,0.0,0.0,0.0,0.0,0.0,0.0,0.2,8.5,28.0
14:36:51.000,0.0,0.2,0.0,99.8,3787.2,3552.1,90.3,52.0,13.3,74.3,0.0,0.0,1,0,113.7,2.0,0.0,0.0,0.0,0.0,-0.0,-0.0,-0.0,0.0,0.0,0.0,0.0,0.0,0.0,0.0,0.0,0.0,0.0,0.0,0.0,23.9,0.0,23.9,24.0,0.0,24.0,1.0,0.0,1.0,0.0,0.2,8.5,28.0
14:36:52.000,0.0,0.2,0.0,99.8,3787.2,3552.1,90.3,52.0,13.3,74.2,0.0,0.0,1,0,93.8,2.0,0.0,0.0,0.0,0.0,-0.0,-0.0,-0.0,0.0,0.0,0.0,0.0,0.0,0.0,0.0,0.0,0.0,0.0,0.0,0.0,0.0,0.0,0.0,0.0,0.0,0.0,0.0,0.0,0.0,0.0,0.2,8.5,28.0
14:36:53.000,0.0,0.2,0.2,99.5,3787.2,3552.4,90.3,52.0,13.3,74.4,0.0,0.0,1,0,123.3,2.0,0.0,0.0,0.0,0.0,-0.0,-0.0,-0.0,0.0,0.0,0.0,0.0,0.0,0.0,1.0,0.0,1.0,0.0,0.0,0.0,43.7,0.0,43.7,7.3,0.0,7.3,6.0,0.0,6.0,0.0,0.2,8.5,28.0
14:36:54.000,0.0,0.0,0.0,100.0,3787.2,3552.6,90.3,52.0,13.3,74.2,0.0,0.0,1,0,103.7,2.0,0.0,0.0,0.0,0.0,-0.0,-0.0,-0.0,0.0,0.0,0.0,0.0,0.0,0.0,0.0,0.0,0.0,0.0,0.0,0.0,0.0,0.0,0.0,0.0,0.0,0.0,0.0,0.0,0.0,0.0,0.2,8.5,28.0
14:36:55.000,0.2,0.2,0.0,99.5,3787.2,3552.9,90.3,52.0,13.3,74.2,0.0,0.0,1,0,180.6,2.0,0.0,0.0,0.0,0.1,-0.0,-0.0,-0.0,0.0,0.0,2.0,0.0,0.0,0.0,1.0,0.0,1.0,0.0,0.0,0.0,63.8,0.0,63.8,8.0,0.0,8.0,8.0,0.0,8.0,0.0,0.2,8.5,28.0
14:36:56.000,0.0,0.2,0.0,99.8,3787.2,3552.9,90.3,52.0,13.3,74.3,0.0,0.0,1,0,107.7,2.0,0.0,0.0,0.0,0.0,-0.0,-0.0,-0.0,0.0,0.0,0.0,0.0,0.0,0.0,1.0,0.0,1.0,0.0,0.0,0.0,4.0,0.0,4.0,4.0,0.0,4.0,1.0,0.0,1.0,0.0,0.2,8.5,28.0
14:36:57.000,0.0,0.2,0.0,99.8,3787.2,3552.9,90.3,52.0,13.3,74.4,0.0,0.0,1,0,89.8,2.0,0.0,0.0,0.0,0.0,-0.0,-0.0,-0.0,0.0,0.0,0.0,0.0,0.0,0.0,0.0,0.0,0.0,0.0,0.0,0.0,0.0,0.0,0.0,0.0,0.0,0.0,0.0,0.0,0.0,0.0,0.2,8.5,28.0
14:36:58.000,0.0,0.0,0.2,99.8,3787.2,3553.1,90.3,52.0,13.3,74.3,0.0,0.0,1,0,133.4,2.0,0.0,0.0,0.0,0.1,-0.0,-0.0,-0.0,0.0,0.0,1.0,0.0,0.0,0.0,0.0,0.0,0.0,0.0,0.0,0.0,15.9,0.0,15.9,8.0,0.0,8.0,2.0,0.0,2.0,0.0,0.2,8.5,28.0
14:36:59.000,0.0,0.5,0.0,99.5,3787.2,3553.6,90.3,52.0,13.3,74.1,0.0,0.0,1,0,92.8,2.0,0.0,0.0,0.0,0.0,-0.0,-0.0,-0.0,0.0,0.0,0.0,0.0,0.0,0.0,0.0,0.0,0.0,0.0,0.0,0.0,0.0,0.0,0.0,0.0,0.0,0.0,0.0,0.0,0.0,0.0,0.2,8.5,28.0
14:37:00.000,0.0,0.0,0.0,100.0,3787.2,3553.4,90.3,52.0,13.3,74.3,0.0,0.0,1,0,89.8,2.0,0.0,0.0,0.0,0.0,-0.0,-0.0,-0.0,0.0,0.0,0.0,0.0,0.0,0.0,0.0,0.0,0.0,0.0,0.0,0.0,0.0,0.0,0.0,0.0,0.0,0.0,0.0,0.0,0.0,0.0,0.2,8.5,28.0
14:37:01.000,0.2,0.2,0.0,99.5,3787.2,3553.4,90.3,52.0,13.3,74.3,0.0,0.0,1,0,103.7,2.0,0.0,0.0,0.0,0.0,-0.0,-0.0,-0.0,0.0,0.0,0.0,0.0,0.0,0.0,0.0,0.0,0.0,0.0,0.0,0.0,0.0,0.0,0.0,0.0,0.0,0.0,0.0,0.0,0.0,0.0,0.2,8.5,28.0
14:37:02.000,0.0,0.2,0.0,99.8,3787.2,3553.6,90.3,52.0,13.3,74.3,0.0,0.0,1,0,86.8,2.0,0.0,0.0,0.0,0.0,-0.0,-0.0,-0.0,0.0,0.0,0.0,0.0,0.0,0.0,0.0,0.0,0.0,0.0,0.0,0.0,0.0,0.0,0.0,0.0,0.0,0.0,0.0,0.0,0.0,0.0,0.2,8.5,28.0
14:37:03.000,0.0,0.2,0.0,99.8,3787.2,3553.9,90.3,52.0,13.3,74.3,0.0,0.0,1,0,132.5,2.0,0.0,0.0,0.0,0.0,-0.0,-0.0,-0.0,0.0,0.0,0.0,0.0,0.0,0.0,1.0,0.0,1.0,0.0,0.0,0.0,27.9,0.0,27.9,7.0,0.0,7.0,4.0,0.0,4.0,0.0,0.2,8.5,28.0
14:37:04.000,0.0,0.2,0.0,99.8,3787.2,3553.6,90.3,52.0,13.3,74.3,0.0,0.0,1,0,89.8,2.0,0.0,0.0,0.0,0.0,-0.0,-0.0,-0.0,0.0,0.0,0.0,0.0,0.0,0.0,0.0,0.0,0.0,0.0,0.0,0.0,0.0,0.0,0.0,0.0,0.0,0.0,0.0,0.0,0.0,0.0,0.2,8.5,28.0
14:37:05.000,0.0,0.0,0.0,100.0,3787.2,3554.1,90.3,52.0,13.3,74.3,0.0,0.0,1,0,83.8,2.0,0.0,0.0,0.0,0.0,-0.0,-0.0,-0.0,0.0,0.0,0.0,0.0,0.0,0.0,0.0,0.0,0.0,0.0,0.0,0.0,0.0,0.0,0.0,0.0,0.0,0.0,0.0,0.0,0.0,0.0,0.2,8.5,28.0
14:37:06.000,0.0,0.5,0.2,99.3,3787.2,3553.9,90.3,52.0,13.3,74.3,0.0,0.0,1,0,157.6,3.0,0.0,0.0,0.0,0.0,-0.0,-0.0,-0.0,0.0,0.0,0.0,0.0,0.0,0.0,1.0,0.0,1.0,0.0,0.0,0.0,71.8,0.0,71.8,8.0,0.0,8.0,9.0,0.0,9.0,0.0,0.2,8.5,28.0
14:37:07.000,0.0,0.2,0.0,99.8,3787.2,3554.1,90.3,52.0,13.3,74.3,0.0,0.0,1,0,117.7,2.0,0.0,0.0,0.0,0.0,-0.0,-0.0,-0.0,0.0,0.0,0.0,0.0,0.0,0.0,0.0,0.0,0.0,0.0,0.0,0.0,0.0,0.0,0.0,0.0,0.0,0.0,0.0,0.0,0.0,0.0,0.2,8.5,28.0
14:37:08.000,0.0,0.0,0.0,100.0,3787.2,3554.4,90.3,52.0,13.3,74.3,0.0,0.0,1,0,102.6,2.0,0.0,0.0,0.0,0.0,-0.0,-0.0,-0.0,0.0,0.0,0.0,0.0,0.0,0.0,0.0,0.0,0.0,0.0,0.0,0.0,15.9,0.0,15.9,8.0,0.0,8.0,2.0,0.0,2.0,0.0,0.2,8.5,28.0
14:37:09.000,0.0,0.2,0.0,99.8,3787.2,3554.4,90.3,52.0,13.3,74.3,0.0,0.0,1,0,82.8,2.0,0.0,0.0,0.0,0.0,-0.0,-0.0,-0.0,0.0,0.0,0.0,0.0,0.0,0.0,0.0,0.0,0.0,0.0,0.0,0.0,0.0,0.0,0.0,0.0,0.0,0.0,0.0,0.0,0.0,0.0,0.2,8.5,28.0
14:37:10.000,0.0,0.2,0.0,99.8,3787.2,3554.6,90.3,52.0,13.3,74.3,0.0,0.0,1,0,91.8,2.0,0.0,0.0,0.0,0.0,-0.0,-0.0,-0.0,0.0,0.0,0.0,0.0,0.0,0.0,0.0,0.0,0.0,0.0,0.0,0.0,0.0,0.0,0.0,0.0,0.0,0.0,0.0,0.0,0.0,0.0,0.2,8.5,28.0
14:37:11.000,0.0,0.2,0.0,99.8,3787.2,3554.9,90.3,52.0,13.3,74.3,0.0,0.0,1,0,89.8,2.0,0.0,0.0,0.0,0.0,-0.0,-0.0,-0.0,0.0,0.0,0.0,0.0,0.0,0.0,0.0,0.0,0.0,0.0,0.0,0.0,0.0,0.0,0.0,0.0,0.0,0.0,0.0,0.0,0.0,0.0,0.2,8.5,28.0
14:37:12.000,0.2,0.0,0.0,99.8,3787.2,3554.9,90.3,52.0,13.3,74.3,0.0,0.0,1,0,79.8,2.0,0.0,0.0,0.0,0.0,-0.0,-0.0,-0.0,0.0,0.0,0.0,0.0,0.0,0.0,1.0,0.0,1.0,0.0,0.0,0.0,0.0,0.0,0.0,0.0,0.0,0.0,0.0,0.0,0.0,0.0,0.2,8.5,28.0
14:37:13.000,0.2,0.2,0.2,99.3,3787.2,3554.8,90.3,52.0,13.3,74.3,0.0,0.0,1,0,125.7,2.0,0.0,0.0,0.0,0.0,-0.0,-0.0,-0.0,0.0,0.0,0.0,0.0,0.0,0.0,0.0,0.0,0.0,0.0,0.0,0.0,19.9,0.0,19.9,6.7,0.0,6.7,3.0,0.0,3.0,0.0,0.2,8.5,28.0
14:37:14.000,0.0,0.0,0.0,100.0,3787.2,3554.9,90.3,52.0,13.3,74.4,0.0,0.0,1,0,81.8,2.0,0.0,0.0,0.0,0.0,-0.0,-0.0,-0.0,0.0,0.0,0.0,0.0,0.0,0.0,0.0,0.0,0.0,0.0,0.0,0.0,0.0,0.0,0.0,0.0,0.0,0.0,0.0,0.0,0.0,0.0,0.2,8.5,28.0
14:37:15.000,0.0,0.2,0.0,99.8,3787.2,3554.9,90.3,52.0,13.3,74.3,0.0,0.0,1,0,93.8,2.0,0.0,0.0,0.0,0.0,-0.0,-0.0,-0.0,0.0,0.0,0.0,0.0,0.0,0.0,0.0,0.0,0.0,0.0,0.0,0.0,0.0,0.0,0.0,0.0,0.0,0.0,0.0,0.0,0.0,0.0,0.2,8.5,28.0
14:37:16.000,0.0,0.2,0.0,99.8,3787.2,3555.4,90.3,52.0,13.3,74.3,0.0,0.0,1,0,89.8,2.0,0.0,0.0,0.0,0.0,-0.0,-0.0,-0.0,0.0,0.0,0.0,0.0,0.0,0.0,0.0,0.0,0.0,0.0,0.0,0.0,0.0,0.0,0.0,0.0,0.0,0.0,0.0,0.0,0.0,0.0,0.2,8.5,28.0
14:37:17.000,0.0,0.2,0.0,99.8,3787.2,3555.4,90.3,52.0,13.3,74.3,0.0,0.0,1,0,172.6,2.0,0.0,0.0,0.0,0.1,-0.0,-0.0,-0.1,0.0,0.0,2.0,0.0,0.0,1.0,0.0,0.0,0.0,0.0,0.0,0.0,0.0,0.0,0.0,0.0,0.0,0.0,0.0,0.0,0.0,0.0,0.2,8.5,28.0
14:37:18.000,0.0,0.2,0.0,99.8,3787.2,3555.6,90.3,52.0,13.3,74.3,0.0,0.0,1,0,115.6,2.0,0.0,0.0,0.0,0.0,-0.0,-0.0,-0.0,0.0,0.0,0.0,0.0,0.0,0.0,0.0,0.0,0.0,0.0,0.0,0.0,15.9,0.0,15.9,8.0,0.0,8.0,2.0,0.0,2.0,0.0,0.2,8.5,28.0
14:37:19.000,0.0,0.5,0.0,99.5,3787.2,3555.9,90.3,52.0,13.3,74.3,0.0,0.0,1,0,111.7,2.0,0.0,0.0,0.0,0.0,-0.0,-0.0,-0.0,0.0,0.0,0.0,0.0,0.0,0.0,0.0,0.0,0.0,0.0,0.0,0.0,0.0,0.0,0.0,0.0,0.0,0.0,0.0,0.0,0.0,0.0,0.2,8.5,28.0
14:37:20.000,0.0,0.0,0.0,100.0,3787.2,3555.9,90.3,52.0,13.3,74.3,0.0,0.0,1,0,87.8,2.0,0.0,0.0,0.0,0.0,-0.0,-0.0,-0.0,0.0,0.0,0.0,0.0,0.0,0.0,0.0,0.0,0.0,0.0,0.0,0.0,0.0,0.0,0.0,0.0,0.0,0.0,0.0,0.0,0.0,0.0,0.2,8.5,28.0
14:37:21.000,0.2,0.2,0.0,99.5,3787.2,3555.9,90.3,52.0,13.3,74.3,0.0,0.0,1,0,92.8,2.0,0.0,0.0,0.0,0.0,-0.0,-0.0,-0.0,0.0,0.0,0.0,0.0,0.0,0.0,0.0,0.0,0.0,0.0,0.0,0.0,0.0,0.0,0.0,0.0,0.0,0.0,0.0,0.0,0.0,0.0,0.2,8.5,28.0
14:37:22.000,0.2,0.0,0.0,99.8,3787.2,3556.1,90.3,52.0,13.3,74.3,0.0,0.0,1,0,113.7,2.0,0.0,0.0,0.0,0.0,-0.0,-0.0,-0.0,0.0,0.0,0.0,0.0,0.0,0.0,1.0,0.0,1.0,0.0,0.0,0.0,27.9,0.0,27.9,28.0,0.0,28.0,1.0,0.0,1.0,0.0,0.2,8.5,28.0
14:37:23.000,0.0,0.2,0.2,99.5,3787.2,3556.4,90.3,52.0,13.3,74.3,0.0,0.0,1,0,147.6,2.0,0.0,0.0,0.0,0.0,-0.0,-0.0,-0.0,0.0,0.0,0.0,0.0,0.0,0.0,1.0,0.0,1.0,0.0,0.0,0.0,51.9,0.0,51.9,7.4,0.0,7.4,7.0,0.0,7.0,0.0,0.2,8.5,28.0
14:37:24.000,0.0,0.2,0.0,99.8,3787.2,3556.1,90.3,52.0,13.3,74.3,0.0,0.0,1,0,135.7,2.0,0.0,0.0,0.0,0.0,-0.0,-0.0,-0.0,0.0,0.0,0.0,0.0,0.0,0.0,1.0,0.0,1.0,0.0,0.0,0.0,71.8,0.0,71.8,8.0,0.0,8.0,9.0,0.0,9.0,0.0,0.2,8.5,28.0
14:37:25.000,0.0,0.2,0.0,99.8,3787.2,3558.3,90.3,52.0,13.3,74.3,0.0,0.0,1,0,87.8,2.0,0.0,0.0,0.0,0.0,-0.0,-0.0,-0.0,0.0,0.0,0.0,0.0,0.0,0.0,0.0,0.0,0.0,0.0,0.0,0.0,0.0,0.0,0.0,0.0,0.0,0.0,0.0,0.0,0.0,0.0,0.2,8.5,28.0
14:37:26.000,0.0,0.2,0.0,99.8,3787.2,3558.3,90.3,52.0,13.3,74.3,0.0,0.0,1,0,83.8,2.0,0.0,0.0,0.0,0.0,-0.0,-0.0,-0.0,0.0,0.0,0.0,0.0,0.0,0.0,0.0,0.0,0.0,0.0,0.0,0.0,0.0,0.0,0.0,0.0,0.0,0.0,0.0,0.0,0.0,0.0,0.2,8.5,28.0
14:37:27.000,0.0,0.2,0.0,99.8,3787.2,3558.3,90.3,52.0,13.3,74.3,0.0,0.0,1,0,95.8,2.0,0.0,0.0,0.0,0.0,-0.0,-0.0,-0.0,0.0,0.0,0.0,0.0,0.0,0.0,0.0,0.0,0.0,0.0,0.0,0.0,0.0,0.0,0.0,0.0,0.0,0.0,0.0,0.0,0.0,0.0,0.2,8.5,28.0
14:37:28.000,0.5,0.7,0.0,98.8,3787.2,3557.8,90.4,52.1,13.3,74.3,0.0,0.0,1,0,242.1,9.0,0.0,0.0,0.0,0.1,-0.0,-0.0,-0.0,0.0,0.0,1.0,0.0,0.0,0.0,1.0,0.0,1.0,0.0,0.0,0.0,15.9,0.0,15.9,8.0,0.0,8.0,2.0,0.0,2.0,0.0,0.2,8.5,28.0
14:37:29.000,0.0,0.0,0.0,100.0,3787.2,3558.1,90.4,52.1,13.3,74.3,0.0,0.0,1,0,68.8,2.0,0.0,0.0,0.0,0.0,-0.0,-0.0,-0.0,0.0,0.0,0.0,0.0,0.0,0.0,0.0,0.0,0.0,0.0,0.0,0.0,0.0,0.0,0.0,0.0,0.0,0.0,0.0,0.0,0.0,0.0,0.2,8.5,28.0
14:37:30.000,0.0,0.2,0.0,99.8,3787.2,3558.1,90.4,52.1,13.3,74.3,0.0,0.0,1,0,97.8,2.0,0.0,0.0,0.0,0.0,-0.0,-0.0,-0.0,0.0,0.0,0.0,0.0,0.0,0.0,0.0,0.0,0.0,0.0,0.0,0.0,0.0,0.0,0.0,0.0,0.0,0.0,0.0,0.0,0.0,0.0,0.2,8.5,28.0
14:37:31.000,0.0,0.2,0.0,99.8,3787.2,3557.7,90.4,52.1,13.3,74.3,0.0,0.0,1,0,102.8,2.0,0.0,0.0,0.0,0.0,-0.0,-0.0,-0.0,0.0,0.0,0.0,0.0,0.0,0.0,0.0,0.0,0.0,0.0,0.0,0.0,0.0,0.0,0.0,0.0,0.0,0.0,0.0,0.0,0.0,0.0,0.2,8.5,28.0
14:37:32.000,0.0,0.2,0.0,99.8,3787.2,3557.5,90.3,52.1,13.3,74.5,0.0,0.0,1,0,108.7,2.0,0.0,0.0,0.0,0.0,-0.0,-0.0,-0.0,0.0,0.0,0.0,0.0,0.0,0.0,0.0,0.0,0.0,0.0,0.0,0.0,4.0,0.0,4.0,4.0,0.0,4.0,1.0,0.0,1.0,0.0,0.2,8.5,28.0
14:37:33.000,0.0,0.2,0.2,99.5,3787.2,3557.6,90.4,52.1,13.3,74.3,0.0,0.0,1,0,191.5,3.0,0.0,0.0,0.0,0.0,-0.0,-0.0,-0.0,0.0,0.0,0.0,0.0,0.0,0.0,1.0,0.0,1.0,0.0,0.0,0.0,107.7,0.0,107.7,8.3,0.0,8.3,13.0,0.0,13.0,0.0,0.2,8.5,28.0
14:37:34.000,0.0,0.2,0.0,99.8,3787.2,3557.3,90.4,52.1,13.3,74.3,0.0,0.0,1,0,83.8,2.0,0.0,0.0,0.0,0.0,-0.0,-0.0,-0.0,0.0,0.0,0.0,0.0,0.0,0.0,0.0,0.0,0.0,0.0,0.0,0.0,0.0,0.0,0.0,0.0,0.0,0.0,0.0,0.0,0.0,0.0,0.2,8.5,28.0
14:37:35.000,0.0,0.2,0.0,99.8,3787.2,3557.5,90.4,52.1,13.3,74.4,0.0,0.0,1,0,94.8,2.0,0.0,0.0,0.0,0.0,-0.0,-0.0,-0.0,0.0,0.0,0.0,0.0,0.0,0.0,0.0,0.0,0.0,0.0,0.0,0.0,0.0,0.0,0.0,0.0,0.0,0.0,0.0,0.0,0.0,0.0,0.2,8.5,28.0
14:37:36.000,0.0,0.2,0.0,99.8,3787.2,3557.1,90.4,52.1,13.3,74.3,0.0,0.0,1,0,88.8,2.0,0.0,0.0,0.0,0.0,-0.0,-0.0,-0.0,0.0,0.0,0.0,0.0,0.0,0.0,0.0,0.0,0.0,0.0,0.0,0.0,0.0,0.0,0.0,0.0,0.0,0.0,0.0,0.0,0.0,0.0,0.2,8.5,28.0
14:37:37.000,0.0,0.2,0.0,99.8,3787.2,3557.1,90.4,52.1,13.3,74.3,0.0,0.0,1,0,96.8,2.0,0.0,0.0,0.0,0.0,-0.0,-0.0,-0.0,0.0,0.0,0.0,0.0,0.0,0.0,1.0,0.0,1.0,0.0,0.0,0.0,0.0,0.0,0.0,0.0,0.0,0.0,0.0,0.0,0.0,0.0,0.2,8.5,28.0
14:37:38.000,0.0,0.0,0.2,99.8,3787.2,3556.8,90.4,52.1,13.3,74.3,0.0,0.0,1,0,124.6,2.0,0.0,0.0,0.0,0.0,-0.0,-0.0,-0.0,0.0,0.0,0.0,0.0,0.0,0.0,0.0,0.0,0.0,0.0,0.0,0.0,15.9,0.0,15.9,8.0,0.0,8.0,2.0,0.0,2.0,0.0,0.2,8.5,28.0
14:37:39.000,0.0,0.2,0.0,99.8,3787.2,3556.8,90.4,52.1,13.3,74.3,0.0,0.0,1,0,86.8,2.0,0.0,0.0,0.0,0.0,-0.0,-0.0,-0.0,0.0,0.0,0.0,0.0,0.0,0.0,0.0,0.0,0.0,0.0,0.0,0.0,0.0,0.0,0.0,0.0,0.0,0.0,0.0,0.0,0.0,0.0,0.2,8.5,28.0
14:37:40.000,0.0,0.2,0.0,99.8,3787.2,3556.6,90.4,52.1,13.3,74.3,0.0,0.0,1,0,89.8,2.0,0.0,0.0,0.0,0.0,-0.0,-0.0,-0.0,0.0,0.0,0.0,0.0,0.0,0.0,0.0,0.0,0.0,0.0,0.0,0.0,0.0,0.0,0.0,0.0,0.0,0.0,0.0,0.0,0.0,0.0,0.2,8.5,28.0
14:37:41.000,0.0,0.2,0.0,99.8,3787.2,3556.6,90.4,52.1,13.3,74.3,0.0,0.0,1,0,89.8,2.0,0.0,0.0,0.0,0.0,-0.0,-0.0,-0.0,0.0,0.0,0.0,0.0,0.0,0.0,0.0,0.0,0.0,0.0,0.0,0.0,0.0,0.0,0.0,0.0,0.0,0.0,0.0,0.0,0.0,0.0,0.2,8.5,28.0
14:37:42.000,0.0,0.2,0.0,99.8,3787.2,3556.6,90.4,52.1,13.3,74.3,0.0,0.0,1,0,94.8,2.0,0.0,0.0,0.0,0.0,-0.0,-0.0,-0.0,0.0,0.0,0.0,0.0,0.0,0.0,0.0,0.0,0.0,0.0,0.0,0.0,0.0,0.0,0.0,0.0,0.0,0.0,0.0,0.0,0.0,0.0,0.2,8.5,28.0
14:37:43.000,0.0,0.2,0.0,99.8,3787.2,3556.6,90.4,52.1,13.3,74.3,0.0,0.0,1,0,168.6,3.0,0.0,0.0,0.0,0.0,-0.0,-0.0,-0.0,0.0,0.0,0.0,0.0,0.0,0.0,1.0,0.0,1.0,0.0,0.0,0.0,19.9,0.0,19.9,6.7,0.0,6.7,3.0,0.0,3.0,0.0,0.2,8.5,28.0
14:37:44.000,0.0,0.2,0.0,99.8,3787.2,3556.4,90.4,52.1,13.3,74.3,0.0,0.0,1,0,92.8,2.0,0.0,0.0,0.0,0.0,-0.0,-0.0,-0.0,0.0,0.0,0.0,0.0,0.0,0.0,0.0,0.0,0.0,0.0,0.0,0.0,0.0,0.0,0.0,0.0,0.0,0.0,0.0,0.0,0.0,0.0,0.2,8.5,28.0
14:37:45.000,0.2,0.0,0.0,99.8,3787.2,3556.6,90.4,52.1,13.3,74.3,0.0,0.0,1,0,100.8,2.0,0.0,0.0,0.0,0.0,-0.0,-0.0,-0.0,0.0,0.0,0.0,0.0,0.0,0.0,0.0,0.0,0.0,0.0,0.0,0.0,0.0,0.0,0.0,0.0,0.0,0.0,0.0,0.0,0.0,0.0,0.2,8.5,28.0
14:37:46.000,0.0,0.2,0.0,99.8,3787.2,3556.6,90.4,52.1,13.3,74.3,0.0,0.0,1,0,88.8,2.0,0.0,0.0,0.0,0.0,-0.0,-0.0,-0.0,0.0,0.0,0.0,0.0,0.0,0.0,0.0,0.0,0.0,0.0,0.0,0.0,0.0,0.0,0.0,0.0,0.0,0.0,0.0,0.0,0.0,0.0,0.2,8.5,28.0
14:37:47.000,0.0,0.2,0.0,99.8,3787.2,3556.6,90.4,52.1,13.3,74.3,0.0,0.0,1,0,97.8,2.0,0.0,0.0,0.0,0.0,-0.0,-0.0,-0.0,0.0,0.0,0.0,0.0,0.0,0.0,0.0,0.0,0.0,0.0,0.0,0.0,0.0,0.0,0.0,0.0,0.0,0.0,0.0,0.0,0.0,0.0,0.2,8.5,28.0
14:37:48.000,0.0,0.2,0.2,99.5,3787.2,3556.6,90.4,52.1,13.4,74.3,0.0,0.0,1,0,132.5,2.0,0.0,0.0,0.0,0.0,-0.0,-0.0,-0.0,0.0,0.0,0.0,0.0,0.0,0.0,0.0,0.0,0.0,0.0,0.0,0.0,15.9,0.0,15.9,8.0,0.0,8.0,2.0,0.0,2.0,0.0,0.2,8.5,28.0
14:37:49.000,0.0,0.2,0.0,99.8,3787.2,3556.6,90.4,52.1,13.4,74.3,0.0,0.0,1,0,125.7,2.0,0.0,0.0,0.0,0.1,-0.0,-0.0,-0.0,0.0,0.0,1.0,0.0,0.0,0.0,0.0,0.0,0.0,0.0,0.0,0.0,0.0,0.0,0.0,0.0,0.0,0.0,0.0,0.0,0.0,0.0,0.2,8.5,28.0
14:37:50.000,0.0,0.2,0.0,99.8,3787.2,3556.6,90.4,52.1,13.4,74.3,0.0,0.0,1,0,90.8,2.0,0.0,0.0,0.0,0.0,-0.0,-0.0,-0.0,0.0,0.0,0.0,0.0,0.0,0.0,0.0,0.0,0.0,0.0,0.0,0.0,0.0,0.0,0.0,0.0,0.0,0.0,0.0,0.0,0.0,0.0,0.2,8.5,28.0
14:37:51.000,0.0,0.2,0.0,99.8,3787.2,3556.4,90.4,52.1,13.4,74.3,0.0,0.0,1,0,99.8,2.0,0.0,0.0,0.0,0.0,-0.0,-0.0,-0.0,0.0,0.0,0.0,0.0,0.0,0.0,0.0,0.0,0.0,0.0,0.0,0.0,0.0,0.0,0.0,0.0,0.0,0.0,0.0,0.0,0.0,0.0,0.2,8.5,28.0
14:37:52.000,0.0,0.2,0.0,99.8,3787.2,3556.6,90.4,52.1,13.4,74.3,0.0,0.0,1,0,126.7,2.0,0.0,0.0,0.0,0.1,-0.0,-0.0,-0.0,0.0,0.0,1.0,0.0,0.0,0.0,0.0,0.0,0.0,0.0,0.0,0.0,0.0,0.0,0.0,0.0,0.0,0.0,0.0,0.0,0.0,0.0,0.2,8.5,28.0
14:37:53.000,0.0,0.2,0.0,99.8,3787.2,3556.4,90.4,52.1,13.4,74.3,0.0,0.0,1,0,119.6,2.0,0.0,0.0,0.0,0.0,-0.0,-0.0,-0.0,0.0,0.0,0.0,0.0,0.0,0.0,0.0,0.0,0.0,0.0,0.0,0.0,19.9,0.0,19.9,6.7,0.0,6.7,3.0,0.0,3.0,0.0,0.2,8.5,28.0
14:37:54.000,0.0,0.0,0.0,100.0,3787.2,3556.5,90.4,52.1,13.4,74.2,0.0,0.0,1,0,95.8,2.0,0.0,0.0,0.0,0.0,-0.0,-0.0,-0.0,0.0,0.0,0.0,0.0,0.0,0.0,0.0,0.0,0.0,0.0,0.0,0.0,0.0,0.0,0.0,0.0,0.0,0.0,0.0,0.0,0.0,0.0,0.2,8.5,28.0
14:37:55.000,0.0,0.5,0.0,99.5,3787.2,3556.6,90.4,52.1,13.4,74.3,0.0,0.0,1,0,131.7,2.0,0.0,0.0,0.0,0.1,-0.0,-0.0,-0.0,0.0,0.0,1.0,0.0,0.0,0.0,0.0,0.0,0.0,0.0,0.0,0.0,0.0,0.0,0.0,0.0,0.0,0.0,0.0,0.0,0.0,0.0,0.2,8.5,28.0
14:37:56.000,0.2,0.0,0.0,99.8,3787.2,3556.6,90.4,52.1,13.4,74.3,0.0,0.0,1,0,85.8,2.0,0.0,0.0,0.0,0.0,-0.0,-0.0,-0.0,0.0,0.0,0.0,0.0,0.0,0.0,0.0,0.0,0.0,0.0,0.0,0.0,0.0,0.0,0.0,0.0,0.0,0.0,0.0,0.0,0.0,0.0,0.2,8.5,28.0
14:37:57.000,0.0,0.5,0.0,99.5,3787.2,3556.5,90.4,52.1,13.4,74.4,0.0,0.0,1,0,113.7,3.0,0.0,0.0,0.0,0.0,-0.0,-0.0,-0.0,0.0,0.0,0.0,0.0,0.0,0.0,1.0,0.0,1.0,0.0,0.0,0.0,27.9,0.0,27.9,28.0,0.0,28.0,1.0,0.0,1.0,0.0,0.2,8.5,28.0
14:37:58.000,0.0,0.0,0.2,99.8,3787.2,3556.5,90.4,52.1,13.4,74.4,0.0,0.0,1,0,129.7,2.0,0.0,0.0,0.0,0.0,-0.0,-0.0,-0.0,0.0,0.0,0.0,0.0,0.0,0.0,1.0,0.0,1.0,0.0,0.0,0.0,23.9,0.0,23.9,12.0,0.0,12.0,2.0,0.0,2.0,0.0,0.2,8.5,28.0
14:37:59.000,0.0,0.5,0.0,99.5,3787.2,3556.6,90.4,52.1,13.4,74.3,0.0,0.0,1,0,96.8,2.0,0.0,0.0,0.0,0.0,-0.0,-0.0,-0.0,0.0,0.0,0.0,0.0,0.0,0.0,0.0,0.0,0.0,0.0,0.0,0.0,0.0,0.0,0.0,0.0,0.0,0.0,0.0,0.0,0.0,0.0,0.2,8.5,28.0
14:38:00.000,0.2,0.0,0.0,99.8,3787.2,3556.6,90.4,52.1,13.4,74.4,0.0,0.0,1,0,89.8,2.0,0.0,0.0,0.0,0.0,-0.0,-0.0,-0.0,0.0,0.0,0.0,0.0,0.0,0.0,0.0,0.0,0.0,0.0,0.0,0.0,0.0,0.0,0.0,0.0,0.0,0.0,0.0,0.0,0.0,0.0,0.2,8.5,28.0
14:38:01.000,0.0,0.2,0.0,99.8,3787.2,3556.4,90.4,52.1,13.4,74.3,0.0,0.0,1,0,90.8,2.0,0.0,0.0,0.0,0.0,-0.0,-0.0,-0.0,0.0,0.0,0.0,0.0,0.0,0.0,0.0,0.0,0.0,0.0,0.0,0.0,0.0,0.0,0.0,0.0,0.0,0.0,0.0,0.0,0.0,0.0,0.2,8.5,28.0
14:38:02.000,0.0,0.2,0.0,99.8,3787.2,3556.4,90.4,52.1,13.4,74.4,0.0,0.0,1,0,97.8,2.0,0.0,0.0,0.0,0.0,-0.0,-0.0,-0.0,0.0,0.0,0.0,0.0,0.0,0.0,0.0,0.0,0.0,0.0,0.0,0.0,16.0,0.0,16.0,8.0,0.0,8.0,2.0,0.0,2.0,0.0,0.2,8.5,28.0
14:38:03.000,9.8,6.5,3.0,80.7,3787.2,3501.7,93.2,53.1,13.7,129.5,0.0,0.0,1,0,1768.4,27.9,0.0,0.0,0.0,0.2,-0.0,-0.0,-1.3,0.0,0.0,4.0,0.0,0.0,13.0,14.0,0.0,14.0,3243.5,0.0,3243.5,16.0,0.0,16.0,27.0,0.0,27.0,120.7,0.0,120.7,0.0,0.2,8.5,28.0
14:38:04.000,0.0,0.5,0.0,99.5,3787.2,3501.0,93.2,53.1,13.7,129.7,0.0,0.0,1,0,159.7,2.0,0.0,0.0,0.0,0.0,-0.0,-0.0,-0.7,0.0,0.0,0.0,0.0,0.0,10.0,0.0,0.0,0.0,0.0,0.0,0.0,0.0,0.0,0.0,0.0,0.0,0.0,0.0,0.0,0.0,0.0,0.2,8.5,28.0
14:38:05.000,0.0,0.0,0.0,100.0,3787.2,3501.0,93.2,53.1,13.7,129.6,0.0,0.0,1,0,99.8,2.0,0.0,0.0,0.0,0.0,-0.0,-0.0,-0.0,0.0,0.0,0.0,0.0,0.0,0.0,0.0,0.0,0.0,0.0,0.0,0.0,0.0,0.0,0.0,0.0,0.0,0.0,0.0,0.0,0.0,0.0,0.2,8.5,28.0
14:38:06.000,0.0,0.2,0.0,99.8,3787.2,3500.8,93.2,53.1,13.7,129.8,0.0,0.0,1,0,142.7,2.0,0.0,0.0,0.0,0.0,-0.0,-0.0,-0.7,0.0,0.0,0.0,0.0,0.0,10.0,0.0,0.0,0.0,0.0,0.0,0.0,0.0,0.0,0.0,0.0,0.0,0.0,0.0,0.0,0.0,0.0,0.2,8.5,28.0
14:38:07.000,0.0,0.2,0.0,99.8,3787.2,3500.5,93.2,53.1,13.7,129.7,0.0,0.0,1,0,102.7,2.0,0.0,0.0,0.0,0.0,-0.0,-0.0,-0.0,0.0,0.0,0.0,0.0,0.0,0.0,0.0,0.0,0.0,0.0,0.0,0.0,0.0,0.0,0.0,0.0,0.0,0.0,0.0,0.0,0.0,0.0,0.2,8.5,28.0
14:38:08.000,0.0,0.2,0.2,99.5,3787.2,3500.3,93.2,53.1,13.7,129.7,0.0,0.0,1,0,212.8,2.0,0.0,0.0,0.0,0.1,-0.0,-0.0,-0.1,0.0,0.0,2.0,0.0,0.0,2.0,0.0,0.0,0.0,0.0,0.0,0.0,55.7,0.0,55.7,28.0,0.0,28.0,2.0,0.0,2.0,0.0,0.2,8.5,28.0
14:38:09.000,0.0,0.2,0.0,99.8,3787.2,3500.0,93.2,53.1,13.7,129.7,0.0,0.0,1,0,86.8,2.0,0.0,0.0,0.0,0.0,-0.0,-0.0,-0.0,0.0,0.0,0.0,0.0,0.0,0.0,0.0,0.0,0.0,0.0,0.0,0.0,0.0,0.0,0.0,0.0,0.0,0.0,0.0,0.0,0.0,0.0,0.2,8.5,28.0
14:38:10.000,0.2,0.0,0.0,99.8,3787.2,3499.8,93.2,53.1,13.7,129.7,0.0,0.0,1,0,122.7,2.0,0.0,0.0,0.0,0.0,-0.0,-0.0,-0.7,0.0,0.0,0.0,0.0,0.0,10.0,0.0,0.0,0.0,0.0,0.0,0.0,0.0,0.0,0.0,0.0,0.0,0.0,0.0,0.0,0.0,0.0,0.2,8.5,28.0
14:38:11.000,0.0,0.5,0.0,99.5,3787.2,3499.3,93.2,53.1,13.7,129.7,0.0,0.0,1,0,106.7,2.0,0.0,0.0,0.0,0.0,-0.0,-0.0,-0.0,0.0,0.0,0.0,0.0,0.0,0.0,0.0,0.0,0.0,0.0,0.0,0.0,0.0,0.0,0.0,0.0,0.0,0.0,0.0,0.0,0.0,0.0,0.2,8.5,28.0
14:38:12.000,0.0,0.2,0.0,99.8,3787.2,3499.3,93.2,53.1,13.7,129.7,0.0,0.0,1,0,95.8,2.0,0.0,0.0,0.0,0.0,-0.0,-0.0,-0.0,0.0,0.0,0.0,0.0,0.0,0.0,1.0,0.0,1.0,0.0,0.0,0.0,0.0,0.0,0.0,0.0,0.0,0.0,0.0,0.0,0.0,0.0,0.2,8.5,28.0
14:38:13.000,0.2,0.2,0.0,99.5,3787.2,3498.8,93.2,53.1,13.7,129.7,0.0,0.0,1,0,228.2,3.0,0.0,0.0,0.0,0.0,-0.0,-0.0,-0.0,0.0,0.0,0.0,0.0,0.0,0.0,1.0,0.0,1.0,0.0,0.0,0.0,59.8,0.0,59.8,5.0,0.0,5.0,12.0,0.0,12.0,0.0,0.2,8.5,28.0
14:38:14.000,0.0,0.2,0.0,99.8,3787.2,3498.8,93.2,53.1,13.7,129.7,0.0,0.0,1,0,94.8,2.0,0.0,0.0,0.0,0.0,-0.0,-0.0,-0.0,0.0,0.0,0.0,0.0,0.0,0.0,0.0,0.0,0.0,0.0,0.0,0.0,0.0,0.0,0.0,0.0,0.0,0.0,0.0,0.0,0.0,0.0,0.2,8.5,28.0
14:38:15.000,0.0,0.2,0.0,99.8,3787.2,3498.5,93.2,53.1,13.7,129.7,0.0,0.0,1,0,93.8,2.0,0.0,0.0,0.0,0.0,-0.0,-0.0,-0.0,0.0,0.0,0.0,0.0,0.0,0.0,0.0,0.0,0.0,0.0,0.0,0.0,0.0,0.0,0.0,0.0,0.0,0.0,0.0,0.0,0.0,0.0,0.2,8.5,28.0
14:38:16.000,0.0,0.0,0.0,100.0,3787.2,3498.0,93.2,53.1,13.7,129.7,0.0,0.0,1,0,85.8,2.0,0.0,0.0,0.0,0.0,-0.0,-0.0,-0.0,0.0,0.0,0.0,0.0,0.0,0.0,0.0,0.0,0.0,0.0,0.0,0.0,0.0,0.0,0.0,0.0,0.0,0.0,0.0,0.0,0.0,0.0,0.2,8.5,28.0
14:38:17.000,0.0,0.2,0.0,99.8,3787.2,3498.0,93.2,53.1,13.7,129.7,0.0,0.0,1,0,87.8,2.0,0.0,0.0,0.0,0.0,-0.0,-0.0,-0.0,0.0,0.0,0.0,0.0,0.0,0.0,0.0,0.0,0.0,0.0,0.0,0.0,0.0,0.0,0.0,0.0,0.0,0.0,0.0,0.0,0.0,0.0,0.2,8.5,28.0
14:38:18.000,0.0,0.2,0.2,99.5,3787.2,3497.6,93.2,53.1,13.7,129.7,0.0,0.0,1,0,115.6,2.0,0.0,0.0,0.0,0.0,-0.0,-0.0,-0.0,0.0,0.0,0.0,0.0,0.0,0.0,0.0,0.0,0.0,0.0,0.0,0.0,15.9,0.0,15.9,8.0,0.0,8.0,2.0,0.0,2.0,0.0,0.2,8.5,28.0
14:38:19.000,0.0,0.2,0.0,99.8,3787.2,3497.6,93.2,53.1,13.7,129.7,0.0,0.0,1,0,138.7,2.0,0.0,0.0,0.0,0.0,-0.0,-0.0,-0.7,0.0,0.0,0.0,0.0,0.0,10.0,0.0,0.0,0.0,0.0,0.0,0.0,0.0,0.0,0.0,0.0,0.0,0.0,0.0,0.0,0.0,0.0,0.2,8.5,28.0
14:38:20.000,0.2,0.2,0.0,99.5,3787.2,3497.1,93.2,53.1,13.7,129.7,0.0,0.0,1,0,97.8,2.0,0.0,0.0,0.0,0.0,-0.0,-0.0,-0.0,0.0,0.0,0.0,0.0,0.0,0.0,0.0,0.0,0.0,0.0,0.0,0.0,0.0,0.0,0.0,0.0,0.0,0.0,0.0,0.0,0.0,0.0,0.2,8.5,28.0
14:38:21.000,0.0,0.0,0.0,100.0,3787.2,3497.1,93.2,53.1,13.7,129.8,0.0,0.0,1,0,79.8,2.0,0.0,0.0,0.0,0.0,-0.0,-0.0,-0.0,0.0,0.0,0.0,0.0,0.0,0.0,0.0,0.0,0.0,0.0,0.0,0.0,0.0,0.0,0.0,0.0,0.0,0.0,0.0,0.0,0.0,0.0,0.2,8.5,28.0
14:38:22.000,0.2,0.2,0.0,99.5,3787.2,3496.6,93.2,53.1,13.7,129.7,0.0,0.0,1,0,98.8,2.0,0.0,0.0,0.0,0.0,-0.0,-0.0,-0.0,0.0,0.0,0.0,0.0,0.0,0.0,0.0,0.0,0.0,0.0,0.0,0.0,0.0,0.0,0.0,0.0,0.0,0.0,0.0,0.0,0.0,0.0,0.2,8.5,28.0
14:38:23.000,0.0,0.2,0.0,99.8,3787.2,3496.6,93.2,53.1,13.7,129.8,0.0,0.0,1,0,140.5,2.0,0.0,0.0,0.0,0.0,-0.0,-0.0,-0.0,0.0,0.0,0.0,0.0,0.0,0.0,1.0,0.0,1.0,0.0,0.0,0.0,19.9,0.0,19.9,6.7,0.0,6.7,3.0,0.0,3.0,0.0,0.2,8.5,28.0
14:38:24.000,0.0,0.0,0.0,100.0,3787.2,3496.6,93.2,53.1,13.7,129.8,0.0,0.0,1,0,90.8,2.0,0.0,0.0,0.0,0.0,-0.0,-0.0,-0.0,0.0,0.0,0.0,0.0,0.0,0.0,0.0,0.0,0.0,0.0,0.0,0.0,0.0,0.0,0.0,0.0,0.0,0.0,0.0,0.0,0.0,0.0,0.2,8.5,28.0
14:38:25.000,0.0,0.2,0.0,99.8,3787.2,3496.6,93.2,53.1,13.7,129.7,0.0,0.0,1,0,84.8,2.0,0.0,0.0,0.0,0.0,-0.0,-0.0,-0.0,0.0,0.0,0.0,0.0,0.0,0.0,0.0,0.0,0.0,0.0,0.0,0.0,0.0,0.0,0.0,0.0,0.0,0.0,0.0,0.0,0.0,0.0,0.2,8.5,28.0
14:38:26.000,0.0,0.2,0.0,99.8,3787.2,3496.6,93.2,53.1,13.7,129.8,0.0,0.0,1,0,95.8,2.0,0.0,0.0,0.0,0.0,-0.0,-0.0,-0.0,0.0,0.0,0.0,0.0,0.0,0.0,0.0,0.0,0.0,0.0,0.0,0.0,0.0,0.0,0.0,0.0,0.0,0.0,0.0,0.0,0.0,0.0,0.2,8.5,28.0
14:38:27.000,0.0,0.0,0.0,100.0,3787.2,3496.6,93.2,53.1,13.7,129.9,0.0,0.0,1,0,90.8,2.0,0.0,0.0,0.0,0.0,-0.0,-0.0,-0.0,0.0,0.0,0.0,0.0,0.0,0.0,1.0,0.0,1.0,0.0,0.0,0.0,0.0,0.0,0.0,0.0,0.0,0.0,0.0,0.0,0.0,0.0,0.2,8.5,28.0
14:38:28.000,0.2,0.2,0.2,99.3,3787.2,3496.6,93.2,53.1,13.7,129.7,0.0,0.0,1,0,129.5,2.0,0.0,0.0,0.0,0.0,-0.0,-0.0,-0.0,0.0,0.0,0.0,0.0,0.0,0.0,0.0,0.0,0.0,0.0,0.0,0.0,39.9,0.0,39.9,13.3,0.0,13.3,3.0,0.0,3.0,0.0,0.2,8.5,28.0
14:38:29.000,0.0,0.2,0.0,99.8,3787.2,3496.6,93.2,53.1,13.7,129.7,0.0,0.0,1,0,96.8,2.0,0.0,0.0,0.0,0.0,-0.0,-0.0,-0.0,0.0,0.0,0.0,0.0,0.0,0.0,0.0,0.0,0.0,0.0,0.0,0.0,0.0,0.0,0.0,0.0,0.0,0.0,0.0,0.0,0.0,0.0,0.2,8.5,28.0
14:38:30.000,0.0,0.2,0.0,99.8,3787.2,3496.6,93.2,53.1,13.7,129.7,0.0,0.0,1,0,90.8,2.0,0.0,0.0,0.0,0.0,-0.0,-0.0,-0.0,0.0,0.0,0.0,0.0,0.0,0.0,0.0,0.0,0.0,0.0,0.0,0.0,0.0,0.0,0.0,0.0,0.0,0.0,0.0,0.0,0.0,0.0,0.2,8.5,28.0
14:38:31.000,0.2,0.0,0.0,99.8,3787.2,3496.6,93.2,53.1,13.7,129.9,0.0,0.0,1,0,92.8,2.0,0.0,0.0,0.0,0.0,-0.0,-0.0,-0.0,0.0,0.0,0.0,0.0,0.0,0.0,0.0,0.0,0.0,0.0,0.0,0.0,0.0,0.0,0.0,0.0,0.0,0.0,0.0,0.0,0.0,0.0,0.2,8.5,28.0
14:38:32.000,0.0,0.5,0.0,99.5,3787.2,3496.3,93.2,53.1,13.7,129.6,0.0,0.0,1,0,107.7,2.0,0.0,0.0,0.0,0.0,-0.0,-0.0,-0.0,0.0,0.0,0.0,0.0,0.0,0.0,0.0,0.0,0.0,0.0,0.0,0.0,0.0,0.0,0.0,0.0,0.0,0.0,0.0,0.0,0.0,0.0,0.2,8.5,28.0
14:38:33.000,0.0,0.2,0.0,99.8,3787.2,3496.3,93.2,53.1,13.7,129.8,0.0,0.0,1,0,195.1,2.0,0.0,0.0,0.0,0.1,-0.0,-0.0,-0.0,0.0,0.0,1.0,0.0,0.0,0.0,1.0,0.0,1.0,0.0,0.0,0.0,47.8,0.0,47.8,6.9,0.0,6.9,7.0,0.0,7.0,0.0,0.2,8.5,28.0
14:38:34.000,0.0,0.0,0.0,100.0,3787.2,3496.1,93.2,53.1,13.7,129.8,0.0,0.0,1,0,91.8,2.0,0.0,0.0,0.0,0.0,-0.0,-0.0,-0.0,0.0,0.0,0.0,0.0,0.0,0.0,0.0,0.0,0.0,0.0,0.0,0.0,0.0,0.0,0.0,0.0,0.0,0.0,0.0,0.0,0.0,0.0,0.2,8.5,28.0
14:38:35.000,0.2,0.2,0.0,99.5,3787.2,3496.3,93.2,53.1,13.7,129.8,0.0,0.0,1,0,122.7,2.0,0.0,0.0,0.0,0.0,-0.0,-0.0,-0.7,0.0,0.0,0.0,0.0,0.0,10.0,0.0,0.0,0.0,0.0,0.0,0.0,0.0,0.0,0.0,0.0,0.0,0.0,0.0,0.0,0.0,0.0,0.2,8.5,28.0
14:38:36.000,0.0,0.2,0.0,99.8,3787.2,3496.1,93.2,53.1,13.7,129.8,0.0,0.0,1,0,93.8,2.0,0.0,0.0,0.0,0.0,-0.0,-0.0,-0.0,0.0,0.0,0.0,0.0,0.0,0.0,0.0,0.0,0.0,0.0,0.0,0.0,0.0,0.0,0.0,0.0,0.0,0.0,0.0,0.0,0.0,0.0,0.2,8.5,28.0
14:38:37.000,0.0,0.0,0.0,100.0,3787.2,3496.2,93.2,53.1,13.7,129.8,0.0,0.0,1,0,89.8,2.0,0.0,0.0,0.0,0.0,-0.0,-0.0,-0.0,0.0,0.0,0.0,0.0,0.0,0.0,0.0,0.0,0.0,0.0,0.0,0.0,0.0,0.0,0.0,0.0,0.0,0.0,0.0,0.0,0.0,0.0,0.2,8.5,28.0
14:38:38.000,0.0,0.5,0.2,99.3,3787.2,3496.1,93.2,53.2,13.8,129.7,0.0,0.0,1,0,117.6,2.0,0.0,0.0,0.0,0.0,-0.0,-0.0,-0.0,0.0,0.0,0.0,0.0,0.0,0.0,0.0,0.0,0.0,0.0,0.0,0.0,15.9,0.0,15.9,8.0,0.0,8.0,2.0,0.0,2.0,0.0,0.2,8.5,28.0
14:38:39.000,0.0,0.5,0.0,99.5,3787.2,3492.1,93.3,53.2,13.8,133.6,0.0,0.0,1,0,106.7,2.0,0.0,0.0,0.0,0.0,-0.0,-0.0,-0.0,0.0,0.0,0.0,0.0,0.0,0.0,0.0,0.0,0.0,0.0,0.0,0.0,0.0,0.0,0.0,0.0,0.0,0.0,0.0,0.0,0.0,0.0,0.2,8.5,28.0
14:38:40.000,0.0,0.2,0.0,99.8,3787.2,3492.1,93.3,53.2,13.8,133.6,0.0,0.0,1,0,84.8,2.0,0.0,0.0,0.0,0.0,-0.0,-0.0,-0.0,0.0,0.0,0.0,0.0,0.0,0.0,0.0,0.0,0.0,0.0,0.0,0.0,0.0,0.0,0.0,0.0,0.0,0.0,0.0,0.0,0.0,0.0,0.2,8.5,28.0
14:38:41.000,0.0,0.2,0.0,99.8,3787.2,3492.1,93.3,53.2,13.8,133.6,0.0,0.0,1,0,96.8,2.0,0.0,0.0,0.0,0.0,-0.0,-0.0,-0.0,0.0,0.0,0.0,0.0,0.0,0.0,0.0,0.0,0.0,0.0,0.0,0.0,0.0,0.0,0.0,0.0,0.0,0.0,0.0,0.0,0.0,0.0,0.2,8.5,28.0
14:38:42.000,0.0,0.2,0.0,99.8,3787.2,3492.1,93.2,53.2,13.8,133.6,0.0,0.0,1,0,101.8,2.0,0.0,0.0,0.0,0.0,-0.0,-0.0,-0.0,0.0,0.0,0.0,0.0,0.0,0.0,0.0,0.0,0.0,0.0,0.0,0.0,0.0,0.0,0.0,0.0,0.0,0.0,0.0,0.0,0.0,0.0,0.2,8.5,28.0
14:38:43.000,0.2,0.0,0.0,99.8,3787.2,3492.1,93.3,53.2,13.8,133.6,0.0,0.0,1,0,148.4,2.0,0.0,0.0,0.0,0.0,-0.0,-0.0,-0.0,0.0,0.0,0.0,0.0,0.0,0.0,1.0,0.0,1.0,0.0,0.0,0.0,19.9,0.0,19.9,6.7,0.0,6.7,3.0,0.0,3.0,0.0,0.2,8.5,28.0
14:38:44.000,0.0,0.2,0.0,99.8,3787.2,3492.1,93.3,53.2,13.8,133.7,0.0,0.0,1,0,87.8,2.0,0.0,0.0,0.0,0.0,-0.0,-0.0,-0.0,0.0,0.0,0.0,0.0,0.0,0.0,0.0,0.0,0.0,0.0,0.0,0.0,0.0,0.0,0.0,0.0,0.0,0.0,0.0,0.0,0.0,0.0,0.2,8.5,28.0
14:38:45.000,0.0,0.5,0.0,99.5,3787.2,3492.1,93.3,53.2,13.8,133.6,0.0,0.0,1,0,95.8,2.0,0.0,0.0,0.0,0.0,-0.0,-0.0,-0.0,0.0,0.0,0.0,0.0,0.0,0.0,0.0,0.0,0.0,0.0,0.0,0.0,0.0,0.0,0.0,0.0,0.0,0.0,0.0,0.0,0.0,0.0,0.2,8.5,28.0
14:38:46.000,0.0,0.0,0.0,100.0,3787.2,3492.0,93.3,53.2,13.8,133.6,0.0,0.0,1,0,95.8,2.0,0.0,0.0,0.0,0.0,-0.0,-0.0,-0.0,0.0,0.0,0.0,0.0,0.0,0.0,0.0,0.0,0.0,0.0,0.0,0.0,0.0,0.0,0.0,0.0,0.0,0.0,0.0,0.0,0.0,0.0,0.2,8.5,28.0
14:38:47.000,0.0,0.0,0.0,100.0,3787.2,3492.1,93.3,53.2,13.8,133.7,0.0,0.0,1,0,109.7,2.0,0.0,0.0,0.0,0.0,-0.0,-0.0,-0.0,0.0,0.0,0.0,0.0,0.0,0.0,0.0,0.0,0.0,0.0,0.0,0.0,0.0,0.0,0.0,0.0,0.0,0.0,0.0,0.0,0.0,0.0,0.2,8.5,28.0
14:38:48.000,0.2,0.2,0.2,99.3,3787.2,3492.0,93.3,53.2,13.8,133.6,0.0,0.0,1,0,113.6,2.0,0.0,0.0,0.0,0.0,-0.0,-0.0,-0.0,0.0,0.0,0.0,0.0,0.0,0.0,0.0,0.0,0.0,0.0,0.0,0.0,15.9,0.0,15.9,8.0,0.0,8.0,2.0,0.0,2.0,0.0,0.2,8.5,28.0
14:38:49.000,0.0,0.5,0.0,99.5,3787.2,3486.7,93.3,53.2,13.8,138.7,0.0,0.0,1,0,107.7,2.0,0.0,0.0,0.0,0.0,-0.0,-0.0,-0.0,0.0,0.0,0.0,0.0,0.0,0.0,0.0,0.0,0.0,0.0,0.0,0.0,0.0,0.0,0.0,0.0,0.0,0.0,0.0,0.0,0.0,0.0,0.2,8.5,28.0
14:38:50.000,0.0,0.2,0.0,99.8,3787.2,3486.5,93.3,53.2,13.8,138.7,0.0,0.0,1,0,93.8,2.0,0.0,0.0,0.0,0.0,-0.0,-0.0,-0.0,0.0,0.0,0.0,0.0,0.0,0.0,0.0,0.0,0.0,0.0,0.0,0.0,0.0,0.0,0.0,0.0,0.0,0.0,0.0,0.0,0.0,0.0,0.2,8.5,28.0
14:38:51.000,0.0,0.2,0.0,99.8,3787.2,3486.8,93.3,53.2,13.8,138.8,0.0,0.0,1,0,97.8,2.0,0.0,0.0,0.0,0.0,-0.0,-0.0,-0.0,0.0,0.0,0.0,0.0,0.0,0.0,0.0,0.0,0.0,0.0,0.0,0.0,0.0,0.0,0.0,0.0,0.0,0.0,0.0,0.0,0.0,0.0,0.2,8.5,28.0
14:38:52.000,0.0,0.2,0.0,99.8,3787.2,3486.7,93.3,53.2,13.8,138.8,0.0,0.0,1,0,96.8,2.0,0.0,0.0,0.0,0.0,-0.0,-0.0,-0.0,0.0,0.0,0.0,0.0,0.0,0.0,0.0,0.0,0.0,0.0,0.0,0.0,0.0,0.0,0.0,0.0,0.0,0.0,0.0,0.0,0.0,0.0,0.2,8.5,28.0
14:38:53.000,0.0,0.0,0.0,100.0,3787.2,3486.4,93.3,53.2,13.8,138.7,0.0,0.0,1,0,133.5,2.0,0.0,0.0,0.0,0.0,-0.0,-0.0,-0.0,0.0,0.0,0.0,0.0,0.0,0.0,0.0,0.0,0.0,0.0,0.0,0.0,19.9,0.0,19.9,6.7,0.0,6.7,3.0,0.0,3.0,0.0,0.2,8.5,28.0
14:38:54.000,0.0,0.5,0.0,99.5,3787.2,3486.8,93.3,53.2,13.8,138.8,0.0,0.0,1,0,108.7,2.0,0.0,0.0,0.0,0.0,-0.0,-0.0,-0.0,0.0,0.0,0.0,0.0,0.0,0.0,0.0,0.0,0.0,0.0,0.0,0.0,0.0,0.0,0.0,0.0,0.0,0.0,0.0,0.0,0.0,0.0,0.2,8.5,28.0
14:38:55.000,0.0,0.0,0.0,100.0,3787.2,3486.5,93.3,53.2,13.8,138.7,0.0,0.0,1,0,93.8,2.0,0.0,0.0,0.0,0.0,-0.0,-0.0,-0.0,0.0,0.0,0.0,0.0,0.0,0.0,0.0,0.0,0.0,0.0,0.0,0.0,0.0,0.0,0.0,0.0,0.0,0.0,0.0,0.0,0.0,0.0,0.2,8.5,28.0
14:38:56.000,0.2,0.0,0.0,99.8,3787.2,3486.7,93.3,53.2,13.8,138.8,0.0,0.0,1,0,96.8,2.0,0.0,0.0,0.0,0.0,-0.0,-0.0,-0.0,0.0,0.0,0.0,0.0,0.0,0.0,0.0,0.0,0.0,0.0,0.0,0.0,0.0,0.0,0.0,0.0,0.0,0.0,0.0,0.0,0.0,0.0,0.2,8.5,28.0
14:38:57.000,0.0,0.2,0.0,99.8,3787.2,3486.4,93.3,53.2,13.8,138.7,0.0,0.0,1,0,95.8,2.0,0.0,0.0,0.0,0.0,-0.0,-0.0,-0.0,0.0,0.0,0.0,0.0,0.0,0.0,0.0,0.0,0.0,0.0,0.0,0.0,0.0,0.0,0.0,0.0,0.0,0.0,0.0,0.0,0.0,0.0,0.2,8.5,28.0
14:38:58.000,0.0,0.2,0.2,99.5,3787.2,3486.8,93.3,53.2,13.8,138.6,0.0,0.0,1,0,114.6,2.0,0.0,0.0,0.0,0.0,-0.0,-0.0,-0.0,0.0,0.0,0.0,0.0,0.0,0.0,1.0,0.0,1.0,0.0,0.0,0.0,15.9,0.0,15.9,8.0,0.0,8.0,2.0,0.0,2.0,0.0,0.2,8.5,28.0
14:38:59.000,0.0,0.5,0.0,99.5,3787.2,3481.0,93.3,53.2,13.8,143.9,0.0,0.0,1,0,126.7,2.0,0.0,0.0,0.0,0.0,-0.0,-0.0,-0.0,0.0,0.0,0.0,0.0,0.0,0.0,0.0,0.0,0.0,0.0,0.0,0.0,23.9,0.0,23.9,24.0,0.0,24.0,1.0,0.0,1.0,0.0,0.2,8.5,28.0
14:39:00.000,0.2,0.2,0.0,99.5,3787.2,3481.1,93.3,53.2,13.8,143.8,0.0,0.0,1,0,85.8,2.0,0.0,0.0,0.0,0.0,-0.0,-0.0,-0.0,0.0,0.0,0.0,0.0,0.0,0.0,0.0,0.0,0.0,0.0,0.0,0.0,0.0,0.0,0.0,0.0,0.0,0.0,0.0,0.0,0.0,0.0,0.2,8.5,28.0
14:39:01.000,0.0,0.2,0.0,99.8,3787.2,3480.9,93.3,53.2,13.8,143.9,0.0,0.0,1,0,92.8,2.0,0.0,0.0,0.0,0.0,-0.0,-0.0,-0.0,0.0,0.0,0.0,0.0,0.0,0.0,0.0,0.0,0.0,0.0,0.0,0.0,0.0,0.0,0.0,0.0,0.0,0.0,0.0,0.0,0.0,0.0,0.2,8.5,28.0
14:39:02.000,0.2,0.0,0.0,99.8,3787.2,3481.0,93.3,53.2,13.8,143.9,0.0,0.0,1,0,92.8,2.0,0.0,0.0,0.0,0.0,-0.0,-0.0,-0.0,0.0,0.0,0.0,0.0,0.0,0.0,0.0,0.0,0.0,0.0,0.0,0.0,0.0,0.0,0.0,0.0,0.0,0.0,0.0,0.0,0.0,0.0,0.2,8.5,28.0
14:39:03.000,0.0,0.5,0.2,99.3,3787.2,3481.0,93.3,53.2,13.8,143.9,0.0,0.0,1,0,180.9,2.0,0.0,0.0,0.0,0.1,-0.0,-0.0,-0.0,0.0,0.0,1.0,0.0,0.0,0.0,1.0,0.0,1.0,0.0,0.0,0.0,35.8,0.0,35.8,7.2,0.0,7.2,5.0,0.0,5.0,0.0,0.2,8.5,28.0
14:39:04.000,0.0,0.2,0.0,99.8,3787.2,3480.9,93.3,53.2,13.8,143.9,0.0,0.0,1,0,103.7,2.0,0.0,0.0,0.0,0.0,-0.0,-0.0,-0.0,0.0,0.0,0.0,0.0,0.0,0.0,0.0,0.0,0.0,0.0,0.0,0.0,4.0,0.0,4.0,4.0,0.0,4.0,1.0,0.0,1.0,0.0,0.2,8.5,28.0
14:39:05.000,0.0,0.2,0.0,99.8,3787.2,3481.0,93.3,53.2,13.8,143.9,0.0,0.0,1,0,78.8,2.0,0.0,0.0,0.0,0.0,-0.0,-0.0,-0.0,0.0,0.0,0.0,0.0,0.0,0.0,0.0,0.0,0.0,0.0,0.0,0.0,0.0,0.0,0.0,0.0,0.0,0.0,0.0,0.0,0.0,0.0,0.2,8.5,28.0
14:39:06.000,0.0,0.2,0.0,99.8,3787.2,3481.0,93.3,53.2,13.8,143.9,0.0,0.0,1,0,84.8,2.0,0.0,0.0,0.0,0.0,-0.0,-0.0,-0.0,0.0,0.0,0.0,0.0,0.0,0.0,0.0,0.0,0.0,0.0,0.0,0.0,0.0,0.0,0.0,0.0,0.0,0.0,0.0,0.0,0.0,0.0,0.2,8.5,28.0
14:39:07.000,0.0,0.2,0.0,99.8,3787.2,3481.0,93.3,53.2,13.8,143.9,0.0,0.0,1,0,122.7,2.0,0.0,0.0,0.0,0.0,-0.0,-0.0,-0.7,0.0,0.0,0.0,0.0,0.0,10.0,0.0,0.0,0.0,0.0,0.0,0.0,0.0,0.0,0.0,0.0,0.0,0.0,0.0,0.0,0.0,0.0,0.2,8.5,28.0
14:39:08.000,0.0,0.0,0.0,100.0,3787.2,3480.9,93.3,53.2,13.8,143.9,0.0,0.0,1,0,107.6,2.0,0.0,0.0,0.0,0.0,-0.0,-0.0,-0.0,0.0,0.0,0.0,0.0,0.0,0.0,0.0,0.0,0.0,0.0,0.0,0.0,15.9,0.0,15.9,8.0,0.0,8.0,2.0,0.0,2.0,0.0,0.2,8.5,28.0
14:39:10.000,0.0,0.2,0.0,99.8,3787.2,3480.8,93.3,53.2,13.8,143.9,0.0,0.0,1,0,82.8,2.0,0.0,0.0,0.0,0.0,-0.0,-0.0,-0.0,0.0,0.0,0.0,0.0,0.0,0.0,0.0,0.0,0.0,0.0,0.0,0.0,0.0,0.0,0.0,0.0,0.0,0.0,0.0,0.0,0.0,0.0,0.2,8.5,28.0
14:39:11.000,0.2,0.2,0.0,99.5,3787.2,3480.9,93.3,53.2,13.8,143.8,0.0,0.0,1,0,103.8,2.0,0.0,0.0,0.0,0.0,-0.0,-0.0,-0.0,0.0,0.0,0.0,0.0,0.0,0.0,0.0,0.0,0.0,0.0,0.0,0.0,0.0,0.0,0.0,0.0,0.0,0.0,0.0,0.0,0.0,0.0,0.2,8.5,28.0
14:39:12.000,0.0,0.2,0.0,99.8,3787.2,3480.8,93.3,53.2,13.8,143.8,0.0,0.0,1,0,109.8,2.0,0.0,0.0,0.0,0.0,-0.0,-0.0,-0.0,0.0,0.0,0.0,0.0,0.0,0.0,0.0,0.0,0.0,0.0,0.0,0.0,0.0,0.0,0.0,0.0,0.0,0.0,0.0,0.0,0.0,0.0,0.2,8.5,28.0
14:39:13.000,0.0,0.2,0.0,99.8,3787.2,3480.9,93.3,53.2,13.8,144.0,0.0,0.0,1,0,127.7,2.0,0.0,0.0,0.0,0.0,-0.0,-0.0,-0.0,0.0,0.0,1.0,0.0,0.0,1.0,1.0,0.0,1.0,0.0,0.0,0.0,0.0,0.0,0.0,0.0,0.0,0.0,0.0,0.0,0.0,0.0,0.2,8.5,28.0
14:39:14.000,0.0,0.2,0.2,99.5,3787.2,3480.9,93.3,53.2,13.8,144.0,0.0,0.0,1,0,131.5,2.0,0.0,0.0,0.0,0.0,-0.0,-0.0,-0.0,0.0,0.0,0.0,0.0,0.0,0.0,0.0,0.0,0.0,0.0,0.0,0.0,19.9,0.0,19.9,6.7,0.0,6.7,3.0,0.0,3.0,0.0,0.2,8.5,28.0
14:39:15.000,0.0,0.2,0.0,99.8,3787.2,3481.0,93.3,53.2,13.8,143.9,0.0,0.0,1,0,93.8,2.0,0.0,0.0,0.0,0.0,-0.0,-0.0,-0.0,0.0,0.0,0.0,0.0,0.0,0.0,0.0,0.0,0.0,0.0,0.0,0.0,0.0,0.0,0.0,0.0,0.0,0.0,0.0,0.0,0.0,0.0,0.2,8.5,28.0
14:39:16.000,0.0,0.0,0.0,100.0,3787.2,3480.9,93.3,53.2,13.8,143.9,0.0,0.0,1,0,103.8,2.0,0.0,0.0,0.0,0.0,-0.0,-0.0,-0.0,0.0,0.0,0.0,0.0,0.0,0.0,0.0,0.0,0.0,0.0,0.0,0.0,0.0,0.0,0.0,0.0,0.0,0.0,0.0,0.0,0.0,0.0,0.2,8.5,28.0
14:39:17.000,0.0,0.2,0.0,99.8,3787.2,3480.8,93.3,53.2,13.8,143.8,0.0,0.0,1,0,79.8,2.0,0.0,0.0,0.0,0.0,-0.0,-0.0,-0.0,0.0,0.0,0.0,0.0,0.0,0.0,0.0,0.0,0.0,0.0,0.0,0.0,0.0,0.0,0.0,0.0,0.0,0.0,0.0,0.0,0.0,0.0,0.2,8.5,28.0
14:39:18.000,0.2,0.2,0.0,99.5,3787.2,3480.9,93.3,53.2,13.8,143.9,0.0,0.0,1,0,85.8,2.0,0.0,0.0,0.0,0.0,-0.0,-0.0,-0.0,0.0,0.0,0.0,0.0,0.0,0.0,0.0,0.0,0.0,0.0,0.0,0.0,0.0,0.0,0.0,0.0,0.0,0.0,0.0,0.0,0.0,0.0,0.2,8.5,28.0
14:39:19.000,0.0,0.0,0.0,100.0,3787.2,3480.8,93.3,53.2,13.8,144.0,0.0,0.0,1,0,106.8,2.0,0.0,0.0,0.0,0.0,-0.0,-0.0,-0.0,0.0,0.0,0.0,0.0,0.0,0.0,1.0,0.0,1.0,0.0,0.0,0.0,16.0,0.0,16.0,8.0,0.0,8.0,2.0,0.0,2.0,0.0,0.2,8.5,28.0
14:39:20.000,0.0,0.5,0.0,99.5,3787.2,3480.9,93.3,53.2,13.8,143.7,0.0,0.0,1,0,88.8,2.0,0.0,0.0,0.0,0.0,-0.0,-0.0,-0.0,0.0,0.0,0.0,0.0,0.0,0.0,0.0,0.0,0.0,0.0,0.0,0.0,0.0,0.0,0.0,0.0,0.0,0.0,0.0,0.0,0.0,0.0,0.2,8.5,28.0
14:39:21.000,0.0,0.0,0.0,100.0,3787.2,3481.0,93.3,53.2,13.8,144.2,0.0,0.0,2,0,98.8,2.0,0.0,0.0,0.0,0.0,-0.0,-0.0,-0.0,0.0,0.0,0.0,0.0,0.0,0.0,0.0,0.0,0.0,0.0,0.0,0.0,0.0,0.0,0.0,0.0,0.0,0.0,0.0,0.0,0.0,0.0,0.2,8.5,28.0
14:39:22.000,0.0,0.2,0.0,99.8,3787.2,3481.0,93.3,53.2,13.8,144.3,0.0,0.0,2,0,176.7,0.0,0.0,0.0,0.0,0.1,-0.0,-0.0,-0.1,0.0,0.0,2.0,0.0,0.0,1.0,0.0,0.0,0.0,0.0,0.0,0.0,0.0,0.0,0.0,0.0,0.0,0.0,0.0,0.0,0.0,0.0,0.2,8.5,28.0
14:39:23.000,0.0,0.0,0.0,100.0,3787.2,3481.0,93.3,53.2,13.8,144.3,0.0,0.0,1,0,90.8,2.0,0.0,0.0,0.0,0.0,-0.0,-0.0,-0.0,0.0,0.0,0.0,0.0,0.0,0.0,0.0,0.0,0.0,0.0,0.0,0.0,0.0,0.0,0.0,0.0,0.0,0.0,0.0,0.0,0.0,0.0,0.2,8.5,28.0
14:39:24.000,0.2,0.2,0.2,99.3,3787.2,3480.8,93.3,53.2,13.8,144.2,0.0,0.0,1,0,129.6,2.0,0.0,0.0,0.0,0.0,-0.0,-0.0,-0.0,0.0,0.0,0.0,0.0,0.0,0.0,0.0,0.0,0.0,0.0,0.0,0.0,15.9,0.0,15.9,8.0,0.0,8.0,2.0,0.0,2.0,0.0,0.2,8.5,28.0
14:39:25.000,0.0,0.5,0.0,99.5,3787.2,3480.5,93.3,53.2,13.8,144.3,0.0,0.0,1,0,105.7,2.0,0.0,0.0,0.0,0.0,-0.0,-0.0,-0.0,0.0,0.0,0.0,0.0,0.0,0.0,0.0,0.0,0.0,0.0,0.0,0.0,0.0,0.0,0.0,0.0,0.0,0.0,0.0,0.0,0.0,0.0,0.2,8.5,28.0
14:39:26.000,0.0,0.0,0.0,100.0,3787.2,3480.5,93.3,53.2,13.8,144.3,0.0,0.0,1,0,84.8,2.0,0.0,0.0,0.0,0.0,-0.0,-0.0,-0.0,0.0,0.0,0.0,0.0,0.0,0.0,0.0,0.0,0.0,0.0,0.0,0.0,0.0,0.0,0.0,0.0,0.0,0.0,0.0,0.0,0.0,0.0,0.2,8.5,28.0
14:39:27.000,0.2,0.0,0.0,99.8,3787.2,3480.3,93.3,53.2,13.8,144.3,0.0,0.0,1,0,89.8,2.0,0.0,0.0,0.0,0.0,-0.0,-0.0,-0.0,0.0,0.0,0.0,0.0,0.0,0.0,0.0,0.0,0.0,0.0,0.0,0.0,0.0,0.0,0.0,0.0,0.0,0.0,0.0,0.0,0.0,0.0,0.2,8.5,28.0
14:39:28.000,0.0,0.2,0.0,99.8,3787.2,3480.3,93.3,53.2,13.8,144.3,0.0,0.0,1,0,99.8,2.0,0.0,0.0,0.0,0.0,-0.0,-0.0,-0.0,0.0,0.0,0.0,0.0,0.0,0.0,0.0,0.0,0.0,0.0,0.0,0.0,0.0,0.0,0.0,0.0,0.0,0.0,0.0,0.0,0.0,0.0,0.2,8.5,28.0
14:39:29.000,0.0,0.2,0.0,99.8,3787.2,3480.3,93.3,53.2,13.8,144.3,0.0,0.0,1,0,110.6,2.0,0.0,0.0,0.0,0.0,-0.0,-0.0,-0.0,0.0,0.0,0.0,0.0,0.0,0.0,1.0,0.0,1.0,0.0,0.0,0.0,15.9,0.0,15.9,8.0,0.0,8.0,2.0,0.0,2.0,0.0,0.2,8.5,28.0
14:39:30.000,0.2,0.2,0.0,99.5,3787.2,3480.3,93.3,53.2,13.8,144.3,0.0,0.0,1,0,92.8,2.0,0.0,0.0,0.0,0.0,-0.0,-0.0,-0.0,0.0,0.0,0.0,0.0,0.0,0.0,0.0,0.0,0.0,0.0,0.0,0.0,0.0,0.0,0.0,0.0,0.0,0.0,0.0,0.0,0.0,0.0,0.2,8.5,28.0
14:39:31.000,0.0,0.2,0.0,99.8,3787.2,3480.5,93.3,53.2,13.8,144.3,0.0,0.0,1,0,99.8,2.0,0.0,0.0,0.0,0.0,-0.0,-0.0,-0.0,0.0,0.0,0.0,0.0,0.0,0.0,0.0,0.0,0.0,0.0,0.0,0.0,0.0,0.0,0.0,0.0,0.0,0.0,0.0,0.0,0.0,0.0,0.2,8.5,28.0
14:39:32.000,0.0,0.2,0.0,99.8,3787.2,3480.5,93.3,53.2,13.8,144.3,0.0,0.0,1,0,99.8,2.0,0.0,0.0,0.0,0.0,-0.0,-0.0,-0.0,0.0,0.0,0.0,0.0,0.0,0.0,0.0,0.0,0.0,0.0,0.0,0.0,0.0,0.0,0.0,0.0,0.0,0.0,0.0,0.0,0.0,0.0,0.2,8.5,28.0
14:39:33.000,0.0,0.2,0.0,99.8,3787.2,3480.8,93.3,53.2,13.8,144.3,0.0,0.0,1,0,125.7,2.0,0.0,0.0,0.0,0.1,-0.0,-0.0,-0.0,0.0,0.0,1.0,0.0,0.0,0.0,0.0,0.0,0.0,0.0,0.0,0.0,0.0,0.0,0.0,0.0,0.0,0.0,0.0,0.0,0.0,0.0,0.2,8.5,28.0
14:39:34.000,0.0,0.2,0.2,99.5,3787.2,3480.8,93.3,53.2,13.8,144.3,0.0,0.0,1,0,125.6,2.0,0.0,0.0,0.0,0.0,-0.0,-0.0,-0.0,0.0,0.0,0.0,0.0,0.0,0.0,0.0,0.0,0.0,0.0,0.0,0.0,15.9,0.0,15.9,8.0,0.0,8.0,2.0,0.0,2.0,0.0,0.2,8.5,28.0
14:39:35.000,0.0,0.2,0.0,99.8,3787.2,3481.0,93.3,53.2,13.8,144.3,0.0,0.0,1,0,104.7,2.0,0.0,0.0,0.0,0.0,-0.0,-0.0,-0.0,0.0,0.0,0.0,0.0,0.0,0.0,1.0,0.0,1.0,0.0,0.0,0.0,31.9,0.0,31.9,16.0,0.0,16.0,2.0,0.0,2.0,0.0,0.2,8.5,28.0
14:39:36.000,0.0,0.0,0.0,100.0,3787.2,3481.0,93.3,53.2,13.8,144.3,0.0,0.0,1,0,108.7,2.0,0.0,0.0,0.0,0.0,-0.0,-0.0,-0.0,0.0,0.0,0.0,0.0,0.0,0.0,0.0,0.0,0.0,0.0,0.0,0.0,0.0,0.0,0.0,0.0,0.0,0.0,0.0,0.0,0.0,0.0,0.2,8.5,28.0
14:39:37.000,0.0,0.5,0.0,99.5,3787.2,3481.0,93.3,53.2,13.8,144.3,0.0,0.0,1,0,91.8,2.0,0.0,0.0,0.0,0.0,-0.0,-0.0,-0.0,0.0,0.0,0.0,0.0,0.0,0.0,0.0,0.0,0.0,0.0,0.0,0.0,0.0,0.0,0.0,0.0,0.0,0.0,0.0,0.0,0.0,0.0,0.2,8.5,28.0
14:39:38.000,0.0,0.0,0.0,100.0,3787.2,3481.0,93.3,53.2,13.8,144.4,0.0,0.0,1,0,80.8,2.0,0.0,0.0,0.0,0.0,-0.0,-0.0,-0.0,0.0,0.0,0.0,0.0,0.0,0.0,0.0,0.0,0.0,0.0,0.0,0.0,0.0,0.0,0.0,0.0,0.0,0.0,0.0,0.0,0.0,0.0,0.2,8.5,28.0
14:39:39.000,0.0,0.2,0.0,99.8,3787.2,3481.2,93.3,53.2,13.8,144.3,0.0,0.0,1,0,113.3,2.0,0.0,0.0,0.0,0.0,-0.0,-0.0,-0.0,0.0,0.0,0.0,0.0,0.0,0.0,0.0,0.0,0.0,0.0,0.0,0.0,23.9,0.0,23.9,12.0,0.0,12.0,2.0,0.0,2.0,0.0,0.2,8.5,28.0
14:39:40.000,0.2,0.2,0.0,99.5,3787.2,3481.2,93.3,53.3,13.8,144.3,0.0,0.0,1,0,89.8,2.0,0.0,0.0,0.0,0.0,-0.0,-0.0,-0.0,0.0,0.0,0.0,0.0,0.0,0.0,0.0,0.0,0.0,0.0,0.0,0.0,0.0,0.0,0.0,0.0,0.0,0.0,0.0,0.0,0.0,0.0,0.2,8.5,28.0
14:39:41.000,0.0,0.2,0.0,99.8,3787.2,3481.5,93.3,53.3,13.8,144.3,0.0,0.0,1,0,105.7,2.0,0.0,0.0,0.0,0.0,-0.0,-0.0,-0.0,0.0,0.0,0.0,0.0,0.0,0.0,0.0,0.0,0.0,0.0,0.0,0.0,0.0,0.0,0.0,0.0,0.0,0.0,0.0,0.0,0.0,0.0,0.2,8.5,28.0
14:39:42.000,0.0,0.2,0.0,99.8,3787.2,3481.5,93.3,53.3,13.8,144.4,0.0,0.0,1,0,86.8,2.0,0.0,0.0,0.0,0.0,-0.0,-0.0,-0.0,0.0,0.0,0.0,0.0,0.0,0.0,0.0,0.0,0.0,0.0,0.0,0.0,0.0,0.0,0.0,0.0,0.0,0.0,0.0,0.0,0.0,0.0,0.2,8.5,28.0
14:39:43.000,0.0,0.2,0.0,99.8,3787.2,3481.5,93.3,53.3,13.8,144.3,0.0,0.0,1,0,98.8,2.0,0.0,0.0,0.0,0.0,-0.0,-0.0,-0.0,0.0,0.0,0.0,0.0,0.0,0.0,1.0,0.0,1.0,0.0,0.0,0.0,0.0,0.0,0.0,0.0,0.0,0.0,0.0,0.0,0.0,0.0,0.2,8.5,28.0
14:39:44.000,0.0,0.2,0.2,99.5,3787.2,3481.6,93.3,53.3,13.9,144.4,0.0,0.0,1,0,141.5,2.0,0.0,0.0,0.0,0.0,-0.0,-0.0,-0.0,0.0,0.0,0.0,0.0,0.0,0.0,0.0,0.0,0.0,0.0,0.0,0.0,35.9,0.0,35.9,6.0,0.0,6.0,6.0,0.0,6.0,0.0,0.2,8.5,28.0
14:39:45.000,0.0,0.2,0.0,99.8,3787.2,3482.0,93.3,53.3,13.9,144.3,0.0,0.0,1,0,93.8,2.0,0.0,0.0,0.0,0.0,-0.0,-0.0,-0.0,0.0,0.0,0.0,0.0,0.0,0.0,0.0,0.0,0.0,0.0,0.0,0.0,0.0,0.0,0.0,0.0,0.0,0.0,0.0,0.0,0.0,0.0,0.2,8.5,28.0
14:39:46.000,0.0,0.0,0.0,100.0,3787.2,3482.0,93.3,53.3,13.9,144.3,0.0,0.0,1,0,89.8,2.0,0.0,0.0,0.0,0.0,-0.0,-0.0,-0.0,0.0,0.0,0.0,0.0,0.0,0.0,0.0,0.0,0.0,0.0,0.0,0.0,0.0,0.0,0.0,0.0,0.0,0.0,0.0,0.0,0.0,0.0,0.2,8.5,28.0
14:39:47.000,0.2,0.2,0.0,99.5,3787.2,3482.2,93.3,53.3,13.9,144.3,0.0,0.0,1,0,83.8,2.0,0.0,0.0,0.0,0.0,-0.0,-0.0,-0.0,0.0,0.0,0.0,0.0,0.0,0.0,0.0,0.0,0.0,0.0,0.0,0.0,0.0,0.0,0.0,0.0,0.0,0.0,0.0,0.0,0.0,0.0,0.2,8.5,28.0
14:39:48.000,0.0,0.0,0.0,100.0,3787.2,3482.4,93.3,53.3,13.9,144.2,0.0,0.0,1,0,104.7,2.0,0.0,0.0,0.0,0.0,-0.0,-0.0,-0.0,0.0,0.0,0.0,0.0,0.0,0.0,0.0,0.0,0.0,0.0,0.0,0.0,0.0,0.0,0.0,0.0,0.0,0.0,0.0,0.0,0.0,0.0,0.2,8.5,28.0
14:39:49.000,0.2,0.2,0.0,99.5,3787.2,3482.7,93.3,53.3,13.9,144.3,0.0,0.0,1,0,111.7,2.0,0.0,0.0,0.0,0.0,-0.0,-0.0,-0.0,0.0,0.0,0.0,0.0,0.0,0.0,1.0,0.0,1.0,0.0,0.0,0.0,16.0,0.0,16.0,8.0,0.0,8.0,2.0,0.0,2.0,0.0,0.2,8.5,28.0
14:39:50.000,0.0,0.2,0.0,99.8,3787.2,3482.9,93.3,53.3,13.9,144.4,0.0,0.0,1,0,86.8,2.0,0.0,0.0,0.0,0.0,-0.0,-0.0,-0.0,0.0,0.0,0.0,0.0,0.0,0.0,0.0,0.0,0.0,0.0,0.0,0.0,0.0,0.0,0.0,0.0,0.0,0.0,0.0,0.0,0.0,0.0,0.2,8.5,28.0
14:39:51.000,0.0,0.2,0.0,99.8,3787.2,3483.2,93.3,53.3,13.9,144.3,0.0,0.0,1,0,96.8,2.0,0.0,0.0,0.0,0.0,-0.0,-0.0,-0.0,0.0,0.0,0.0,0.0,0.0,0.0,0.0,0.0,0.0,0.0,0.0,0.0,0.0,0.0,0.0,0.0,0.0,0.0,0.0,0.0,0.0,0.0,0.2,8.5,28.0
14:39:52.000,0.0,0.2,0.0,99.8,3787.2,3483.5,93.3,53.3,13.9,144.3,0.0,0.0,1,0,84.8,2.0,0.0,0.0,0.0,0.0,-0.0,-0.0,-0.0,0.0,0.0,0.0,0.0,0.0,0.0,0.0,0.0,0.0,0.0,0.0,0.0,0.0,0.0,0.0,0.0,0.0,0.0,0.0,0.0,0.0,0.0,0.2,8.5,28.0
14:39:53.000,0.0,0.0,0.0,100.0,3787.2,3483.7,93.3,53.3,13.9,144.3,0.0,0.0,1,0,76.8,2.0,0.0,0.0,0.0,0.0,-0.0,-0.0,-0.0,0.0,0.0,0.0,0.0,0.0,0.0,0.0,0.0,0.0,0.0,0.0,0.0,0.0,0.0,0.0,0.0,0.0,0.0,0.0,0.0,0.0,0.0,0.2,8.5,28.0
14:39:54.000,0.0,0.5,0.2,99.3,3787.2,3484.0,93.3,53.3,13.9,144.3,0.0,0.0,1,0,135.5,2.0,0.0,0.0,0.0,0.0,-0.0,-0.0,-0.0,0.0,0.0,0.0,0.0,0.0,0.0,0.0,0.0,0.0,0.0,0.0,0.0,19.9,0.0,19.9,6.7,0.0,6.7,3.0,0.0,3.0,0.0,0.2,8.5,28.0
14:39:55.000,0.0,0.0,0.0,100.0,3787.2,3484.2,93.3,53.3,13.9,144.3,0.0,0.0,1,0,82.8,2.0,0.0,0.0,0.0,0.0,-0.0,-0.0,-0.0,0.0,0.0,0.0,0.0,0.0,0.0,0.0,0.0,0.0,0.0,0.0,0.0,0.0,0.0,0.0,0.0,0.0,0.0,0.0,0.0,0.0,0.0,0.2,8.5,28.0
14:39:56.000,0.0,0.2,0.0,99.8,3787.2,3484.2,93.3,53.3,13.9,144.3,0.0,0.0,1,0,92.8,2.0,0.0,0.0,0.0,0.0,-0.0,-0.0,-0.0,0.0,0.0,0.0,0.0,0.0,0.0,0.0,0.0,0.0,0.0,0.0,0.0,0.0,0.0,0.0,0.0,0.0,0.0,0.0,0.0,0.0,0.0,0.2,8.5,28.0
14:39:57.000,0.0,0.2,0.0,99.8,3787.2,3484.2,93.3,53.3,13.9,144.3,0.0,0.0,1,0,90.8,2.0,0.0,0.0,0.0,0.0,-0.0,-0.0,-0.0,0.0,0.0,0.0,0.0,0.0,0.0,0.0,0.0,0.0,0.0,0.0,0.0,0.0,0.0,0.0,0.0,0.0,0.0,0.0,0.0,0.0,0.0,0.2,8.5,28.0
14:39:58.000,0.2,0.2,0.0,99.5,3787.2,3484.4,93.3,53.3,13.9,144.3,0.0,0.0,1,0,86.8,2.0,0.0,0.0,0.0,0.0,-0.0,-0.0,-0.0,0.0,0.0,0.0,0.0,0.0,0.0,0.0,0.0,0.0,0.0,0.0,0.0,0.0,0.0,0.0,0.0,0.0,0.0,0.0,0.0,0.0,0.0,0.2,8.5,28.0
14:39:59.000,0.0,0.2,0.2,99.5,3787.2,3484.4,93.3,53.3,13.9,144.3,0.0,0.0,1,0,109.4,2.0,0.0,0.0,0.0,0.0,-0.0,-0.0,-0.0,0.0,0.0,0.0,0.0,0.0,0.0,1.0,0.0,1.0,0.0,0.0,0.0,15.9,0.0,15.9,8.0,0.0,8.0,2.0,0.0,2.0,0.0,0.2,8.5,28.0
14:40:00.000,0.2,0.2,0.0,99.5,3787.2,3484.7,93.3,53.3,13.9,144.3,0.0,0.0,1,0,95.8,2.0,0.0,0.0,0.0,0.0,-0.0,-0.0,-0.0,0.0,0.0,0.0,0.0,0.0,0.0,0.0,0.0,0.0,0.0,0.0,0.0,0.0,0.0,0.0,0.0,0.0,0.0,0.0,0.0,0.0,0.0,0.2,8.5,28.0
14:40:01.000,0.0,0.2,0.0,99.8,3787.2,3484.7,93.3,53.3,13.9,144.3,0.0,0.0,1,0,99.8,2.0,0.0,0.0,0.0,0.0,-0.0,-0.0,-0.0,0.0,0.0,0.0,0.0,0.0,0.0,0.0,0.0,0.0,0.0,0.0,0.0,0.0,0.0,0.0,0.0,0.0,0.0,0.0,0.0,0.0,0.0,0.2,8.5,28.0
14:40:02.000,0.0,0.2,0.0,99.8,3787.2,3484.9,93.3,53.3,13.9,144.3,0.0,0.0,1,0,93.8,2.0,0.0,0.0,0.0,0.0,-0.0,-0.0,-0.0,0.0,0.0,0.0,0.0,0.0,0.0,0.0,0.0,0.0,0.0,0.0,0.0,0.0,0.0,0.0,0.0,0.0,0.0,0.0,0.0,0.0,0.0,0.2,8.5,28.0
14:40:03.000,0.0,0.2,0.0,99.8,3787.2,3484.9,93.3,53.3,13.9,144.2,0.0,0.0,1,0,117.7,2.0,0.0,0.0,0.0,0.1,-0.0,-0.0,-0.0,0.0,0.0,1.0,0.0,0.0,0.0,0.0,0.0,0.0,0.0,0.0,0.0,0.0,0.0,0.0,0.0,0.0,0.0,0.0,0.0,0.0,0.0,0.2,8.5,28.0
14:40:04.000,0.0,0.0,0.2,99.8,3787.2,3484.9,93.3,53.3,13.9,144.3,0.0,0.0,1,0,132.4,2.0,0.0,0.0,0.0,0.0,-0.0,-0.0,-0.0,0.0,0.0,0.0,0.0,0.0,0.0,1.0,0.0,1.0,0.0,0.0,0.0,15.9,0.0,15.9,8.0,0.0,8.0,2.0,0.0,2.0,0.0,0.2,8.5,28.0
14:40:05.000,0.0,0.2,0.0,99.8,3787.2,3484.9,93.3,53.3,13.9,144.3,0.0,0.0,1,0,95.8,2.0,0.0,0.0,0.0,0.0,-0.0,-0.0,-0.0,0.0,0.0,0.0,0.0,0.0,0.0,0.0,0.0,0.0,0.0,0.0,0.0,0.0,0.0,0.0,0.0,0.0,0.0,0.0,0.0,0.0,0.0,0.2,8.5,28.0
14:40:06.000,0.0,0.2,0.0,99.8,3787.2,3484.9,93.3,53.3,13.9,144.3,0.0,0.0,1,0,112.7,2.0,0.0,0.0,0.0,0.0,-0.0,-0.0,-0.0,0.0,0.0,0.0,0.0,0.0,0.0,0.0,0.0,0.0,0.0,0.0,0.0,27.9,0.0,27.9,14.0,0.0,14.0,2.0,0.0,2.0,0.0,0.2,8.5,28.0
14:40:07.000,0.0,0.2,0.0,99.8,3787.2,3484.7,93.3,53.3,13.9,144.3,0.0,0.0,1,0,92.8,2.0,0.0,0.0,0.0,0.0,-0.0,-0.0,-0.0,0.0,0.0,0.0,0.0,0.0,0.0,0.0,0.0,0.0,0.0,0.0,0.0,0.0,0.0,0.0,0.0,0.0,0.0,0.0,0.0,0.0,0.0,0.2,8.5,28.0
14:40:08.000,0.2,0.0,0.0,99.8,3787.2,3484.7,93.3,53.3,13.9,144.3,0.0,0.0,1,0,108.7,2.0,0.0,0.0,0.0,0.0,-0.0,-0.0,-0.0,0.0,0.0,0.0,0.0,0.0,0.0,0.0,0.0,0.0,0.0,0.0,0.0,0.0,0.0,0.0,0.0,0.0,0.0,0.0,0.0,0.0,0.0,0.2,8.5,28.0
14:40:09.000,0.2,0.2,0.0,99.5,3787.2,3484.4,93.3,53.3,13.9,144.3,0.0,0.0,1,0,118.5,2.0,0.0,0.0,0.0,0.0,-0.0,-0.0,-0.0,0.0,0.0,0.0,0.0,0.0,0.0,0.0,0.0,0.0,0.0,0.0,0.0,23.9,0.0,23.9,12.0,0.0,12.0,2.0,0.0,2.0,0.0,0.2,8.5,28.0
14:40:10.000,0.0,0.5,0.0,99.5,3787.2,3484.2,93.3,53.3,13.9,144.3,0.0,0.0,1,0,88.8,2.0,0.0,0.0,0.0,0.0,-0.0,-0.0,-0.0,0.0,0.0,0.0,0.0,0.0,0.0,0.0,0.0,0.0,0.0,0.0,0.0,0.0,0.0,0.0,0.0,0.0,0.0,0.0,0.0,0.0,0.0,0.2,8.5,28.0
14:40:11.000,0.0,0.2,0.0,99.8,3787.2,3484.3,93.3,53.3,13.9,144.3,0.0,0.0,1,0,95.8,2.0,0.0,0.0,0.0,0.0,-0.0,-0.0,-0.0,0.0,0.0,0.0,0.0,0.0,0.0,0.0,0.0,0.0,0.0,0.0,0.0,0.0,0.0,0.0,0.0,0.0,0.0,0.0,0.0,0.0,0.0,0.2,8.5,28.0
14:40:12.000,0.0,0.0,0.0,100.0,3787.2,3484.0,93.3,53.3,13.9,144.3,0.0,0.0,1,0,108.7,2.0,0.0,0.0,0.0,0.0,-0.0,-0.0,-0.0,0.0,0.0,0.0,0.0,0.0,0.0,0.0,0.0,0.0,0.0,0.0,0.0,0.0,0.0,0.0,0.0,0.0,0.0,0.0,0.0,0.0,0.0,0.2,8.5,28.0
14:40:13.000,0.2,0.2,0.0,99.5,3787.2,3484.2,93.3,53.3,13.9,144.3,0.0,0.0,1,0,100.8,2.0,0.0,0.0,0.0,0.0,-0.0,-0.0,-0.0,0.0,0.0,0.0,0.0,0.0,0.0,0.0,0.0,0.0,0.0,0.0,0.0,0.0,0.0,0.0,0.0,0.0,0.0,0.0,0.0,0.0,0.0,0.2,8.5,28.0
14:40:14.000,66.2,12.8,0.2,20.8,3787.2,3382.8,93.3,53.3,13.9,257.6,0.0,0.0,13,0,5728.4,12.0,0.0,0.0,0.0,0.1,-0.0,-0.0,-0.1,0.0,0.0,1.0,0.0,0.0,1.0,2.0,0.0,2.0,0.0,0.0,0.0,27.9,0.0,27.9,5.6,0.0,5.6,5.0,0.0,5.0,0.0,0.2,8.5,28.0
14:40:15.000,88.0,12.0,0.0,0.0,3787.2,3283.4,93.3,53.3,13.9,356.8,0.0,0.0,11,0,5728.6,2.0,0.0,0.0,0.0,0.0,-0.0,-0.0,-0.0,0.0,0.0,0.0,0.0,0.0,0.0,0.0,0.0,0.0,0.0,0.0,0.0,0.0,0.0,0.0,0.0,0.0,0.0,0.0,0.0,0.0,0.0,0.2,8.5,28.0
14:40:16.000,84.8,15.2,0.0,0.0,3787.2,3190.1,93.3,53.3,13.9,450.1,0.0,0.0,11,0,5888.1,2.0,0.0,0.0,0.0,0.0,-0.0,-0.0,-0.0,0.0,0.0,0.0,0.0,0.0,0.0,0.0,0.0,0.0,0.0,0.0,0.0,0.0,0.0,0.0,0.0,0.0,0.0,0.0,0.0,0.0,0.0,0.2,8.5,28.0
14:40:17.000,88.0,12.0,0.0,0.0,3787.2,3095.4,93.3,53.3,13.9,544.7,0.0,0.0,11,0,5898.6,2.0,0.0,0.0,0.0,0.0,-0.0,-0.0,-0.0,0.0,0.0,0.0,0.0,0.0,0.0,0.0,0.0,0.0,0.0,0.0,0.0,0.0,0.0,0.0,0.0,0.0,0.0,0.0,0.0,0.0,0.0,0.2,8.5,28.0
14:40:18.000,89.3,10.7,0.0,0.0,3787.2,3014.7,93.3,53.3,13.9,625.3,0.0,0.0,12,0,5043.1,2.0,0.0,0.0,0.0,0.0,-0.0,-0.0,-0.0,0.0,0.0,0.0,0.0,0.0,0.0,0.0,0.0,0.0,0.0,0.0,0.0,16.0,0.0,16.0,8.0,0.0,8.0,2.0,0.0,2.0,0.0,0.2,8.5,28.0
14:40:19.000,92.3,7.7,0.0,0.0,3787.2,2979.7,93.3,53.3,13.9,660.5,0.0,0.0,11,0,2296.7,2.0,0.0,0.0,0.0,0.0,-0.0,-0.0,-0.0,0.0,0.0,1.0,0.0,0.0,1.0,0.0,0.0,0.0,0.0,0.0,0.0,0.0,0.0,0.0,0.0,0.0,0.0,0.0,0.0,0.0,0.0,0.2,8.5,28.0
14:40:20.000,85.5,14.5,0.0,0.0,3787.2,2873.4,93.3,53.3,13.9,766.7,0.0,0.0,11,0,5705.6,2.0,0.0,0.0,0.0,0.0,-0.0,-0.0,-0.0,0.0,0.0,0.0,0.0,0.0,0.0,0.0,0.0,0.0,0.0,0.0,0.0,0.0,0.0,0.0,0.0,0.0,0.0,0.0,0.0,0.0,0.0,0.2,8.5,28.0
14:40:21.000,94.3,5.7,0.0,0.0,3787.2,2844.6,93.3,53.3,13.9,795.4,0.0,0.0,11,0,2187.1,2.0,0.0,0.0,0.0,0.0,-0.0,-0.0,-0.0,0.0,0.0,0.0,0.0,0.0,0.0,0.0,0.0,0.0,0.0,0.0,0.0,0.0,0.0,0.0,0.0,0.0,0.0,0.0,0.0,0.0,0.0,0.2,8.5,28.0
14:40:22.000,84.8,15.2,0.0,0.0,3787.2,2728.0,93.3,53.3,13.9,911.5,0.0,0.0,11,0,7168.5,2.0,0.0,0.0,0.0,0.0,-0.0,-0.0,-0.0,0.0,0.0,0.0,0.0,0.0,0.0,0.0,0.0,0.0,0.0,0.0,0.0,0.0,0.0,0.0,0.0,0.0,0.0,0.0,0.0,0.0,0.0,0.2,8.5,28.0
14:40:23.000,91.5,8.5,0.0,0.0,3787.2,2682.4,93.3,53.3,13.9,957.4,0.0,0.0,11,0,2865.1,2.0,0.0,0.0,0.0,0.0,-0.0,-0.0,-0.0,0.0,0.0,0.0,0.0,0.0,0.0,1.0,0.0,1.0,0.0,0.0,0.0,16.0,0.0,16.0,8.0,0.0,8.0,2.0,0.0,2.0,0.0,0.2,8.5,28.0
14:40:24.000,87.8,12.2,0.0,0.0,3787.2,2613.3,93.3,53.3,13.9,1026.7,0.0,0.0,11,0,4412.2,2.0,0.0,0.0,0.0,0.2,-0.0,-0.0,-0.3,0.0,0.0,3.0,0.0,0.0,3.0,0.0,0.0,0.0,0.0,0.0,0.0,4.0,0.0,4.0,4.0,0.0,4.0,1.0,0.0,1.0,0.0,0.2,8.5,28.0
14:40:25.000,81.3,18.4,0.0,0.2,3787.2,2486.8,93.3,53.3,13.9,1153.2,0.0,0.0,12,0,8157.8,2.0,0.0,0.0,0.0,0.0,-0.0,-0.0,-0.0,0.0,0.0,0.0,0.0,0.0,0.0,0.0,0.0,0.0,0.0,0.0,0.0,0.0,0.0,0.0,0.0,0.0,0.0,0.0,0.0,0.0,0.0,0.2,8.5,28.0
14:40:26.000,94.5,5.5,0.0,0.0,3787.2,2467.1,93.3,53.3,13.9,1172.8,0.0,0.0,12,0,1511.1,2.0,0.0,0.0,0.0,0.0,-0.0,-0.0,-0.0,0.0,0.0,0.0,0.0,0.0,0.0,0.0,0.0,0.0,0.0,0.0,0.0,0.0,0.0,0.0,0.0,0.0,0.0,0.0,0.0,0.0,0.0,0.2,8.5,28.0
14:40:27.000,89.8,10.2,0.0,0.0,3787.2,2397.5,93.3,53.3,13.9,1242.4,0.0,0.0,11,0,3917.5,2.0,0.0,0.0,0.0,0.0,-0.0,-0.0,-0.0,0.0,0.0,0.0,0.0,0.0,0.0,0.0,0.0,0.0,0.0,0.0,0.0,0.0,0.0,0.0,0.0,0.0,0.0,0.0,0.0,0.0,0.0,0.2,8.5,28.0
14:40:28.000,81.8,18.2,0.0,0.0,3787.2,2243.2,93.3,53.3,13.9,1396.7,0.0,0.0,11,0,7672.4,2.0,0.0,0.0,0.0,0.0,-0.0,-0.0,-0.0,0.0,0.0,0.0,0.0,0.0,0.0,1.0,0.0,1.0,0.0,0.0,0.0,16.0,0.0,16.0,8.0,0.0,8.0,2.0,0.0,2.0,0.0,0.2,8.5,28.0
14:40:29.000,92.1,7.9,0.0,0.0,3787.2,2204.0,93.3,53.3,13.9,1435.4,0.0,0.0,11,0,2494.4,2.0,0.0,0.0,0.0,0.0,-0.0,-0.0,-0.0,0.0,0.0,0.0,0.0,0.0,0.0,0.0,0.0,0.0,0.0,0.0,0.0,0.0,0.0,0.0,0.0,0.0,0.0,0.0,0.0,0.0,0.0,0.2,8.5,28.0
14:40:30.000,95.5,4.5,0.0,0.0,3787.2,2187.3,93.3,53.3,13.9,1452.3,0.0,0.0,11,0,1417.2,2.0,0.0,0.0,0.0,0.0,-0.0,-0.0,-0.0,0.0,0.0,0.0,0.0,0.0,0.0,0.0,0.0,0.0,0.0,0.0,0.0,0.0,0.0,0.0,0.0,0.0,0.0,0.0,0.0,0.0,0.0,0.2,8.5,28.0
14:40:31.000,86.0,14.0,0.0,0.0,3787.2,2081.2,93.3,53.3,13.9,1558.2,0.0,0.0,13,0,5752.1,2.0,0.0,0.0,0.0,0.0,-0.0,-0.0,-0.0,0.0,0.0,0.0,0.0,0.0,0.0,0.0,0.0,0.0,0.0,0.0,0.0,0.0,0.0,0.0,0.0,0.0,0.0,0.0,0.0,0.0,0.0,0.2,8.5,28.0
14:40:32.000,83.8,15.9,0.0,0.2,3787.2,1929.1,93.3,53.3,13.9,1710.1,0.0,0.0,13,0,7829.7,2.0,0.0,0.0,0.0,0.0,-0.0,-0.0,-0.0,0.0,0.0,0.0,0.0,0.0,0.0,0.0,0.0,0.0,0.0,0.0,0.0,0.0,0.0,0.0,0.0,0.0,0.0,0.0,0.0,0.0,0.0,0.2,8.5,28.0
14:40:33.000,91.0,9.0,0.0,0.0,3787.2,1884.6,93.3,53.3,13.9,1755.0,0.0,0.0,11,0,2840.8,2.0,0.0,0.0,0.0,0.1,-0.0,-0.0,-0.0,0.0,0.0,1.0,0.0,0.0,0.0,0.0,0.0,0.0,0.0,0.0,0.0,15.9,0.0,15.9,8.0,0.0,8.0,2.0,0.0,2.0,0.0,0.2,8.5,28.0
14:40:34.000,96.5,3.5,0.0,0.0,3787.2,1870.6,93.3,53.3,13.9,1769.1,0.0,0.0,12,0,1239.9,1.0,0.0,0.0,0.0,0.1,-0.0,-0.0,-0.1,0.0,0.0,1.0,0.0,0.0,1.0,0.0,0.0,0.0,0.0,0.0,0.0,4.0,0.0,4.0,4.0,0.0,4.0,1.0,0.0,1.0,0.0,0.2,8.5,28.0
14:40:35.000,91.2,8.8,0.0,0.0,3787.2,1805.4,93.3,53.3,13.9,1833.9,0.0,0.0,11,0,3854.2,1.0,0.0,0.0,0.0,0.0,-0.0,-0.0,-0.0,0.0,0.0,0.0,0.0,0.0,0.0,0.0,0.0,0.0,0.0,0.0,0.0,0.0,0.0,0.0,0.0,0.0,0.0,0.0,0.0,0.0,0.0,0.2,8.5,28.0
14:40:36.000,84.5,15.5,0.0,0.0,3787.2,1667.5,93.3,53.3,13.9,1971.6,0.0,0.0,11,0,7868.2,2.0,0.0,0.0,0.0,0.0,-0.0,-0.0,-0.0,0.0,0.0,0.0,0.0,0.0,0.0,0.0,0.0,0.0,0.0,0.0,0.0,0.0,0.0,0.0,0.0,0.0,0.0,0.0,0.0,0.0,0.0,0.2,8.5,28.0
14:40:37.000,83.0,17.0,0.0,0.0,3787.2,1547.4,93.3,53.3,13.9,2092.0,0.0,0.0,12,0,7505.8,2.0,0.0,0.0,0.0,0.0,-0.0,-0.0,-0.0,0.0,0.0,0.0,0.0,0.0,0.0,1.0,0.0,1.0,0.0,0.0,0.0,28.0,0.0,28.0,14.0,0.0,14.0,2.0,0.0,2.0,0.0,0.2,8.5,28.0
14:40:38.000,87.3,12.7,0.0,0.0,3787.2,1480.3,93.3,53.3,13.9,2159.0,0.0,0.0,11,0,3988.1,2.0,0.0,0.0,0.0,0.0,-0.0,-0.0,-0.0,0.0,0.0,0.0,0.0,0.0,0.0,1.0,0.0,1.0,0.0,0.0,0.0,23.9,0.0,23.9,12.0,0.0,12.0,2.0,0.0,2.0,0.0,0.2,8.5,28.0
14:40:39.000,96.3,3.7,0.0,0.0,3787.2,1466.0,93.3,53.3,13.9,2173.0,0.0,0.0,11,0,1191.7,2.0,0.0,0.0,0.0,0.0,-0.0,-0.0,-0.0,0.0,0.0,0.0,0.0,0.0,0.0,0.0,0.0,0.0,0.0,0.0,0.0,0.0,0.0,0.0,0.0,0.0,0.0,0.0,0.0,0.0,0.0,0.2,8.5,28.0
14:40:40.000,94.5,5.5,0.0,0.0,3787.2,1439.9,93.3,53.3,13.9,2199.0,0.0,0.0,11,0,1991.2,2.0,0.0,0.0,0.0,0.0,-0.0,-0.0,-0.0,0.0,0.0,0.0,0.0,0.0,0.0,0.0,0.0,0.0,0.0,0.0,0.0,0.0,0.0,0.0,0.0,0.0,0.0,0.0,0.0,0.0,0.0,0.2,8.5,28.0
14:40:41.000,88.5,11.5,0.0,0.0,3787.2,1347.9,93.3,53.3,13.9,2291.2,0.0,0.0,11,0,5198.1,2.0,0.0,0.0,0.0,0.0,-0.0,-0.0,-0.0,0.0,0.0,0.0,0.0,0.0,0.0,0.0,0.0,0.0,0.0,0.0,0.0,0.0,0.0,0.0,0.0,0.0,0.0,0.0,0.0,0.0,0.0,0.2,8.5,28.0
14:40:42.000,82.5,17.5,0.0,0.0,3787.2,1214.5,93.3,53.3,13.9,2424.5,0.0,0.0,11,0,7124.9,2.0,0.0,0.0,0.0,0.0,-0.0,-0.0,-0.0,0.0,0.0,0.0,0.0,0.0,0.0,0.0,0.0,0.0,0.0,0.0,0.0,0.0,0.0,0.0,0.0,0.0,0.0,0.0,0.0,0.0,0.0,0.2,8.5,28.0
14:40:43.000,83.8,16.2,0.0,0.0,3787.2,1088.2,93.3,53.3,13.9,2550.5,0.0,0.0,12,0,6716.9,2.0,0.0,0.0,0.0,0.0,-0.0,-0.0,-0.0,0.0,0.0,0.0,0.0,0.0,0.0,0.0,0.0,0.0,0.0,0.0,0.0,16.0,0.0,16.0,8.0,0.0,8.0,2.0,0.0,2.0,0.0,0.2,8.5,28.0
14:40:44.000,85.5,14.5,0.0,0.0,3787.2,997.2,93.3,53.4,13.9,2641.5,0.0,0.0,11,0,4827.2,2.0,0.0,0.0,0.0,0.1,-0.0,-0.0,-0.1,0.0,0.0,1.0,0.0,0.0,1.0,0.0,0.0,0.0,0.0,0.0,0.0,11.9,0.0,11.9,4.0,0.0,4.0,3.0,0.0,3.0,0.0,0.2,8.5,28.0
14:40:45.000,91.3,8.7,0.0,0.0,3787.2,964.0,93.3,53.4,13.9,2674.3,0.0,0.0,11,0,2224.3,2.0,0.0,0.0,0.0,0.0,-0.0,-0.0,-0.0,0.0,0.0,0.0,0.0,0.0,0.0,0.0,0.0,0.0,0.0,0.0,0.0,0.0,0.0,0.0,0.0,0.0,0.0,0.0,0.0,0.0,0.0,0.2,8.5,28.0
14:40:46.000,96.3,3.7,0.0,0.0,3787.2,947.5,93.3,53.4,13.9,2690.8,0.0,0.0,11,0,1477.1,2.0,0.0,0.0,0.0,0.0,-0.0,-0.0,-0.0,0.0,0.0,0.0,0.0,0.0,0.0,0.0,0.0,0.0,0.0,0.0,0.0,0.0,0.0,0.0,0.0,0.0,0.0,0.0,0.0,0.0,0.0,0.2,8.5,28.0
14:40:47.000,93.2,6.8,0.0,0.0,3787.2,917.9,93.3,53.4,13.9,2720.2,0.0,0.0,11,0,2077.0,2.0,0.0,0.0,0.0,0.0,-0.0,-0.0,-0.0,0.0,0.0,0.0,0.0,0.0,0.0,0.0,0.0,0.0,0.0,0.0,0.0,0.0,0.0,0.0,0.0,0.0,0.0,0.0,0.0,0.0,0.0,0.2,8.5,28.0
14:40:48.000,90.3,9.7,0.0,0.0,3787.2,854.9,93.3,53.4,13.9,2781.9,0.0,0.0,11,0,3770.8,2.0,0.0,0.0,0.0,0.0,-0.0,-0.0,-0.0,0.0,0.0,0.0,0.0,0.0,0.0,0.0,0.0,0.0,0.0,0.0,0.0,0.0,0.0,0.0,0.0,0.0,0.0,0.0,0.0,0.0,0.0,0.2,8.5,28.0
14:40:49.000,83.8,16.2,0.0,0.0,3787.2,709.0,93.3,53.4,14.0,2927.6,0.0,0.0,12,0,6832.7,2.0,0.0,0.0,0.0,0.0,-0.0,-0.0,-0.0,0.0,0.0,0.0,0.0,0.0,0.0,1.0,0.0,1.0,0.0,0.0,0.0,15.9,0.0,15.9,8.0,0.0,8.0,2.0,0.0,2.0,0.0,0.2,8.5,28.0
14:40:50.000,83.8,16.2,0.0,0.0,3787.2,573.4,93.3,53.4,14.0,3063.0,0.0,0.0,11,0,7018.9,2.0,0.0,0.0,0.0,0.0,-0.0,-0.0,-0.0,0.0,0.0,0.0,0.0,0.0,0.0,0.0,0.0,0.0,0.0,0.0,0.0,0.0,0.0,0.0,0.0,0.0,0.0,0.0,0.0,0.0,0.0,0.2,8.5,28.0
14:40:51.000,83.3,16.7,0.0,0.0,3787.2,468.1,93.3,53.4,14.0,3168.2,0.0,0.0,11,0,5049.1,2.0,0.0,0.0,0.0,0.0,-0.0,-0.0,-0.0,0.0,0.0,0.0,0.0,0.0,0.0,0.0,0.0,0.0,0.0,0.0,0.0,0.0,0.0,0.0,0.0,0.0,0.0,0.0,0.0,0.0,0.0,0.2,8.5,28.0
14:40:52.000,85.0,15.0,0.0,0.0,3787.2,370.9,93.3,53.4,14.0,3265.1,0.0,0.0,11,0,5726.9,2.0,0.0,0.0,0.0,0.0,-0.0,-0.0,-0.0,0.0,0.0,0.0,0.0,0.0,0.0,0.0,0.0,0.0,0.0,0.0,0.0,0.0,0.0,0.0,0.0,0.0,0.0,0.0,0.0,0.0,0.0,0.2,8.5,28.0
14:40:53.000,91.8,8.2,0.0,0.0,3787.2,337.6,93.3,53.4,14.0,3298.2,0.0,0.0,13,0,2479.9,2.0,0.0,0.0,0.0,0.0,-0.0,-0.0,-0.0,0.0,0.0,0.0,0.0,0.0,0.0,1.0,0.0,1.0,0.0,0.0,0.0,16.0,0.0,16.0,16.0,0.0,16.0,1.0,0.0,1.0,0.0,0.2,8.5,28.0
14:40:54.000,95.8,4.2,0.0,0.0,3787.2,320.4,93.3,53.4,14.0,3315.7,0.0,0.0,11,0,1496.9,2.0,0.0,0.0,0.0,0.1,-0.0,-0.0,-0.2,0.0,0.0,2.0,0.0,0.0,2.0,0.0,0.0,0.0,0.0,0.0,0.0,4.0,0.0,4.0,4.0,0.0,4.0,1.0,0.0,1.0,0.0,0.2,8.5,28.0
14:40:55.000,95.0,5.0,0.0,0.0,3787.2,300.5,93.3,53.4,14.0,3335.3,0.0,0.0,11,0,1568.6,2.0,0.0,0.0,0.0,0.0,-0.0,-0.0,-0.0,0.0,0.0,0.0,0.0,0.0,0.0,0.0,0.0,0.0,0.0,0.0,0.0,0.0,0.0,0.0,0.0,0.0,0.0,0.0,0.0,0.0,0.0,0.2,8.5,28.0
14:40:56.000,93.8,6.2,0.0,0.0,3787.2,273.7,93.3,53.4,14.0,3362.3,0.0,0.0,11,0,1934.5,2.0,0.0,0.0,0.0,0.0,-0.0,-0.0,-0.0,0.0,0.0,0.0,0.0,0.0,0.0,0.0,0.0,0.0,0.0,0.0,0.0,0.0,0.0,0.0,0.0,0.0,0.0,0.0,0.0,0.0,0.0,0.2,8.5,28.0
14:40:57.000,89.8,10.2,0.0,0.0,3787.2,211.2,93.3,53.4,14.0,3424.5,0.0,0.0,13,0,3799.1,2.0,0.0,0.0,0.0,0.0,-0.0,-0.0,-0.0,0.0,0.0,0.0,0.0,0.0,0.0,0.0,0.0,0.0,0.0,0.0,0.0,0.0,0.0,0.0,0.0,0.0,0.0,0.0,0.0,0.0,0.0,0.2,8.5,28.0
14:40:58.000,81.6,18.2,0.0,0.2,3787.2,90.0,65.5,38.9,12.3,3569.7,0.0,0.0,12,0,8688.7,2.0,0.0,0.0,0.0,0.0,-0.0,-0.0,-0.0,0.0,0.0,0.0,0.0,0.0,0.0,2.0,0.0,2.0,219.5,0.0,219.5,16.0,0.0,16.0,33.7,0.0,33.7,7.0,0.0,7.0,0.0,0.2,8.5,28.0
14:40:59.000,29.0,26.1,44.2,0.7,3787.2,75.3,6.6,1.0,0.5,3626.3,0.0,0.0,1,7,8152.6,0.9,0.0,0.0,0.0,0.0,-0.0,-0.0,-0.0,0.0,0.0,0.0,0.0,0.0,0.0,101.0,0.0,101.0,49869.4,0.0,49869.4,28.2,0.0,28.2,82.1,0.0,82.1,608.1,0.0,608.1,0.0,0.2,8.5,28.0
14:41:01.000,14.4,27.3,58.0,0.3,3787.2,58.1,5.4,0.8,0.1,3645.5,0.0,0.0,3,13,4300.9,0.9,0.0,0.0,0.0,0.0,-0.0,-0.0,-0.0,0.0,0.0,0.5,0.0,0.0,0.0,101.0,0.0,101.0,51082.5,0.0,51082.5,21.9,0.0,21.9,69.5,0.0,69.5,735.4,0.0,735.4,0.0,0.2,8.5,28.0
14:41:05.000,0.4,26.7,72.7,0.2,3787.2,55.4,5.8,1.0,0.0,3648.5,0.0,0.0,2,11,4507.5,0.0,0.0,0.0,0.0,0.0,-0.0,-0.0,-0.0,0.0,0.0,0.0,0.0,0.0,0.0,101.0,0.0,101.0,138942.9,0.0,138942.9,5.8,0.0,5.8,95.3,0.0,95.3,1458.4,0.0,1458.4,0.0,0.2,8.5,28.0
14:41:17.000,0.0,27.2,72.4,0.4,3787.2,462.6,6.3,1.6,0.3,3198.7,0.0,0.0,4,2,3079.4,0.1,0.0,0.0,0.0,0.1,-0.0,-0.0,-0.0,0.0,0.0,0.9,0.0,0.0,0.6,101.0,0.0,101.0,131026.8,0.0,131026.8,7.7,0.0,7.7,88.0,0.0,88.0,1489.0,0.0,1489.0,0.0,0.2,8.5,28.0
14:41:57.000,0.2,27.6,65.7,6.5,3787.2,3632.6,26.5,10.1,3.2,46.4,0.0,0.0,2,0,3014.4,0.2,0.0,0.0,0.0,0.1,-0.0,-0.0,-0.1,0.0,0.0,0.2,0.0,0.0,0.3,1.4,0.0,1.8,588.9,0.0,588.9,1.5,0.0,1.5,58.4,0.0,58.4,10.1,0.0,10.1,0.0,0.2,8.5,28.0
14:41:58.000,1.0,0.8,0.0,98.2,3787.2,3635.5,26.6,10.5,3.2,40.2,0.0,0.0,1,0,159.2,2.0,0.0,0.0,0.0,0.0,-0.0,-0.0,-0.0,0.0,0.0,0.0,0.0,0.0,0.0,0.0,0.0,0.0,71.2,0.0,71.2,0.0,0.0,0.0,24.0,0.0,24.0,3.0,0.0,3.0,0.0,0.2,8.5,28.0
14:41:59.000,0.0,0.2,0.0,99.8,3787.2,3635.5,26.6,10.6,3.2,40.1,0.0,0.0,1,0,139.7,2.0,0.0,0.0,0.0,0.0,-0.0,-0.0,-0.0,0.0,0.0,0.0,0.0,0.0,0.0,0.0,0.0,0.0,0.0,0.0,0.0,0.0,0.0,0.0,0.0,0.0,0.0,0.0,0.0,0.0,0.0,0.2,8.5,28.0
14:42:00.000,0.2,0.0,0.2,99.5,3787.2,3635.5,26.6,10.6,3.2,40.1,0.0,0.0,1,0,288.3,2.0,0.0,0.0,0.0,0.8,-0.0,-0.0,-0.4,0.0,0.0,3.0,0.0,0.0,4.0,1.0,0.0,1.0,4.0,0.0,4.0,0.0,0.0,0.0,4.0,0.0,4.0,1.0,0.0,1.0,0.0,0.2,8.5,28.0
14:42:01.000,0.2,0.2,0.0,99.5,3787.2,3635.5,26.6,10.6,3.2,40.1,0.0,0.0,1,0,94.8,2.0,0.0,0.0,0.0,0.0,-0.0,-0.0,-0.0,0.0,0.0,0.0,0.0,0.0,0.0,0.0,0.0,0.0,0.0,0.0,0.0,0.0,0.0,0.0,0.0,0.0,0.0,0.0,0.0,0.0,0.0,0.2,8.5,28.0
14:42:02.000,0.0,0.5,0.5,99.0,3787.2,3635.3,26.8,10.7,3.4,40.3,0.0,0.0,1,0,309.2,2.0,0.0,0.0,0.0,0.0,-0.0,-0.0,-0.0,0.0,0.0,0.0,0.0,0.0,0.0,4.0,0.0,5.0,315.2,0.0,315.2,143.6,0.0,143.6,12.1,0.0,12.1,37.9,0.0,37.9,0.0,0.2,8.5,28.0
14:42:03.000,0.0,0.5,0.0,99.5,3787.2,3635.3,26.8,10.8,3.4,40.2,0.0,0.0,1,0,140.6,2.0,0.0,0.0,0.0,0.1,-0.0,-0.0,-0.0,0.0,0.0,1.0,0.0,0.0,0.0,0.0,0.0,0.0,0.0,0.0,0.0,0.0,0.0,0.0,0.0,0.0,0.0,0.0,0.0,0.0,0.0,0.2,8.5,28.0
14:42:04.000,4.5,2.8,3.5,89.2,3787.2,3628.2,30.2,13.3,4.0,42.6,0.0,0.0,1,0,1516.2,9.0,0.0,0.0,0.0,1.0,-0.0,-0.0,-1.9,0.0,0.0,8.0,0.0,0.0,9.0,15.0,0.0,15.0,4101.8,0.0,4101.8,0.0,0.0,0.0,40.7,0.0,40.7,100.7,0.0,100.7,0.0,0.2,8.5,28.0
14:42:05.000,0.0,0.0,0.0,100.0,3787.2,3628.2,30.2,13.3,4.0,42.6,0.0,0.0,1,0,80.8,2.0,0.0,0.0,0.0,0.0,-0.0,-0.0,-0.0,0.0,0.0,0.0,0.0,0.0,0.0,0.0,0.0,0.0,0.0,0.0,0.0,0.0,0.0,0.0,0.0,0.0,0.0,0.0,0.0,0.0,0.0,0.2,8.5,28.0
14:42:06.000,0.0,0.5,0.0,99.5,3787.2,3628.2,30.2,13.3,4.0,42.6,0.0,0.0,1,0,241.4,2.0,0.0,0.0,0.0,0.2,-0.0,-0.0,-0.2,0.0,0.0,3.0,0.0,0.0,2.0,0.0,0.0,0.0,0.0,0.0,0.0,0.0,0.0,0.0,0.0,0.0,0.0,0.0,0.0,0.0,0.0,0.2,8.5,28.0
14:42:07.000,0.0,0.5,0.0,99.5,3787.2,3628.2,30.2,13.3,4.0,43.0,0.0,0.0,1,0,253.4,3.0,0.0,0.0,0.0,0.2,-0.0,-0.0,-0.3,0.0,0.0,3.0,0.0,0.0,3.0,1.0,0.0,1.0,12.0,0.0,12.0,4.0,0.0,4.0,4.0,0.0,4.0,4.0,0.0,4.0,0.0,0.2,8.5,28.0
14:42:08.000,0.2,0.2,0.2,99.3,3787.2,3628.2,30.2,13.3,4.0,42.9,0.0,0.0,1,0,281.7,2.0,0.0,0.0,0.0,0.4,-0.0,-0.0,-0.3,0.0,0.0,6.0,0.0,0.0,3.0,0.0,0.0,1.0,0.0,0.0,0.0,31.9,0.0,31.9,16.0,0.0,16.0,2.0,0.0,2.0,0.0,0.2,8.5,28.0
14:42:09.000,0.0,0.7,0.2,99.0,3787.2,3628.2,30.2,13.3,4.0,43.0,0.0,0.0,1,0,606.5,2.0,0.0,0.0,0.0,1.0,-0.0,-0.0,-0.7,0.0,0.0,14.0,0.0,0.0,7.0,3.0,0.0,2.0,0.0,0.0,0.0,135.7,0.0,135.7,5.9,0.0,5.9,22.9,0.0,22.9,0.0,0.2,8.5,28.0
14:42:10.000,3.7,1.2,0.2,94.8,3787.2,3627.7,30.2,13.5,4.0,43.3,0.0,0.0,1,0,329.2,5.0,0.0,0.0,0.0,0.2,-0.0,-0.0,-0.2,0.0,0.0,3.0,0.0,0.0,2.0,1.0,0.0,1.0,75.8,0.0,75.8,0.0,0.0,0.0,19.0,0.0,19.0,4.0,0.0,4.0,0.0,0.2,8.5,28.0
14:42:11.000,0.0,0.0,0.0,100.0,3787.2,3627.5,30.2,13.5,4.0,43.4,0.0,0.0,1,0,81.8,2.0,0.0,0.0,0.0,0.0,-0.0,-0.0,-0.0,0.0,0.0,0.0,0.0,0.0,0.0,0.0,0.0,0.0,0.0,0.0,0.0,0.0,0.0,0.0,0.0,0.0,0.0,0.0,0.0,0.0,0.0,0.2,8.5,28.0
14:42:12.000,0.0,0.5,0.0,99.5,3787.2,3627.5,30.3,13.6,4.0,43.3,0.0,0.0,1,0,108.7,2.0,0.0,0.0,0.0,0.0,-0.0,-0.0,-0.0,0.0,0.0,0.0,0.0,0.0,0.0,0.0,0.0,0.0,0.0,0.0,0.0,0.0,0.0,0.0,0.0,0.0,0.0,0.0,0.0,0.0,0.0,0.2,8.5,28.0
14:42:13.000,0.0,0.2,0.0,99.8,3787.2,3627.2,30.3,13.6,4.0,43.3,0.0,0.0,1,0,585.3,2.0,0.0,0.0,0.0,1.0,-0.0,-0.0,-0.7,0.0,0.0,13.9,0.0,0.0,7.0,1.0,0.0,1.0,0.0,0.0,0.0,39.8,0.0,39.8,5.7,0.0,5.7,7.0,0.0,7.0,0.0,0.2,8.5,28.0
14:42:14.000,0.5,1.2,0.5,97.8,3787.2,3624.8,30.7,14.6,4.1,42.9,0.0,0.0,1,0,709.2,3.0,0.0,0.0,0.0,0.5,-0.0,-0.0,-14.8,0.0,0.0,9.0,0.0,0.0,14.0,2.0,0.0,2.0,590.5,0.0,590.5,0.0,0.0,0.0,53.8,0.0,53.8,11.0,0.0,11.0,0.0,0.2,8.5,28.0
14:42:15.000,0.0,0.0,0.0,100.0,3787.2,3624.3,30.7,14.6,4.1,42.9,0.0,0.0,1,0,116.7,2.0,0.0,0.0,0.0,0.0,-0.0,-0.0,-0.0,0.0,0.0,0.0,0.0,0.0,0.0,0.0,0.0,0.0,0.0,0.0,0.0,4.0,0.0,4.0,4.0,0.0,4.0,1.0,0.0,1.0,0.0,0.2,8.5,28.0
14:42:16.000,0.0,0.2,0.0,99.8,3787.2,3624.5,30.7,14.6,4.1,42.9,0.0,0.0,1,0,93.8,2.0,0.0,0.0,0.0,0.0,-0.0,-0.0,-0.0,0.0,0.0,0.0,0.0,0.0,0.0,0.0,0.0,0.0,0.0,0.0,0.0,0.0,0.0,0.0,0.0,0.0,0.0,0.0,0.0,0.0,0.0,0.2,8.5,28.0
14:42:17.000,0.0,0.2,0.0,99.8,3787.2,3624.3,30.7,14.6,4.1,42.9,0.0,0.0,1,0,82.8,2.0,0.0,0.0,0.0,0.0,-0.0,-0.0,-0.0,0.0,0.0,0.0,0.0,0.0,0.0,0.0,0.0,0.0,0.0,0.0,0.0,0.0,0.0,0.0,0.0,0.0,0.0,0.0,0.0,0.0,0.0,0.2,8.5,28.0
14:42:18.000,0.0,0.2,0.0,99.8,3787.2,3624.0,30.7,14.6,4.1,42.9,0.0,0.0,1,0,110.6,2.0,0.0,0.0,0.0,0.0,-0.0,-0.0,-0.0,0.0,0.0,0.0,0.0,0.0,0.0,0.0,0.0,0.0,0.0,0.0,0.0,19.9,0.0,19.9,10.0,0.0,10.0,2.0,0.0,2.0,0.0,0.2,8.5,28.0
14:42:19.000,0.0,0.2,0.0,99.8,3787.2,3624.0,30.7,14.6,4.1,42.9,0.0,0.0,1,0,119.7,2.0,0.0,0.0,0.0,0.0,-0.0,-0.0,-0.0,0.0,0.0,0.0,0.0,0.0,0.0,0.0,0.0,0.0,0.0,0.0,0.0,0.0,0.0,0.0,0.0,0.0,0.0,0.0,0.0,0.0,0.0,0.2,8.5,28.0
14:42:20.000,0.0,0.2,0.0,99.8,3787.2,3623.8,30.7,14.6,4.1,42.9,0.0,0.0,1,0,92.8,2.0,0.0,0.0,0.0,0.0,-0.0,-0.0,-0.0,0.0,0.0,0.0,0.0,0.0,0.0,0.0,0.0,0.0,0.0,0.0,0.0,0.0,0.0,0.0,0.0,0.0,0.0,0.0,0.0,0.0,0.0,0.2,8.5,28.0
14:42:21.000,0.0,0.0,0.0,100.0,3787.2,3623.8,30.7,14.6,4.1,42.9,0.0,0.0,1,0,79.8,2.0,0.0,0.0,0.0,0.0,-0.0,-0.0,-0.0,0.0,0.0,0.0,0.0,0.0,0.0,0.0,0.0,0.0,0.0,0.0,0.0,0.0,0.0,0.0,0.0,0.0,0.0,0.0,0.0,0.0,0.0,0.2,8.5,28.0
14:42:22.000,0.0,0.2,0.0,99.8,3787.2,3623.6,30.7,14.6,4.1,42.9,0.0,0.0,1,0,91.8,2.0,0.0,0.0,0.0,0.0,-0.0,-0.0,-0.0,0.0,0.0,0.0,0.0,0.0,0.0,1.0,0.0,1.0,0.0,0.0,0.0,16.0,0.0,16.0,8.0,0.0,8.0,2.0,0.0,2.0,0.0,0.2,8.5,28.0
14:42:23.000,0.0,0.5,0.2,99.3,3787.2,3623.6,30.7,14.6,4.1,42.9,0.0,0.0,1,0,111.7,2.0,0.0,0.0,0.0,0.0,-0.0,-0.0,-0.0,0.0,0.0,0.0,0.0,0.0,0.0,0.0,0.0,0.0,0.0,0.0,0.0,4.0,0.0,4.0,4.0,0.0,4.0,1.0,0.0,1.0,0.0,0.2,8.5,28.0
14:42:24.000,0.2,0.0,0.0,99.8,3787.2,3623.3,30.7,14.6,4.1,42.9,0.0,0.0,1,0,82.8,2.0,0.0,0.0,0.0,0.0,-0.0,-0.0,-0.0,0.0,0.0,0.0,0.0,0.0,0.0,0.0,0.0,0.0,0.0,0.0,0.0,0.0,0.0,0.0,0.0,0.0,0.0,0.0,0.0,0.0,0.0,0.2,8.5,28.0
14:42:25.000,0.0,0.0,0.0,100.0,3787.2,3623.1,30.7,14.6,4.1,42.9,0.0,0.0,1,0,82.8,2.0,0.0,0.0,0.0,0.0,-0.0,-0.0,-0.0,0.0,0.0,0.0,0.0,0.0,0.0,0.0,0.0,0.0,0.0,0.0,0.0,0.0,0.0,0.0,0.0,0.0,0.0,0.0,0.0,0.0,0.0,0.2,8.5,28.0
14:42:26.000,0.0,0.2,0.0,99.8,3787.2,3623.3,30.7,14.6,4.1,42.9,0.0,0.0,1,0,90.8,2.0,0.0,0.0,0.0,0.0,-0.0,-0.0,-0.0,0.0,0.0,0.0,0.0,0.0,0.0,0.0,0.0,0.0,0.0,0.0,0.0,0.0,0.0,0.0,0.0,0.0,0.0,0.0,0.0,0.0,0.0,0.2,8.5,28.0
14:42:27.000,0.0,0.2,0.0,99.8,3787.2,3622.8,30.7,14.6,4.1,43.0,0.0,0.0,1,0,116.7,2.0,0.0,0.0,0.0,0.0,-0.0,-0.0,-0.0,0.0,0.0,0.0,0.0,0.0,0.0,1.0,0.0,1.0,4.0,0.0,4.0,35.9,0.0,35.9,8.0,0.0,8.0,5.0,0.0,5.0,0.0,0.2,8.5,28.0
14:42:28.000,0.0,0.2,0.2,99.5,3787.2,3623.1,30.7,14.6,4.1,42.9,0.0,0.0,1,0,116.7,2.0,0.0,0.0,0.0,0.0,-0.0,-0.0,-0.0,0.0,0.0,0.0,0.0,0.0,0.0,1.0,0.0,1.0,0.0,0.0,0.0,35.9,0.0,35.9,7.2,0.0,7.2,5.0,0.0,5.0,0.0,0.2,8.5,28.0
14:42:29.000,0.0,0.2,0.0,99.8,3787.2,3623.1,30.7,14.6,4.1,43.0,0.0,0.0,1,0,79.8,2.0,0.0,0.0,0.0,0.0,-0.0,-0.0,-0.0,0.0,0.0,0.0,0.0,0.0,0.0,0.0,0.0,0.0,0.0,0.0,0.0,0.0,0.0,0.0,0.0,0.0,0.0,0.0,0.0,0.0,0.0,0.2,8.5,28.0
14:42:30.000,0.2,0.2,0.0,99.5,3787.2,3622.8,30.7,14.6,4.1,42.9,0.0,0.0,1,0,84.8,2.0,0.0,0.0,0.0,0.0,-0.0,-0.0,-0.0,0.0,0.0,0.0,0.0,0.0,0.0,0.0,0.0,0.0,0.0,0.0,0.0,0.0,0.0,0.0,0.0,0.0,0.0,0.0,0.0,0.0,0.0,0.2,8.5,28.0
14:42:31.000,0.0,0.2,0.0,99.8,3787.2,3623.0,30.7,14.6,4.1,42.9,0.0,0.0,1,0,92.8,2.0,0.0,0.0,0.0,0.0,-0.0,-0.0,-0.0,0.0,0.0,0.0,0.0,0.0,0.0,0.0,0.0,0.0,0.0,0.0,0.0,0.0,0.0,0.0,0.0,0.0,0.0,0.0,0.0,0.0,0.0,0.2,8.5,28.0
14:42:32.000,0.0,0.0,0.0,100.0,3787.2,3622.8,30.7,14.6,4.1,42.8,0.0,0.0,1,0,100.7,2.0,0.0,0.0,0.0,0.0,-0.0,-0.0,-0.0,0.0,0.0,0.0,0.0,0.0,0.0,0.0,0.0,0.0,0.0,0.0,0.0,4.0,0.0,4.0,4.0,0.0,4.0,1.0,0.0,1.0,0.0,0.2,8.5,28.0
14:42:33.000,0.0,0.5,0.0,99.5,3787.2,3622.8,30.7,14.6,4.1,42.9,0.0,0.0,1,0,145.4,2.0,0.0,0.0,0.0,0.1,-0.0,-0.0,-0.0,0.0,0.0,1.0,0.0,0.0,0.0,0.0,0.0,1.0,0.0,0.0,0.0,15.9,0.0,15.9,8.0,0.0,8.0,2.0,0.0,2.0,0.0,0.2,8.5,28.0
14:42:34.000,0.0,0.2,0.0,99.8,3787.2,3622.6,30.7,14.6,4.1,42.9,0.0,0.0,1,0,102.7,2.0,0.0,0.0,0.0,0.0,-0.0,-0.0,-0.0,0.0,0.0,0.0,0.0,0.0,0.0,0.0,0.0,0.0,0.0,0.0,0.0,0.0,0.0,0.0,0.0,0.0,0.0,0.0,0.0,0.0,0.0,0.2,8.5,28.0
14:42:35.000,0.0,0.2,0.0,99.8,3787.2,3622.6,30.7,14.6,4.1,42.8,0.0,0.0,1,0,121.7,2.0,0.0,0.0,0.0,0.0,-0.0,-0.0,-0.0,0.0,0.0,0.0,0.0,0.0,0.0,0.0,0.0,0.0,0.0,0.0,0.0,0.0,0.0,0.0,0.0,0.0,0.0,0.0,0.0,0.0,0.0,0.2,8.5,28.0
14:42:36.000,0.0,0.0,0.0,100.0,3787.2,3622.3,30.7,14.6,4.1,42.9,0.0,0.0,1,0,78.8,2.0,0.0,0.0,0.0,0.0,-0.0,-0.0,-0.0,0.0,0.0,0.0,0.0,0.0,0.0,0.0,0.0,0.0,0.0,0.0,0.0,0.0,0.0,0.0,0.0,0.0,0.0,0.0,0.0,0.0,0.0,0.2,8.5,28.0
14:42:37.000,0.0,0.2,0.0,99.8,3787.2,3621.8,30.7,14.6,4.1,43.1,0.0,0.0,1,0,99.8,2.0,0.0,0.0,0.0,0.0,-0.0,-0.0,-0.0,0.0,0.0,0.0,0.0,0.0,0.0,1.0,0.0,0.0,0.0,0.0,0.0,4.0,0.0,4.0,4.0,0.0,4.0,1.0,0.0,1.0,0.0,0.2,8.5,28.0
14:42:38.000,0.0,0.2,0.2,99.5,3787.2,3622.0,30.7,14.6,4.1,43.1,0.0,0.0,1,0,114.6,2.0,0.0,0.0,0.0,0.0,-0.0,-0.0,-0.0,0.0,0.0,0.0,0.0,0.0,0.0,1.0,0.0,1.0,0.0,0.0,0.0,19.9,0.0,19.9,6.7,0.0,6.7,3.0,0.0,3.0,0.0,0.2,8.5,28.0
14:42:39.000,0.0,0.2,0.0,99.8,3787.2,3621.6,30.8,14.6,4.1,42.9,0.0,0.0,1,0,101.8,2.0,0.0,0.0,0.0,0.0,-0.0,-0.0,-0.0,0.0,0.0,0.0,0.0,0.0,0.0,0.0,0.0,0.0,0.0,0.0,0.0,0.0,0.0,0.0,0.0,0.0,0.0,0.0,0.0,0.0,0.0,0.2,8.5,28.0
14:42:40.000,0.0,0.2,0.0,99.8,3787.2,3621.8,30.8,14.6,4.1,42.9,0.0,0.0,1,0,91.8,2.0,0.0,0.0,0.0,0.0,-0.0,-0.0,-0.0,0.0,0.0,0.0,0.0,0.0,0.0,0.0,0.0,0.0,0.0,0.0,0.0,0.0,0.0,0.0,0.0,0.0,0.0,0.0,0.0,0.0,0.0,0.2,8.5,28.0
14:42:41.000,0.2,0.0,0.0,99.8,3787.2,3621.6,30.8,14.6,4.1,43.1,0.0,0.0,1,0,84.8,2.0,0.0,0.0,0.0,0.0,-0.0,-0.0,-0.0,0.0,0.0,0.0,0.0,0.0,0.0,0.0,0.0,0.0,0.0,0.0,0.0,0.0,0.0,0.0,0.0,0.0,0.0,0.0,0.0,0.0,0.0,0.2,8.5,28.0
14:42:42.000,0.0,0.2,0.0,99.8,3787.2,3621.1,30.7,14.6,4.2,42.9,0.0,0.0,1,0,82.8,2.0,0.0,0.0,0.0,0.0,-0.0,-0.0,-0.0,0.0,0.0,0.0,0.0,0.0,0.0,0.0,0.0,0.0,0.0,0.0,0.0,0.0,0.0,0.0,0.0,0.0,0.0,0.0,0.0,0.0,0.0,0.2,8.5,28.0
14:42:43.000,0.0,0.2,0.0,99.8,3787.2,3621.3,30.8,14.7,4.2,42.9,0.0,0.0,1,0,131.7,2.0,0.0,0.0,0.0,0.0,-0.0,-0.0,-0.0,0.0,0.0,0.0,0.0,0.0,0.0,0.0,0.0,0.0,0.0,0.0,0.0,16.0,0.0,16.0,8.0,0.0,8.0,2.0,0.0,2.0,0.0,0.2,8.5,28.0
14:42:44.000,0.0,0.0,0.0,100.0,3787.2,3620.8,30.8,14.7,4.2,42.9,0.0,0.0,1,0,80.8,2.0,0.0,0.0,0.0,0.0,-0.0,-0.0,-0.0,0.0,0.0,0.0,0.0,0.0,0.0,0.0,0.0,0.0,0.0,0.0,0.0,0.0,0.0,0.0,0.0,0.0,0.0,0.0,0.0,0.0,0.0,0.2,8.5,28.0
14:42:45.000,0.2,0.2,0.0,99.5,3787.2,3621.1,30.8,14.7,4.2,42.9,0.0,0.0,1,0,101.7,2.0,0.0,0.0,0.0,0.0,-0.0,-0.0,-0.0,0.0,0.0,0.0,0.0,0.0,0.0,0.0,0.0,0.0,0.0,0.0,0.0,0.0,0.0,0.0,0.0,0.0,0.0,0.0,0.0,0.0,0.0,0.2,8.5,28.0
14:42:46.000,0.0,0.2,0.0,99.8,3787.2,3620.6,30.8,14.7,4.2,42.9,0.0,0.0,1,0,88.8,2.0,0.0,0.0,0.0,0.0,-0.0,-0.0,-0.0,0.0,0.0,0.0,0.0,0.0,0.0,0.0,0.0,0.0,0.0,0.0,0.0,0.0,0.0,0.0,0.0,0.0,0.0,0.0,0.0,0.0,0.0,0.2,8.5,28.0
14:42:47.000,0.0,0.5,0.0,99.5,3787.2,3620.6,30.8,14.7,4.2,42.9,0.0,0.0,1,0,230.4,2.0,0.0,0.0,0.0,0.3,-0.0,-0.0,-0.2,0.0,0.0,4.0,0.0,0.0,2.0,0.0,0.0,1.0,0.0,0.0,0.0,0.0,0.0,0.0,0.0,0.0,0.0,0.0,0.0,0.0,0.0,0.2,8.5,28.0
14:42:48.000,0.0,0.2,0.2,99.5,3787.2,3620.4,30.8,14.7,4.2,42.9,0.0,0.0,1,0,232.4,3.0,0.0,0.0,0.0,0.2,-0.0,-0.0,-0.4,0.0,0.0,4.0,0.0,0.0,3.0,0.0,0.0,0.0,0.0,0.0,0.0,19.9,0.0,19.9,6.7,0.0,6.7,3.0,0.0,3.0,0.0,0.2,8.5,28.0
14:42:49.000,0.0,0.2,0.0,99.8,3787.2,3620.1,30.8,14.7,4.2,42.9,0.0,0.0,1,0,94.8,2.0,0.0,0.0,0.0,0.0,-0.0,-0.0,-0.0,0.0,0.0,0.0,0.0,0.0,0.0,0.0,0.0,0.0,0.0,0.0,0.0,0.0,0.0,0.0,0.0,0.0,0.0,0.0,0.0,0.0,0.0,0.2,8.5,28.0
14:42:50.000,0.0,0.0,0.0,100.0,3787.2,3620.4,30.8,14.7,4.2,42.9,0.0,0.0,1,0,95.8,2.0,0.0,0.0,0.0,0.0,-0.0,-0.0,-0.0,0.0,0.0,0.0,0.0,0.0,0.0,0.0,0.0,0.0,0.0,0.0,0.0,0.0,0.0,0.0,0.0,0.0,0.0,0.0,0.0,0.0,0.0,0.2,8.5,28.0
14:42:51.000,0.0,0.5,0.0,99.5,3787.2,3619.9,30.8,14.7,4.2,43.0,0.0,0.0,1,0,101.7,2.0,0.0,0.0,0.0,0.0,-0.0,-0.0,-0.0,0.0,0.0,0.0,0.0,0.0,0.0,0.0,0.0,0.0,0.0,0.0,0.0,0.0,0.0,0.0,0.0,0.0,0.0,0.0,0.0,0.0,0.0,0.2,8.5,28.0
14:42:52.000,0.0,0.0,0.0,100.0,3787.2,3620.1,30.8,14.7,4.2,42.9,0.0,0.0,1,0,85.8,2.0,0.0,0.0,0.0,0.0,-0.0,-0.0,-0.0,0.0,0.0,0.0,0.0,0.0,0.0,1.0,0.0,0.0,0.0,0.0,0.0,0.0,0.0,0.0,0.0,0.0,0.0,0.0,0.0,0.0,0.0,0.2,8.5,28.0
14:42:53.000,0.0,0.2,0.0,99.8,3787.2,3619.6,30.8,14.7,4.2,42.9,0.0,0.0,1,0,353.6,2.0,0.0,0.0,0.0,0.5,-0.0,-0.0,-0.4,0.0,0.0,8.0,0.0,0.0,4.0,0.0,0.0,0.0,0.0,0.0,0.0,15.9,0.0,15.9,8.0,0.0,8.0,2.0,0.0,2.0,0.0,0.2,8.5,28.0
14:42:54.000,0.2,0.2,0.0,99.5,3787.2,3619.6,30.8,14.7,4.2,43.0,0.0,0.0,1,0,207.5,2.0,0.0,0.0,0.0,0.3,-0.0,-0.0,-0.2,0.0,0.0,4.0,0.0,0.0,2.0,0.0,0.0,0.0,0.0,0.0,0.0,0.0,0.0,0.0,0.0,0.0,0.0,0.0,0.0,0.0,0.0,0.2,8.5,28.0
14:42:55.000,0.2,0.2,0.0,99.5,3787.2,3619.4,30.8,14.7,4.2,42.9,0.0,0.0,1,0,163.6,2.0,0.0,0.0,0.0,0.1,-0.0,-0.0,-0.1,0.0,0.0,2.0,0.0,0.0,1.0,0.0,0.0,0.0,0.0,0.0,0.0,0.0,0.0,0.0,0.0,0.0,0.0,0.0,0.0,0.0,0.0,0.2,8.5,28.0
14:42:56.000,0.0,0.2,0.0,99.8,3787.2,3619.1,30.8,14.7,4.2,43.0,0.0,0.0,1,0,283.3,2.0,0.0,0.0,0.0,0.4,-0.0,-0.0,-0.3,0.0,0.0,6.0,0.0,0.0,3.0,0.0,0.0,0.0,0.0,0.0,0.0,0.0,0.0,0.0,0.0,0.0,0.0,0.0,0.0,0.0,0.0,0.2,8.5,28.0
14:42:57.000,0.0,0.2,0.0,99.8,3787.2,3618.9,30.8,14.7,4.2,42.9,0.0,0.0,1,0,88.8,2.0,0.0,0.0,0.0,0.0,-0.0,-0.0,-0.0,0.0,0.0,0.0,0.0,0.0,0.0,0.0,0.0,0.0,0.0,0.0,0.0,0.0,0.0,0.0,0.0,0.0,0.0,0.0,0.0,0.0,0.0,0.2,8.5,28.0
14:42:58.000,0.0,0.2,0.2,99.5,3787.2,3618.6,30.8,14.7,4.2,43.0,0.0,0.0,1,0,171.4,3.0,0.0,0.0,0.0,0.0,-0.0,-0.0,-0.0,0.0,0.0,0.0,0.0,0.0,0.0,1.0,0.0,1.0,0.0,0.0,0.0,51.8,0.0,51.8,10.4,0.0,10.4,5.0,0.0,5.0,0.0,0.2,8.5,28.0
14:42:59.000,0.0,0.0,0.0,100.0,3787.2,3618.6,30.8,14.7,4.2,42.9,0.0,0.0,1,0,84.8,2.0,0.0,0.0,0.0,0.0,-0.0,-0.0,-0.0,0.0,0.0,0.0,0.0,0.0,0.0,0.0,0.0,0.0,0.0,0.0,0.0,0.0,0.0,0.0,0.0,0.0,0.0,0.0,0.0,0.0,0.0,0.2,8.5,28.0
14:43:00.000,0.2,0.2,0.0,99.5,3787.2,3618.4,30.8,14.7,4.2,42.9,0.0,0.0,1,0,301.3,2.0,0.0,0.0,0.0,0.4,-0.0,-0.0,-0.3,0.0,0.0,6.0,0.0,0.0,3.0,0.0,0.0,0.0,0.0,0.0,0.0,0.0,0.0,0.0,0.0,0.0,0.0,0.0,0.0,0.0,0.0,0.2,8.5,28.0
14:43:01.000,0.0,0.2,0.0,99.8,3787.2,3618.4,30.8,14.7,4.2,43.0,0.0,0.0,1,0,89.8,2.0,0.0,0.0,0.0,0.0,-0.0,-0.0,-0.0,0.0,0.0,0.0,0.0,0.0,0.0,0.0,0.0,0.0,0.0,0.0,0.0,0.0,0.0,0.0,0.0,0.0,0.0,0.0,0.0,0.0,0.0,0.2,8.5,28.0
14:43:02.000,0.0,0.2,0.0,99.8,3787.2,3617.9,30.8,14.7,4.2,42.9,0.0,0.0,1,0,91.8,2.0,0.0,0.0,0.0,0.0,-0.0,-0.0,-0.0,0.0,0.0,0.0,0.0,0.0,0.0,0.0,0.0,1.0,0.0,0.0,0.0,0.0,0.0,0.0,0.0,0.0,0.0,0.0,0.0,0.0,0.0,0.2,8.5,28.0
14:43:03.000,0.2,0.0,0.0,99.8,3787.2,3617.9,30.8,14.7,4.2,43.0,0.0,0.0,1,0,165.3,2.0,0.0,0.0,0.0,0.1,-0.0,-0.0,-0.0,0.0,0.0,1.0,0.0,0.0,0.0,0.0,0.0,0.0,0.0,0.0,0.0,27.9,0.0,27.9,9.3,0.0,9.3,3.0,0.0,3.0,0.0,0.2,8.5,28.0
14:43:04.000,0.0,0.2,0.2,99.5,3787.2,3617.6,30.8,14.7,4.2,43.0,0.0,0.0,1,0,261.4,3.0,0.0,0.0,0.0,0.2,-0.0,-0.0,-0.3,0.0,0.0,4.0,0.0,0.0,3.0,2.0,0.0,1.0,79.8,0.0,79.8,0.0,0.0,0.0,16.0,0.0,16.0,5.0,0.0,5.0,0.0,0.2,8.5,28.0
14:43:05.000,0.0,0.2,0.0,99.8,3787.2,3617.4,30.8,14.7,4.2,43.1,0.0,0.0,1,0,153.6,2.0,0.0,0.0,0.0,0.1,-0.0,-0.0,-0.1,0.0,0.0,2.0,0.0,0.0,1.0,0.0,0.0,0.0,0.0,0.0,0.0,0.0,0.0,0.0,0.0,0.0,0.0,0.0,0.0,0.0,0.0,0.2,8.5,28.0
14:43:06.000,0.0,0.2,0.0,99.8,3787.2,3617.4,30.8,14.7,4.2,43.0,0.0,0.0,1,0,91.8,2.0,0.0,0.0,0.0,0.0,-0.0,-0.0,-0.0,0.0,0.0,0.0,0.0,0.0,0.0,0.0,0.0,0.0,0.0,0.0,0.0,0.0,0.0,0.0,0.0,0.0,0.0,0.0,0.0,0.0,0.0,0.2,8.5,28.0
14:43:07.000,0.0,0.2,0.0,99.8,3787.2,3617.2,30.8,14.7,4.2,43.0,0.0,0.0,1,0,116.7,2.0,0.0,0.0,0.0,0.0,-0.0,-0.0,-0.0,0.0,0.0,0.0,0.0,0.0,0.0,0.0,0.0,0.0,0.0,0.0,0.0,0.0,0.0,0.0,0.0,0.0,0.0,0.0,0.0,0.0,0.0,0.2,8.5,28.0
14:43:08.000,0.0,0.5,0.2,99.3,3787.2,3617.2,30.8,14.7,4.2,43.0,0.0,0.0,1,0,271.8,3.0,0.0,0.0,0.0,0.2,-0.0,-0.0,-0.3,0.0,0.0,4.0,0.0,0.0,3.0,1.0,0.0,1.0,0.0,0.0,0.0,35.8,0.0,35.8,6.0,0.0,6.0,6.0,0.0,6.0,0.0,0.2,8.5,28.0
14:43:09.000,0.0,0.0,0.0,100.0,3787.2,3617.2,30.8,14.7,4.2,42.9,0.0,0.0,1,0,94.8,2.0,0.0,0.0,0.0,0.0,-0.0,-0.0,-0.0,0.0,0.0,0.0,0.0,0.0,0.0,0.0,0.0,0.0,0.0,0.0,0.0,0.0,0.0,0.0,0.0,0.0,0.0,0.0,0.0,0.0,0.0,0.2,8.5,28.0
14:43:10.000,0.0,0.2,0.0,99.8,3787.2,3616.9,30.8,14.7,4.2,42.9,0.0,0.0,1,0,88.8,2.0,0.0,0.0,0.0,0.0,-0.0,-0.0,-0.0,0.0,0.0,0.0,0.0,0.0,0.0,0.0,0.0,0.0,0.0,0.0,0.0,0.0,0.0,0.0,0.0,0.0,0.0,0.0,0.0,0.0,0.0,0.2,8.5,28.0
14:43:11.000,0.0,0.5,0.0,99.5,3787.2,3616.7,30.8,14.7,4.2,42.9,0.0,0.0,1,0,95.8,2.0,0.0,0.0,0.0,0.0,-0.0,-0.0,-0.0,0.0,0.0,0.0,0.0,0.0,0.0,0.0,0.0,0.0,0.0,0.0,0.0,0.0,0.0,0.0,0.0,0.0,0.0,0.0,0.0,0.0,0.0,0.2,8.5,28.0
14:43:12.000,0.2,0.0,0.0,99.8,3787.2,3616.7,30.8,14.7,4.2,42.9,0.0,0.0,1,0,95.8,2.0,0.0,0.0,0.0,0.0,-0.0,-0.0,-0.0,0.0,0.0,0.0,0.0,0.0,0.0,1.0,0.0,1.0,0.0,0.0,0.0,0.0,0.0,0.0,0.0,0.0,0.0,0.0,0.0,0.0,0.0,0.2,8.5,28.0
14:43:13.000,0.2,0.5,0.0,99.3,3787.2,3616.4,30.8,14.8,4.2,43.0,0.0,0.0,1,0,120.4,2.0,0.0,0.0,0.0,0.0,-0.0,-0.0,-0.0,0.0,0.0,0.0,0.0,0.0,0.0,0.0,0.0,0.0,0.0,0.0,0.0,19.9,0.0,19.9,10.0,0.0,10.0,2.0,0.0,2.0,0.0,0.2,8.5,28.0
14:43:14.000,0.0,0.2,0.0,99.8,3787.2,3616.4,30.8,14.8,4.2,43.0,0.0,0.0,1,0,93.8,2.0,0.0,0.0,0.0,0.0,-0.0,-0.0,-0.0,0.0,0.0,0.0,0.0,0.0,0.0,0.0,0.0,0.0,0.0,0.0,0.0,0.0,0.0,0.0,0.0,0.0,0.0,0.0,0.0,0.0,0.0,0.2,8.5,28.0
14:43:15.000,0.0,0.2,0.0,99.8,3787.2,3616.4,30.8,14.8,4.2,43.0,0.0,0.0,1,0,98.8,2.0,0.0,0.0,0.0,0.0,-0.0,-0.0,-0.0,0.0,0.0,0.0,0.0,0.0,0.0,0.0,0.0,0.0,0.0,0.0,0.0,0.0,0.0,0.0,0.0,0.0,0.0,0.0,0.0,0.0,0.0,0.2,8.5,28.0
14:43:16.000,0.0,0.0,0.0,100.0,3787.2,3616.2,30.8,14.8,4.2,43.0,0.0,0.0,1,0,89.8,2.0,0.0,0.0,0.0,0.0,-0.0,-0.0,-0.0,0.0,0.0,0.0,0.0,0.0,0.0,0.0,0.0,0.0,0.0,0.0,0.0,0.0,0.0,0.0,0.0,0.0,0.0,0.0,0.0,0.0,0.0,0.2,8.5,28.0
14:43:17.000,0.0,0.5,0.0,99.5,3787.2,3616.2,30.8,14.8,4.2,43.0,0.0,0.0,1,0,121.7,2.0,0.0,0.0,0.0,0.1,-0.0,-0.0,-0.0,0.0,0.0,1.0,0.0,0.0,0.0,0.0,0.0,0.0,0.0,0.0,0.0,0.0,0.0,0.0,0.0,0.0,0.0,0.0,0.0,0.0,0.0,0.2,8.5,28.0
14:43:18.000,0.0,0.2,0.2,99.5,3787.2,3616.2,30.8,14.7,4.2,43.1,0.0,0.0,1,0,108.6,2.0,0.0,0.0,0.0,0.0,-0.0,-0.0,-0.0,0.0,0.0,0.0,0.0,0.0,0.0,0.0,0.0,1.0,0.0,0.0,0.0,23.9,0.0,23.9,6.0,0.0,6.0,4.0,0.0,4.0,0.0,0.2,8.5,28.0
14:43:19.000,0.0,0.0,0.0,100.0,3787.2,3616.2,30.8,14.8,4.2,43.0,0.0,0.0,1,0,102.7,2.0,0.0,0.0,0.0,0.0,-0.0,-0.0,-0.0,0.0,0.0,0.0,0.0,0.0,0.0,0.0,0.0,0.0,0.0,0.0,0.0,0.0,0.0,0.0,0.0,0.0,0.0,0.0,0.0,0.0,0.0,0.2,8.5,28.0
14:43:20.000,0.0,0.2,0.0,99.8,3787.2,3616.2,30.8,14.8,4.2,43.0,0.0,0.0,1,0,95.8,2.0,0.0,0.0,0.0,0.0,-0.0,-0.0,-0.0,0.0,0.0,0.0,0.0,0.0,0.0,0.0,0.0,0.0,0.0,0.0,0.0,0.0,0.0,0.0,0.0,0.0,0.0,0.0,0.0,0.0,0.0,0.2,8.5,28.0
14:43:21.000,0.0,0.2,0.0,99.8,3787.2,3616.2,30.8,14.8,4.2,43.0,0.0,0.0,1,0,83.8,2.0,0.0,0.0,0.0,0.0,-0.0,-0.0,-0.0,0.0,0.0,0.0,0.0,0.0,0.0,0.0,0.0,0.0,0.0,0.0,0.0,0.0,0.0,0.0,0.0,0.0,0.0,0.0,0.0,0.0,0.0,0.2,8.5,28.0
14:43:22.000,0.0,0.2,0.0,99.8,3787.2,3615.9,30.8,14.8,4.2,42.8,0.0,0.0,1,0,89.8,2.0,0.0,0.0,0.0,0.0,-0.0,-0.0,-0.0,0.0,0.0,0.0,0.0,0.0,0.0,1.0,0.0,0.0,0.0,0.0,0.0,0.0,0.0,0.0,0.0,0.0,0.0,0.0,0.0,0.0,0.0,0.2,8.5,28.0
14:43:23.000,0.0,0.2,0.0,99.8,3787.2,3616.2,30.8,14.8,4.2,43.0,0.0,0.0,1,0,113.6,2.0,0.0,0.0,0.0,0.0,-0.0,-0.0,-0.0,0.0,0.0,0.0,0.0,0.0,0.0,0.0,0.0,0.0,0.0,0.0,0.0,15.9,0.0,15.9,8.0,0.0,8.0,2.0,0.0,2.0,0.0,0.2,8.5,28.0
14:43:24.000,0.0,0.2,0.0,99.8,3787.2,3615.9,30.8,14.8,4.2,43.0,0.0,0.0,1,0,83.8,2.0,0.0,0.0,0.0,0.0,-0.0,-0.0,-0.0,0.0,0.0,0.0,0.0,0.0,0.0,0.0,0.0,0.0,0.0,0.0,0.0,0.0,0.0,0.0,0.0,0.0,0.0,0.0,0.0,0.0,0.0,0.2,8.5,28.0
14:43:25.000,0.2,0.0,0.0,99.8,3787.2,3616.2,30.8,14.8,4.2,43.0,0.0,0.0,1,0,94.8,2.0,0.0,0.0,0.0,0.0,-0.0,-0.0,-0.0,0.0,0.0,0.0,0.0,0.0,0.0,0.0,0.0,0.0,0.0,0.0,0.0,0.0,0.0,0.0,0.0,0.0,0.0,0.0,0.0,0.0,0.0,0.2,8.5,28.0
14:43:26.000,0.0,0.0,0.0,100.0,3787.2,3615.9,30.9,14.8,4.2,43.0,0.0,0.0,1,0,108.7,2.0,0.0,0.0,0.0,0.0,-0.0,-0.0,-0.0,0.0,0.0,0.0,0.0,0.0,0.0,0.0,0.0,0.0,0.0,0.0,0.0,0.0,0.0,0.0,0.0,0.0,0.0,0.0,0.0,0.0,0.0,0.2,8.5,28.0
14:43:27.000,0.2,0.5,0.0,99.3,3787.2,3616.2,30.8,14.8,4.2,43.0,0.0,0.0,1,0,96.8,2.0,0.0,0.0,0.0,0.0,-0.0,-0.0,-0.0,0.0,0.0,0.0,0.0,0.0,0.0,0.0,0.0,0.0,0.0,0.0,0.0,0.0,0.0,0.0,0.0,0.0,0.0,0.0,0.0,0.0,0.0,0.2,8.5,28.0
14:43:28.000,0.0,0.0,0.2,99.8,3787.2,3616.2,30.9,14.8,4.2,43.0,0.0,0.0,1,0,129.5,2.0,0.0,0.0,0.0,0.0,-0.0,-0.0,-0.0,0.0,0.0,0.0,0.0,0.0,0.0,0.0,0.0,0.0,0.0,0.0,0.0,19.9,0.0,19.9,6.7,0.0,6.7,3.0,0.0,3.0,0.0,0.2,8.5,28.0
14:43:29.000,0.0,0.0,0.0,100.0,3787.2,3615.9,30.9,14.8,4.2,43.0,0.0,0.0,1,0,92.8,2.0,0.0,0.0,0.0,0.0,-0.0,-0.0,-0.0,0.0,0.0,0.0,0.0,0.0,0.0,0.0,0.0,0.0,0.0,0.0,0.0,0.0,0.0,0.0,0.0,0.0,0.0,0.0,0.0,0.0,0.0,0.2,8.5,28.0
14:43:30.000,0.0,0.2,0.0,99.8,3787.2,3616.2,30.9,14.8,4.2,43.0,0.0,0.0,1,0,96.8,2.0,0.0,0.0,0.0,0.0,-0.0,-0.0,-0.0,0.0,0.0,0.0,0.0,0.0,0.0,0.0,0.0,0.0,0.0,0.0,0.0,0.0,0.0,0.0,0.0,0.0,0.0,0.0,0.0,0.0,0.0,0.2,8.5,28.0
14:43:31.000,0.0,0.2,0.0,99.8,3787.2,3615.9,30.9,14.8,4.2,43.0,0.0,0.0,1,0,147.6,2.0,0.0,0.0,0.0,0.1,-0.0,-0.0,-0.0,0.0,0.0,2.0,0.0,0.0,0.0,0.0,0.0,0.0,0.0,0.0,0.0,0.0,0.0,0.0,0.0,0.0,0.0,0.0,0.0,0.0,0.0,0.2,8.5,28.0
14:43:32.000,0.2,0.2,0.2,99.2,3787.2,3616.2,31.4,14.8,4.2,43.4,0.0,0.0,1,0,201.5,2.0,0.0,0.0,0.0,0.0,-0.0,-0.0,-0.1,0.0,0.0,0.0,0.0,0.0,1.0,2.0,0.0,2.0,530.7,0.0,530.7,0.0,0.0,0.0,106.4,0.0,106.4,5.0,0.0,5.0,0.0,0.2,8.5,28.0
14:43:33.000,0.0,0.5,1.0,98.5,3787.2,3615.7,32.5,14.8,4.2,44.7,0.0,0.0,1,0,213.0,2.0,0.0,0.0,0.0,0.0,-0.0,-0.0,-0.0,0.0,0.0,0.0,0.0,0.0,0.0,5.0,0.0,5.0,1182.6,0.0,1182.6,47.8,0.0,47.8,65.1,0.0,65.1,18.9,0.0,18.9,0.0,0.2,8.5,28.0
14:43:34.000,0.0,0.2,0.0,99.8,3787.2,3615.8,32.5,14.8,4.2,44.6,0.0,0.0,1,0,90.8,2.0,0.0,0.0,0.0,0.0,-0.0,-0.0,-0.0,0.0,0.0,0.0,0.0,0.0,0.0,0.0,0.0,0.0,0.0,0.0,0.0,0.0,0.0,0.0,0.0,0.0,0.0,0.0,0.0,0.0,0.0,0.2,8.5,28.0
14:43:35.000,0.0,0.2,0.0,99.8,3787.2,3615.4,32.5,14.8,4.2,44.7,0.0,0.0,1,0,119.7,3.0,0.0,0.0,0.0,0.0,-0.0,-0.0,-0.0,0.0,0.0,0.0,0.0,0.0,0.0,0.0,0.0,0.0,0.0,0.0,0.0,0.0,0.0,0.0,0.0,0.0,0.0,0.0,0.0,0.0,0.0,0.2,8.5,28.0
14:43:36.000,0.0,0.2,0.0,99.8,3787.2,3615.4,32.5,14.8,4.2,44.7,0.0,0.0,1,0,115.7,2.0,0.0,0.0,0.0,0.0,-0.0,-0.0,-0.0,0.0,0.0,0.0,0.0,0.0,0.0,0.0,0.0,0.0,0.0,0.0,0.0,0.0,0.0,0.0,0.0,0.0,0.0,0.0,0.0,0.0,0.0,0.2,8.5,28.0
14:43:37.000,0.0,0.5,0.0,99.5,3787.2,3615.7,32.5,14.8,4.2,44.7,0.0,0.0,1,0,96.8,2.0,0.0,0.0,0.0,0.0,-0.0,-0.0,-0.0,0.0,0.0,0.0,0.0,0.0,0.0,0.0,0.0,0.0,0.0,0.0,0.0,0.0,0.0,0.0,0.0,0.0,0.0,0.0,0.0,0.0,0.0,0.2,8.5,28.0
14:43:38.000,0.0,0.0,0.2,99.8,3787.2,3615.7,32.5,14.8,4.2,44.7,0.0,0.0,1,0,188.3,2.0,0.0,0.0,0.0,0.0,-0.0,-0.0,-0.0,0.0,0.0,0.0,0.0,0.0,0.0,2.0,0.0,2.0,0.0,0.0,0.0,127.5,0.0,127.5,7.1,0.0,7.1,17.9,0.0,17.9,0.0,0.2,8.5,28.0
14:43:39.000,0.2,0.0,0.0,99.8,3787.2,3615.7,32.5,14.8,4.2,44.7,0.0,0.0,1,0,105.7,2.0,0.0,0.0,0.0,0.0,-0.0,-0.0,-0.0,0.0,0.0,0.0,0.0,0.0,0.0,0.0,0.0,0.0,0.0,0.0,0.0,0.0,0.0,0.0,0.0,0.0,0.0,0.0,0.0,0.0,0.0,0.2,8.5,28.0
14:43:40.000,0.0,0.5,0.0,99.5,3787.2,3615.8,32.5,14.8,4.2,44.6,0.0,0.0,1,0,85.8,2.0,0.0,0.0,0.0,0.0,-0.0,-0.0,-0.0,0.0,0.0,0.0,0.0,0.0,0.0,0.0,0.0,0.0,0.0,0.0,0.0,0.0,0.0,0.0,0.0,0.0,0.0,0.0,0.0,0.0,0.0,0.2,8.5,28.0
14:43:41.000,0.0,0.2,0.0,99.8,3787.2,3615.9,32.5,14.8,4.2,44.7,0.0,0.0,1,0,88.8,2.0,0.0,0.0,0.0,0.0,-0.0,-0.0,-0.0,0.0,0.0,0.0,0.0,0.0,0.0,0.0,0.0,0.0,0.0,0.0,0.0,0.0,0.0,0.0,0.0,0.0,0.0,0.0,0.0,0.0,0.0,0.2,8.5,28.0
14:43:42.000,0.0,0.0,0.0,100.0,3787.2,3616.2,32.5,14.8,4.3,44.7,0.0,0.0,1,0,83.8,2.0,0.0,0.0,0.0,0.0,-0.0,-0.0,-0.0,0.0,0.0,0.0,0.0,0.0,0.0,0.0,0.0,0.0,0.0,0.0,0.0,0.0,0.0,0.0,0.0,0.0,0.0,0.0,0.0,0.0,0.0,0.2,8.5,28.0
14:43:43.000,0.2,0.2,0.2,99.3,3787.2,3616.2,32.6,14.8,4.3,44.8,0.0,0.0,1,0,201.2,2.0,0.0,0.0,0.0,0.1,-0.0,-0.0,-0.1,0.0,0.0,2.0,0.0,0.0,1.0,0.0,0.0,1.0,75.7,0.0,75.7,15.9,0.0,15.9,30.7,0.0,30.7,3.0,0.0,3.0,0.0,0.2,8.5,28.0
14:43:44.000,0.2,0.5,0.0,99.3,3787.2,3616.2,32.6,14.8,4.3,44.8,0.0,0.0,1,0,233.4,3.0,0.0,0.0,0.0,0.2,-0.0,-0.0,-0.3,0.0,0.0,4.0,0.0,0.0,3.0,0.0,0.0,0.0,0.0,0.0,0.0,0.0,0.0,0.0,0.0,0.0,0.0,0.0,0.0,0.0,0.0,0.2,8.5,28.0
14:43:45.000,0.0,0.2,0.0,99.8,3787.2,3616.4,32.6,14.8,4.3,44.8,0.0,0.0,1,0,83.8,2.0,0.0,0.0,0.0,0.0,-0.0,-0.0,-0.0,0.0,0.0,0.0,0.0,0.0,0.0,0.0,0.0,0.0,0.0,0.0,0.0,0.0,0.0,0.0,0.0,0.0,0.0,0.0,0.0,0.0,0.0,0.2,8.5,28.0
14:43:46.000,0.0,0.2,0.0,99.8,3787.2,3616.4,32.6,14.8,4.3,44.8,0.0,0.0,1,0,101.7,2.0,0.0,0.0,0.0,0.0,-0.0,-0.0,-0.0,0.0,0.0,0.0,0.0,0.0,0.0,0.0,0.0,0.0,0.0,0.0,0.0,0.0,0.0,0.0,0.0,0.0,0.0,0.0,0.0,0.0,0.0,0.2,8.5,28.0
14:43:47.000,0.0,0.2,0.0,99.8,3787.2,3616.7,32.6,14.8,4.3,44.8,0.0,0.0,1,0,90.8,2.0,0.0,0.0,0.0,0.0,-0.0,-0.0,-0.0,0.0,0.0,0.0,0.0,0.0,0.0,0.0,0.0,0.0,0.0,0.0,0.0,0.0,0.0,0.0,0.0,0.0,0.0,0.0,0.0,0.0,0.0,0.2,8.5,28.0
14:43:48.000,0.0,0.2,0.0,99.8,3787.2,3616.7,32.6,14.8,4.3,44.8,0.0,0.0,1,0,241.8,2.0,0.0,0.0,0.0,0.1,-0.0,-0.0,-0.1,0.0,0.0,2.0,0.0,0.0,1.0,2.0,0.0,1.0,0.0,0.0,0.0,99.5,0.0,99.5,7.7,0.0,7.7,12.9,0.0,12.9,0.0,0.2,8.5,28.0
14:43:49.000,0.0,0.5,0.0,99.5,3787.2,3616.7,32.6,14.8,4.3,44.6,0.0,0.0,1,0,212.5,3.0,0.0,0.0,0.0,0.2,-0.0,-0.0,-0.3,0.0,0.0,4.0,0.0,0.0,3.0,0.0,0.0,0.0,0.0,0.0,0.0,0.0,0.0,0.0,0.0,0.0,0.0,0.0,0.0,0.0,0.0,0.2,8.5,28.0
14:43:50.000,0.0,0.0,0.0,100.0,3787.2,3616.8,32.6,14.8,4.3,44.9,0.0,0.0,1,0,126.7,2.0,0.0,0.0,0.0,0.1,-0.0,-0.0,-0.0,0.0,0.0,1.0,0.0,0.0,0.0,0.0,0.0,0.0,0.0,0.0,0.0,0.0,0.0,0.0,0.0,0.0,0.0,0.0,0.0,0.0,0.0,0.2,8.5,28.0
14:43:51.000,0.0,0.5,0.0,99.5,3787.2,3616.9,32.6,14.8,4.3,44.8,0.0,0.0,1,0,96.8,2.0,0.0,0.0,0.0,0.0,-0.0,-0.0,-0.0,0.0,0.0,0.0,0.0,0.0,0.0,0.0,0.0,0.0,0.0,0.0,0.0,0.0,0.0,0.0,0.0,0.0,0.0,0.0,0.0,0.0,0.0,0.2,8.5,28.0
14:43:52.000,0.0,0.0,0.0,100.0,3787.2,3616.8,32.6,14.8,4.3,44.7,0.0,0.0,1,0,88.8,2.0,0.0,0.0,0.0,0.0,-0.0,-0.0,-0.0,0.0,0.0,0.0,0.0,0.0,0.0,0.0,0.0,1.0,0.0,0.0,0.0,0.0,0.0,0.0,0.0,0.0,0.0,0.0,0.0,0.0,0.0,0.2,8.5,28.0
14:43:53.000,0.0,0.2,0.2,99.5,3787.2,3616.7,32.6,14.8,4.3,44.8,0.0,0.0,1,0,103.6,2.0,0.0,0.0,0.0,0.0,-0.0,-0.0,-0.0,0.0,0.0,0.0,0.0,0.0,0.0,1.0,0.0,0.0,0.0,0.0,0.0,15.9,0.0,15.9,8.0,0.0,8.0,2.0,0.0,2.0,0.0,0.2,8.5,28.0
14:43:54.000,0.2,0.2,0.0,99.5,3787.2,3616.9,32.6,14.8,4.3,44.8,0.0,0.0,1,0,89.8,2.0,0.0,0.0,0.0,0.0,-0.0,-0.0,-0.0,0.0,0.0,0.0,0.0,0.0,0.0,0.0,0.0,0.0,0.0,0.0,0.0,0.0,0.0,0.0,0.0,0.0,0.0,0.0,0.0,0.0,0.0,0.2,8.5,28.0
14:43:55.000,0.0,0.2,0.0,99.8,3787.2,3616.7,32.6,14.8,4.3,44.8,0.0,0.0,1,0,92.8,2.0,0.0,0.0,0.0,0.0,-0.0,-0.0,-0.0,0.0,0.0,0.0,0.0,0.0,0.0,0.0,0.0,0.0,0.0,0.0,0.0,0.0,0.0,0.0,0.0,0.0,0.0,0.0,0.0,0.0,0.0,0.2,8.5,28.0
14:43:56.000,0.0,0.0,0.0,100.0,3787.2,3616.9,32.6,14.8,4.3,44.8,0.0,0.0,1,0,111.7,2.0,0.0,0.0,0.0,0.0,-0.0,-0.0,-0.0,0.0,0.0,0.0,0.0,0.0,0.0,0.0,0.0,0.0,0.0,0.0,0.0,0.0,0.0,0.0,0.0,0.0,0.0,0.0,0.0,0.0,0.0,0.2,8.5,28.0
14:43:57.000,0.0,0.2,0.0,99.8,3787.2,3616.7,32.6,14.8,4.3,44.8,0.0,0.0,1,0,87.8,2.0,0.0,0.0,0.0,0.0,-0.0,-0.0,-0.0,0.0,0.0,0.0,0.0,0.0,0.0,0.0,0.0,0.0,0.0,0.0,0.0,0.0,0.0,0.0,0.0,0.0,0.0,0.0,0.0,0.0,0.0,0.2,8.5,28.0
14:43:58.000,0.0,0.5,0.2,99.3,3787.2,3616.9,32.6,14.8,4.3,44.8,0.0,0.0,1,0,125.6,2.0,0.0,0.0,0.0,0.0,-0.0,-0.0,-0.0,0.0,0.0,0.0,0.0,0.0,0.0,1.0,0.0,1.0,0.0,0.0,0.0,27.9,0.0,27.9,7.0,0.0,7.0,4.0,0.0,4.0,0.0,0.2,8.5,28.0
14:43:59.000,0.0,0.0,0.0,100.0,3787.2,3616.9,32.6,14.8,4.3,44.8,0.0,0.0,1,0,101.8,2.0,0.0,0.0,0.0,0.0,-0.0,-0.0,-0.0,0.0,0.0,0.0,0.0,0.0,0.0,0.0,0.0,0.0,0.0,0.0,0.0,0.0,0.0,0.0,0.0,0.0,0.0,0.0,0.0,0.0,0.0,0.2,8.5,28.0
14:44:00.000,0.0,0.2,0.0,99.8,3787.2,3616.7,32.6,14.8,4.3,44.8,0.0,0.0,1,0,69.8,2.0,0.0,0.0,0.0,0.0,-0.0,-0.0,-0.0,0.0,0.0,0.0,0.0,0.0,0.0,0.0,0.0,0.0,0.0,0.0,0.0,0.0,0.0,0.0,0.0,0.0,0.0,0.0,0.0,0.0,0.0,0.2,8.5,28.0
14:44:01.000,0.0,0.2,0.0,99.8,3787.2,3616.8,32.6,14.8,4.3,44.9,0.0,0.0,1,0,116.7,2.0,0.0,0.0,0.0,0.0,-0.0,-0.0,-0.0,0.0,0.0,0.0,0.0,0.0,0.0,1.0,0.0,1.0,0.0,0.0,0.0,71.8,0.0,71.8,9.0,0.0,9.0,8.0,0.0,8.0,0.0,0.2,8.5,28.0
14:44:02.000,0.0,0.2,0.0,99.8,3787.2,3616.7,32.6,14.8,4.3,44.8,0.0,0.0,1,0,101.8,2.0,0.0,0.0,0.0,0.0,-0.0,-0.0,-0.0,0.0,0.0,0.0,0.0,0.0,0.0,1.0,0.0,1.0,0.0,0.0,0.0,0.0,0.0,0.0,0.0,0.0,0.0,0.0,0.0,0.0,0.0,0.2,8.5,28.0
14:44:03.000,0.0,0.2,0.2,99.5,3787.2,3616.9,32.6,14.8,4.3,44.8,0.0,0.0,1,0,114.1,2.0,0.0,0.0,0.0,0.0,-0.0,-0.0,-0.0,0.0,0.0,0.0,0.0,0.0,0.0,0.0,0.0,0.0,0.0,0.0,0.0,15.9,0.0,15.9,8.0,0.0,8.0,2.0,0.0,2.0,0.0,0.2,8.5,28.0
14:44:04.000,0.0,0.2,0.0,99.8,3787.2,3616.7,32.6,14.8,4.3,44.8,0.0,0.0,1,0,105.7,2.0,0.0,0.0,0.0,0.0,-0.0,-0.0,-0.0,0.0,0.0,0.0,0.0,0.0,0.0,0.0,0.0,1.0,0.0,0.0,0.0,27.9,0.0,27.9,14.0,0.0,14.0,2.0,0.0,2.0,0.0,0.2,8.5,28.0
14:44:05.000,0.0,0.2,0.0,99.8,3787.2,3616.7,32.6,14.8,4.3,44.8,0.0,0.0,1,0,91.8,2.0,0.0,0.0,0.0,0.0,-0.0,-0.0,-0.0,0.0,0.0,0.0,0.0,0.0,0.0,0.0,0.0,0.0,0.0,0.0,0.0,0.0,0.0,0.0,0.0,0.0,0.0,0.0,0.0,0.0,0.0,0.2,8.5,28.0
14:44:06.000,0.0,0.2,0.0,99.8,3787.2,3616.7,32.6,14.8,4.3,44.8,0.0,0.0,1,0,98.8,2.0,0.0,0.0,0.0,0.0,-0.0,-0.0,-0.0,0.0,0.0,0.0,0.0,0.0,0.0,0.0,0.0,0.0,0.0,0.0,0.0,0.0,0.0,0.0,0.0,0.0,0.0,0.0,0.0,0.0,0.0,0.2,8.5,28.0
14:44:07.000,0.2,0.2,0.0,99.5,3787.2,3616.4,32.6,14.8,4.3,44.9,0.0,0.0,1,0,81.8,2.0,0.0,0.0,0.0,0.0,-0.0,-0.0,-0.0,0.0,0.0,0.0,0.0,0.0,0.0,0.0,0.0,0.0,0.0,0.0,0.0,0.0,0.0,0.0,0.0,0.0,0.0,0.0,0.0,0.0,0.0,0.2,8.5,28.0
14:44:08.000,0.0,0.2,0.2,99.5,3787.2,3616.4,32.6,14.8,4.3,44.7,0.0,0.0,1,0,130.5,2.0,0.0,0.0,0.0,0.0,-0.0,-0.0,-0.0,0.0,0.0,0.0,0.0,0.0,0.0,1.0,0.0,0.0,0.0,0.0,0.0,43.8,0.0,43.8,7.3,0.0,7.3,6.0,0.0,6.0,0.0,0.2,8.5,28.0
14:44:09.000,0.0,0.0,0.0,100.0,3787.2,3616.3,32.6,14.8,4.3,44.7,0.0,0.0,1,0,81.8,2.0,0.0,0.0,0.0,0.0,-0.0,-0.0,-0.0,0.0,0.0,0.0,0.0,0.0,0.0,0.0,0.0,0.0,0.0,0.0,0.0,0.0,0.0,0.0,0.0,0.0,0.0,0.0,0.0,0.0,0.0,0.2,8.5,28.0
14:44:10.000,0.0,0.2,0.0,99.8,3787.2,3616.4,32.6,14.8,4.3,44.8,0.0,0.0,1,0,137.7,2.0,0.0,0.0,0.0,0.0,-0.0,-0.0,-0.0,0.0,0.0,0.0,0.0,0.0,0.0,1.0,0.0,1.0,0.0,0.0,0.0,75.8,0.0,75.8,8.4,0.0,8.4,9.0,0.0,9.0,0.0,0.2,8.5,28.0
14:44:11.000,0.5,0.0,0.0,99.5,3787.2,3616.3,32.6,14.8,4.3,44.8,0.0,0.0,1,0,80.8,2.0,0.0,0.0,0.0,0.0,-0.0,-0.0,-0.0,0.0,0.0,0.0,0.0,0.0,0.0,0.0,0.0,0.0,0.0,0.0,0.0,0.0,0.0,0.0,0.0,0.0,0.0,0.0,0.0,0.0,0.0,0.2,8.5,28.0
14:44:12.000,0.0,0.2,0.2,99.5,3787.2,3616.2,32.6,14.8,4.3,44.8,0.0,0.0,1,0,111.7,2.0,0.0,0.0,0.0,0.0,-0.0,-0.0,-0.0,0.0,0.0,0.0,0.0,0.0,0.0,1.0,0.0,1.0,83.8,0.0,83.8,0.0,0.0,0.0,84.0,0.0,84.0,1.0,0.0,1.0,0.0,0.2,8.5,28.0
14:44:13.000,0.0,0.2,0.0,99.8,3787.2,3616.3,32.7,14.8,4.3,44.9,0.0,0.0,1,0,114.5,2.0,0.0,0.0,0.0,0.0,-0.0,-0.0,-0.0,0.0,0.0,0.0,0.0,0.0,0.0,0.0,0.0,0.0,0.0,0.0,0.0,15.9,0.0,15.9,8.0,0.0,8.0,2.0,0.0,2.0,0.0,0.2,8.5,28.0
14:44:14.000,0.0,0.2,0.0,99.8,3787.2,3616.1,32.7,14.8,4.3,44.8,0.0,0.0,1,0,95.8,2.0,0.0,0.0,0.0,0.0,-0.0,-0.0,-0.0,0.0,0.0,0.0,0.0,0.0,0.0,0.0,0.0,0.0,0.0,0.0,0.0,0.0,0.0,0.0,0.0,0.0,0.0,0.0,0.0,0.0,0.0,0.2,8.5,28.0
14:44:15.000,0.2,0.2,0.0,99.5,3787.2,3616.6,32.7,14.8,4.3,44.9,0.0,0.0,1,0,93.8,2.0,0.0,0.0,0.0,0.0,-0.0,-0.0,-0.0,0.0,0.0,0.0,0.0,0.0,0.0,0.0,0.0,0.0,0.0,0.0,0.0,0.0,0.0,0.0,0.0,0.0,0.0,0.0,0.0,0.0,0.0,0.2,8.5,28.0
14:44:16.000,0.0,0.0,0.0,100.0,3787.2,3616.2,32.7,14.8,4.3,45.0,0.0,0.0,1,0,88.8,2.0,0.0,0.0,0.0,0.0,-0.0,-0.0,-0.0,0.0,0.0,0.0,0.0,0.0,0.0,0.0,0.0,0.0,0.0,0.0,0.0,0.0,0.0,0.0,0.0,0.0,0.0,0.0,0.0,0.0,0.0,0.2,8.5,28.0
14:44:17.000,0.0,0.2,0.0,99.8,3787.2,3616.4,32.7,14.8,4.3,44.8,0.0,0.0,1,0,86.8,2.0,0.0,0.0,0.0,0.0,-0.0,-0.0,-0.0,0.0,0.0,0.0,0.0,0.0,0.0,0.0,0.0,0.0,0.0,0.0,0.0,0.0,0.0,0.0,0.0,0.0,0.0,0.0,0.0,0.0,0.0,0.2,8.5,28.0
14:44:18.000,0.0,0.2,0.5,99.3,3787.2,3616.1,32.7,14.9,4.3,44.8,0.0,0.0,1,0,166.0,2.0,0.0,0.0,0.0,0.0,-0.0,-0.0,-0.0,0.0,0.0,0.0,0.0,0.0,0.0,2.0,0.0,2.0,0.0,0.0,0.0,99.4,0.0,99.4,7.7,0.0,7.7,12.9,0.0,12.9,0.0,0.2,8.5,28.0
14:44:19.000,0.0,0.5,0.0,99.5,3787.2,3616.1,32.7,14.9,4.3,44.9,0.0,0.0,1,0,102.7,2.0,0.0,0.0,0.0,0.0,-0.0,-0.0,-0.0,0.0,0.0,0.0,0.0,0.0,0.0,0.0,0.0,0.0,0.0,0.0,0.0,0.0,0.0,0.0,0.0,0.0,0.0,0.0,0.0,0.0,0.0,0.2,8.5,28.0
14:44:20.000,0.0,0.0,0.0,100.0,3787.2,3616.1,32.7,14.9,4.3,45.0,0.0,0.0,1,0,120.7,2.0,0.0,0.0,0.0,0.1,-0.0,-0.0,-0.0,0.0,0.0,1.0,0.0,0.0,0.0,0.0,0.0,0.0,0.0,0.0,0.0,0.0,0.0,0.0,0.0,0.0,0.0,0.0,0.0,0.0,0.0,0.2,8.5,28.0
14:44:21.000,0.0,0.5,0.0,99.5,3787.2,3616.2,32.7,14.9,4.3,44.8,0.0,0.0,1,0,70.8,2.0,0.0,0.0,0.0,0.0,-0.0,-0.0,-0.0,0.0,0.0,0.0,0.0,0.0,0.0,0.0,0.0,0.0,0.0,0.0,0.0,0.0,0.0,0.0,0.0,0.0,0.0,0.0,0.0,0.0,0.0,0.2,8.5,28.0
14:44:22.000,0.2,0.0,0.0,99.8,3787.2,3616.4,32.7,14.9,4.3,45.0,0.0,0.0,1,0,104.8,2.0,0.0,0.0,0.0,0.0,-0.0,-0.0,-0.0,0.0,0.0,0.0,0.0,0.0,0.0,0.0,0.0,0.0,0.0,0.0,0.0,0.0,0.0,0.0,0.0,0.0,0.0,0.0,0.0,0.0,0.0,0.2,8.5,28.0
14:44:23.000,0.0,0.2,0.0,99.8,3787.2,3616.2,32.7,14.9,4.3,44.7,0.0,0.0,1,0,109.6,2.0,0.0,0.0,0.0,0.0,-0.0,-0.0,-0.0,0.0,0.0,0.0,0.0,0.0,0.0,1.0,0.0,1.0,0.0,0.0,0.0,19.9,0.0,19.9,10.0,0.0,10.0,2.0,0.0,2.0,0.0,0.2,8.5,28.0
14:44:24.000,0.0,0.2,0.0,99.8,3787.2,3616.4,32.7,14.9,4.3,44.9,0.0,0.0,1,0,97.8,2.0,0.0,0.0,0.0,0.0,-0.0,-0.0,-0.0,0.0,0.0,0.0,0.0,0.0,0.0,0.0,0.0,0.0,0.0,0.0,0.0,0.0,0.0,0.0,0.0,0.0,0.0,0.0,0.0,0.0,0.0,0.2,8.5,28.0
14:44:25.000,0.2,0.2,0.0,99.5,3787.2,3616.2,32.7,14.9,4.3,44.9,0.0,0.0,1,0,91.8,2.0,0.0,0.0,0.0,0.0,-0.0,-0.0,-0.0,0.0,0.0,0.0,0.0,0.0,0.0,0.0,0.0,0.0,0.0,0.0,0.0,0.0,0.0,0.0,0.0,0.0,0.0,0.0,0.0,0.0,0.0,0.2,8.5,28.0
14:44:26.000,0.0,0.2,0.0,99.8,3787.2,3616.2,32.7,14.9,4.3,44.9,0.0,0.0,1,0,96.8,2.0,0.0,0.0,0.0,0.0,-0.0,-0.0,-0.0,0.0,0.0,0.0,0.0,0.0,0.0,0.0,0.0,0.0,0.0,0.0,0.0,0.0,0.0,0.0,0.0,0.0,0.0,0.0,0.0,0.0,0.0,0.2,8.5,28.0
14:44:28.000,0.0,0.0,0.0,100.0,3787.2,3616.2,32.7,14.9,4.3,44.8,0.0,0.0,1,0,113.7,2.0,0.0,0.0,0.0,0.0,-0.0,-0.0,-0.0,0.0,0.0,0.0,0.0,0.0,0.0,0.0,0.0,0.0,0.0,0.0,0.0,0.0,0.0,0.0,0.0,0.0,0.0,0.0,0.0,0.0,0.0,0.2,8.5,28.0
14:44:29.000,0.0,0.2,0.2,99.5,3787.2,3615.9,32.7,14.9,4.3,45.0,0.0,0.0,1,0,129.5,2.0,0.0,0.0,0.0,0.0,-0.0,-0.0,-0.0,0.0,0.0,0.0,0.0,0.0,0.0,0.0,0.0,1.0,0.0,0.0,0.0,31.9,0.0,31.9,6.4,0.0,6.4,5.0,0.0,5.0,0.0,0.2,8.5,28.0
14:44:30.000,0.0,0.2,0.0,99.8,3787.2,3616.2,32.7,14.9,4.3,44.7,0.0,0.0,1,0,95.8,2.0,0.0,0.0,0.0,0.0,-0.0,-0.0,-0.0,0.0,0.0,0.0,0.0,0.0,0.0,0.0,0.0,0.0,0.0,0.0,0.0,0.0,0.0,0.0,0.0,0.0,0.0,0.0,0.0,0.0,0.0,0.2,8.5,28.0
14:44:31.000,0.2,0.0,0.0,99.8,3787.2,3615.9,32.7,14.9,4.3,45.0,0.0,0.0,1,0,88.8,2.0,0.0,0.0,0.0,0.0,-0.0,-0.0,-0.0,0.0,0.0,0.0,0.0,0.0,0.0,0.0,0.0,0.0,0.0,0.0,0.0,0.0,0.0,0.0,0.0,0.0,0.0,0.0,0.0,0.0,0.0,0.2,8.5,28.0
14:44:32.000,0.0,0.2,0.0,99.8,3787.2,3616.1,32.7,14.9,4.3,44.9,0.0,0.0,1,0,99.7,2.0,0.0,0.0,0.0,0.0,-0.0,-0.0,-0.0,0.0,0.0,0.0,0.0,0.0,0.0,0.0,0.0,0.0,0.0,0.0,0.0,0.0,0.0,0.0,0.0,0.0,0.0,0.0,0.0,0.0,0.0,0.2,8.5,28.0
14:44:33.000,0.0,0.2,0.0,99.8,3787.2,3616.1,32.7,14.9,4.3,45.0,0.0,0.0,1,0,96.8,2.0,0.0,0.0,0.0,0.0,-0.0,-0.0,-0.0,0.0,0.0,0.0,0.0,0.0,0.0,1.0,0.0,0.0,0.0,0.0,0.0,0.0,0.0,0.0,0.0,0.0,0.0,0.0,0.0,0.0,0.0,0.2,8.5,28.0
14:44:34.000,0.0,0.2,0.0,99.8,3787.2,3615.9,32.7,14.9,4.3,44.8,0.0,0.0,1,0,106.6,2.0,0.0,0.0,0.0,0.0,-0.0,-0.0,-0.0,0.0,0.0,0.0,0.0,0.0,0.0,0.0,0.0,0.0,0.0,0.0,0.0,15.9,0.0,15.9,8.0,0.0,8.0,2.0,0.0,2.0,0.0,0.2,8.5,28.0
14:44:35.000,0.0,1.0,0.5,98.5,3787.2,3615.3,32.9,15.0,4.5,45.2,0.0,0.0,1,0,294.3,10.0,0.0,0.0,0.0,0.0,-0.0,-0.0,-0.0,0.0,0.0,0.0,0.0,0.0,0.0,2.0,0.0,2.0,530.7,0.0,530.7,0.0,0.0,0.0,24.2,0.0,24.2,21.9,0.0,21.9,0.0,0.2,8.5,28.0
14:44:36.000,0.0,0.5,0.0,99.5,3787.2,3615.6,33.1,15.1,4.5,45.1,0.0,0.0,1,0,109.7,2.0,0.0,0.0,0.0,0.0,-0.0,-0.0,-0.0,0.0,0.0,0.0,0.0,0.0,0.0,0.0,0.0,1.0,0.0,0.0,0.0,27.9,0.0,27.9,14.0,0.0,14.0,2.0,0.0,2.0,0.0,0.2,8.5,28.0
14:44:37.000,0.0,0.2,0.0,99.8,3787.2,3615.6,33.1,15.1,4.5,45.3,0.0,0.0,1,0,89.8,2.0,0.0,0.0,0.0,0.0,-0.0,-0.0,-0.0,0.0,0.0,0.0,0.0,0.0,0.0,0.0,0.0,0.0,0.0,0.0,0.0,0.0,0.0,0.0,0.0,0.0,0.0,0.0,0.0,0.0,0.0,0.2,8.5,28.0
14:44:38.000,0.0,0.0,0.0,100.0,3787.2,3615.4,33.1,15.1,4.5,45.2,0.0,0.0,1,0,99.7,2.0,0.0,0.0,0.0,0.0,-0.0,-0.0,-0.0,0.0,0.0,0.0,0.0,0.0,0.0,0.0,0.0,0.0,0.0,0.0,0.0,0.0,0.0,0.0,0.0,0.0,0.0,0.0,0.0,0.0,0.0,0.2,8.5,28.0
14:44:39.000,0.2,0.2,0.2,99.3,3787.2,3615.7,33.1,15.1,4.5,45.2,0.0,0.0,1,0,124.2,2.0,0.0,0.0,0.0,0.0,-0.0,-0.0,-0.0,0.0,0.0,0.0,0.0,0.0,0.0,1.0,0.0,1.0,0.0,0.0,0.0,43.7,0.0,43.7,7.3,0.0,7.3,6.0,0.0,6.0,0.0,0.2,8.5,28.0
14:44:40.000,0.0,0.2,0.0,99.8,3787.2,3615.3,33.1,15.1,4.5,45.2,0.0,0.0,1,0,89.8,2.0,0.0,0.0,0.0,0.0,-0.0,-0.0,-0.0,0.0,0.0,0.0,0.0,0.0,0.0,0.0,0.0,0.0,0.0,0.0,0.0,0.0,0.0,0.0,0.0,0.0,0.0,0.0,0.0,0.0,0.0,0.2,8.5,28.0
14:44:41.000,0.0,0.0,0.0,100.0,3787.2,3615.5,33.1,15.1,4.5,45.2,0.0,0.0,1,0,93.8,2.0,0.0,0.0,0.0,0.0,-0.0,-0.0,-0.0,0.0,0.0,0.0,0.0,0.0,0.0,0.0,0.0,0.0,0.0,0.0,0.0,0.0,0.0,0.0,0.0,0.0,0.0,0.0,0.0,0.0,0.0,0.2,8.5,28.0
14:44:42.000,0.2,0.2,0.0,99.5,3787.2,3615.4,33.1,15.1,4.5,45.2,0.0,0.0,1,0,79.8,2.0,0.0,0.0,0.0,0.0,-0.0,-0.0,-0.0,0.0,0.0,0.0,0.0,0.0,0.0,0.0,0.0,0.0,0.0,0.0,0.0,0.0,0.0,0.0,0.0,0.0,0.0,0.0,0.0,0.0,0.0,0.2,8.5,28.0
14:44:43.000,0.0,0.5,0.0,99.5,3787.2,3615.7,33.1,15.1,4.5,45.2,0.0,0.0,1,0,93.8,2.0,0.0,0.0,0.0,0.0,-0.0,-0.0,-0.0,0.0,0.0,0.0,0.0,0.0,0.0,0.0,0.0,0.0,0.0,0.0,0.0,0.0,0.0,0.0,0.0,0.0,0.0,0.0,0.0,0.0,0.0,0.2,8.5,28.0
14:44:44.000,0.0,0.0,0.2,99.8,3787.2,3615.7,33.1,15.1,4.5,45.2,0.0,0.0,1,0,119.6,2.0,0.0,0.0,0.0,0.0,-0.0,-0.0,-0.0,0.0,0.0,0.0,0.0,0.0,0.0,0.0,0.0,0.0,0.0,0.0,0.0,15.9,0.0,15.9,8.0,0.0,8.0,2.0,0.0,2.0,0.0,0.2,8.5,28.0
14:44:45.000,0.0,0.2,0.0,99.8,3787.2,3615.7,33.1,15.1,4.5,45.2,0.0,0.0,1,0,85.8,2.0,0.0,0.0,0.0,0.0,-0.0,-0.0,-0.0,0.0,0.0,0.0,0.0,0.0,0.0,0.0,0.0,0.0,0.0,0.0,0.0,0.0,0.0,0.0,0.0,0.0,0.0,0.0,0.0,0.0,0.0,0.2,8.5,28.0
14:44:46.000,0.0,0.2,0.0,99.8,3787.2,3615.7,33.1,15.1,4.5,45.2,0.0,0.0,1,0,87.8,2.0,0.0,0.0,0.0,0.0,-0.0,-0.0,-0.0,0.0,0.0,0.0,0.0,0.0,0.0,0.0,0.0,0.0,0.0,0.0,0.0,0.0,0.0,0.0,0.0,0.0,0.0,0.0,0.0,0.0,0.0,0.2,8.5,28.0
14:44:47.000,0.0,0.2,0.0,99.8,3787.2,3615.4,33.1,15.1,4.5,45.2,0.0,0.0,1,0,85.8,2.0,0.0,0.0,0.0,0.0,-0.0,-0.0,-0.0,0.0,0.0,0.0,0.0,0.0,0.0,0.0,0.0,0.0,0.0,0.0,0.0,0.0,0.0,0.0,0.0,0.0,0.0,0.0,0.0,0.0,0.0,0.2,8.5,28.0
14:44:48.000,0.0,0.0,0.0,100.0,3787.2,3615.7,33.1,15.1,4.5,45.2,0.0,0.0,1,0,107.7,2.0,0.0,0.0,0.0,0.0,-0.0,-0.0,-0.0,0.0,0.0,0.0,0.0,0.0,0.0,1.0,0.0,0.0,0.0,0.0,0.0,0.0,0.0,0.0,0.0,0.0,0.0,0.0,0.0,0.0,0.0,0.2,8.5,28.0
14:44:49.000,0.0,0.2,0.0,99.8,3787.2,3615.4,33.1,15.1,4.5,45.2,0.0,0.0,1,0,178.3,2.0,0.0,0.0,0.0,0.1,-0.0,-0.0,-0.1,0.0,0.0,2.0,0.0,0.0,1.0,0.0,0.0,0.0,0.0,0.0,0.0,15.9,0.0,15.9,8.0,0.0,8.0,2.0,0.0,2.0,0.0,0.2,8.5,28.0
14:44:50.000,0.2,0.7,0.0,99.0,3787.2,3615.6,33.1,15.1,4.5,45.2,0.0,0.0,1,0,270.3,3.0,0.0,0.0,0.0,0.4,-0.0,-0.0,-0.5,0.0,0.0,6.0,0.0,0.0,4.0,0.0,0.0,0.0,0.0,0.0,0.0,0.0,0.0,0.0,0.0,0.0,0.0,0.0,0.0,0.0,0.0,0.2,8.5,28.0
14:44:51.000,0.0,0.3,0.0,99.7,3787.2,3615.7,33.1,15.1,4.5,45.2,0.0,0.0,1,0,422.0,4.0,0.0,0.0,0.0,0.6,-0.0,-0.0,-0.8,0.0,0.0,10.0,0.0,0.0,7.0,0.0,0.0,0.0,0.0,0.0,0.0,0.0,0.0,0.0,0.0,0.0,0.0,0.0,0.0,0.0,0.0,0.2,8.5,28.0
14:44:52.000,0.0,0.2,0.0,99.8,3787.2,3615.6,33.1,15.1,4.5,45.2,0.0,0.0,1,0,287.3,3.0,0.0,0.0,0.0,0.4,-0.0,-0.0,-0.5,0.0,0.0,6.0,0.0,0.0,4.0,0.0,0.0,0.0,0.0,0.0,0.0,0.0,0.0,0.0,0.0,0.0,0.0,0.0,0.0,0.0,0.0,0.2,8.5,28.0
14:44:53.000,0.0,0.5,0.0,99.5,3787.2,3615.4,33.1,15.1,4.5,45.3,0.0,0.0,1,0,269.3,3.0,0.0,0.0,0.0,0.4,-0.0,-0.0,-0.5,0.0,0.0,6.0,0.0,0.0,4.0,0.0,0.0,0.0,0.0,0.0,0.0,0.0,0.0,0.0,0.0,0.0,0.0,0.0,0.0,0.0,0.0,0.2,8.5,28.0
14:44:54.000,0.2,0.0,0.0,99.8,3787.2,3615.3,33.1,15.1,4.5,45.2,0.0,0.0,1,0,114.7,2.0,0.0,0.0,0.0,0.0,-0.0,-0.0,-0.0,0.0,0.0,0.0,0.0,0.0,0.0,1.0,0.0,1.0,0.0,0.0,0.0,19.9,0.0,19.9,6.7,0.0,6.7,3.0,0.0,3.0,0.0,0.2,8.5,28.0
14:44:55.000,0.0,0.2,0.0,99.8,3787.2,3615.2,33.1,15.1,4.5,45.2,0.0,0.0,1,0,87.8,2.0,0.0,0.0,0.0,0.0,-0.0,-0.0,-0.0,0.0,0.0,0.0,0.0,0.0,0.0,0.0,0.0,0.0,0.0,0.0,0.0,0.0,0.0,0.0,0.0,0.0,0.0,0.0,0.0,0.0,0.0,0.2,8.5,28.0
14:44:56.000,0.0,0.2,0.0,99.8,3787.2,3615.1,33.1,15.1,4.5,45.0,0.0,0.0,1,0,95.8,2.0,0.0,0.0,0.0,0.0,-0.0,-0.0,-0.0,0.0,0.0,0.0,0.0,0.0,0.0,0.0,0.0,0.0,0.0,0.0,0.0,0.0,0.0,0.0,0.0,0.0,0.0,0.0,0.0,0.0,0.0,0.2,8.5,28.0
14:44:57.000,0.0,0.2,0.0,99.8,3787.2,3615.1,33.1,15.1,4.5,45.3,0.0,0.0,1,0,94.8,2.0,0.0,0.0,0.0,0.0,-0.0,-0.0,-0.0,0.0,0.0,0.0,0.0,0.0,0.0,0.0,0.0,0.0,0.0,0.0,0.0,0.0,0.0,0.0,0.0,0.0,0.0,0.0,0.0,0.0,0.0,0.2,8.5,28.0
14:44:58.000,0.0,0.2,0.2,99.5,3787.2,3615.1,33.1,15.1,4.5,45.3,0.0,0.0,1,0,212.5,2.0,0.0,0.0,0.0,0.1,-0.0,-0.0,-0.1,0.0,0.0,2.0,0.0,0.0,1.0,1.0,0.0,1.0,0.0,0.0,0.0,87.8,0.0,87.8,8.0,0.0,8.0,11.0,0.0,11.0,0.0,0.2,8.5,28.0
14:44:59.000,0.0,0.2,0.2,99.5,3787.2,3614.9,33.1,15.1,4.5,45.2,0.0,0.0,1,0,113.6,2.0,0.0,0.0,0.0,0.0,-0.0,-0.0,-0.0,0.0,0.0,0.0,0.0,0.0,0.0,0.0,0.0,0.0,0.0,0.0,0.0,15.9,0.0,15.9,8.0,0.0,8.0,2.0,0.0,2.0,0.0,0.2,8.5,28.0
14:45:00.000,0.2,0.2,0.0,99.5,3787.2,3614.8,33.1,15.1,4.5,45.3,0.0,0.0,1,0,213.5,3.0,0.0,0.0,0.0,0.2,-0.0,-0.0,-0.3,0.0,0.0,4.0,0.0,0.0,3.0,0.0,0.0,0.0,0.0,0.0,0.0,0.0,0.0,0.0,0.0,0.0,0.0,0.0,0.0,0.0,0.0,0.2,8.5,28.0
14:45:01.000,0.2,0.0,0.0,99.8,3787.2,3614.8,33.1,15.1,4.5,45.3,0.0,0.0,1,0,141.6,2.0,0.0,0.0,0.0,0.1,-0.0,-0.0,-0.1,0.0,0.0,2.0,0.0,0.0,1.0,0.0,0.0,0.0,0.0,0.0,0.0,0.0,0.0,0.0,0.0,0.0,0.0,0.0,0.0,0.0,0.0,0.2,8.5,28.0
14:45:02.000,0.0,0.0,0.0,100.0,3787.2,3614.9,33.1,15.1,4.5,45.2,0.0,0.0,1,0,270.3,3.0,0.0,0.0,0.0,0.4,-0.0,-0.0,-0.5,0.0,0.0,6.0,0.0,0.0,4.0,0.0,0.0,0.0,0.0,0.0,0.0,0.0,0.0,0.0,0.0,0.0,0.0,0.0,0.0,0.0,0.0,0.2,8.5,28.0
14:45:03.000,0.2,0.5,0.0,99.3,3787.2,3614.4,33.1,15.1,4.5,45.3,0.0,0.0,1,0,279.3,3.0,0.0,0.0,0.0,0.4,-0.0,-0.0,-0.5,0.0,0.0,6.0,0.0,0.0,4.0,0.0,0.0,1.0,0.0,0.0,0.0,0.0,0.0,0.0,0.0,0.0,0.0,0.0,0.0,0.0,0.0,0.2,8.5,28.0
14:45:04.000,0.0,0.5,1.2,98.3,3787.2,3614.6,33.1,15.1,4.5,45.2,0.0,0.0,1,0,310.0,2.9,0.0,0.0,0.0,0.4,-0.0,-0.0,-0.5,0.0,0.0,5.8,0.0,0.0,3.9,2.9,0.0,1.9,0.0,0.0,0.0,19.5,0.0,19.5,6.7,0.0,6.7,2.9,0.0,2.9,0.0,0.2,8.5,28.0
14:45:05.000,0.0,0.2,0.0,99.8,3787.2,3614.6,33.1,15.1,4.5,45.2,0.0,0.0,1,0,216.5,3.0,0.0,0.0,0.0,0.2,-0.0,-0.0,-0.3,0.0,0.0,4.0,0.0,0.0,3.0,0.0,0.0,0.0,0.0,0.0,0.0,0.0,0.0,0.0,0.0,0.0,0.0,0.0,0.0,0.0,0.0,0.2,8.5,28.0
14:45:06.000,0.0,0.2,0.0,99.8,3787.2,3614.4,33.1,15.1,4.5,45.3,0.0,0.0,1,0,85.8,2.0,0.0,0.0,0.0,0.0,-0.0,-0.0,-0.0,0.0,0.0,0.0,0.0,0.0,0.0,0.0,0.0,0.0,0.0,0.0,0.0,0.0,0.0,0.0,0.0,0.0,0.0,0.0,0.0,0.0,0.0,0.2,8.5,28.0
14:45:07.000,0.0,0.2,0.0,99.8,3787.2,3614.3,33.1,15.1,4.5,45.0,0.0,0.0,1,0,301.3,3.0,0.0,0.0,0.0,0.4,-0.0,-0.0,-0.5,0.0,0.0,6.0,0.0,0.0,4.0,0.0,0.0,1.0,0.0,0.0,0.0,27.9,0.0,27.9,14.0,0.0,14.0,2.0,0.0,2.0,0.0,0.2,8.5,28.0
14:45:08.000,0.0,0.2,0.0,99.8,3787.2,3614.0,33.1,15.1,4.5,45.3,0.0,0.0,1,0,91.8,2.0,0.0,0.0,0.0,0.0,-0.0,-0.0,-0.0,0.0,0.0,0.0,0.0,0.0,0.0,0.0,0.0,0.0,0.0,0.0,0.0,0.0,0.0,0.0,0.0,0.0,0.0,0.0,0.0,0.0,0.0,0.2,8.5,28.0
14:45:09.000,0.2,0.2,0.0,99.5,3787.2,3614.4,33.1,15.1,4.5,45.2,0.0,0.0,1,0,305.7,3.0,0.0,0.0,0.0,0.4,-0.0,-0.0,-0.5,0.0,0.0,6.0,0.0,0.0,4.0,0.0,0.0,0.0,0.0,0.0,0.0,23.9,0.0,23.9,12.0,0.0,12.0,2.0,0.0,2.0,0.0,0.2,8.5,28.0
14:45:10.000,0.0,0.2,0.0,99.8,3787.2,3614.0,33.1,15.1,4.5,45.2,0.0,0.0,1,0,91.8,2.0,0.0,0.0,0.0,0.0,-0.0,-0.0,-0.0,0.0,0.0,0.0,0.0,0.0,0.0,0.0,0.0,0.0,0.0,0.0,0.0,0.0,0.0,0.0,0.0,0.0,0.0,0.0,0.0,0.0,0.0,0.2,8.5,28.0
14:45:11.000,0.0,0.2,0.0,99.8,3787.2,3614.0,33.1,15.1,4.5,45.3,0.0,0.0,1,0,81.8,2.0,0.0,0.0,0.0,0.0,-0.0,-0.0,-0.0,0.0,0.0,0.0,0.0,0.0,0.0,0.0,0.0,0.0,0.0,0.0,0.0,0.0,0.0,0.0,0.0,0.0,0.0,0.0,0.0,0.0,0.0,0.2,8.5,28.0
14:45:12.000,0.2,0.0,0.0,99.8,3787.2,3613.9,33.1,15.1,4.5,45.3,0.0,0.0,1,0,103.7,2.0,0.0,0.0,0.0,0.0,-0.0,-0.0,-0.0,0.0,0.0,0.0,0.0,0.0,0.0,0.0,0.0,0.0,0.0,0.0,0.0,0.0,0.0,0.0,0.0,0.0,0.0,0.0,0.0,0.0,0.0,0.2,8.5,28.0
14:45:13.000,0.0,0.2,0.0,99.8,3787.2,3614.0,33.1,15.1,4.5,45.3,0.0,0.0,1,0,81.8,2.0,0.0,0.0,0.0,0.0,-0.0,-0.0,-0.0,0.0,0.0,0.0,0.0,0.0,0.0,0.0,0.0,0.0,0.0,0.0,0.0,0.0,0.0,0.0,0.0,0.0,0.0,0.0,0.0,0.0,0.0,0.2,8.5,28.0
14:45:14.000,0.2,0.5,0.2,99.0,3787.2,3614.1,33.1,15.1,4.5,45.3,0.0,0.0,1,0,370.6,2.0,0.0,0.0,0.0,0.5,-0.0,-0.0,-0.4,0.0,0.0,8.0,0.0,0.0,4.0,1.0,0.0,1.0,0.0,0.0,0.0,23.9,0.0,23.9,6.0,0.0,6.0,4.0,0.0,4.0,0.0,0.2,8.5,28.0
14:45:15.000,0.0,0.2,0.0,99.8,3787.2,3613.9,33.1,15.1,4.5,45.2,0.0,0.0,1,0,523.7,2.0,0.0,0.0,0.0,1.0,-0.0,-0.0,-0.7,0.0,0.0,14.0,0.0,0.0,7.0,0.0,0.0,0.0,4.0,0.0,4.0,0.0,0.0,0.0,4.0,0.0,4.0,1.0,0.0,1.0,0.0,0.2,8.5,28.0
14:45:16.000,0.0,0.2,0.0,99.8,3787.2,3614.2,33.1,15.1,4.5,45.3,0.0,0.0,1,0,114.7,2.0,0.0,0.0,0.0,0.0,-0.0,-0.0,-0.0,0.0,0.0,0.0,0.0,0.0,0.0,0.0,0.0,0.0,0.0,0.0,0.0,0.0,0.0,0.0,0.0,0.0,0.0,0.0,0.0,0.0,0.0,0.2,8.5,28.0
14:45:17.000,0.0,0.5,0.0,99.5,3787.2,3613.7,33.1,15.1,4.5,45.2,0.0,0.0,1,0,271.4,2.0,0.0,0.0,0.0,0.4,-0.0,-0.0,-0.3,0.0,0.0,6.0,0.0,0.0,3.0,0.0,0.0,0.0,0.0,0.0,0.0,0.0,0.0,0.0,0.0,0.0,0.0,0.0,0.0,0.0,0.0,0.2,8.5,28.0
14:45:18.000,0.0,0.5,0.0,99.5,3787.2,3614.0,33.1,15.1,4.5,45.4,0.0,0.0,1,0,212.6,2.0,0.0,0.0,0.0,0.3,-0.0,-0.0,-0.2,0.0,0.0,4.0,0.0,0.0,2.0,0.0,0.0,0.0,0.0,0.0,0.0,0.0,0.0,0.0,0.0,0.0,0.0,0.0,0.0,0.0,0.0,0.2,8.5,28.0
14:45:19.000,0.0,0.2,0.2,99.5,3787.2,3613.7,33.1,15.2,4.6,45.1,0.0,0.0,1,0,374.4,2.0,0.0,0.0,0.0,0.5,-0.0,-0.0,-0.4,0.0,0.0,8.0,0.0,0.0,4.0,1.0,0.0,0.0,0.0,0.0,0.0,19.9,0.0,19.9,6.7,0.0,6.7,3.0,0.0,3.0,0.0,0.2,8.5,28.0
14:45:20.000,0.0,0.3,0.3,99.5,3787.2,3614.0,33.0,15.4,4.9,45.2,0.0,0.0,1,0,338.3,2.0,0.0,0.0,0.0,0.5,-0.0,-0.0,-1.0,0.0,0.0,8.0,0.0,0.0,6.0,1.0,0.0,2.0,391.2,0.0,391.2,0.0,0.0,0.0,43.6,0.0,43.6,9.0,0.0,9.0,0.0,0.2,8.5,28.0
14:45:21.000,0.0,0.2,0.0,99.8,3787.2,3613.7,33.1,15.5,4.9,45.1,0.0,0.0,1,0,118.8,2.0,0.0,0.0,0.0,0.1,-0.0,-0.0,-0.0,0.0,0.0,1.0,0.0,0.0,0.0,0.0,0.0,0.0,0.0,0.0,0.0,0.0,0.0,0.0,0.0,0.0,0.0,0.0,0.0,0.0,0.0,0.2,8.5,28.0
14:45:22.000,0.0,0.0,0.0,100.0,3787.2,3613.7,33.1,15.5,4.9,45.1,0.0,0.0,1,0,78.9,2.0,0.0,0.0,0.0,0.0,-0.0,-0.0,-0.0,0.0,0.0,0.0,0.0,0.0,0.0,0.0,0.0,0.0,0.0,0.0,0.0,0.0,0.0,0.0,0.0,0.0,0.0,0.0,0.0,0.0,0.0,0.2,8.5,28.0
14:45:23.000,0.0,0.2,0.2,99.5,3787.2,3613.9,33.1,15.5,4.9,45.2,0.0,0.0,1,1,96.8,2.0,0.0,0.0,0.0,0.0,-0.0,-0.0,-0.0,0.0,0.0,0.0,0.0,0.0,0.0,1.0,0.0,1.0,0.0,0.0,0.0,16.0,0.0,16.0,8.0,0.0,8.0,2.0,0.0,2.0,0.0,0.2,8.5,28.0
14:45:24.000,0.2,0.2,0.0,99.5,3787.2,3614.0,33.1,15.5,4.9,45.1,0.0,0.0,2,0,84.9,1.0,0.0,0.0,0.0,0.0,-0.0,-0.0,-0.0,0.0,0.0,0.0,0.0,0.0,0.0,0.0,0.0,0.0,0.0,0.0,0.0,0.0,0.0,0.0,0.0,0.0,0.0,0.0,0.0,0.0,0.0,0.2,8.5,28.0
14:45:25.000,0.0,0.0,0.0,100.0,3787.2,3614.1,33.1,15.5,4.9,45.2,0.0,0.0,1,0,254.6,1.0,0.0,0.0,0.0,0.4,-0.0,-0.0,-0.3,0.0,0.0,6.0,0.0,0.0,3.0,0.0,0.0,0.0,0.0,0.0,0.0,0.0,0.0,0.0,0.0,0.0,0.0,0.0,0.0,0.0,0.0,0.2,8.5,28.0
14:45:26.000,0.0,0.2,0.0,99.8,3787.2,3614.2,33.1,15.5,4.9,45.2,0.0,0.0,1,0,84.8,2.0,0.0,0.0,0.0,0.0,-0.0,-0.0,-0.0,0.0,0.0,0.0,0.0,0.0,0.0,0.0,0.0,0.0,0.0,0.0,0.0,0.0,0.0,0.0,0.0,0.0,0.0,0.0,0.0,0.0,0.0,0.2,8.5,28.0
14:45:27.000,0.0,0.2,0.0,99.8,3787.2,3614.2,33.1,15.5,4.9,45.2,0.0,0.0,1,0,79.8,2.0,0.0,0.0,0.0,0.0,-0.0,-0.0,-0.0,0.0,0.0,0.0,0.0,0.0,0.0,0.0,0.0,0.0,0.0,0.0,0.0,0.0,0.0,0.0,0.0,0.0,0.0,0.0,0.0,0.0,0.0,0.2,8.5,28.0
14:45:28.000,0.0,0.2,0.0,99.8,3787.2,3614.4,33.1,15.5,4.9,45.2,0.0,0.0,1,0,561.7,2.0,0.0,0.0,0.0,1.0,-0.0,-0.0,-1.0,0.0,0.0,13.0,0.0,0.0,9.0,0.0,0.0,0.0,0.0,0.0,0.0,0.0,0.0,0.0,0.0,0.0,0.0,0.0,0.0,0.0,0.0,0.2,8.5,28.0
14:45:29.000,0.2,0.2,0.0,99.5,3787.2,3614.7,33.1,15.6,4.9,45.2,0.0,0.0,1,0,660.6,2.0,0.0,0.0,0.0,1.1,-0.0,-0.0,-1.1,0.0,0.0,13.0,0.0,0.0,10.0,0.0,0.0,0.0,0.0,0.0,0.0,15.9,0.0,15.9,8.0,0.0,8.0,2.0,0.0,2.0,0.0,0.2,8.5,28.0
14:45:30.000,0.0,0.2,0.0,99.8,3787.2,3614.9,33.1,15.6,4.9,45.2,0.0,0.0,1,0,276.3,2.0,0.0,0.0,0.0,0.4,-0.0,-0.0,-0.4,0.0,0.0,6.0,0.0,0.0,4.0,0.0,0.0,0.0,0.0,0.0,0.0,0.0,0.0,0.0,0.0,0.0,0.0,0.0,0.0,0.0,0.0,0.2,8.5,28.0
14:45:31.000,0.0,0.3,0.0,99.7,3787.2,3615.1,33.1,15.6,4.9,45.2,0.0,0.0,1,0,951.8,2.0,0.0,0.0,0.0,1.6,-0.0,-0.0,-1.9,0.0,0.0,19.0,0.0,0.0,18.0,0.0,0.0,0.0,0.0,0.0,0.0,0.0,0.0,0.0,0.0,0.0,0.0,0.0,0.0,0.0,0.0,0.2,8.5,28.0
14:45:32.000,0.2,0.2,0.0,99.5,3787.2,3615.4,33.1,15.6,4.9,45.2,0.0,0.0,1,0,343.1,2.0,0.0,0.0,0.0,0.5,-0.0,-0.0,-0.4,0.0,0.0,8.0,0.0,0.0,4.0,0.0,0.0,0.0,0.0,0.0,0.0,0.0,0.0,0.0,0.0,0.0,0.0,0.0,0.0,0.0,0.0,0.2,8.5,28.0
14:45:33.000,0.2,0.7,0.0,99.0,3787.2,3615.9,33.1,15.6,5.0,45.2,0.0,0.0,1,0,546.7,3.0,0.0,0.0,0.0,0.9,-0.0,-0.0,-0.9,0.0,0.0,14.0,0.0,0.0,8.0,1.0,0.0,0.0,4.0,0.0,4.0,0.0,0.0,0.0,4.0,0.0,4.0,1.0,0.0,1.0,0.0,0.2,8.5,28.0
14:45:34.000,0.0,0.0,0.7,99.3,3787.2,3615.9,33.2,15.6,5.0,45.3,0.0,0.0,1,0,104.5,2.0,0.0,0.0,0.0,0.0,-0.0,-0.0,-0.0,0.0,0.0,0.0,0.0,0.0,0.0,1.0,0.0,2.0,0.0,0.0,0.0,19.7,0.0,19.7,10.0,0.0,10.0,2.0,0.0,2.0,0.0,0.2,8.5,28.0
14:45:35.000,0.0,0.2,0.0,99.8,3787.2,3616.4,33.2,15.6,5.0,45.2,0.0,0.0,1,0,96.8,2.0,0.0,0.0,0.0,0.0,-0.0,-0.0,-0.0,0.0,0.0,0.0,0.0,0.0,0.0,0.0,0.0,0.0,0.0,0.0,0.0,0.0,0.0,0.0,0.0,0.0,0.0,0.0,0.0,0.0,0.0,0.2,8.5,28.0
14:45:36.000,0.0,0.2,0.0,99.8,3787.2,3616.4,33.2,15.6,5.0,45.2,0.0,0.0,1,0,88.8,2.0,0.0,0.0,0.0,0.0,-0.0,-0.0,-0.0,0.0,0.0,0.0,0.0,0.0,0.0,0.0,0.0,0.0,0.0,0.0,0.0,0.0,0.0,0.0,0.0,0.0,0.0,0.0,0.0,0.0,0.0,0.2,8.5,28.0
14:45:37.000,0.0,0.0,0.0,100.0,3787.2,3616.9,33.2,15.6,5.0,45.2,0.0,0.0,1,0,199.5,2.0,0.0,0.0,0.0,0.1,-0.0,-0.0,-0.1,0.0,0.0,2.0,0.0,0.0,1.0,0.0,0.0,0.0,0.0,0.0,0.0,0.0,0.0,0.0,0.0,0.0,0.0,0.0,0.0,0.0,0.0,0.2,8.5,28.0
14:45:38.000,0.0,0.2,0.0,99.8,3787.2,3616.9,33.2,15.6,5.0,45.3,0.0,0.0,1,0,111.7,2.0,0.0,0.0,0.0,0.0,-0.0,-0.0,-0.0,0.0,0.0,0.0,0.0,0.0,0.0,1.0,0.0,1.0,0.0,0.0,0.0,31.9,0.0,31.9,16.0,0.0,16.0,2.0,0.0,2.0,0.0,0.2,8.5,28.0
14:45:39.000,0.0,0.2,0.2,99.5,3787.2,3617.4,33.2,15.6,5.0,45.2,0.0,0.0,1,0,132.7,2.0,0.0,0.0,0.0,0.0,-0.0,-0.0,-0.0,0.0,0.0,0.0,0.0,0.0,0.0,1.0,0.0,1.0,0.0,0.0,0.0,39.9,0.0,39.9,6.7,0.0,6.7,6.0,0.0,6.0,0.0,0.2,8.5,28.0
