Timestamp,CPU Usage User (%),CPU Usage System (%),CPU Usage Wait (%),Processes Runnable,Processes Blocked,Process Switches,Process Forks,Process Execs,Network lo Received (Ko/s),Network eth0 Received (Ko/s),Network wlan0 Received (Ko/s),Network lo Sent (Ko/s),Network eth0 Sent (Ko/s),Network wlan0 Sent (Ko/s),Network Packet lo Received,Network Packet eth0 Received,Network Packet wlan0 Received,Network Packet lo Sent,Network Packet eth0 Sent,Network Packet wlan0 Sent,Disk mmcblk0 Usage (%),Disk mmcblk0p1 Usage (%),Disk mmcblk0p2 Usage (%),Disk mmcblk0 Read (Ko/s),Disk mmcblk0p1 Read (Ko/s),Disk mmcblk0p2 Read (Ko/s),Disk mmcblk0 Write (Ko/s),Disk mmcblk0p1 Write (Ko/s),Disk mmcblk0p2 Write (Ko/s),Disk mmcblk0 Block Size (Ko),Disk mmcblk0p1 Block Size (Ko),Disk mmcblk0p2 Block Size (Ko),Disk mmcblk0 Transfers,Disk mmcblk0p1 Transfers,Disk mmcblk0p2 Transfers,JFS dev Usage (%),JFS run Usage (%),JFS Usage (%),JFS boot/firmware Usage (%),Relative Time (s),CPU Usage (%),Memory Usage (%),Memory Active (%),Memory Buffers (%),Memory Cached (%),Memory Inactive (%),Mode,Attack Type,Attack,Host,Measurement,Run
14:21:20.000,0.8,2.9,1.2,1,0,0.0,0.0,0.0,0.0,0.0,0.0,-0.0,-0.0,-0.0,0.0,0.0,0.0,0.0,0.0,0.0,6.5,0.0,7.3,1996.2,0.0,1996.2,22.6,0.0,22.6,60.9,0.0,60.9,33.2,0.0,33.2,0.0,0.2,8.5,28.0,0.0,4.900000000000006,5.695500633713557,1.2753485424588085,0.3010139416983524,2.2047950992817915,1.8166455428812844,Idle,Denial of Service,HULK (HTTP),Raspberry Pi 4B 4GB,nmon,1
14:21:21.000,0.2,0.2,0.0,1,0,88.8,2.0,0.0,0.0,0.0,0.0,-0.0,-0.0,-0.0,0.0,0.0,0.0,0.0,0.0,0.0,0.0,0.0,0.0,0.0,0.0,0.0,0.0,0.0,0.0,0.0,0.0,0.0,0.0,0.0,0.0,0.0,0.2,8.5,28.0,1.0,0.5,5.703422053231943,1.2753485424588085,0.3010139416983524,2.2047950992817915,1.8166455428812844,Idle,Denial of Service,HULK (HTTP),Raspberry Pi 4B 4GB,nmon,1
14:21:22.000,0.0,0.2,0.0,1,0,86.8,2.0,0.0,0.0,0.0,0.0,-0.0,-0.0,-0.0,0.0,0.0,0.0,0.0,0.0,0.0,0.0,0.0,0.0,0.0,0.0,0.0,0.0,0.0,0.0,0.0,0.0,0.0,0.0,0.0,0.0,0.0,0.2,8.5,28.0,2.0,0.20000000000000284,5.70870299957752,1.2753485424588085,0.3010139416983524,2.2047950992817915,1.8166455428812844,Idle,Denial of Service,HULK (HTTP),Raspberry Pi 4B 4GB,nmon,1
14:21:23.000,0.0,0.0,0.0,1,0,84.8,2.0,0.0,0.0,0.0,0.0,-0.0,-0.0,-0.0,0.0,0.0,0.0,0.0,0.0,0.0,0.0,0.0,0.0,0.0,0.0,0.0,0.0,0.0,0.0,0.0,0.0,0.0,0.0,0.0,0.0,0.0,0.2,8.5,28.0,3.0,0.0,5.716624419095906,1.2753485424588085,0.3010139416983524,2.2047950992817915,1.8166455428812844,Idle,Denial of Service,HULK (HTTP),Raspberry Pi 4B 4GB,nmon,1
14:21:24.000,0.0,0.5,0.2,1,0,117.7,2.0,0.0,0.0,0.0,0.0,-0.0,-0.0,-0.0,0.0,0.0,0.0,0.0,0.0,0.0,1.0,0.0,0.0,0.0,0.0,0.0,95.8,0.0,95.8,48.0,0.0,48.0,2.0,0.0,2.0,0.0,0.2,8.5,28.0,4.0,0.7000000000000028,5.721905365441482,1.2753485424588085,0.3010139416983524,2.2047950992817915,1.8166455428812844,Idle,Denial of Service,HULK (HTTP),Raspberry Pi 4B 4GB,nmon,1
14:21:25.000,0.0,0.2,0.0,1,0,107.7,2.0,0.0,0.0,0.0,0.0,-0.0,-0.0,-0.0,0.0,0.0,0.0,0.0,0.0,0.0,0.0,0.0,1.0,0.0,0.0,0.0,12.0,0.0,12.0,6.0,0.0,6.0,2.0,0.0,2.0,0.0,0.2,8.5,28.0,5.0,0.20000000000000284,5.729826784959869,1.2753485424588085,0.3010139416983524,2.2047950992817915,1.8166455428812844,Idle,Denial of Service,HULK (HTTP),Raspberry Pi 4B 4GB,nmon,1
14:21:26.000,0.0,0.0,0.0,1,0,89.8,2.0,0.0,0.0,0.0,0.0,-0.0,-0.0,-0.0,0.0,0.0,0.0,0.0,0.0,0.0,0.0,0.0,0.0,0.0,0.0,0.0,0.0,0.0,0.0,0.0,0.0,0.0,0.0,0.0,0.0,0.0,0.2,8.5,28.0,6.0,0.0,5.735107731305444,1.2753485424588085,0.3010139416983524,2.2047950992817915,1.814005069708492,Idle,Denial of Service,HULK (HTTP),Raspberry Pi 4B 4GB,nmon,1
14:21:27.000,0.0,0.5,0.0,1,0,83.8,2.0,0.0,0.0,0.0,0.0,-0.0,-0.0,-0.0,0.0,0.0,0.0,0.0,0.0,0.0,0.0,0.0,0.0,0.0,0.0,0.0,0.0,0.0,0.0,0.0,0.0,0.0,0.0,0.0,0.0,0.0,0.2,8.5,28.0,7.0,0.5,5.748310097169407,1.2753485424588085,0.3010139416983524,2.2047950992817915,1.8166455428812844,Idle,Denial of Service,HULK (HTTP),Raspberry Pi 4B 4GB,nmon,1
14:21:28.000,0.2,0.0,0.0,1,0,96.8,2.0,0.0,0.0,0.0,0.0,-0.0,-0.0,-0.0,0.0,0.0,0.0,0.0,0.0,0.0,0.0,0.0,0.0,0.0,0.0,0.0,0.0,0.0,0.0,0.0,0.0,0.0,0.0,0.0,0.0,0.0,0.2,8.5,28.0,8.0,0.20000000000000284,5.748310097169407,1.2753485424588085,0.3010139416983524,2.2047950992817915,1.814005069708492,Idle,Denial of Service,HULK (HTTP),Raspberry Pi 4B 4GB,nmon,1
14:21:29.000,0.0,0.2,0.0,1,0,85.8,2.0,0.0,0.0,0.0,0.0,-0.0,-0.0,-0.0,0.0,0.0,0.0,0.0,0.0,0.0,0.0,0.0,0.0,0.0,0.0,0.0,0.0,0.0,0.0,0.0,0.0,0.0,0.0,0.0,0.0,0.0,0.2,8.5,28.0,9.0,0.20000000000000284,5.756231516687793,1.2753485424588085,0.3010139416983524,2.2047950992817915,1.8166455428812844,Idle,Denial of Service,HULK (HTTP),Raspberry Pi 4B 4GB,nmon,1
14:21:30.000,0.0,0.2,0.0,1,0,102.6,2.0,0.0,0.0,0.0,0.0,-0.0,-0.0,-0.0,0.0,0.0,0.0,0.0,0.0,0.0,0.0,0.0,0.0,0.0,0.0,0.0,23.9,0.0,23.9,12.0,0.0,12.0,2.0,0.0,2.0,0.0,0.2,8.5,28.0,10.0,0.20000000000000284,5.76151246303337,1.2753485424588085,0.3010139416983524,2.2047950992817915,1.814005069708492,Idle,Denial of Service,HULK (HTTP),Raspberry Pi 4B 4GB,nmon,1
14:21:31.000,0.0,0.2,0.0,1,0,108.7,2.0,0.0,0.0,0.0,0.0,-0.0,-0.0,-0.0,0.0,0.0,0.0,0.0,0.0,0.0,1.0,0.0,1.0,0.0,0.0,0.0,12.0,0.0,12.0,4.0,0.0,4.0,3.0,0.0,3.0,0.0,0.2,8.5,28.0,11.0,0.20000000000000284,5.766793409378956,1.2753485424588085,0.3010139416983524,2.2047950992817915,1.8166455428812844,Idle,Denial of Service,HULK (HTTP),Raspberry Pi 4B 4GB,nmon,1
14:21:32.000,0.2,0.2,0.0,1,0,96.8,2.0,0.0,0.0,0.0,0.0,-0.0,-0.0,-0.0,0.0,0.0,0.0,0.0,0.0,0.0,0.0,0.0,0.0,0.0,0.0,0.0,0.0,0.0,0.0,0.0,0.0,0.0,0.0,0.0,0.0,0.0,0.2,8.5,28.0,12.0,0.5,5.77735530207012,1.2753485424588085,0.3010139416983524,2.2047950992817915,1.814005069708492,Idle,Denial of Service,HULK (HTTP),Raspberry Pi 4B 4GB,nmon,1
14:21:33.000,0.0,0.0,0.0,1,0,83.8,2.0,0.0,0.0,0.0,0.0,-0.0,-0.0,-0.0,0.0,0.0,0.0,0.0,0.0,0.0,0.0,0.0,0.0,0.0,0.0,0.0,0.0,0.0,0.0,0.0,0.0,0.0,0.0,0.0,0.0,0.0,0.2,8.5,28.0,13.0,0.0,5.77735530207012,1.2753485424588085,0.3010139416983524,2.2047950992817915,1.819286016054077,Idle,Denial of Service,HULK (HTTP),Raspberry Pi 4B 4GB,nmon,1
14:21:34.000,0.2,0.2,0.0,1,0,102.8,2.0,0.0,0.0,0.0,0.0,-0.0,-0.0,-0.0,0.0,0.0,0.0,0.0,0.0,0.0,0.0,0.0,0.0,0.0,0.0,0.0,0.0,0.0,0.0,0.0,0.0,0.0,0.0,0.0,0.0,0.0,0.2,8.5,28.0,14.0,0.5,5.779995775242918,1.2753485424588085,0.3010139416983524,2.2047950992817915,1.8166455428812844,Idle,Denial of Service,HULK (HTTP),Raspberry Pi 4B 4GB,nmon,1
14:21:35.000,0.0,0.0,0.2,1,0,101.6,2.0,0.0,0.0,0.0,0.0,-0.0,-0.0,-0.0,0.0,0.0,0.0,0.0,0.0,0.0,1.0,0.0,0.0,0.0,0.0,0.0,23.9,0.0,23.9,12.0,0.0,12.0,2.0,0.0,2.0,0.0,0.2,8.5,28.0,15.0,0.20000000000000284,5.779995775242918,1.2753485424588085,0.3010139416983524,2.2047950992817915,1.8166455428812844,Idle,Denial of Service,HULK (HTTP),Raspberry Pi 4B 4GB,nmon,1
14:21:36.000,0.0,0.2,0.0,1,0,127.7,2.0,0.0,0.0,0.0,0.0,-0.0,-0.0,-0.0,0.0,0.0,0.0,0.0,0.0,0.0,0.0,0.0,1.0,0.0,0.0,0.0,12.0,0.0,12.0,6.0,0.0,6.0,2.0,0.0,2.0,0.0,0.2,8.5,28.0,16.0,0.20000000000000284,5.790557667934082,1.2753485424588085,0.3010139416983524,2.2047950992817915,1.814005069708492,Idle,Denial of Service,HULK (HTTP),Raspberry Pi 4B 4GB,nmon,1
14:21:37.000,0.0,0.2,0.0,1,0,83.8,2.0,0.0,0.0,0.0,0.0,-0.0,-0.0,-0.0,0.0,0.0,0.0,0.0,0.0,0.0,0.0,0.0,0.0,0.0,0.0,0.0,0.0,0.0,0.0,0.0,0.0,0.0,0.0,0.0,0.0,0.0,0.2,8.5,28.0,17.0,0.20000000000000284,5.793198141106881,1.2779890156316012,0.3010139416983524,2.2047950992817915,1.8166455428812844,Idle,Denial of Service,HULK (HTTP),Raspberry Pi 4B 4GB,nmon,1
14:21:38.000,0.0,0.2,0.0,1,0,83.8,2.0,0.0,0.0,0.0,0.0,-0.0,-0.0,-0.0,0.0,0.0,0.0,0.0,0.0,0.0,0.0,0.0,0.0,0.0,0.0,0.0,0.0,0.0,0.0,0.0,0.0,0.0,0.0,0.0,0.0,0.0,0.2,8.5,28.0,18.0,0.20000000000000284,5.7879171947612935,1.2779890156316012,0.3010139416983524,2.2047950992817915,1.8166455428812844,Idle,Denial of Service,HULK (HTTP),Raspberry Pi 4B 4GB,nmon,1
14:21:39.000,0.0,0.2,0.0,1,0,84.8,2.0,0.0,0.0,0.0,0.0,-0.0,-0.0,-0.0,0.0,0.0,0.0,0.0,0.0,0.0,0.0,0.0,0.0,0.0,0.0,0.0,0.0,0.0,0.0,0.0,0.0,0.0,0.0,0.0,0.0,0.0,0.2,8.5,28.0,19.0,0.20000000000000284,5.801119560625256,1.2779890156316012,0.3010139416983524,2.2047950992817915,1.811364596535699,Idle,Denial of Service,HULK (HTTP),Raspberry Pi 4B 4GB,nmon,1
14:21:40.000,0.0,0.2,0.0,1,0,117.6,2.0,0.0,0.0,0.0,0.0,-0.0,-0.0,-0.0,0.0,0.0,0.0,0.0,0.0,0.0,0.0,0.0,0.0,0.0,0.0,0.0,23.9,0.0,23.9,12.0,0.0,12.0,2.0,0.0,2.0,0.0,0.2,8.5,28.0,20.0,0.20000000000000284,5.793198141106881,1.2779890156316012,0.3010139416983524,2.2047950992817915,1.814005069708492,Idle,Denial of Service,HULK (HTTP),Raspberry Pi 4B 4GB,nmon,1
14:21:41.000,0.0,0.2,0.0,1,0,112.7,3.0,0.0,0.0,0.0,0.0,-0.0,-0.0,-0.0,0.0,0.0,0.0,0.0,0.0,0.0,0.0,0.0,0.0,0.0,0.0,0.0,0.0,0.0,0.0,0.0,0.0,0.0,0.0,0.0,0.0,0.0,0.2,8.5,28.0,21.0,0.20000000000000284,5.806400506970844,1.2779890156316012,0.3010139416983524,2.2047950992817915,1.811364596535699,Idle,Denial of Service,HULK (HTTP),Raspberry Pi 4B 4GB,nmon,1
14:21:42.000,0.0,0.2,0.0,1,0,136.7,2.0,0.0,0.0,0.0,0.0,-0.0,-0.0,-0.0,0.0,0.0,0.0,0.0,0.0,0.0,1.0,0.0,1.0,0.0,0.0,0.0,12.0,0.0,12.0,4.0,0.0,4.0,3.0,0.0,3.0,0.0,0.2,8.5,28.0,22.0,0.20000000000000284,5.806400506970844,1.2779890156316012,0.3010139416983524,2.2047950992817915,1.814005069708492,Idle,Denial of Service,HULK (HTTP),Raspberry Pi 4B 4GB,nmon,1
14:21:43.000,0.0,0.0,0.0,1,0,124.7,2.0,0.0,0.0,0.0,0.1,-0.0,-0.0,-0.0,0.0,0.0,1.0,0.0,0.0,0.0,0.0,0.0,0.0,0.0,0.0,0.0,0.0,0.0,0.0,0.0,0.0,0.0,0.0,0.0,0.0,0.0,0.2,8.5,28.0,23.0,0.0,5.814321926489219,1.2779890156316012,0.3010139416983524,2.2047950992817915,1.814005069708492,Idle,Denial of Service,HULK (HTTP),Raspberry Pi 4B 4GB,nmon,1
14:21:44.000,0.0,0.2,0.0,1,0,92.8,2.0,0.0,0.0,0.0,0.0,-0.0,-0.0,-0.0,0.0,0.0,0.0,0.0,0.0,0.0,0.0,0.0,0.0,0.0,0.0,0.0,0.0,0.0,0.0,0.0,0.0,0.0,0.0,0.0,0.0,0.0,0.2,8.5,28.0,24.0,0.20000000000000284,5.814321926489219,1.2779890156316012,0.3010139416983524,2.2047950992817915,1.814005069708492,Idle,Denial of Service,HULK (HTTP),Raspberry Pi 4B 4GB,nmon,1
14:21:45.000,0.0,0.2,0.2,1,0,111.6,2.0,0.0,0.0,0.0,0.0,-0.0,-0.0,-0.0,0.0,0.0,0.0,0.0,0.0,0.0,1.0,0.0,0.0,0.0,0.0,0.0,23.9,0.0,23.9,12.0,0.0,12.0,2.0,0.0,2.0,0.0,0.2,8.5,28.0,25.0,0.5,5.819602872834806,1.2779890156316012,0.3010139416983524,2.2047950992817915,1.814005069708492,Idle,Denial of Service,HULK (HTTP),Raspberry Pi 4B 4GB,nmon,1
14:21:46.000,0.2,0.2,0.0,1,0,103.7,2.0,0.0,0.0,0.0,0.0,-0.0,-0.0,-0.0,0.0,0.0,0.0,0.0,0.0,0.0,0.0,0.0,0.0,0.0,0.0,0.0,0.0,0.0,0.0,0.0,0.0,0.0,0.0,0.0,0.0,0.0,0.2,8.5,28.0,26.0,0.5,5.819602872834806,1.2779890156316012,0.3010139416983524,2.2047950992817915,1.814005069708492,Idle,Denial of Service,HULK (HTTP),Raspberry Pi 4B 4GB,nmon,1
14:21:47.000,0.0,0.2,0.0,1,0,105.8,2.0,0.0,0.0,0.0,0.0,-0.0,-0.0,-0.0,0.0,0.0,0.0,0.0,0.0,0.0,0.0,0.0,1.0,0.0,0.0,0.0,12.0,0.0,12.0,4.0,0.0,4.0,3.0,0.0,3.0,0.0,0.2,8.5,28.0,27.0,0.20000000000000284,5.827524292353181,1.2779890156316012,0.3010139416983524,2.2047950992817915,1.814005069708492,Idle,Denial of Service,HULK (HTTP),Raspberry Pi 4B 4GB,nmon,1
14:21:48.000,0.0,0.2,0.0,1,0,114.8,2.0,0.0,0.0,0.0,0.0,-0.0,-0.0,-0.0,0.0,0.0,0.0,0.0,0.0,0.0,0.0,0.0,0.0,0.0,0.0,0.0,0.0,0.0,0.0,0.0,0.0,0.0,0.0,0.0,0.0,0.0,0.2,8.5,28.0,28.0,0.20000000000000284,5.827524292353181,1.2779890156316012,0.3010139416983524,2.2047950992817915,1.8166455428812844,Idle,Denial of Service,HULK (HTTP),Raspberry Pi 4B 4GB,nmon,1
14:21:49.000,0.0,0.2,0.0,1,0,91.8,2.0,0.0,0.0,0.0,0.0,-0.0,-0.0,-0.0,0.0,0.0,0.0,0.0,0.0,0.0,0.0,0.0,0.0,0.0,0.0,0.0,0.0,0.0,0.0,0.0,0.0,0.0,0.0,0.0,0.0,0.0,0.2,8.5,28.0,29.0,0.20000000000000284,5.827524292353181,1.2779890156316012,0.3010139416983524,2.2047950992817915,1.8166455428812844,Idle,Denial of Service,HULK (HTTP),Raspberry Pi 4B 4GB,nmon,1
14:21:50.000,0.0,0.0,0.2,1,0,109.6,2.0,0.0,0.0,0.0,0.0,-0.0,-0.0,-0.0,0.0,0.0,0.0,0.0,0.0,0.0,1.0,0.0,1.0,0.0,0.0,0.0,23.9,0.0,23.9,12.0,0.0,12.0,2.0,0.0,2.0,0.0,0.2,8.5,28.0,30.0,0.20000000000000284,5.827524292353181,1.2779890156316012,0.3036544148711449,2.2047950992817915,1.819286016054077,Idle,Denial of Service,HULK (HTTP),Raspberry Pi 4B 4GB,nmon,1
14:21:51.000,0.0,0.2,0.0,1,0,82.8,2.0,0.0,0.0,0.0,0.0,-0.0,-0.0,-0.0,0.0,0.0,0.0,0.0,0.0,0.0,0.0,0.0,0.0,0.0,0.0,0.0,0.0,0.0,0.0,0.0,0.0,0.0,0.0,0.0,0.0,0.0,0.2,8.5,28.0,31.0,0.20000000000000284,5.827524292353181,1.2779890156316012,0.3036544148711449,2.2047950992817915,1.8166455428812844,Idle,Denial of Service,HULK (HTTP),Raspberry Pi 4B 4GB,nmon,1
14:21:52.000,0.0,0.0,0.0,1,0,96.8,2.0,0.0,0.0,0.0,0.0,-0.0,-0.0,-0.0,0.0,0.0,0.0,0.0,0.0,0.0,1.0,0.0,0.0,0.0,0.0,0.0,12.0,0.0,12.0,6.0,0.0,6.0,2.0,0.0,2.0,0.0,0.2,8.5,28.0,32.0,0.0,5.832805238698768,1.2779890156316012,0.3036544148711449,2.2047950992817915,1.8166455428812844,Idle,Denial of Service,HULK (HTTP),Raspberry Pi 4B 4GB,nmon,1
14:21:53.000,0.2,0.2,0.0,1,0,89.8,2.0,0.0,0.0,0.0,0.0,-0.0,-0.0,-0.0,0.0,0.0,0.0,0.0,0.0,0.0,0.0,0.0,0.0,0.0,0.0,0.0,0.0,0.0,0.0,0.0,0.0,0.0,0.0,0.0,0.0,0.0,0.2,8.5,28.0,33.0,0.5,5.827524292353181,1.2779890156316012,0.3036544148711449,2.2047950992817915,1.8166455428812844,Idle,Denial of Service,HULK (HTTP),Raspberry Pi 4B 4GB,nmon,1
14:21:54.000,0.0,0.0,0.0,1,0,86.8,2.0,0.0,0.0,0.0,0.0,-0.0,-0.0,-0.0,0.0,0.0,0.0,0.0,0.0,0.0,0.0,0.0,1.0,0.0,0.0,0.0,0.0,0.0,0.0,0.0,0.0,0.0,0.0,0.0,0.0,0.0,0.2,8.5,28.0,34.0,0.0,5.832805238698768,1.2779890156316012,0.3036544148711449,2.2047950992817915,1.8166455428812844,Idle,Denial of Service,HULK (HTTP),Raspberry Pi 4B 4GB,nmon,1
14:21:55.000,0.0,0.2,0.5,1,0,219.1,3.0,0.0,0.0,0.0,0.0,-0.0,-0.0,-0.0,0.0,0.0,0.0,0.0,0.0,0.0,2.0,0.0,2.0,0.0,0.0,0.0,123.5,0.0,123.5,5.4,0.0,5.4,22.9,0.0,22.9,0.0,0.2,8.5,28.0,35.0,0.7000000000000028,5.827524292353181,1.2779890156316012,0.3036544148711449,2.2047950992817915,1.8166455428812844,Idle,Denial of Service,HULK (HTTP),Raspberry Pi 4B 4GB,nmon,1
14:21:56.000,0.0,0.2,0.0,1,0,100.8,2.0,0.0,0.0,0.0,0.0,-0.0,-0.0,-0.0,0.0,0.0,0.0,0.0,0.0,0.0,0.0,0.0,0.0,0.0,0.0,0.0,0.0,0.0,0.0,0.0,0.0,0.0,0.0,0.0,0.0,0.0,0.2,8.5,28.0,36.0,0.20000000000000284,5.832805238698768,1.2779890156316012,0.3036544148711449,2.2047950992817915,1.819286016054077,Idle,Denial of Service,HULK (HTTP),Raspberry Pi 4B 4GB,nmon,1
14:21:57.000,0.0,0.2,0.0,1,0,77.8,2.0,0.0,0.0,0.0,0.0,-0.0,-0.0,-0.0,0.0,0.0,0.0,0.0,0.0,0.0,0.0,0.0,0.0,0.0,0.0,0.0,0.0,0.0,0.0,0.0,0.0,0.0,0.0,0.0,0.0,0.0,0.2,8.5,28.0,37.0,0.20000000000000284,5.832805238698768,1.2779890156316012,0.3036544148711449,2.2047950992817915,1.8166455428812844,Idle,Denial of Service,HULK (HTTP),Raspberry Pi 4B 4GB,nmon,1
14:21:58.000,0.0,0.2,0.0,1,0,103.8,2.0,0.0,0.0,0.0,0.0,-0.0,-0.0,-0.0,0.0,0.0,0.0,0.0,0.0,0.0,1.0,0.0,1.0,0.0,0.0,0.0,12.0,0.0,12.0,6.0,0.0,6.0,2.0,0.0,2.0,0.0,0.2,8.5,28.0,38.0,0.20000000000000284,5.832805238698768,1.2779890156316012,0.3036544148711449,2.2047950992817915,1.8166455428812844,Idle,Denial of Service,HULK (HTTP),Raspberry Pi 4B 4GB,nmon,1
14:21:59.000,0.2,0.0,0.0,1,0,82.8,2.0,0.0,0.0,0.0,0.0,-0.0,-0.0,-0.0,0.0,0.0,0.0,0.0,0.0,0.0,0.0,0.0,0.0,0.0,0.0,0.0,0.0,0.0,0.0,0.0,0.0,0.0,0.0,0.0,0.0,0.0,0.2,8.5,28.0,39.0,0.20000000000000284,5.835445711871568,1.2779890156316012,0.3036544148711449,2.2047950992817915,1.8166455428812844,Idle,Denial of Service,HULK (HTTP),Raspberry Pi 4B 4GB,nmon,1
14:22:00.000,0.0,0.5,0.0,1,0,109.5,2.0,0.0,0.0,0.0,0.0,-0.0,-0.0,-0.0,0.0,0.0,0.0,0.0,0.0,0.0,0.0,0.0,0.0,0.0,0.0,0.0,35.8,0.0,35.8,18.0,0.0,18.0,2.0,0.0,2.0,0.0,0.2,8.5,28.0,40.0,0.5,5.827524292353181,1.2779890156316012,0.3036544148711449,2.2047950992817915,1.819286016054077,Idle,Denial of Service,HULK (HTTP),Raspberry Pi 4B 4GB,nmon,1
14:22:01.000,0.0,0.0,0.0,1,0,93.8,2.0,0.0,0.0,0.0,0.0,-0.0,-0.0,-0.0,0.0,0.0,0.0,0.0,0.0,0.0,0.0,0.0,0.0,0.0,0.0,0.0,0.0,0.0,0.0,0.0,0.0,0.0,0.0,0.0,0.0,0.0,0.2,8.5,28.0,41.0,0.0,5.832805238698768,1.2779890156316012,0.3036544148711449,2.2047950992817915,1.8166455428812844,Idle,Denial of Service,HULK (HTTP),Raspberry Pi 4B 4GB,nmon,1
14:22:02.000,0.0,0.2,0.0,1,0,79.8,2.0,0.0,0.0,0.0,0.0,-0.0,-0.0,-0.0,0.0,0.0,0.0,0.0,0.0,0.0,0.0,0.0,0.0,0.0,0.0,0.0,0.0,0.0,0.0,0.0,0.0,0.0,0.0,0.0,0.0,0.0,0.2,8.5,28.0,42.0,0.20000000000000284,5.832805238698768,1.2779890156316012,0.3036544148711449,2.2047950992817915,1.8166455428812844,Idle,Denial of Service,HULK (HTTP),Raspberry Pi 4B 4GB,nmon,1
14:22:03.000,0.0,0.2,0.0,1,0,101.8,2.0,0.0,0.0,0.0,0.0,-0.0,-0.0,-0.0,0.0,0.0,0.0,0.0,0.0,0.0,0.0,0.0,0.0,0.0,0.0,0.0,8.0,0.0,8.0,4.0,0.0,4.0,2.0,0.0,2.0,0.0,0.2,8.5,28.0,43.0,0.20000000000000284,5.832805238698768,1.2779890156316012,0.3036544148711449,2.2047950992817915,1.8166455428812844,Idle,Denial of Service,HULK (HTTP),Raspberry Pi 4B 4GB,nmon,1
14:22:04.000,0.0,0.0,0.0,1,0,103.7,2.0,0.0,0.0,0.0,0.0,-0.0,-0.0,-0.0,0.0,0.0,0.0,0.0,0.0,0.0,0.0,0.0,0.0,0.0,0.0,0.0,0.0,0.0,0.0,0.0,0.0,0.0,0.0,0.0,0.0,0.0,0.2,8.5,28.0,44.0,0.0,5.840726658217143,1.2779890156316012,0.3036544148711449,2.2047950992817915,1.8166455428812844,Idle,Denial of Service,HULK (HTTP),Raspberry Pi 4B 4GB,nmon,1
14:22:05.000,0.2,0.2,0.2,1,0,98.6,2.0,0.0,0.0,0.0,0.0,-0.0,-0.0,-0.0,0.0,0.0,0.0,0.0,0.0,0.0,1.0,0.0,0.0,0.0,0.0,0.0,15.9,0.0,15.9,8.0,0.0,8.0,2.0,0.0,2.0,0.0,0.2,8.5,28.0,45.0,0.7000000000000028,5.832805238698768,1.2779890156316012,0.3036544148711449,2.2047950992817915,1.8166455428812844,Idle,Denial of Service,HULK (HTTP),Raspberry Pi 4B 4GB,nmon,1
14:22:06.000,0.0,0.2,0.0,1,0,104.8,2.0,0.0,0.0,0.0,0.0,-0.0,-0.0,-0.0,0.0,0.0,0.0,0.0,0.0,0.0,0.0,0.0,0.0,0.0,0.0,0.0,0.0,0.0,0.0,0.0,0.0,0.0,0.0,0.0,0.0,0.0,0.2,8.5,28.0,46.0,0.20000000000000284,5.840726658217143,1.2779890156316012,0.3036544148711449,2.2047950992817915,1.8166455428812844,Idle,Denial of Service,HULK (HTTP),Raspberry Pi 4B 4GB,nmon,1
14:22:07.000,0.2,0.0,0.0,1,0,81.8,2.0,0.0,0.0,0.0,0.0,-0.0,-0.0,-0.0,0.0,0.0,0.0,0.0,0.0,0.0,0.0,0.0,0.0,0.0,0.0,0.0,0.0,0.0,0.0,0.0,0.0,0.0,0.0,0.0,0.0,0.0,0.2,8.5,28.0,47.0,0.20000000000000284,5.846007604562731,1.2779890156316012,0.3036544148711449,2.2047950992817915,1.8166455428812844,Idle,Denial of Service,HULK (HTTP),Raspberry Pi 4B 4GB,nmon,1
14:22:08.000,0.0,0.2,0.0,1,0,93.8,2.0,0.0,0.0,0.0,0.0,-0.0,-0.0,-0.0,0.0,0.0,0.0,0.0,0.0,0.0,0.0,0.0,0.0,0.0,0.0,0.0,0.0,0.0,0.0,0.0,0.0,0.0,0.0,0.0,0.0,0.0,0.2,8.5,28.0,48.0,0.20000000000000284,5.843367131389943,1.2779890156316012,0.3036544148711449,2.2047950992817915,1.8166455428812844,Idle,Denial of Service,HULK (HTTP),Raspberry Pi 4B 4GB,nmon,1
14:22:09.000,0.0,0.2,0.0,1,0,97.8,2.0,0.0,0.0,0.0,0.0,-0.0,-0.0,-0.0,0.0,0.0,0.0,0.0,0.0,0.0,0.0,0.0,1.0,0.0,0.0,0.0,12.0,0.0,12.0,4.0,0.0,4.0,3.0,0.0,3.0,0.0,0.2,8.5,28.0,49.0,0.20000000000000284,5.846007604562731,1.2779890156316012,0.3036544148711449,2.2047950992817915,1.819286016054077,Idle,Denial of Service,HULK (HTTP),Raspberry Pi 4B 4GB,nmon,1
14:22:10.000,0.0,0.0,0.0,1,0,96.8,2.0,0.0,0.0,0.0,0.0,-0.0,-0.0,-0.0,0.0,0.0,0.0,0.0,0.0,0.0,0.0,0.0,0.0,0.0,0.0,0.0,35.9,0.0,35.9,18.0,0.0,18.0,2.0,0.0,2.0,0.0,0.2,8.5,28.0,50.0,0.0,5.846007604562731,1.2779890156316012,0.3036544148711449,2.2047950992817915,1.8166455428812844,Idle,Denial of Service,HULK (HTTP),Raspberry Pi 4B 4GB,nmon,1
14:22:11.000,0.0,0.2,0.0,1,0,83.9,2.0,0.0,0.0,0.0,0.0,-0.0,-0.0,-0.0,0.0,0.0,0.0,0.0,0.0,0.0,0.0,0.0,0.0,0.0,0.0,0.0,0.0,0.0,0.0,0.0,0.0,0.0,0.0,0.0,0.0,0.0,0.2,8.5,28.0,51.0,0.20000000000000284,5.84864807773553,1.2779890156316012,0.3036544148711449,2.2047950992817915,1.819286016054077,Idle,Denial of Service,HULK (HTTP),Raspberry Pi 4B 4GB,nmon,1
14:22:12.000,0.0,0.2,0.0,1,0,120.8,2.0,0.0,0.0,0.0,0.1,-0.0,-0.0,-0.0,0.0,0.0,1.0,0.0,0.0,0.0,0.0,0.0,0.0,0.0,0.0,0.0,0.0,0.0,0.0,0.0,0.0,0.0,0.0,0.0,0.0,0.0,0.2,8.5,28.0,52.0,0.20000000000000284,5.846007604562731,1.2779890156316012,0.3036544148711449,2.2047950992817915,1.814005069708492,Idle,Denial of Service,HULK (HTTP),Raspberry Pi 4B 4GB,nmon,1
14:22:13.000,0.2,0.0,0.0,2,0,93.8,1.0,0.0,0.0,0.0,0.0,-0.0,-0.0,-0.0,0.0,0.0,0.0,0.0,0.0,0.0,0.0,0.0,0.0,0.0,0.0,0.0,0.0,0.0,0.0,0.0,0.0,0.0,0.0,0.0,0.0,0.0,0.2,8.5,28.0,53.0,0.20000000000000284,5.851288550908318,1.2779890156316012,0.3036544148711449,2.2047950992817915,1.819286016054077,Idle,Denial of Service,HULK (HTTP),Raspberry Pi 4B 4GB,nmon,1
14:22:14.000,0.0,0.0,0.0,1,0,69.9,1.0,0.0,0.0,0.0,0.0,-0.0,-0.0,-0.0,0.0,0.0,0.0,0.0,0.0,0.0,1.0,0.0,1.0,0.0,0.0,0.0,0.0,0.0,0.0,0.0,0.0,0.0,0.0,0.0,0.0,0.0,0.2,8.5,28.0,54.0,0.0,5.851288550908318,1.2779890156316012,0.3036544148711449,2.2047950992817915,1.8166455428812844,Idle,Denial of Service,HULK (HTTP),Raspberry Pi 4B 4GB,nmon,1
14:22:15.000,0.2,0.2,0.2,1,0,118.6,2.0,0.0,0.0,0.0,0.0,-0.0,-0.0,-0.0,0.0,0.0,0.0,0.0,0.0,0.0,1.0,0.0,0.0,0.0,0.0,0.0,31.9,0.0,31.9,8.0,0.0,8.0,4.0,0.0,4.0,0.0,0.2,8.5,28.0,55.0,0.7000000000000028,5.859209970426694,1.2779890156316012,0.3036544148711449,2.2047950992817915,1.8166455428812844,Idle,Denial of Service,HULK (HTTP),Raspberry Pi 4B 4GB,nmon,1
14:22:16.000,0.0,0.2,0.0,1,0,111.7,2.0,0.0,0.0,0.0,0.0,-0.0,-0.0,-0.0,0.0,0.0,0.0,0.0,0.0,0.0,0.0,0.0,0.0,0.0,0.0,0.0,0.0,0.0,0.0,0.0,0.0,0.0,0.0,0.0,0.0,0.0,0.2,8.5,28.0,56.0,0.20000000000000284,5.851288550908318,1.2779890156316012,0.3036544148711449,2.2047950992817915,1.819286016054077,Idle,Denial of Service,HULK (HTTP),Raspberry Pi 4B 4GB,nmon,1
14:22:17.000,0.0,0.2,0.0,1,0,78.8,2.0,0.0,0.0,0.0,0.0,-0.0,-0.0,-0.0,0.0,0.0,0.0,0.0,0.0,0.0,0.0,0.0,0.0,0.0,0.0,0.0,0.0,0.0,0.0,0.0,0.0,0.0,0.0,0.0,0.0,0.0,0.2,8.5,28.0,57.0,0.20000000000000284,5.86449091677228,1.2779890156316012,0.3036544148711449,2.2047950992817915,1.8166455428812844,Idle,Denial of Service,HULK (HTTP),Raspberry Pi 4B 4GB,nmon,1
14:22:18.000,0.0,0.0,0.0,1,0,76.8,2.0,0.0,0.0,0.0,0.0,-0.0,-0.0,-0.0,0.0,0.0,0.0,0.0,0.0,0.0,0.0,0.0,0.0,0.0,0.0,0.0,0.0,0.0,0.0,0.0,0.0,0.0,0.0,0.0,0.0,0.0,0.2,8.5,28.0,58.0,0.0,5.86449091677228,1.2779890156316012,0.3036544148711449,2.2047950992817915,1.8166455428812844,Idle,Denial of Service,HULK (HTTP),Raspberry Pi 4B 4GB,nmon,1
14:22:19.000,0.0,0.2,0.0,1,0,83.8,2.0,0.0,0.0,0.0,0.0,-0.0,-0.0,-0.0,0.0,0.0,0.0,0.0,0.0,0.0,0.0,0.0,0.0,0.0,0.0,0.0,0.0,0.0,0.0,0.0,0.0,0.0,0.0,0.0,0.0,0.0,0.2,8.5,28.0,59.0,0.20000000000000284,5.8724123362906555,1.2779890156316012,0.3036544148711449,2.2047950992817915,1.8166455428812844,Idle,Denial of Service,HULK (HTTP),Raspberry Pi 4B 4GB,nmon,1
14:22:20.000,0.2,0.0,0.0,1,0,119.5,2.0,0.0,0.0,0.0,0.0,-0.0,-0.0,-0.0,0.0,0.0,0.0,0.0,0.0,0.0,0.0,0.0,1.0,0.0,0.0,0.0,27.9,0.0,27.9,14.0,0.0,14.0,2.0,0.0,2.0,0.0,0.2,8.5,28.0,60.0,0.20000000000000284,5.8724123362906555,1.2779890156316012,0.3036544148711449,2.2047950992817915,1.8166455428812844,Idle,Denial of Service,HULK (HTTP),Raspberry Pi 4B 4GB,nmon,1
14:22:21.000,0.0,0.2,0.0,1,0,107.7,2.0,0.0,0.0,0.0,0.0,-0.0,-0.0,-0.0,0.0,0.0,0.0,0.0,0.0,0.0,0.0,0.0,0.0,0.0,0.0,0.0,12.0,0.0,12.0,4.0,0.0,4.0,3.0,0.0,3.0,0.0,0.2,8.5,28.0,61.0,0.20000000000000284,5.877693282636242,1.2779890156316012,0.3036544148711449,2.2047950992817915,1.8219264892268696,Idle,Denial of Service,HULK (HTTP),Raspberry Pi 4B 4GB,nmon,1
14:22:22.000,0.0,0.2,0.0,1,0,90.8,2.0,0.0,0.0,0.0,0.0,-0.0,-0.0,-0.0,0.0,0.0,0.0,0.0,0.0,0.0,0.0,0.0,0.0,0.0,0.0,0.0,0.0,0.0,0.0,0.0,0.0,0.0,0.0,0.0,0.0,0.0,0.2,8.5,28.0,62.0,0.20000000000000284,5.877693282636242,1.2779890156316012,0.3036544148711449,2.2074355724545835,1.8166455428812844,Idle,Denial of Service,HULK (HTTP),Raspberry Pi 4B 4GB,nmon,1
14:22:23.000,0.0,0.2,0.0,1,0,93.8,2.0,0.0,0.0,0.0,0.0,-0.0,-0.0,-0.0,0.0,0.0,0.0,0.0,0.0,0.0,0.0,0.0,0.0,0.0,0.0,0.0,0.0,0.0,0.0,0.0,0.0,0.0,0.0,0.0,0.0,0.0,0.2,8.5,28.0,63.0,0.20000000000000284,5.877693282636242,1.2779890156316012,0.3036544148711449,2.2074355724545835,1.8166455428812844,Idle,Denial of Service,HULK (HTTP),Raspberry Pi 4B 4GB,nmon,1
14:22:24.000,0.2,0.0,0.0,1,0,100.8,2.0,0.0,0.0,0.0,0.0,-0.0,-0.0,-0.0,0.0,0.0,0.0,0.0,0.0,0.0,0.0,0.0,0.0,0.0,0.0,0.0,0.0,0.0,0.0,0.0,0.0,0.0,0.0,0.0,0.0,0.0,0.2,8.5,28.0,64.0,0.20000000000000284,5.8856147021546175,1.2779890156316012,0.3036544148711449,2.2047950992817915,1.8166455428812844,Idle,Denial of Service,HULK (HTTP),Raspberry Pi 4B 4GB,nmon,1
14:22:25.000,0.0,0.2,0.2,1,0,108.6,2.0,0.0,0.0,0.0,0.0,-0.0,-0.0,-0.0,0.0,0.0,0.0,0.0,0.0,0.0,1.0,0.0,1.0,0.0,0.0,0.0,27.9,0.0,27.9,14.0,0.0,14.0,2.0,0.0,2.0,0.0,0.2,8.5,28.0,65.0,0.5,5.890895648500205,1.2779890156316012,0.3036544148711449,2.2074355724545835,1.8166455428812844,Idle,Denial of Service,HULK (HTTP),Raspberry Pi 4B 4GB,nmon,1
14:22:26.000,0.0,0.2,0.0,1,0,87.8,2.0,0.0,0.0,0.0,0.0,-0.0,-0.0,-0.0,0.0,0.0,0.0,0.0,0.0,0.0,0.0,0.0,0.0,0.0,0.0,0.0,0.0,0.0,0.0,0.0,0.0,0.0,0.0,0.0,0.0,0.0,0.2,8.5,28.0,66.0,0.20000000000000284,5.890895648500205,1.2779890156316012,0.3036544148711449,2.2074355724545835,1.8166455428812844,Idle,Denial of Service,HULK (HTTP),Raspberry Pi 4B 4GB,nmon,1
14:22:27.000,0.0,0.0,0.0,1,0,115.7,2.0,0.0,0.0,0.0,0.0,-0.0,-0.0,-0.0,0.0,0.0,0.0,0.0,0.0,0.0,0.0,0.0,0.0,0.0,0.0,0.0,12.0,0.0,12.0,6.0,0.0,6.0,2.0,0.0,2.0,0.0,0.2,8.5,28.0,67.0,0.0,5.89881706801858,1.2779890156316012,0.3036544148711449,2.2074355724545835,1.8166455428812844,Idle,Denial of Service,HULK (HTTP),Raspberry Pi 4B 4GB,nmon,1
14:22:28.000,0.2,0.2,0.0,1,0,103.7,2.0,0.0,0.0,0.0,0.0,-0.0,-0.0,-0.0,0.0,0.0,0.0,0.0,0.0,0.0,0.0,0.0,0.0,0.0,0.0,0.0,0.0,0.0,0.0,0.0,0.0,0.0,0.0,0.0,0.0,0.0,0.2,8.5,28.0,68.0,0.5,5.89881706801858,1.2779890156316012,0.3036544148711449,2.2074355724545835,1.8166455428812844,Idle,Denial of Service,HULK (HTTP),Raspberry Pi 4B 4GB,nmon,1
14:22:29.000,0.0,0.0,0.0,1,0,92.8,2.0,0.0,0.0,0.0,0.0,-0.0,-0.0,-0.0,0.0,0.0,0.0,0.0,0.0,0.0,1.0,0.0,0.0,0.0,0.0,0.0,0.0,0.0,0.0,0.0,0.0,0.0,0.0,0.0,0.0,0.0,0.2,8.5,28.0,69.0,0.0,5.904098014364168,1.2779890156316012,0.3036544148711449,2.2074355724545835,1.8166455428812844,Idle,Denial of Service,HULK (HTTP),Raspberry Pi 4B 4GB,nmon,1
14:22:30.000,0.2,0.2,0.2,1,0,144.4,2.0,0.0,0.0,0.0,0.0,-0.0,-0.0,-0.0,0.0,0.0,0.0,0.0,0.0,0.0,0.0,0.0,1.0,0.0,0.0,0.0,55.8,0.0,55.8,7.0,0.0,7.0,8.0,0.0,8.0,0.0,0.2,8.5,28.0,70.0,0.7000000000000028,5.912019433882543,1.2779890156316012,0.3036544148711449,2.2074355724545835,1.8166455428812844,Idle,Denial of Service,HULK (HTTP),Raspberry Pi 4B 4GB,nmon,1
14:22:31.000,0.0,0.2,0.0,1,0,77.8,2.0,0.0,0.0,0.0,0.0,-0.0,-0.0,-0.0,0.0,0.0,0.0,0.0,0.0,0.0,0.0,0.0,0.0,0.0,0.0,0.0,0.0,0.0,0.0,0.0,0.0,0.0,0.0,0.0,0.0,0.0,0.2,8.5,28.0,71.0,0.20000000000000284,5.912019433882543,1.2779890156316012,0.3036544148711449,2.2074355724545835,1.8166455428812844,Idle,Denial of Service,HULK (HTTP),Raspberry Pi 4B 4GB,nmon,1
14:22:32.000,0.0,0.2,0.0,1,0,109.7,2.0,0.0,0.0,0.0,0.0,-0.0,-0.0,-0.0,0.0,0.0,0.0,0.0,0.0,0.0,0.0,0.0,0.0,0.0,0.0,0.0,0.0,0.0,0.0,0.0,0.0,0.0,0.0,0.0,0.0,0.0,0.2,8.5,28.0,72.0,0.20000000000000284,5.912019433882543,1.2779890156316012,0.3036544148711449,2.2074355724545835,1.8166455428812844,Idle,Denial of Service,HULK (HTTP),Raspberry Pi 4B 4GB,nmon,1
14:22:33.000,0.0,0.0,0.0,1,0,104.8,2.0,0.0,0.0,0.0,0.0,-0.0,-0.0,-0.0,0.0,0.0,0.0,0.0,0.0,0.0,0.0,0.0,0.0,0.0,0.0,0.0,12.0,0.0,12.0,6.0,0.0,6.0,2.0,0.0,2.0,0.0,0.2,8.5,28.0,73.0,0.0,5.91730038022813,1.2779890156316012,0.3036544148711449,2.2074355724545835,1.8166455428812844,Idle,Denial of Service,HULK (HTTP),Raspberry Pi 4B 4GB,nmon,1
14:22:34.000,0.2,0.2,0.0,1,0,94.8,2.0,0.0,0.0,0.0,0.0,-0.0,-0.0,-0.0,0.0,0.0,0.0,0.0,0.0,0.0,0.0,0.0,0.0,0.0,0.0,0.0,0.0,0.0,0.0,0.0,0.0,0.0,0.0,0.0,0.0,0.0,0.2,8.5,28.0,74.0,0.5,5.925221799746505,1.2779890156316012,0.3036544148711449,2.2074355724545835,1.8166455428812844,Idle,Denial of Service,HULK (HTTP),Raspberry Pi 4B 4GB,nmon,1
14:22:35.000,0.0,0.2,0.0,1,0,113.6,2.0,0.0,0.0,0.0,0.0,-0.0,-0.0,-0.0,0.0,0.0,0.0,0.0,0.0,0.0,0.0,0.0,0.0,0.0,0.0,0.0,27.9,0.0,27.9,14.0,0.0,14.0,2.0,0.0,2.0,0.0,0.2,8.5,28.0,75.0,0.20000000000000284,5.933143219264892,1.2806294888043939,0.3036544148711449,2.2074355724545835,1.819286016054077,Idle,Denial of Service,HULK (HTTP),Raspberry Pi 4B 4GB,nmon,1
14:22:36.000,0.0,0.0,0.0,1,0,101.8,2.0,0.0,0.0,0.0,0.0,-0.0,-0.0,-0.0,0.0,0.0,0.0,0.0,0.0,0.0,0.0,0.0,0.0,0.0,0.0,0.0,0.0,0.0,0.0,0.0,0.0,0.0,0.0,0.0,0.0,0.0,0.2,8.5,28.0,76.0,0.0,5.930502746092092,1.2806294888043939,0.3036544148711449,2.2074355724545835,1.8166455428812844,Idle,Denial of Service,HULK (HTTP),Raspberry Pi 4B 4GB,nmon,1
14:22:37.000,0.0,0.2,0.0,1,0,87.8,2.0,0.0,0.0,0.0,0.0,-0.0,-0.0,-0.0,0.0,0.0,0.0,0.0,0.0,0.0,0.0,0.0,0.0,0.0,0.0,0.0,0.0,0.0,0.0,0.0,0.0,0.0,0.0,0.0,0.0,0.0,0.2,8.5,28.0,77.0,0.20000000000000284,5.9357836924376794,1.2806294888043939,0.3036544148711449,2.2074355724545835,1.819286016054077,Idle,Denial of Service,HULK (HTTP),Raspberry Pi 4B 4GB,nmon,1
14:22:38.000,0.2,0.2,0.0,1,0,91.8,2.0,0.0,0.0,0.0,0.0,-0.0,-0.0,-0.0,0.0,0.0,0.0,0.0,0.0,0.0,0.0,0.0,0.0,0.0,0.0,0.0,0.0,0.0,0.0,0.0,0.0,0.0,0.0,0.0,0.0,0.0,0.2,8.5,28.0,78.0,0.5,5.9357836924376794,1.2806294888043939,0.3036544148711449,2.2074355724545835,1.819286016054077,Idle,Denial of Service,HULK (HTTP),Raspberry Pi 4B 4GB,nmon,1
14:22:39.000,0.0,0.2,0.0,1,0,101.8,2.0,0.0,0.0,0.0,0.0,-0.0,-0.0,-0.0,0.0,0.0,0.0,0.0,0.0,0.0,1.0,0.0,1.0,0.0,0.0,0.0,12.0,0.0,12.0,6.0,0.0,6.0,2.0,0.0,2.0,0.0,0.2,8.5,28.0,79.0,0.20000000000000284,5.948986058301642,1.2806294888043939,0.3036544148711449,2.2074355724545835,1.819286016054077,Idle,Denial of Service,HULK (HTTP),Raspberry Pi 4B 4GB,nmon,1
14:22:40.000,0.0,0.0,0.2,1,0,117.7,2.0,0.0,0.0,0.0,0.0,-0.0,-0.0,-0.0,0.0,0.0,0.0,0.0,0.0,0.0,0.0,0.0,0.0,0.0,0.0,0.0,27.9,0.0,27.9,14.0,0.0,14.0,2.0,0.0,2.0,0.0,0.2,8.5,28.0,80.0,0.20000000000000284,5.948986058301642,1.2806294888043939,0.3036544148711449,2.2074355724545835,1.8166455428812844,Idle,Denial of Service,HULK (HTTP),Raspberry Pi 4B 4GB,nmon,1
14:22:41.000,0.0,0.2,0.0,1,0,95.8,2.0,0.0,0.0,0.0,0.0,-0.0,-0.0,-0.0,0.0,0.0,0.0,0.0,0.0,0.0,0.0,0.0,0.0,0.0,0.0,0.0,0.0,0.0,0.0,0.0,0.0,0.0,0.0,0.0,0.0,0.0,0.2,8.5,28.0,81.0,0.20000000000000284,5.948986058301642,1.2806294888043939,0.3036544148711449,2.2074355724545835,1.8166455428812844,Idle,Denial of Service,HULK (HTTP),Raspberry Pi 4B 4GB,nmon,1
14:22:42.000,0.0,0.2,0.0,1,0,223.5,2.0,0.0,0.0,0.0,0.2,-0.0,-0.0,-0.1,0.0,0.0,3.0,0.0,0.0,1.0,0.0,0.0,0.0,0.0,0.0,0.0,0.0,0.0,0.0,0.0,0.0,0.0,0.0,0.0,0.0,0.0,0.2,8.5,28.0,82.0,0.20000000000000284,5.956907477820028,1.2806294888043939,0.3036544148711449,2.2074355724545835,1.8166455428812844,Idle,Denial of Service,HULK (HTTP),Raspberry Pi 4B 4GB,nmon,1
14:22:43.000,0.0,0.2,0.0,1,0,95.8,2.0,0.0,0.0,0.0,0.0,-0.0,-0.0,-0.0,0.0,0.0,0.0,0.0,0.0,0.0,0.0,0.0,0.0,0.0,0.0,0.0,0.0,0.0,0.0,0.0,0.0,0.0,0.0,0.0,0.0,0.0,0.2,8.5,28.0,83.0,0.20000000000000284,5.956907477820028,1.2806294888043939,0.3036544148711449,2.2074355724545835,1.8166455428812844,Idle,Denial of Service,HULK (HTTP),Raspberry Pi 4B 4GB,nmon,1
14:22:44.000,0.2,0.2,0.0,1,0,98.8,2.0,0.0,0.0,0.0,0.0,-0.0,-0.0,-0.0,0.0,0.0,0.0,0.0,0.0,0.0,0.0,0.0,0.0,0.0,0.0,0.0,0.0,0.0,0.0,0.0,0.0,0.0,0.0,0.0,0.0,0.0,0.2,8.5,28.0,84.0,0.5,5.962188424165604,1.2806294888043939,0.3036544148711449,2.2074355724545835,1.8166455428812844,Idle,Denial of Service,HULK (HTTP),Raspberry Pi 4B 4GB,nmon,1
14:22:45.000,0.0,0.0,0.0,1,0,125.5,2.0,0.0,0.0,0.0,0.0,-0.0,-0.0,-0.0,0.0,0.0,0.0,0.0,0.0,0.0,1.0,0.0,1.0,0.0,0.0,0.0,27.9,0.0,27.9,7.0,0.0,7.0,4.0,0.0,4.0,0.0,0.2,8.5,28.0,85.0,0.0,5.970109843683991,1.2806294888043939,0.3062948880439375,2.2074355724545835,1.8166455428812844,Idle,Denial of Service,HULK (HTTP),Raspberry Pi 4B 4GB,nmon,1
14:22:46.000,0.0,0.2,0.0,1,0,90.8,2.0,0.0,0.0,0.0,0.0,-0.0,-0.0,-0.0,0.0,0.0,0.0,0.0,0.0,0.0,0.0,0.0,0.0,0.0,0.0,0.0,0.0,0.0,0.0,0.0,0.0,0.0,0.0,0.0,0.0,0.0,0.2,8.5,28.0,86.0,0.20000000000000284,5.962188424165604,1.2806294888043939,0.3062948880439375,2.2074355724545835,1.8166455428812844,Idle,Denial of Service,HULK (HTTP),Raspberry Pi 4B 4GB,nmon,1
14:22:47.000,0.0,0.2,0.0,1,0,102.8,2.0,0.0,0.0,0.0,0.0,-0.0,-0.0,-0.0,0.0,0.0,0.0,0.0,0.0,0.0,0.0,0.0,0.0,0.0,0.0,0.0,0.0,0.0,0.0,0.0,0.0,0.0,0.0,0.0,0.0,0.0,0.2,8.5,28.0,87.0,0.20000000000000284,5.970109843683991,1.2806294888043939,0.3062948880439375,2.2074355724545835,1.819286016054077,Idle,Denial of Service,HULK (HTTP),Raspberry Pi 4B 4GB,nmon,1
14:22:48.000,0.0,0.2,0.0,1,0,92.8,2.0,0.0,0.0,0.0,0.0,-0.0,-0.0,-0.0,0.0,0.0,0.0,0.0,0.0,0.0,0.0,0.0,0.0,0.0,0.0,0.0,0.0,0.0,0.0,0.0,0.0,0.0,0.0,0.0,0.0,0.0,0.2,8.5,28.0,88.0,0.20000000000000284,5.962188424165604,1.2806294888043939,0.3062948880439375,2.2074355724545835,1.8166455428812844,Idle,Denial of Service,HULK (HTTP),Raspberry Pi 4B 4GB,nmon,1
14:22:49.000,0.2,0.2,0.0,1,0,87.8,2.0,0.0,0.0,0.0,0.0,-0.0,-0.0,-0.0,0.0,0.0,0.0,0.0,0.0,0.0,0.0,0.0,0.0,0.0,0.0,0.0,0.0,0.0,0.0,0.0,0.0,0.0,0.0,0.0,0.0,0.0,0.2,8.5,28.0,89.0,0.5,5.962188424165604,1.2806294888043939,0.3062948880439375,2.2074355724545835,1.819286016054077,Idle,Denial of Service,HULK (HTTP),Raspberry Pi 4B 4GB,nmon,1
14:22:50.000,0.0,0.2,0.2,1,0,115.5,2.0,0.0,0.0,0.0,0.0,-0.0,-0.0,-0.0,0.0,0.0,0.0,0.0,0.0,0.0,1.0,0.0,1.0,0.0,0.0,0.0,39.8,0.0,39.8,10.0,0.0,10.0,4.0,0.0,4.0,0.0,0.2,8.5,28.0,90.0,0.5,5.962188424165604,1.2806294888043939,0.3062948880439375,2.2074355724545835,1.8166455428812844,Idle,Denial of Service,HULK (HTTP),Raspberry Pi 4B 4GB,nmon,1
14:22:51.000,0.0,0.2,0.0,1,0,88.8,2.0,0.0,0.0,0.0,0.0,-0.0,-0.0,-0.0,0.0,0.0,0.0,0.0,0.0,0.0,0.0,0.0,0.0,0.0,0.0,0.0,0.0,0.0,0.0,0.0,0.0,0.0,0.0,0.0,0.0,0.0,0.2,8.5,28.0,91.0,0.20000000000000284,5.964828897338393,1.2806294888043939,0.3062948880439375,2.2074355724545835,1.8166455428812844,Idle,Denial of Service,HULK (HTTP),Raspberry Pi 4B 4GB,nmon,1
14:22:52.000,0.0,0.0,0.0,1,0,102.8,2.0,0.0,0.0,0.0,0.0,-0.0,-0.0,-0.0,0.0,0.0,0.0,0.0,0.0,0.0,0.0,0.0,0.0,0.0,0.0,0.0,0.0,0.0,0.0,0.0,0.0,0.0,0.0,0.0,0.0,0.0,0.2,8.5,28.0,92.0,0.0,5.962188424165604,1.2806294888043939,0.3062948880439375,2.2074355724545835,1.8166455428812844,Idle,Denial of Service,HULK (HTTP),Raspberry Pi 4B 4GB,nmon,1
14:22:53.000,0.2,0.2,0.0,1,0,81.8,2.0,0.0,0.0,0.0,0.0,-0.0,-0.0,-0.0,0.0,0.0,0.0,0.0,0.0,0.0,0.0,0.0,0.0,0.0,0.0,0.0,0.0,0.0,0.0,0.0,0.0,0.0,0.0,0.0,0.0,0.0,0.2,8.5,28.0,93.0,0.5,5.962188424165604,1.2806294888043939,0.3062948880439375,2.2074355724545835,1.8219264892268696,Idle,Denial of Service,HULK (HTTP),Raspberry Pi 4B 4GB,nmon,1
14:22:54.000,0.2,0.0,0.0,1,0,101.7,2.0,0.0,0.0,0.0,0.0,-0.0,-0.0,-0.0,0.0,0.0,0.0,0.0,0.0,0.0,0.0,0.0,0.0,0.0,0.0,0.0,0.0,0.0,0.0,0.0,0.0,0.0,0.0,0.0,0.0,0.0,0.2,8.5,28.0,94.0,0.20000000000000284,5.962188424165604,1.2806294888043939,0.3062948880439375,2.2074355724545835,1.8166455428812844,Idle,Denial of Service,HULK (HTTP),Raspberry Pi 4B 4GB,nmon,1
14:22:55.000,0.0,0.2,0.2,1,0,105.6,2.0,0.0,0.0,0.0,0.0,-0.0,-0.0,-0.0,0.0,0.0,0.0,0.0,0.0,0.0,1.0,0.0,0.0,0.0,0.0,0.0,27.9,0.0,27.9,14.0,0.0,14.0,2.0,0.0,2.0,0.0,0.2,8.5,28.0,95.0,0.5,5.962188424165604,1.2806294888043939,0.3062948880439375,2.2074355724545835,1.8166455428812844,Idle,Denial of Service,HULK (HTTP),Raspberry Pi 4B 4GB,nmon,1
14:22:56.000,0.0,0.2,0.0,1,0,109.7,2.0,0.0,0.0,0.0,0.0,-0.0,-0.0,-0.0,0.0,0.0,0.0,0.0,0.0,0.0,0.0,0.0,1.0,0.0,0.0,0.0,12.0,0.0,12.0,6.0,0.0,6.0,2.0,0.0,2.0,0.0,0.2,8.5,28.0,96.0,0.20000000000000284,5.962188424165604,1.2806294888043939,0.3062948880439375,2.2074355724545835,1.8166455428812844,Idle,Denial of Service,HULK (HTTP),Raspberry Pi 4B 4GB,nmon,1
14:22:57.000,0.0,0.0,0.0,1,0,92.8,2.0,0.0,0.0,0.0,0.0,-0.0,-0.0,-0.0,0.0,0.0,0.0,0.0,0.0,0.0,0.0,0.0,0.0,0.0,0.0,0.0,0.0,0.0,0.0,0.0,0.0,0.0,0.0,0.0,0.0,0.0,0.2,8.5,28.0,97.0,0.0,5.972750316856779,1.2806294888043939,0.3062948880439375,2.2074355724545835,1.819286016054077,Idle,Denial of Service,HULK (HTTP),Raspberry Pi 4B 4GB,nmon,1
14:22:58.000,0.0,0.2,0.0,1,0,91.8,2.0,0.0,0.0,0.0,0.0,-0.0,-0.0,-0.0,0.0,0.0,0.0,0.0,0.0,0.0,0.0,0.0,0.0,0.0,0.0,0.0,0.0,0.0,0.0,0.0,0.0,0.0,0.0,0.0,0.0,0.0,0.2,8.5,28.0,98.0,0.20000000000000284,5.962188424165604,1.2806294888043939,0.3062948880439375,2.2074355724545835,1.8166455428812844,Idle,Denial of Service,HULK (HTTP),Raspberry Pi 4B 4GB,nmon,1
14:22:59.000,0.0,0.2,0.0,1,0,77.8,2.0,0.0,0.0,0.0,0.0,-0.0,-0.0,-0.0,0.0,0.0,0.0,0.0,0.0,0.0,1.0,0.0,1.0,0.0,0.0,0.0,0.0,0.0,0.0,0.0,0.0,0.0,0.0,0.0,0.0,0.0,0.2,8.5,28.0,99.0,0.20000000000000284,5.970109843683991,1.2806294888043939,0.3062948880439375,2.2074355724545835,1.819286016054077,Idle,Denial of Service,HULK (HTTP),Raspberry Pi 4B 4GB,nmon,1
14:23:00.000,0.0,0.2,0.0,1,0,127.4,2.0,0.0,0.0,0.0,0.0,-0.0,-0.0,-0.0,0.0,0.0,0.0,0.0,0.0,0.0,0.0,0.0,0.0,0.0,0.0,0.0,27.9,0.0,27.9,14.0,0.0,14.0,2.0,0.0,2.0,0.0,0.2,8.5,28.0,100.0,0.20000000000000284,5.962188424165604,1.2806294888043939,0.3062948880439375,2.2074355724545835,1.8166455428812844,Idle,Denial of Service,HULK (HTTP),Raspberry Pi 4B 4GB,nmon,1
14:23:01.000,0.2,0.0,0.0,1,0,99.8,2.0,0.0,0.0,0.0,0.0,-0.0,-0.0,-0.0,0.0,0.0,0.0,0.0,0.0,0.0,1.0,0.0,0.0,0.0,0.0,0.0,12.0,0.0,12.0,6.0,0.0,6.0,2.0,0.0,2.0,0.0,0.2,8.5,28.0,101.0,0.20000000000000284,5.962188424165604,1.2806294888043939,0.3062948880439375,2.2074355724545835,1.819286016054077,Idle,Denial of Service,HULK (HTTP),Raspberry Pi 4B 4GB,nmon,1
14:23:02.000,0.0,0.5,0.0,1,0,89.8,2.0,0.0,0.0,0.0,0.0,-0.0,-0.0,-0.0,0.0,0.0,0.0,0.0,0.0,0.0,0.0,0.0,0.0,0.0,0.0,0.0,0.0,0.0,0.0,0.0,0.0,0.0,0.0,0.0,0.0,0.0,0.2,8.5,28.0,102.0,0.5,5.962188424165604,1.2806294888043939,0.3062948880439375,2.2074355724545835,1.819286016054077,Idle,Denial of Service,HULK (HTTP),Raspberry Pi 4B 4GB,nmon,1
14:23:03.000,0.0,0.0,0.0,1,0,82.8,2.0,0.0,0.0,0.0,0.0,-0.0,-0.0,-0.0,0.0,0.0,0.0,0.0,0.0,0.0,0.0,0.0,0.0,0.0,0.0,0.0,0.0,0.0,0.0,0.0,0.0,0.0,0.0,0.0,0.0,0.0,0.2,8.5,28.0,103.0,0.0,5.962188424165604,1.2806294888043939,0.3062948880439375,2.2074355724545835,1.8166455428812844,Idle,Denial of Service,HULK (HTTP),Raspberry Pi 4B 4GB,nmon,1
14:23:04.000,0.0,0.2,0.0,1,0,99.7,2.0,0.0,0.0,0.0,0.0,-0.0,-0.0,-0.0,0.0,0.0,0.0,0.0,0.0,0.0,0.0,0.0,0.0,0.0,0.0,0.0,0.0,0.0,0.0,0.0,0.0,0.0,0.0,0.0,0.0,0.0,0.2,8.5,28.0,104.0,0.20000000000000284,5.962188424165604,1.2806294888043939,0.3062948880439375,2.2074355724545835,1.819286016054077,Idle,Denial of Service,HULK (HTTP),Raspberry Pi 4B 4GB,nmon,1
14:23:05.000,0.0,0.2,0.2,1,0,123.3,2.0,0.0,0.0,0.0,0.0,-0.0,-0.0,-0.0,0.0,0.0,0.0,0.0,0.0,0.0,0.0,0.0,1.0,0.0,0.0,0.0,39.8,0.0,39.8,8.0,0.0,8.0,5.0,0.0,5.0,0.0,0.2,8.5,28.0,105.0,0.5,5.962188424165604,1.2806294888043939,0.3062948880439375,2.2074355724545835,1.8166455428812844,Idle,Denial of Service,HULK (HTTP),Raspberry Pi 4B 4GB,nmon,1
14:23:06.000,0.2,0.0,0.0,1,0,102.7,2.0,0.0,0.0,0.0,0.0,-0.0,-0.0,-0.0,0.0,0.0,0.0,0.0,0.0,0.0,1.0,0.0,1.0,0.0,0.0,0.0,12.0,0.0,12.0,6.0,0.0,6.0,2.0,0.0,2.0,0.0,0.2,8.5,28.0,106.0,0.20000000000000284,5.956907477820028,1.2806294888043939,0.3062948880439375,2.2074355724545835,1.819286016054077,Idle,Denial of Service,HULK (HTTP),Raspberry Pi 4B 4GB,nmon,1
14:23:07.000,0.0,0.5,0.0,1,0,92.8,2.0,0.0,0.0,0.0,0.0,-0.0,-0.0,-0.0,0.0,0.0,0.0,0.0,0.0,0.0,0.0,0.0,0.0,0.0,0.0,0.0,0.0,0.0,0.0,0.0,0.0,0.0,0.0,0.0,0.0,0.0,0.2,8.5,28.0,107.0,0.5,5.956907477820028,1.2806294888043939,0.3062948880439375,2.2074355724545835,1.8166455428812844,Idle,Denial of Service,HULK (HTTP),Raspberry Pi 4B 4GB,nmon,1
14:23:08.000,0.0,0.0,0.0,1,0,112.7,2.0,0.0,0.0,0.0,0.0,-0.0,-0.0,-0.0,0.0,0.0,0.0,0.0,0.0,0.0,0.0,0.0,0.0,0.0,0.0,0.0,0.0,0.0,0.0,0.0,0.0,0.0,0.0,0.0,0.0,0.0,0.2,8.5,28.0,108.0,0.0,5.956907477820028,1.2806294888043939,0.3062948880439375,2.2074355724545835,1.8219264892268696,Idle,Denial of Service,HULK (HTTP),Raspberry Pi 4B 4GB,nmon,1
14:23:09.000,0.0,0.2,0.0,1,0,82.8,2.0,0.0,0.0,0.0,0.0,-0.0,-0.0,-0.0,0.0,0.0,0.0,0.0,0.0,0.0,0.0,0.0,0.0,0.0,0.0,0.0,27.9,0.0,27.9,14.0,0.0,14.0,2.0,0.0,2.0,0.0,0.2,8.5,28.0,109.0,0.20000000000000284,5.948986058301642,1.2806294888043939,0.3062948880439375,2.2074355724545835,1.8166455428812844,Idle,Denial of Service,HULK (HTTP),Raspberry Pi 4B 4GB,nmon,1
14:23:10.000,0.0,0.2,0.2,1,0,112.3,2.0,0.0,0.0,0.0,0.0,-0.0,-0.0,-0.0,0.0,0.0,0.0,0.0,0.0,0.0,0.0,0.0,0.0,0.0,0.0,0.0,0.0,0.0,0.0,0.0,0.0,0.0,0.0,0.0,0.0,0.0,0.2,8.5,28.0,110.0,0.5,5.948986058301642,1.2806294888043939,0.3062948880439375,2.2074355724545835,1.8166455428812844,Idle,Denial of Service,HULK (HTTP),Raspberry Pi 4B 4GB,nmon,1
14:23:11.000,0.2,0.0,0.0,1,0,84.8,2.0,0.0,0.0,0.0,0.0,-0.0,-0.0,-0.0,0.0,0.0,0.0,0.0,0.0,0.0,0.0,0.0,0.0,0.0,0.0,0.0,0.0,0.0,0.0,0.0,0.0,0.0,0.0,0.0,0.0,0.0,0.2,8.5,28.0,111.0,0.20000000000000284,5.948986058301642,1.2806294888043939,0.3062948880439375,2.2074355724545835,1.819286016054077,Idle,Denial of Service,HULK (HTTP),Raspberry Pi 4B 4GB,nmon,1
14:23:12.000,0.0,0.2,0.0,1,0,144.7,2.0,0.0,0.0,0.0,0.1,-0.0,-0.0,-0.0,0.0,0.0,1.0,0.0,0.0,0.0,0.0,0.0,0.0,0.0,0.0,0.0,12.0,0.0,12.0,6.0,0.0,6.0,2.0,0.0,2.0,0.0,0.2,8.5,28.0,112.0,0.20000000000000284,5.946345585128854,1.2806294888043939,0.3062948880439375,2.2074355724545835,1.819286016054077,Idle,Denial of Service,HULK (HTTP),Raspberry Pi 4B 4GB,nmon,1
14:23:13.000,0.0,0.2,0.0,1,0,85.8,2.0,0.0,0.0,0.0,0.0,-0.0,-0.0,-0.0,0.0,0.0,0.0,0.0,0.0,0.0,0.0,0.0,0.0,0.0,0.0,0.0,0.0,0.0,0.0,0.0,0.0,0.0,0.0,0.0,0.0,0.0,0.2,8.5,28.0,113.0,0.20000000000000284,5.943705111956065,1.2806294888043939,0.3062948880439375,2.2074355724545835,1.819286016054077,Idle,Denial of Service,HULK (HTTP),Raspberry Pi 4B 4GB,nmon,1
14:23:14.000,0.0,0.2,0.0,1,0,95.8,2.0,0.0,0.0,0.0,0.0,-0.0,-0.0,-0.0,0.0,0.0,0.0,0.0,0.0,0.0,0.0,0.0,0.0,0.0,0.0,0.0,0.0,0.0,0.0,0.0,0.0,0.0,0.0,0.0,0.0,0.0,0.2,8.5,28.0,114.0,0.20000000000000284,5.943705111956065,1.2806294888043939,0.3062948880439375,2.2074355724545835,1.819286016054077,Idle,Denial of Service,HULK (HTTP),Raspberry Pi 4B 4GB,nmon,1
14:23:15.000,0.0,0.0,0.2,1,0,109.6,2.0,0.0,0.0,0.0,0.0,-0.0,-0.0,-0.0,0.0,0.0,0.0,0.0,0.0,0.0,1.0,0.0,1.0,0.0,0.0,0.0,27.9,0.0,27.9,14.0,0.0,14.0,2.0,0.0,2.0,0.0,0.2,8.5,28.0,115.0,0.20000000000000284,5.943705111956065,1.2806294888043939,0.3062948880439375,2.2074355724545835,1.819286016054077,Idle,Denial of Service,HULK (HTTP),Raspberry Pi 4B 4GB,nmon,1
14:23:16.000,0.0,0.2,0.0,1,0,113.7,2.0,0.0,0.0,0.0,0.0,-0.0,-0.0,-0.0,0.0,0.0,0.0,0.0,0.0,0.0,0.0,0.0,0.0,0.0,0.0,0.0,0.0,0.0,0.0,0.0,0.0,0.0,0.0,0.0,0.0,0.0,0.2,8.5,28.0,116.0,0.20000000000000284,5.941064638783267,1.2806294888043939,0.3062948880439375,2.2074355724545835,1.819286016054077,Idle,Denial of Service,HULK (HTTP),Raspberry Pi 4B 4GB,nmon,1
14:23:17.000,0.2,0.2,0.0,1,0,97.8,2.0,0.0,0.0,0.0,0.0,-0.0,-0.0,-0.0,0.0,0.0,0.0,0.0,0.0,0.0,0.0,0.0,0.0,0.0,0.0,0.0,12.0,0.0,12.0,6.0,0.0,6.0,2.0,0.0,2.0,0.0,0.2,8.5,28.0,117.0,0.5,5.9357836924376794,1.2806294888043939,0.3062948880439375,2.2074355724545835,1.8166455428812844,Idle,Denial of Service,HULK (HTTP),Raspberry Pi 4B 4GB,nmon,1
14:23:18.000,0.0,0.2,0.0,1,0,95.8,2.0,0.0,0.0,0.0,0.0,-0.0,-0.0,-0.0,0.0,0.0,0.0,0.0,0.0,0.0,0.0,0.0,0.0,0.0,0.0,0.0,0.0,0.0,0.0,0.0,0.0,0.0,0.0,0.0,0.0,0.0,0.2,8.5,28.0,118.0,0.20000000000000284,5.930502746092092,1.2806294888043939,0.3062948880439375,2.2074355724545835,1.819286016054077,Idle,Denial of Service,HULK (HTTP),Raspberry Pi 4B 4GB,nmon,1
14:23:19.000,0.0,0.2,0.0,1,0,81.8,2.0,0.0,0.0,0.0,0.0,-0.0,-0.0,-0.0,0.0,0.0,0.0,0.0,0.0,0.0,1.0,0.0,1.0,0.0,0.0,0.0,0.0,0.0,0.0,0.0,0.0,0.0,0.0,0.0,0.0,0.0,0.2,8.5,28.0,119.0,0.20000000000000284,5.930502746092092,1.2806294888043939,0.3062948880439375,2.2074355724545835,1.819286016054077,Idle,Denial of Service,HULK (HTTP),Raspberry Pi 4B 4GB,nmon,1
14:23:20.000,0.0,0.2,0.0,1,0,122.5,2.0,0.0,0.0,0.0,0.0,-0.0,-0.0,-0.0,0.0,0.0,0.0,0.0,0.0,0.0,0.0,0.0,0.0,0.0,0.0,0.0,27.9,0.0,27.9,14.0,0.0,14.0,2.0,0.0,2.0,0.0,0.2,8.5,28.0,120.0,0.20000000000000284,5.927862272919304,1.2806294888043939,0.3062948880439375,2.2074355724545835,1.8219264892268696,Idle,Denial of Service,HULK (HTTP),Raspberry Pi 4B 4GB,nmon,1
14:23:21.000,0.0,0.2,0.0,1,0,85.8,2.0,0.0,0.0,0.0,0.0,-0.0,-0.0,-0.0,0.0,0.0,0.0,0.0,0.0,0.0,0.0,0.0,0.0,0.0,0.0,0.0,0.0,0.0,0.0,0.0,0.0,0.0,0.0,0.0,0.0,0.0,0.2,8.5,28.0,121.0,0.20000000000000284,5.925221799746505,1.2806294888043939,0.3062948880439375,2.2074355724545835,1.819286016054077,Idle,Denial of Service,HULK (HTTP),Raspberry Pi 4B 4GB,nmon,1
14:23:22.000,0.0,0.0,0.0,1,0,107.7,2.0,0.0,0.0,0.0,0.0,-0.0,-0.0,-0.0,0.0,0.0,0.0,0.0,0.0,0.0,0.0,0.0,0.0,0.0,0.0,0.0,12.0,0.0,12.0,6.0,0.0,6.0,2.0,0.0,2.0,0.0,0.2,8.5,28.0,122.0,0.0,5.91730038022813,1.2806294888043939,0.3062948880439375,2.2074355724545835,1.8166455428812844,Idle,Denial of Service,HULK (HTTP),Raspberry Pi 4B 4GB,nmon,1
14:23:23.000,0.2,0.2,0.0,1,0,82.8,2.0,0.0,0.0,0.0,0.0,-0.0,-0.0,-0.0,0.0,0.0,0.0,0.0,0.0,0.0,0.0,0.0,0.0,0.0,0.0,0.0,0.0,0.0,0.0,0.0,0.0,0.0,0.0,0.0,0.0,0.0,0.2,8.5,28.0,123.0,0.5,5.912019433882543,1.2806294888043939,0.3062948880439375,2.2074355724545835,1.819286016054077,Idle,Denial of Service,HULK (HTTP),Raspberry Pi 4B 4GB,nmon,1
14:23:24.000,0.0,0.2,0.0,1,0,105.7,2.0,0.0,0.0,0.0,0.0,-0.0,-0.0,-0.0,0.0,0.0,0.0,0.0,0.0,0.0,0.0,0.0,0.0,0.0,0.0,0.0,0.0,0.0,0.0,0.0,0.0,0.0,0.0,0.0,0.0,0.0,0.2,8.5,28.0,124.0,0.20000000000000284,5.912019433882543,1.2806294888043939,0.3062948880439375,2.2074355724545835,1.819286016054077,Idle,Denial of Service,HULK (HTTP),Raspberry Pi 4B 4GB,nmon,1
14:23:25.000,0.0,0.2,0.2,1,0,96.8,2.0,0.0,0.0,0.0,0.0,-0.0,-0.0,-0.0,0.0,0.0,0.0,0.0,0.0,0.0,1.0,0.0,0.0,0.0,0.0,0.0,31.9,0.0,31.9,16.0,0.0,16.0,2.0,0.0,2.0,0.0,0.2,8.5,28.0,125.0,0.5,5.904098014364168,1.2806294888043939,0.3062948880439375,2.2074355724545835,1.814005069708492,Idle,Denial of Service,HULK (HTTP),Raspberry Pi 4B 4GB,nmon,1
14:23:26.000,0.2,0.0,0.0,1,0,95.8,2.0,0.0,0.0,0.0,0.0,-0.0,-0.0,-0.0,0.0,0.0,0.0,0.0,0.0,0.0,0.0,0.0,0.0,0.0,0.0,0.0,0.0,0.0,0.0,0.0,0.0,0.0,0.0,0.0,0.0,0.0,0.2,8.5,28.0,126.0,0.20000000000000284,5.912019433882543,1.2806294888043939,0.3062948880439375,2.2074355724545835,1.8166455428812844,Idle,Denial of Service,HULK (HTTP),Raspberry Pi 4B 4GB,nmon,1
14:23:27.000,0.0,0.2,0.0,1,0,85.8,2.0,0.0,0.0,0.0,0.0,-0.0,-0.0,-0.0,0.0,0.0,0.0,0.0,0.0,0.0,0.0,0.0,0.0,0.0,0.0,0.0,0.0,0.0,0.0,0.0,0.0,0.0,0.0,0.0,0.0,0.0,0.2,8.5,28.0,127.0,0.20000000000000284,5.904098014364168,1.2806294888043939,0.3062948880439375,2.2074355724545835,1.819286016054077,Idle,Denial of Service,HULK (HTTP),Raspberry Pi 4B 4GB,nmon,1
14:23:28.000,0.0,0.2,0.0,1,0,124.7,2.0,0.0,0.0,0.0,0.0,-0.0,-0.0,-0.0,0.0,0.0,0.0,0.0,0.0,0.0,0.0,0.0,0.0,0.0,0.0,0.0,12.0,0.0,12.0,6.0,0.0,6.0,2.0,0.0,2.0,0.0,0.2,8.5,28.0,128.0,0.20000000000000284,5.904098014364168,1.2806294888043939,0.3062948880439375,2.2074355724545835,1.819286016054077,Idle,Denial of Service,HULK (HTTP),Raspberry Pi 4B 4GB,nmon,1
14:23:29.000,0.0,0.5,0.0,1,0,80.8,2.0,0.0,0.0,0.0,0.0,-0.0,-0.0,-0.0,0.0,0.0,0.0,0.0,0.0,0.0,0.0,0.0,0.0,0.0,0.0,0.0,0.0,0.0,0.0,0.0,0.0,0.0,0.0,0.0,0.0,0.0,0.2,8.5,28.0,129.0,0.5,5.89881706801858,1.2806294888043939,0.3062948880439375,2.2074355724545835,1.819286016054077,Idle,Denial of Service,HULK (HTTP),Raspberry Pi 4B 4GB,nmon,1
14:23:30.000,0.0,0.0,0.0,1,0,113.7,2.0,0.0,0.0,0.0,0.0,-0.0,-0.0,-0.0,0.0,0.0,0.0,0.0,0.0,0.0,0.0,0.0,1.0,0.0,0.0,0.0,27.9,0.0,27.9,14.0,0.0,14.0,2.0,0.0,2.0,0.0,0.2,8.5,28.0,130.0,0.0,5.904098014364168,1.2806294888043939,0.3062948880439375,2.2074355724545835,1.8166455428812844,Idle,Denial of Service,HULK (HTTP),Raspberry Pi 4B 4GB,nmon,1
14:23:31.000,0.0,0.2,0.0,1,0,88.8,2.0,0.0,0.0,0.0,0.0,-0.0,-0.0,-0.0,0.0,0.0,0.0,0.0,0.0,0.0,0.0,0.0,0.0,0.0,0.0,0.0,0.0,0.0,0.0,0.0,0.0,0.0,0.0,0.0,0.0,0.0,0.2,8.5,28.0,131.0,0.20000000000000284,5.904098014364168,1.2806294888043939,0.3062948880439375,2.2074355724545835,1.819286016054077,Idle,Denial of Service,HULK (HTTP),Raspberry Pi 4B 4GB,nmon,1
14:23:32.000,0.5,0.2,0.0,1,0,116.7,2.0,0.0,0.0,0.0,0.0,-0.0,-0.0,-0.0,0.0,0.0,0.0,0.0,0.0,0.0,0.0,0.0,0.0,0.0,0.0,0.0,0.0,0.0,0.0,0.0,0.0,0.0,0.0,0.0,0.0,0.0,0.2,8.5,28.0,132.0,0.7000000000000028,5.904098014364168,1.2806294888043939,0.3062948880439375,2.2074355724545835,1.8166455428812844,Idle,Denial of Service,HULK (HTTP),Raspberry Pi 4B 4GB,nmon,1
14:23:33.000,0.0,0.0,0.0,1,0,105.7,2.0,0.0,0.0,0.0,0.0,-0.0,-0.0,-0.0,0.0,0.0,0.0,0.0,0.0,0.0,0.0,0.0,0.0,0.0,0.0,0.0,12.0,0.0,12.0,6.0,0.0,6.0,2.0,0.0,2.0,0.0,0.2,8.5,28.0,133.0,0.0,5.904098014364168,1.2806294888043939,0.3062948880439375,2.2074355724545835,1.819286016054077,Idle,Denial of Service,HULK (HTTP),Raspberry Pi 4B 4GB,nmon,1
14:23:34.000,0.0,0.2,0.0,1,0,88.8,2.0,0.0,0.0,0.0,0.0,-0.0,-0.0,-0.0,0.0,0.0,0.0,0.0,0.0,0.0,0.0,0.0,0.0,0.0,0.0,0.0,0.0,0.0,0.0,0.0,0.0,0.0,0.0,0.0,0.0,0.0,0.2,8.5,28.0,134.0,0.20000000000000284,5.904098014364168,1.2806294888043939,0.3062948880439375,2.2074355724545835,1.819286016054077,Idle,Denial of Service,HULK (HTTP),Raspberry Pi 4B 4GB,nmon,1
14:23:35.000,0.0,0.2,0.2,1,0,110.7,2.0,0.0,0.0,0.0,0.0,-0.0,-0.0,-0.0,0.0,0.0,0.0,0.0,0.0,0.0,1.0,0.0,1.0,0.0,0.0,0.0,27.9,0.0,27.9,14.0,0.0,14.0,2.0,0.0,2.0,0.0,0.2,8.5,28.0,135.0,0.5,5.904098014364168,1.2832699619771863,0.3062948880439375,2.2074355724545835,1.819286016054077,Idle,Denial of Service,HULK (HTTP),Raspberry Pi 4B 4GB,nmon,1
14:23:36.000,0.0,0.0,0.0,1,0,96.8,2.0,0.0,0.0,0.0,0.0,-0.0,-0.0,-0.0,0.0,0.0,0.0,0.0,0.0,0.0,0.0,0.0,0.0,0.0,0.0,0.0,0.0,0.0,0.0,0.0,0.0,0.0,0.0,0.0,0.0,0.0,0.2,8.5,28.0,136.0,0.0,5.904098014364168,1.2832699619771863,0.3062948880439375,2.2074355724545835,1.819286016054077,Idle,Denial of Service,HULK (HTTP),Raspberry Pi 4B 4GB,nmon,1
14:23:37.000,0.2,0.2,0.0,1,0,82.8,2.0,0.0,0.0,0.0,0.0,-0.0,-0.0,-0.0,0.0,0.0,0.0,0.0,0.0,0.0,0.0,0.0,0.0,0.0,0.0,0.0,0.0,0.0,0.0,0.0,0.0,0.0,0.0,0.0,0.0,0.0,0.2,8.5,28.0,137.0,0.5,5.904098014364168,1.2832699619771863,0.3062948880439375,2.2074355724545835,1.819286016054077,Idle,Denial of Service,HULK (HTTP),Raspberry Pi 4B 4GB,nmon,1
14:23:38.000,0.0,0.2,0.0,1,0,90.8,2.0,0.0,0.0,0.0,0.0,-0.0,-0.0,-0.0,0.0,0.0,0.0,0.0,0.0,0.0,0.0,0.0,0.0,0.0,0.0,0.0,0.0,0.0,0.0,0.0,0.0,0.0,0.0,0.0,0.0,0.0,0.2,8.5,28.0,138.0,0.20000000000000284,5.91730038022813,1.2832699619771863,0.3062948880439375,2.2074355724545835,1.819286016054077,Idle,Denial of Service,HULK (HTTP),Raspberry Pi 4B 4GB,nmon,1
14:23:39.000,0.0,0.0,0.0,1,0,123.7,2.0,0.0,0.0,0.0,0.0,-0.0,-0.0,-0.0,0.0,0.0,0.0,0.0,0.0,0.0,1.0,0.0,0.0,0.0,0.0,0.0,39.9,0.0,39.9,10.0,0.0,10.0,4.0,0.0,4.0,0.0,0.2,8.5,28.0,139.0,0.0,5.91730038022813,1.2832699619771863,0.3062948880439375,2.2074355724545835,1.819286016054077,Idle,Denial of Service,HULK (HTTP),Raspberry Pi 4B 4GB,nmon,1
14:23:40.000,0.0,0.5,0.2,1,0,144.1,2.0,0.0,0.0,0.0,0.0,-0.0,-0.0,-0.0,0.0,0.0,0.0,0.0,0.0,0.0,0.0,0.0,1.0,0.0,0.0,0.0,15.9,0.0,15.9,4.0,0.0,4.0,4.0,0.0,4.0,0.0,0.2,8.5,28.0,140.0,0.7000000000000028,5.91730038022813,1.2832699619771863,0.3062948880439375,2.2074355724545835,1.819286016054077,Idle,Denial of Service,HULK (HTTP),Raspberry Pi 4B 4GB,nmon,1
14:23:41.000,0.0,0.2,0.0,1,0,78.8,2.0,0.0,0.0,0.0,0.0,-0.0,-0.0,-0.0,0.0,0.0,0.0,0.0,0.0,0.0,0.0,0.0,0.0,0.0,0.0,0.0,0.0,0.0,0.0,0.0,0.0,0.0,0.0,0.0,0.0,0.0,0.2,8.5,28.0,141.0,0.20000000000000284,5.925221799746505,1.2832699619771863,0.3062948880439375,2.2074355724545835,1.819286016054077,Idle,Denial of Service,HULK (HTTP),Raspberry Pi 4B 4GB,nmon,1
14:23:42.000,0.0,0.2,0.0,1,0,132.7,2.0,0.0,0.0,0.0,0.1,-0.0,-0.0,-0.0,0.0,0.0,1.0,0.0,0.0,0.0,0.0,0.0,0.0,0.0,0.0,0.0,0.0,0.0,0.0,0.0,0.0,0.0,0.0,0.0,0.0,0.0,0.2,8.5,28.0,142.0,0.20000000000000284,5.930502746092092,1.2832699619771863,0.3062948880439375,2.2074355724545835,1.8166455428812844,Idle,Denial of Service,HULK (HTTP),Raspberry Pi 4B 4GB,nmon,1
14:23:43.000,0.0,0.0,0.0,1,0,90.8,2.0,0.0,0.0,0.0,0.0,-0.0,-0.0,-0.0,0.0,0.0,0.0,0.0,0.0,0.0,0.0,0.0,0.0,0.0,0.0,0.0,0.0,0.0,0.0,0.0,0.0,0.0,0.0,0.0,0.0,0.0,0.2,8.5,28.0,143.0,0.0,5.9357836924376794,1.2832699619771863,0.3062948880439375,2.2074355724545835,1.819286016054077,Idle,Denial of Service,HULK (HTTP),Raspberry Pi 4B 4GB,nmon,1
14:23:44.000,0.0,0.5,0.0,1,0,102.7,2.0,0.0,0.0,0.0,0.0,-0.0,-0.0,-0.0,0.0,0.0,0.0,0.0,0.0,0.0,0.0,0.0,0.0,0.0,0.0,0.0,8.0,0.0,8.0,4.0,0.0,4.0,2.0,0.0,2.0,0.0,0.2,8.5,28.0,144.0,0.5,5.933143219264892,1.2832699619771863,0.3062948880439375,2.2074355724545835,1.819286016054077,Idle,Denial of Service,HULK (HTTP),Raspberry Pi 4B 4GB,nmon,1
14:23:45.000,0.0,0.0,0.0,1,0,102.7,2.0,0.0,0.0,0.0,0.0,-0.0,-0.0,-0.0,0.0,0.0,0.0,0.0,0.0,0.0,0.0,0.0,0.0,0.0,0.0,0.0,16.0,0.0,16.0,8.0,0.0,8.0,2.0,0.0,2.0,0.0,0.2,8.5,28.0,145.0,0.0,5.930502746092092,1.2832699619771863,0.3062948880439375,2.2074355724545835,1.819286016054077,Idle,Denial of Service,HULK (HTTP),Raspberry Pi 4B 4GB,nmon,1
14:23:46.000,0.0,0.2,0.0,1,0,99.8,2.0,0.0,0.0,0.0,0.0,-0.0,-0.0,-0.0,0.0,0.0,0.0,0.0,0.0,0.0,0.0,0.0,0.0,0.0,0.0,0.0,0.0,0.0,0.0,0.0,0.0,0.0,0.0,0.0,0.0,0.0,0.2,8.5,28.0,146.0,0.20000000000000284,5.930502746092092,1.2832699619771863,0.3062948880439375,2.2074355724545835,1.819286016054077,Idle,Denial of Service,HULK (HTTP),Raspberry Pi 4B 4GB,nmon,1
14:23:47.000,0.0,0.2,0.0,1,0,99.8,2.0,0.0,0.0,0.0,0.0,-0.0,-0.0,-0.0,0.0,0.0,0.0,0.0,0.0,0.0,0.0,0.0,0.0,0.0,0.0,0.0,0.0,0.0,0.0,0.0,0.0,0.0,0.0,0.0,0.0,0.0,0.2,8.5,28.0,147.0,0.20000000000000284,5.9357836924376794,1.2832699619771863,0.3062948880439375,2.2074355724545835,1.819286016054077,Idle,Denial of Service,HULK (HTTP),Raspberry Pi 4B 4GB,nmon,1
14:23:48.000,0.2,0.0,0.0,1,0,106.7,2.0,0.0,0.0,0.0,0.0,-0.0,-0.0,-0.0,0.0,0.0,0.0,0.0,0.0,0.0,0.0,0.0,0.0,0.0,0.0,0.0,0.0,0.0,0.0,0.0,0.0,0.0,0.0,0.0,0.0,0.0,0.2,8.5,28.0,148.0,0.20000000000000284,5.9357836924376794,1.2832699619771863,0.3062948880439375,2.2074355724545835,1.819286016054077,Idle,Denial of Service,HULK (HTTP),Raspberry Pi 4B 4GB,nmon,1
14:23:49.000,0.0,0.2,0.0,1,0,94.8,2.0,0.0,0.0,0.0,0.0,-0.0,-0.0,-0.0,0.0,0.0,0.0,0.0,0.0,0.0,1.0,0.0,1.0,0.0,0.0,0.0,16.0,0.0,16.0,8.0,0.0,8.0,2.0,0.0,2.0,0.0,0.2,8.5,28.0,149.0,0.20000000000000284,5.930502746092092,1.2832699619771863,0.30893536121673004,2.2074355724545835,1.819286016054077,Idle,Denial of Service,HULK (HTTP),Raspberry Pi 4B 4GB,nmon,1
14:23:50.000,0.0,0.2,0.2,1,0,135.2,2.0,0.0,0.0,0.0,0.0,-0.0,-0.0,-0.0,0.0,0.0,0.0,0.0,0.0,0.0,0.0,0.0,0.0,0.0,0.0,0.0,11.9,0.0,11.9,6.0,0.0,6.0,2.0,0.0,2.0,0.0,0.2,8.5,28.0,150.0,0.5,5.930502746092092,1.2832699619771863,0.30893536121673004,2.2074355724545835,1.8166455428812844,Idle,Denial of Service,HULK (HTTP),Raspberry Pi 4B 4GB,nmon,1
14:23:51.000,0.0,0.0,0.0,1,0,102.7,2.0,0.0,0.0,0.0,0.0,-0.0,-0.0,-0.0,0.0,0.0,0.0,0.0,0.0,0.0,0.0,0.0,0.0,0.0,0.0,0.0,0.0,0.0,0.0,0.0,0.0,0.0,0.0,0.0,0.0,0.0,0.2,8.5,28.0,151.0,0.0,5.930502746092092,1.2832699619771863,0.30893536121673004,2.2074355724545835,1.819286016054077,Idle,Denial of Service,HULK (HTTP),Raspberry Pi 4B 4GB,nmon,1
14:23:52.000,0.0,0.2,0.0,1,0,89.8,2.0,0.0,0.0,0.0,0.0,-0.0,-0.0,-0.0,0.0,0.0,0.0,0.0,0.0,0.0,0.0,0.0,0.0,0.0,0.0,0.0,0.0,0.0,0.0,0.0,0.0,0.0,0.0,0.0,0.0,0.0,0.2,8.5,28.0,152.0,0.20000000000000284,5.9357836924376794,1.2832699619771863,0.30893536121673004,2.2074355724545835,1.819286016054077,Idle,Denial of Service,HULK (HTTP),Raspberry Pi 4B 4GB,nmon,1
14:23:53.000,0.0,0.2,0.0,1,0,88.8,2.0,0.0,0.0,0.0,0.0,-0.0,-0.0,-0.0,0.0,0.0,0.0,0.0,0.0,0.0,0.0,0.0,0.0,0.0,0.0,0.0,0.0,0.0,0.0,0.0,0.0,0.0,0.0,0.0,0.0,0.0,0.2,8.5,28.0,153.0,0.20000000000000284,5.9357836924376794,1.2832699619771863,0.30893536121673004,2.2074355724545835,1.819286016054077,Idle,Denial of Service,HULK (HTTP),Raspberry Pi 4B 4GB,nmon,1
14:23:54.000,0.2,0.0,0.2,1,0,131.7,2.0,0.0,0.0,0.0,0.0,-0.0,-0.0,-0.0,0.0,0.0,0.0,0.0,0.0,0.0,2.0,0.0,2.0,0.0,0.0,0.0,35.9,0.0,35.9,12.0,0.0,12.0,3.0,0.0,3.0,0.0,0.2,8.5,28.0,154.0,0.5,5.930502746092092,1.2832699619771863,0.30893536121673004,2.2074355724545835,1.819286016054077,Idle,Denial of Service,HULK (HTTP),Raspberry Pi 4B 4GB,nmon,1
14:23:55.000,0.2,0.2,0.0,1,0,93.8,2.0,0.0,0.0,0.0,0.0,-0.0,-0.0,-0.0,0.0,0.0,0.0,0.0,0.0,0.0,1.0,0.0,0.0,0.0,0.0,0.0,12.0,0.0,12.0,6.0,0.0,6.0,2.0,0.0,2.0,0.0,0.2,8.5,28.0,155.0,0.5,5.9357836924376794,1.2832699619771863,0.30893536121673004,2.2074355724545835,1.819286016054077,Idle,Denial of Service,HULK (HTTP),Raspberry Pi 4B 4GB,nmon,1
14:23:56.000,0.0,0.2,0.0,1,0,88.8,2.0,0.0,0.0,0.0,0.0,-0.0,-0.0,-0.0,0.0,0.0,0.0,0.0,0.0,0.0,0.0,0.0,0.0,0.0,0.0,0.0,0.0,0.0,0.0,0.0,0.0,0.0,0.0,0.0,0.0,0.0,0.2,8.5,28.0,156.0,0.20000000000000284,5.9357836924376794,1.2832699619771863,0.30893536121673004,2.2074355724545835,1.819286016054077,Idle,Denial of Service,HULK (HTTP),Raspberry Pi 4B 4GB,nmon,1
14:23:57.000,0.0,0.2,0.0,1,0,91.8,2.0,0.0,0.0,0.0,0.0,-0.0,-0.0,-0.0,0.0,0.0,0.0,0.0,0.0,0.0,0.0,0.0,0.0,0.0,0.0,0.0,0.0,0.0,0.0,0.0,0.0,0.0,0.0,0.0,0.0,0.0,0.2,8.5,28.0,157.0,0.20000000000000284,5.9357836924376794,1.2832699619771863,0.30893536121673004,2.2074355724545835,1.819286016054077,Idle,Denial of Service,HULK (HTTP),Raspberry Pi 4B 4GB,nmon,1
14:23:58.000,0.0,0.2,0.0,1,0,91.8,2.0,0.0,0.0,0.0,0.0,-0.0,-0.0,-0.0,0.0,0.0,0.0,0.0,0.0,0.0,0.0,0.0,0.0,0.0,0.0,0.0,0.0,0.0,0.0,0.0,0.0,0.0,0.0,0.0,0.0,0.0,0.2,8.5,28.0,158.0,0.20000000000000284,5.933143219264892,1.2832699619771863,0.30893536121673004,2.2074355724545835,1.819286016054077,Idle,Denial of Service,HULK (HTTP),Raspberry Pi 4B 4GB,nmon,1
14:23:59.000,0.0,0.5,0.2,1,0,200.5,3.0,0.0,0.0,0.0,0.0,-0.0,-0.0,-0.0,0.0,0.0,0.0,0.0,0.0,0.0,1.0,0.0,2.0,0.0,0.0,0.0,107.7,0.0,107.7,8.3,0.0,8.3,13.0,0.0,13.0,0.0,0.2,8.5,28.0,159.0,0.7000000000000028,5.938424165610467,1.2832699619771863,0.30893536121673004,2.2074355724545835,1.8219264892268696,Idle,Denial of Service,HULK (HTTP),Raspberry Pi 4B 4GB,nmon,1
14:24:00.000,0.0,0.5,0.0,1,0,99.8,2.0,0.0,0.0,0.0,0.0,-0.0,-0.0,-0.0,0.0,0.0,0.0,0.0,0.0,0.0,0.0,0.0,0.0,0.0,0.0,0.0,0.0,0.0,0.0,0.0,0.0,0.0,0.0,0.0,0.0,0.0,0.2,8.5,28.0,160.0,0.5,5.9357836924376794,1.2832699619771863,0.30893536121673004,2.2074355724545835,1.819286016054077,Idle,Denial of Service,HULK (HTTP),Raspberry Pi 4B 4GB,nmon,1
14:24:01.000,0.0,0.2,0.0,1,0,108.7,2.0,0.0,0.0,0.0,0.0,-0.0,-0.0,-0.0,0.0,0.0,0.0,0.0,0.0,0.0,1.0,0.0,0.0,0.0,0.0,0.0,12.0,0.0,12.0,6.0,0.0,6.0,2.0,0.0,2.0,0.0,0.2,8.5,28.0,161.0,0.20000000000000284,5.930502746092092,1.2832699619771863,0.30893536121673004,2.2074355724545835,1.819286016054077,Idle,Denial of Service,HULK (HTTP),Raspberry Pi 4B 4GB,nmon,1
14:24:02.000,0.0,0.0,0.0,1,0,91.8,2.0,0.0,0.0,0.0,0.0,-0.0,-0.0,-0.0,0.0,0.0,0.0,0.0,0.0,0.0,0.0,0.0,0.0,0.0,0.0,0.0,0.0,0.0,0.0,0.0,0.0,0.0,0.0,0.0,0.0,0.0,0.2,8.5,28.0,162.0,0.0,5.9357836924376794,1.2832699619771863,0.30893536121673004,2.2074355724545835,1.8166455428812844,Idle,Denial of Service,HULK (HTTP),Raspberry Pi 4B 4GB,nmon,1
14:24:03.000,0.0,0.2,0.0,1,0,96.8,2.0,0.0,0.0,0.0,0.0,-0.0,-0.0,-0.0,0.0,0.0,0.0,0.0,0.0,0.0,0.0,0.0,0.0,0.0,0.0,0.0,0.0,0.0,0.0,0.0,0.0,0.0,0.0,0.0,0.0,0.0,0.2,8.5,28.0,163.0,0.20000000000000284,5.9357836924376794,1.2832699619771863,0.30893536121673004,2.2074355724545835,1.8219264892268696,Idle,Denial of Service,HULK (HTTP),Raspberry Pi 4B 4GB,nmon,1
14:24:04.000,0.2,0.2,0.2,1,0,177.6,2.0,0.0,0.0,0.0,0.0,-0.0,-0.0,-0.0,0.0,0.0,0.0,0.0,0.0,0.0,1.0,0.0,2.0,0.0,0.0,0.0,99.8,0.0,99.8,9.1,0.0,9.1,11.0,0.0,11.0,0.0,0.2,8.5,28.0,164.0,0.7000000000000028,5.9357836924376794,1.2832699619771863,0.30893536121673004,2.2074355724545835,1.814005069708492,Idle,Denial of Service,HULK (HTTP),Raspberry Pi 4B 4GB,nmon,1
14:24:05.000,0.0,0.2,0.0,1,0,92.8,2.0,0.0,0.0,0.0,0.0,-0.0,-0.0,-0.0,0.0,0.0,0.0,0.0,0.0,0.0,0.0,0.0,0.0,0.0,0.0,0.0,0.0,0.0,0.0,0.0,0.0,0.0,0.0,0.0,0.0,0.0,0.2,8.5,28.0,165.0,0.20000000000000284,5.9357836924376794,1.2832699619771863,0.30893536121673004,2.2074355724545835,1.819286016054077,Idle,Denial of Service,HULK (HTTP),Raspberry Pi 4B 4GB,nmon,1
14:24:06.000,0.0,0.2,0.0,1,0,114.7,2.0,0.0,0.0,0.0,0.0,-0.0,-0.0,-0.0,0.0,0.0,0.0,0.0,0.0,0.0,1.0,0.0,0.0,0.0,0.0,0.0,12.0,0.0,12.0,6.0,0.0,6.0,2.0,0.0,2.0,0.0,0.2,8.5,28.0,166.0,0.20000000000000284,5.9357836924376794,1.2832699619771863,0.30893536121673004,2.2074355724545835,1.819286016054077,Idle,Denial of Service,HULK (HTTP),Raspberry Pi 4B 4GB,nmon,1
14:24:07.000,0.0,0.2,0.0,1,0,90.8,2.0,0.0,0.0,0.0,0.0,-0.0,-0.0,-0.0,0.0,0.0,0.0,0.0,0.0,0.0,0.0,0.0,0.0,0.0,0.0,0.0,0.0,0.0,0.0,0.0,0.0,0.0,0.0,0.0,0.0,0.0,0.2,8.5,28.0,167.0,0.20000000000000284,5.9357836924376794,1.2832699619771863,0.30893536121673004,2.2074355724545835,1.819286016054077,Idle,Denial of Service,HULK (HTTP),Raspberry Pi 4B 4GB,nmon,1
14:24:08.000,0.2,0.0,0.0,1,0,100.8,2.0,0.0,0.0,0.0,0.0,-0.0,-0.0,-0.0,0.0,0.0,0.0,0.0,0.0,0.0,0.0,0.0,0.0,0.0,0.0,0.0,0.0,0.0,0.0,0.0,0.0,0.0,0.0,0.0,0.0,0.0,0.2,8.5,28.0,168.0,0.20000000000000284,5.9357836924376794,1.2832699619771863,0.30893536121673004,2.2074355724545835,1.819286016054077,Idle,Denial of Service,HULK (HTTP),Raspberry Pi 4B 4GB,nmon,1
14:24:09.000,0.0,0.2,0.0,1,0,96.8,2.0,0.0,0.0,0.0,0.0,-0.0,-0.0,-0.0,0.0,0.0,0.0,0.0,0.0,0.0,0.0,0.0,1.0,0.0,0.0,0.0,0.0,0.0,0.0,0.0,0.0,0.0,0.0,0.0,0.0,0.0,0.2,8.5,28.0,169.0,0.20000000000000284,5.930502746092092,1.2832699619771863,0.30893536121673004,2.2074355724545835,1.819286016054077,Idle,Denial of Service,HULK (HTTP),Raspberry Pi 4B 4GB,nmon,1
14:24:10.000,0.0,0.2,0.2,1,0,114.3,2.0,0.0,0.0,0.0,0.0,-0.0,-0.0,-0.0,0.0,0.0,0.0,0.0,0.0,0.0,0.0,0.0,0.0,0.0,0.0,0.0,35.8,0.0,35.8,18.0,0.0,18.0,2.0,0.0,2.0,0.0,0.2,8.5,28.0,170.0,0.5,5.943705111956065,1.2832699619771863,0.30893536121673004,2.2074355724545835,1.819286016054077,Idle,Denial of Service,HULK (HTTP),Raspberry Pi 4B 4GB,nmon,1
14:24:11.000,0.0,0.2,0.0,1,0,236.4,2.0,0.0,0.0,0.0,0.1,-0.0,-0.0,-0.1,0.0,0.0,1.0,0.0,0.0,1.0,2.0,0.0,2.0,0.0,0.0,0.0,67.8,0.0,67.8,7.6,0.0,7.6,9.0,0.0,9.0,0.0,0.2,8.5,28.0,171.0,0.20000000000000284,5.9357836924376794,1.2832699619771863,0.30893536121673004,2.2074355724545835,1.819286016054077,Idle,Denial of Service,HULK (HTTP),Raspberry Pi 4B 4GB,nmon,1
14:24:12.000,0.0,0.2,0.0,1,0,142.6,2.0,0.0,0.0,0.0,0.1,-0.0,-0.0,-0.0,0.0,0.0,1.0,0.0,0.0,0.0,0.0,0.0,0.0,0.0,0.0,0.0,12.0,0.0,12.0,6.0,0.0,6.0,2.0,0.0,2.0,0.0,0.2,8.5,28.0,172.0,0.20000000000000284,5.943705111956065,1.2832699619771863,0.30893536121673004,2.2074355724545835,1.819286016054077,Idle,Denial of Service,HULK (HTTP),Raspberry Pi 4B 4GB,nmon,1
14:24:13.000,0.0,0.2,0.0,1,0,89.8,2.0,0.0,0.0,0.0,0.0,-0.0,-0.0,-0.0,0.0,0.0,0.0,0.0,0.0,0.0,0.0,0.0,0.0,0.0,0.0,0.0,0.0,0.0,0.0,0.0,0.0,0.0,0.0,0.0,0.0,0.0,0.2,8.5,28.0,173.0,0.20000000000000284,5.9357836924376794,1.2832699619771863,0.30893536121673004,2.2074355724545835,1.819286016054077,Idle,Denial of Service,HULK (HTTP),Raspberry Pi 4B 4GB,nmon,1
14:24:14.000,0.5,0.0,0.0,1,0,105.7,2.0,0.0,0.0,0.0,0.0,-0.0,-0.0,-0.0,0.0,0.0,0.0,0.0,0.0,0.0,0.0,0.0,0.0,0.0,0.0,0.0,0.0,0.0,0.0,0.0,0.0,0.0,0.0,0.0,0.0,0.0,0.2,8.5,28.0,174.0,0.5,5.9357836924376794,1.2832699619771863,0.30893536121673004,2.2074355724545835,1.819286016054077,Idle,Denial of Service,HULK (HTTP),Raspberry Pi 4B 4GB,nmon,1
14:24:15.000,0.0,0.2,0.2,1,0,147.3,2.0,0.0,0.0,0.0,0.0,-0.0,-0.0,-0.0,0.0,0.0,0.0,0.0,0.0,0.0,1.0,0.0,1.0,0.0,0.0,0.0,63.7,0.0,63.7,8.0,0.0,8.0,8.0,0.0,8.0,0.0,0.2,8.5,28.0,175.0,0.5,5.943705111956065,1.2832699619771863,0.30893536121673004,2.2074355724545835,1.819286016054077,Idle,Denial of Service,HULK (HTTP),Raspberry Pi 4B 4GB,nmon,1
14:24:16.000,0.0,0.5,0.0,1,0,152.6,2.0,0.0,0.0,0.0,0.0,-0.0,-0.0,-0.0,0.0,0.0,1.0,0.0,0.0,1.0,0.0,0.0,0.0,0.0,0.0,0.0,0.0,0.0,0.0,0.0,0.0,0.0,0.0,0.0,0.0,0.0,0.2,8.5,28.0,176.0,0.5,5.943705111956065,1.2832699619771863,0.30893536121673004,2.2074355724545835,1.819286016054077,Idle,Denial of Service,HULK (HTTP),Raspberry Pi 4B 4GB,nmon,1
14:24:17.000,0.0,0.0,0.0,1,0,103.8,2.0,0.0,0.0,0.0,0.0,-0.0,-0.0,-0.0,0.0,0.0,0.0,0.0,0.0,0.0,0.0,0.0,0.0,0.0,0.0,0.0,12.0,0.0,12.0,6.0,0.0,6.0,2.0,0.0,2.0,0.0,0.2,8.5,28.0,177.0,0.0,5.943705111956065,1.2832699619771863,0.30893536121673004,2.2074355724545835,1.819286016054077,Idle,Denial of Service,HULK (HTTP),Raspberry Pi 4B 4GB,nmon,1
14:24:18.000,0.0,0.2,0.0,1,0,96.8,2.0,0.0,0.0,0.0,0.0,-0.0,-0.0,-0.0,0.0,0.0,0.0,0.0,0.0,0.0,0.0,0.0,0.0,0.0,0.0,0.0,0.0,0.0,0.0,0.0,0.0,0.0,0.0,0.0,0.0,0.0,0.2,8.5,28.0,178.0,0.20000000000000284,5.930502746092092,1.2832699619771863,0.30893536121673004,2.2074355724545835,1.819286016054077,Idle,Denial of Service,HULK (HTTP),Raspberry Pi 4B 4GB,nmon,1
14:24:19.000,0.2,0.2,0.0,1,0,156.6,2.0,0.0,0.0,0.0,0.0,-0.0,-0.0,-0.0,0.0,0.0,0.0,0.0,0.0,0.0,1.0,0.0,1.0,0.0,0.0,0.0,59.8,0.0,59.8,6.7,0.0,6.7,9.0,0.0,9.0,0.0,0.2,8.5,28.0,179.0,0.5,5.943705111956065,1.2832699619771863,0.30893536121673004,2.2074355724545835,1.819286016054077,Idle,Denial of Service,HULK (HTTP),Raspberry Pi 4B 4GB,nmon,1
14:24:20.000,0.0,0.0,0.2,1,0,121.5,2.0,0.0,0.0,0.0,0.0,-0.0,-0.0,-0.0,0.0,0.0,0.0,0.0,0.0,0.0,1.0,0.0,1.0,0.0,0.0,0.0,27.9,0.0,27.9,14.0,0.0,14.0,2.0,0.0,2.0,0.0,0.2,8.5,28.0,180.0,0.20000000000000284,5.930502746092092,1.2832699619771863,0.30893536121673004,2.2074355724545835,1.819286016054077,Idle,Denial of Service,HULK (HTTP),Raspberry Pi 4B 4GB,nmon,1
14:24:21.000,0.0,0.2,0.0,1,0,84.8,2.0,0.0,0.0,0.0,0.0,-0.0,-0.0,-0.0,0.0,0.0,0.0,0.0,0.0,0.0,0.0,0.0,0.0,0.0,0.0,0.0,0.0,0.0,0.0,0.0,0.0,0.0,0.0,0.0,0.0,0.0,0.2,8.5,28.0,181.0,0.20000000000000284,5.943705111956065,1.2832699619771863,0.30893536121673004,2.2074355724545835,1.819286016054077,Idle,Denial of Service,HULK (HTTP),Raspberry Pi 4B 4GB,nmon,1
14:24:22.000,0.0,0.2,0.0,1,0,96.8,2.0,0.0,0.0,0.0,0.0,-0.0,-0.0,-0.0,0.0,0.0,0.0,0.0,0.0,0.0,0.0,0.0,0.0,0.0,0.0,0.0,0.0,0.0,0.0,0.0,0.0,0.0,0.0,0.0,0.0,0.0,0.2,8.5,28.0,182.0,0.20000000000000284,5.9357836924376794,1.2832699619771863,0.30893536121673004,2.2074355724545835,1.819286016054077,Idle,Denial of Service,HULK (HTTP),Raspberry Pi 4B 4GB,nmon,1
14:24:23.000,0.2,0.0,0.0,1,0,106.7,2.0,0.0,0.0,0.0,0.0,-0.0,-0.0,-0.0,0.0,0.0,0.0,0.0,0.0,0.0,0.0,0.0,0.0,0.0,0.0,0.0,12.0,0.0,12.0,6.0,0.0,6.0,2.0,0.0,2.0,0.0,0.2,8.5,28.0,183.0,0.20000000000000284,5.943705111956065,1.2832699619771863,0.30893536121673004,2.2074355724545835,1.819286016054077,Idle,Denial of Service,HULK (HTTP),Raspberry Pi 4B 4GB,nmon,1
14:24:24.000,0.0,0.2,0.0,1,0,88.8,2.0,0.0,0.0,0.0,0.0,-0.0,-0.0,-0.0,0.0,0.0,0.0,0.0,0.0,0.0,1.0,0.0,0.0,0.0,0.0,0.0,0.0,0.0,0.0,0.0,0.0,0.0,0.0,0.0,0.0,0.0,0.2,8.5,28.0,184.0,0.20000000000000284,5.9357836924376794,1.2832699619771863,0.30893536121673004,2.2074355724545835,1.819286016054077,Idle,Denial of Service,HULK (HTTP),Raspberry Pi 4B 4GB,nmon,1
14:24:25.000,0.0,0.2,0.2,1,0,97.6,2.0,0.0,0.0,0.0,0.0,-0.0,-0.0,-0.0,0.0,0.0,0.0,0.0,0.0,0.0,0.0,0.0,0.0,0.0,0.0,0.0,27.9,0.0,27.9,14.0,0.0,14.0,2.0,0.0,2.0,0.0,0.2,8.5,28.0,185.0,0.5,5.943705111956065,1.2832699619771863,0.30893536121673004,2.2074355724545835,1.8166455428812844,Idle,Denial of Service,HULK (HTTP),Raspberry Pi 4B 4GB,nmon,1
14:24:26.000,0.0,0.2,0.0,1,0,99.8,2.0,0.0,0.0,0.0,0.0,-0.0,-0.0,-0.0,0.0,0.0,0.0,0.0,0.0,0.0,0.0,0.0,0.0,0.0,0.0,0.0,0.0,0.0,0.0,0.0,0.0,0.0,0.0,0.0,0.0,0.0,0.2,8.5,28.0,186.0,0.20000000000000284,5.9357836924376794,1.2832699619771863,0.30893536121673004,2.2074355724545835,1.819286016054077,Idle,Denial of Service,HULK (HTTP),Raspberry Pi 4B 4GB,nmon,1
14:24:27.000,0.0,0.5,0.0,1,0,106.7,2.0,0.0,0.0,0.0,0.0,-0.0,-0.0,-0.0,0.0,0.0,0.0,0.0,0.0,0.0,0.0,0.0,0.0,0.0,0.0,0.0,0.0,0.0,0.0,0.0,0.0,0.0,0.0,0.0,0.0,0.0,0.2,8.5,28.0,187.0,0.5,5.943705111956065,1.2832699619771863,0.30893536121673004,2.2074355724545835,1.8219264892268696,Idle,Denial of Service,HULK (HTTP),Raspberry Pi 4B 4GB,nmon,1
14:24:28.000,0.0,0.2,0.0,1,0,97.8,2.0,0.0,0.0,0.0,0.0,-0.0,-0.0,-0.0,0.0,0.0,0.0,0.0,0.0,0.0,0.0,0.0,0.0,0.0,0.0,0.0,0.0,0.0,0.0,0.0,0.0,0.0,0.0,0.0,0.0,0.0,0.2,8.5,28.0,188.0,0.20000000000000284,5.9357836924376794,1.2832699619771863,0.30893536121673004,2.2074355724545835,1.819286016054077,Idle,Denial of Service,HULK (HTTP),Raspberry Pi 4B 4GB,nmon,1
14:24:29.000,0.0,0.2,0.0,1,0,107.7,2.0,0.0,0.0,0.0,0.0,-0.0,-0.0,-0.0,0.0,0.0,0.0,0.0,0.0,0.0,0.0,0.0,0.0,0.0,0.0,0.0,0.0,0.0,0.0,0.0,0.0,0.0,0.0,0.0,0.0,0.0,0.2,8.5,28.0,189.0,0.20000000000000284,5.9357836924376794,1.2832699619771863,0.30893536121673004,2.2074355724545835,1.819286016054077,Idle,Denial of Service,HULK (HTTP),Raspberry Pi 4B 4GB,nmon,1
14:24:30.000,0.0,0.2,0.0,1,0,113.6,2.0,0.0,0.0,0.0,0.0,-0.0,-0.0,-0.0,0.0,0.0,0.0,0.0,0.0,0.0,0.0,0.0,1.0,0.0,0.0,0.0,23.9,0.0,23.9,12.0,0.0,12.0,2.0,0.0,2.0,0.0,0.2,8.5,28.0,190.0,0.20000000000000284,5.930502746092092,1.2832699619771863,0.30893536121673004,2.2074355724545835,1.819286016054077,Idle,Denial of Service,HULK (HTTP),Raspberry Pi 4B 4GB,nmon,1
14:24:31.000,0.0,0.0,0.0,1,0,93.8,2.0,0.0,0.0,0.0,0.0,-0.0,-0.0,-0.0,0.0,0.0,0.0,0.0,0.0,0.0,0.0,0.0,0.0,0.0,0.0,0.0,0.0,0.0,0.0,0.0,0.0,0.0,0.0,0.0,0.0,0.0,0.2,8.5,28.0,191.0,0.0,5.9357836924376794,1.2832699619771863,0.30893536121673004,2.2074355724545835,1.819286016054077,Idle,Denial of Service,HULK (HTTP),Raspberry Pi 4B 4GB,nmon,1
14:24:32.000,0.2,0.5,0.0,1,0,154.6,2.0,0.0,0.0,0.0,0.0,-0.0,-0.0,-0.0,0.0,0.0,0.0,0.0,0.0,0.0,2.0,0.0,1.0,0.0,0.0,0.0,59.9,0.0,59.9,6.7,0.0,6.7,9.0,0.0,9.0,0.0,0.2,8.5,28.0,192.0,0.7000000000000028,5.9357836924376794,1.2832699619771863,0.30893536121673004,2.2074355724545835,1.819286016054077,Idle,Denial of Service,HULK (HTTP),Raspberry Pi 4B 4GB,nmon,1
14:24:33.000,0.2,0.0,0.0,1,0,84.8,2.0,0.0,0.0,0.0,0.0,-0.0,-0.0,-0.0,0.0,0.0,0.0,0.0,0.0,0.0,0.0,0.0,0.0,0.0,0.0,0.0,0.0,0.0,0.0,0.0,0.0,0.0,0.0,0.0,0.0,0.0,0.2,8.5,28.0,193.0,0.20000000000000284,5.9357836924376794,1.2832699619771863,0.30893536121673004,2.2074355724545835,1.819286016054077,Idle,Denial of Service,HULK (HTTP),Raspberry Pi 4B 4GB,nmon,1
14:24:34.000,0.0,0.2,0.0,1,0,95.8,2.0,0.0,0.0,0.0,0.0,-0.0,-0.0,-0.0,0.0,0.0,0.0,0.0,0.0,0.0,0.0,0.0,0.0,0.0,0.0,0.0,0.0,0.0,0.0,0.0,0.0,0.0,0.0,0.0,0.0,0.0,0.2,8.5,28.0,194.0,0.20000000000000284,5.943705111956065,1.2832699619771863,0.30893536121673004,2.2074355724545835,1.819286016054077,Idle,Denial of Service,HULK (HTTP),Raspberry Pi 4B 4GB,nmon,1
14:24:35.000,0.0,0.2,0.2,1,0,123.5,2.0,0.0,0.0,0.0,0.0,-0.0,-0.0,-0.0,0.0,0.0,0.0,0.0,0.0,0.0,0.0,0.0,1.0,0.0,0.0,0.0,15.9,0.0,15.9,8.0,0.0,8.0,2.0,0.0,2.0,0.0,0.2,8.5,28.0,195.0,0.5,5.9357836924376794,1.2832699619771863,0.30893536121673004,2.2074355724545835,1.819286016054077,Idle,Denial of Service,HULK (HTTP),Raspberry Pi 4B 4GB,nmon,1
14:24:36.000,0.0,0.0,0.0,1,0,97.8,2.0,0.0,0.0,0.0,0.0,-0.0,-0.0,-0.0,0.0,0.0,0.0,0.0,0.0,0.0,0.0,0.0,0.0,0.0,0.0,0.0,0.0,0.0,0.0,0.0,0.0,0.0,0.0,0.0,0.0,0.0,0.2,8.5,28.0,196.0,0.0,5.9357836924376794,1.2832699619771863,0.30893536121673004,2.2074355724545835,1.819286016054077,Idle,Denial of Service,HULK (HTTP),Raspberry Pi 4B 4GB,nmon,1
14:24:37.000,0.0,0.2,0.0,1,0,83.8,2.0,0.0,0.0,0.0,0.0,-0.0,-0.0,-0.0,0.0,0.0,0.0,0.0,0.0,0.0,0.0,0.0,0.0,0.0,0.0,0.0,0.0,0.0,0.0,0.0,0.0,0.0,0.0,0.0,0.0,0.0,0.2,8.5,28.0,197.0,0.20000000000000284,5.943705111956065,1.2832699619771863,0.30893536121673004,2.2074355724545835,1.819286016054077,Idle,Denial of Service,HULK (HTTP),Raspberry Pi 4B 4GB,nmon,1
14:24:38.000,0.2,0.2,0.0,1,0,100.8,2.0,0.0,0.0,0.0,0.0,-0.0,-0.0,-0.0,0.0,0.0,0.0,0.0,0.0,0.0,0.0,0.0,0.0,0.0,0.0,0.0,0.0,0.0,0.0,0.0,0.0,0.0,0.0,0.0,0.0,0.0,0.2,8.5,28.0,198.0,0.5,5.9357836924376794,1.2832699619771863,0.30893536121673004,2.2074355724545835,1.819286016054077,Idle,Denial of Service,HULK (HTTP),Raspberry Pi 4B 4GB,nmon,1
14:24:39.000,1.8,1.5,4.3,1,0,1039.4,4.0,0.0,0.0,0.0,0.1,-0.0,-0.0,-0.1,0.0,0.0,1.0,0.0,0.0,1.0,19.0,0.0,19.0,6583.7,0.0,6583.7,0.0,0.0,0.0,56.9,0.0,56.9,115.7,0.0,115.7,0.0,0.2,8.5,28.0,199.0,7.5,6.220954795099276,1.3017532741867341,0.32477820025348547,2.3632234896493456,2.0886142796789184,Idle,Denial of Service,HULK (HTTP),Raspberry Pi 4B 4GB,nmon,1
14:24:40.000,0.0,0.2,0.2,1,0,108.5,2.0,0.0,0.0,0.0,0.0,-0.0,-0.0,-0.0,0.0,0.0,0.0,0.0,0.0,0.0,1.0,0.0,1.0,0.0,0.0,0.0,19.9,0.0,19.9,10.0,0.0,10.0,2.0,0.0,2.0,0.0,0.2,8.5,28.0,200.0,0.5,6.2183143219264885,1.3017532741867341,0.32477820025348547,2.3632234896493456,2.0912547528517114,Attack,Denial of Service,HULK (HTTP),Raspberry Pi 4B 4GB,nmon,1
14:24:41.000,0.2,0.0,0.0,1,0,105.7,2.0,0.0,0.0,0.0,0.0,-0.0,-0.0,-0.0,0.0,0.0,0.0,0.0,0.0,0.0,0.0,0.0,0.0,0.0,0.0,0.0,0.0,0.0,0.0,0.0,0.0,0.0,0.0,0.0,0.0,0.0,0.2,8.5,28.0,201.0,0.20000000000000284,6.220954795099276,1.3017532741867341,0.32477820025348547,2.3632234896493456,2.085973806506126,Attack,Denial of Service,HULK (HTTP),Raspberry Pi 4B 4GB,nmon,1
14:24:42.000,0.0,0.5,0.0,1,0,119.7,2.0,0.0,0.0,0.0,0.1,-0.0,-0.0,-0.0,0.0,0.0,1.0,0.0,0.0,0.0,0.0,0.0,0.0,0.0,0.0,0.0,0.0,0.0,0.0,0.0,0.0,0.0,0.0,0.0,0.0,0.0,0.2,8.5,28.0,202.0,0.5,6.228876214617651,1.3017532741867341,0.32477820025348547,2.3632234896493456,2.0886142796789184,Attack,Denial of Service,HULK (HTTP),Raspberry Pi 4B 4GB,nmon,1
14:24:43.000,0.0,0.0,0.0,1,0,123.7,2.0,0.0,0.0,0.0,0.1,-0.0,-0.0,-0.0,0.0,0.0,1.0,0.0,0.0,0.0,0.0,0.0,0.0,0.0,0.0,0.0,0.0,0.0,0.0,0.0,0.0,0.0,0.0,0.0,0.0,0.0,0.2,8.5,28.0,203.0,0.0,6.220954795099276,1.3017532741867341,0.32477820025348547,2.3632234896493456,2.085973806506126,Attack,Denial of Service,HULK (HTTP),Raspberry Pi 4B 4GB,nmon,1
14:24:44.000,0.0,0.2,0.0,1,0,173.6,2.0,0.0,0.0,0.0,0.0,-0.0,-0.0,-0.0,0.0,0.0,1.0,0.0,0.0,1.0,0.0,0.0,0.0,0.0,0.0,0.0,0.0,0.0,0.0,0.0,0.0,0.0,0.0,0.0,0.0,0.0,0.2,8.5,28.0,204.0,0.20000000000000284,6.220954795099276,1.3017532741867341,0.32477820025348547,2.3632234896493456,2.0886142796789184,Attack,Denial of Service,HULK (HTTP),Raspberry Pi 4B 4GB,nmon,1
14:24:45.000,0.0,0.5,0.0,1,0,123.5,2.0,0.0,0.0,0.0,0.0,-0.0,-0.0,-0.0,0.0,0.0,0.0,0.0,0.0,0.0,0.0,0.0,0.0,0.0,0.0,0.0,23.9,0.0,23.9,12.0,0.0,12.0,2.0,0.0,2.0,0.0,0.2,8.5,28.0,205.0,0.5,6.228876214617651,1.3017532741867341,0.32477820025348547,2.3632234896493456,2.0886142796789184,Attack,Denial of Service,HULK (HTTP),Raspberry Pi 4B 4GB,nmon,1
14:24:46.000,0.2,0.0,0.2,1,0,288.3,2.0,0.0,0.0,0.0,0.2,-0.0,-0.0,-0.1,0.0,0.0,3.0,0.0,0.0,1.0,1.0,0.0,1.0,0.0,0.0,0.0,63.8,0.0,63.8,6.4,0.0,6.4,10.0,0.0,10.0,0.0,0.2,8.5,28.0,206.0,0.5,6.228876214617651,1.3017532741867341,0.32477820025348547,2.3632234896493456,2.0886142796789184,Attack,Denial of Service,HULK (HTTP),Raspberry Pi 4B 4GB,nmon,1
14:24:47.000,0.0,0.0,0.0,1,0,90.8,2.0,0.0,0.0,0.0,0.0,-0.0,-0.0,-0.0,0.0,0.0,0.0,0.0,0.0,0.0,0.0,0.0,0.0,0.0,0.0,0.0,0.0,0.0,0.0,0.0,0.0,0.0,0.0,0.0,0.0,0.0,0.2,8.5,28.0,207.0,0.0,6.228876214617651,1.3017532741867341,0.32477820025348547,2.3632234896493456,2.0886142796789184,Attack,Denial of Service,HULK (HTTP),Raspberry Pi 4B 4GB,nmon,1
14:24:48.000,0.0,0.5,0.0,1,0,98.8,2.0,0.0,0.0,0.0,0.0,-0.0,-0.0,-0.0,0.0,0.0,0.0,0.0,0.0,0.0,0.0,0.0,0.0,0.0,0.0,0.0,0.0,0.0,0.0,0.0,0.0,0.0,0.0,0.0,0.0,0.0,0.2,8.5,28.0,208.0,0.5,6.228876214617651,1.3017532741867341,0.32477820025348547,2.3632234896493456,2.085973806506126,Attack,Denial of Service,HULK (HTTP),Raspberry Pi 4B 4GB,nmon,1
14:24:49.000,0.0,0.0,0.0,1,0,106.7,2.0,0.0,0.0,0.0,0.0,-0.0,-0.0,-0.0,0.0,0.0,0.0,0.0,0.0,0.0,1.0,0.0,1.0,0.0,0.0,0.0,0.0,0.0,0.0,0.0,0.0,0.0,0.0,0.0,0.0,0.0,0.2,8.5,28.0,209.0,0.0,6.228876214617651,1.3017532741867341,0.32477820025348547,2.3632234896493456,2.085973806506126,Attack,Denial of Service,HULK (HTTP),Raspberry Pi 4B 4GB,nmon,1
14:24:50.000,0.0,0.2,0.0,1,0,167.4,2.0,0.0,0.0,0.0,0.0,-0.0,-0.0,-0.0,0.0,0.0,0.0,0.0,0.0,0.0,0.0,0.0,1.0,0.0,0.0,0.0,39.8,0.0,39.8,5.0,0.0,5.0,8.0,0.0,8.0,0.0,0.2,8.5,28.0,210.0,0.20000000000000284,6.228876214617651,1.3017532741867341,0.32477820025348547,2.3632234896493456,2.0886142796789184,Attack,Denial of Service,HULK (HTTP),Raspberry Pi 4B 4GB,nmon,1
14:24:51.000,0.2,0.2,0.0,1,0,91.8,2.0,0.0,0.0,0.0,0.0,-0.0,-0.0,-0.0,0.0,0.0,0.0,0.0,0.0,0.0,0.0,0.0,0.0,0.0,0.0,0.0,0.0,0.0,0.0,0.0,0.0,0.0,0.0,0.0,0.0,0.0,0.2,8.5,28.0,211.0,0.5,6.23151668779045,1.3017532741867341,0.32477820025348547,2.3632234896493456,2.0886142796789184,Attack,Denial of Service,HULK (HTTP),Raspberry Pi 4B 4GB,nmon,1
14:24:52.000,0.2,0.0,0.0,1,0,94.8,2.0,0.0,0.0,0.0,0.0,-0.0,-0.0,-0.0,0.0,0.0,0.0,0.0,0.0,0.0,0.0,0.0,0.0,0.0,0.0,0.0,0.0,0.0,0.0,0.0,0.0,0.0,0.0,0.0,0.0,0.0,0.2,8.5,28.0,212.0,0.20000000000000284,6.228876214617651,1.3017532741867341,0.32477820025348547,2.3632234896493456,2.0886142796789184,Attack,Denial of Service,HULK (HTTP),Raspberry Pi 4B 4GB,nmon,1
14:24:53.000,0.0,0.2,0.0,1,0,100.8,2.0,0.0,0.0,0.0,0.0,-0.0,-0.0,-0.0,0.0,0.0,0.0,0.0,0.0,0.0,0.0,0.0,0.0,0.0,0.0,0.0,0.0,0.0,0.0,0.0,0.0,0.0,0.0,0.0,0.0,0.0,0.2,8.5,28.0,213.0,0.20000000000000284,6.228876214617651,1.3017532741867341,0.32477820025348547,2.3632234896493456,2.085973806506126,Attack,Denial of Service,HULK (HTTP),Raspberry Pi 4B 4GB,nmon,1
14:24:54.000,0.0,1.0,0.0,1,0,196.5,9.0,0.0,0.0,0.0,0.0,-0.0,-0.0,-0.0,0.0,0.0,0.0,0.0,0.0,0.0,1.0,0.0,0.0,0.0,0.0,0.0,27.9,0.0,27.9,14.0,0.0,14.0,2.0,0.0,2.0,0.0,0.2,8.5,28.0,214.0,1.0,6.234157160963239,1.3017532741867341,0.32477820025348547,2.3632234896493456,2.0886142796789184,Attack,Denial of Service,HULK (HTTP),Raspberry Pi 4B 4GB,nmon,1
14:24:55.000,0.0,0.2,0.2,1,0,111.7,2.0,0.0,0.0,0.0,0.0,-0.0,-0.0,-0.0,0.0,0.0,0.0,0.0,0.0,0.0,1.0,0.0,1.0,0.0,0.0,0.0,35.9,0.0,35.9,18.0,0.0,18.0,2.0,0.0,2.0,0.0,0.2,8.5,28.0,215.0,0.5,6.234157160963239,1.3017532741867341,0.32477820025348547,2.3632234896493456,2.0886142796789184,Attack,Denial of Service,HULK (HTTP),Raspberry Pi 4B 4GB,nmon,1
14:24:56.000,0.2,0.0,0.0,1,0,99.8,2.0,0.0,0.0,0.0,0.0,-0.0,-0.0,-0.0,0.0,0.0,0.0,0.0,0.0,0.0,0.0,0.0,0.0,0.0,0.0,0.0,0.0,0.0,0.0,0.0,0.0,0.0,0.0,0.0,0.0,0.0,0.2,8.5,28.0,216.0,0.20000000000000284,6.242078580481614,1.3017532741867341,0.32477820025348547,2.3632234896493456,2.0886142796789184,Attack,Denial of Service,HULK (HTTP),Raspberry Pi 4B 4GB,nmon,1
14:24:57.000,0.0,0.2,0.0,1,0,83.8,2.0,0.0,0.0,0.0,0.0,-0.0,-0.0,-0.0,0.0,0.0,0.0,0.0,0.0,0.0,0.0,0.0,0.0,0.0,0.0,0.0,0.0,0.0,0.0,0.0,0.0,0.0,0.0,0.0,0.0,0.0,0.2,8.5,28.0,217.0,0.20000000000000284,6.242078580481614,1.3017532741867341,0.32477820025348547,2.3632234896493456,2.0886142796789184,Attack,Denial of Service,HULK (HTTP),Raspberry Pi 4B 4GB,nmon,1
14:24:58.000,0.0,0.2,0.2,1,0,178.6,2.0,0.0,0.0,0.0,0.0,-0.0,-0.0,-0.0,0.0,0.0,0.0,0.0,0.0,0.0,2.0,0.0,2.0,0.0,0.0,0.0,87.8,0.0,87.8,6.8,0.0,6.8,13.0,0.0,13.0,0.0,0.2,8.5,28.0,218.0,0.5,6.242078580481614,1.3017532741867341,0.32477820025348547,2.3632234896493456,2.0886142796789184,Attack,Denial of Service,HULK (HTTP),Raspberry Pi 4B 4GB,nmon,1
14:24:59.000,0.2,0.2,0.0,1,0,105.7,2.0,0.0,0.0,0.0,0.0,-0.0,-0.0,-0.0,0.0,0.0,0.0,0.0,0.0,0.0,0.0,0.0,0.0,0.0,0.0,0.0,0.0,0.0,0.0,0.0,0.0,0.0,0.0,0.0,0.0,0.0,0.2,8.5,28.0,219.0,0.5,6.242078580481614,1.3017532741867341,0.327418673426278,2.3632234896493456,2.0886142796789184,Attack,Denial of Service,HULK (HTTP),Raspberry Pi 4B 4GB,nmon,1
14:25:00.000,0.0,0.2,0.0,1,0,119.5,2.0,0.0,0.0,0.0,0.0,-0.0,-0.0,-0.0,0.0,0.0,0.0,0.0,0.0,0.0,0.0,0.0,0.0,0.0,0.0,0.0,19.9,0.0,19.9,10.0,0.0,10.0,2.0,0.0,2.0,0.0,0.2,8.5,28.0,220.0,0.20000000000000284,6.234157160963239,1.3017532741867341,0.327418673426278,2.3632234896493456,2.0886142796789184,Attack,Denial of Service,HULK (HTTP),Raspberry Pi 4B 4GB,nmon,1
14:25:01.000,0.0,0.2,0.0,1,0,85.8,2.0,0.0,0.0,0.0,0.0,-0.0,-0.0,-0.0,0.0,0.0,0.0,0.0,0.0,0.0,0.0,0.0,0.0,0.0,0.0,0.0,0.0,0.0,0.0,0.0,0.0,0.0,0.0,0.0,0.0,0.0,0.2,8.5,28.0,221.0,0.20000000000000284,6.242078580481614,1.3017532741867341,0.327418673426278,2.3632234896493456,2.0886142796789184,Attack,Denial of Service,HULK (HTTP),Raspberry Pi 4B 4GB,nmon,1
14:25:02.000,0.0,0.2,0.0,1,0,87.8,2.0,0.0,0.0,0.0,0.0,-0.0,-0.0,-0.0,0.0,0.0,0.0,0.0,0.0,0.0,0.0,0.0,0.0,0.0,0.0,0.0,0.0,0.0,0.0,0.0,0.0,0.0,0.0,0.0,0.0,0.0,0.2,8.5,28.0,222.0,0.20000000000000284,6.242078580481614,1.3017532741867341,0.327418673426278,2.3632234896493456,2.0886142796789184,Attack,Denial of Service,HULK (HTTP),Raspberry Pi 4B 4GB,nmon,1
14:25:03.000,0.0,0.2,0.0,1,0,98.7,2.0,0.0,0.0,0.0,0.0,-0.0,-0.0,-0.0,0.0,0.0,0.0,0.0,0.0,0.0,0.0,0.0,0.0,0.0,0.0,0.0,0.0,0.0,0.0,0.0,0.0,0.0,0.0,0.0,0.0,0.0,0.2,8.5,28.0,223.0,0.20000000000000284,6.242078580481614,1.3017532741867341,0.327418673426278,2.3632234896493456,2.0886142796789184,Attack,Denial of Service,HULK (HTTP),Raspberry Pi 4B 4GB,nmon,1
14:25:04.000,0.0,0.2,0.0,1,0,107.7,2.0,0.0,0.0,0.0,0.0,-0.0,-0.0,-0.0,0.0,0.0,0.0,0.0,0.0,0.0,0.0,0.0,1.0,0.0,0.0,0.0,0.0,0.0,0.0,0.0,0.0,0.0,0.0,0.0,0.0,0.0,0.2,8.5,28.0,224.0,0.20000000000000284,6.242078580481614,1.3017532741867341,0.327418673426278,2.3632234896493456,2.0886142796789184,Attack,Denial of Service,HULK (HTTP),Raspberry Pi 4B 4GB,nmon,1
14:25:05.000,0.0,0.2,0.2,1,0,106.7,2.0,0.0,0.0,0.0,0.0,-0.0,-0.0,-0.0,0.0,0.0,0.0,0.0,0.0,0.0,0.0,0.0,0.0,0.0,0.0,0.0,16.0,0.0,16.0,8.0,0.0,8.0,2.0,0.0,2.0,0.0,0.2,8.5,28.0,225.0,0.5,6.242078580481614,1.3017532741867341,0.327418673426278,2.3632234896493456,2.0886142796789184,Attack,Denial of Service,HULK (HTTP),Raspberry Pi 4B 4GB,nmon,1
14:25:06.000,0.0,0.2,0.0,1,0,92.8,2.0,0.0,0.0,0.0,0.0,-0.0,-0.0,-0.0,0.0,0.0,0.0,0.0,0.0,0.0,0.0,0.0,0.0,0.0,0.0,0.0,0.0,0.0,0.0,0.0,0.0,0.0,0.0,0.0,0.0,0.0,0.2,8.5,28.0,226.0,0.20000000000000284,6.242078580481614,1.3017532741867341,0.327418673426278,2.3632234896493456,2.0886142796789184,Attack,Denial of Service,HULK (HTTP),Raspberry Pi 4B 4GB,nmon,1
14:25:07.000,0.2,0.0,0.0,1,0,98.8,2.0,0.0,0.0,0.0,0.0,-0.0,-0.0,-0.0,0.0,0.0,0.0,0.0,0.0,0.0,0.0,0.0,0.0,0.0,0.0,0.0,0.0,0.0,0.0,0.0,0.0,0.0,0.0,0.0,0.0,0.0,0.2,8.5,28.0,227.0,0.20000000000000284,6.242078580481614,1.3017532741867341,0.327418673426278,2.3632234896493456,2.0886142796789184,Attack,Denial of Service,HULK (HTTP),Raspberry Pi 4B 4GB,nmon,1
14:25:08.000,0.0,0.2,0.0,1,0,96.8,2.0,0.0,0.0,0.0,0.0,-0.0,-0.0,-0.0,0.0,0.0,0.0,0.0,0.0,0.0,0.0,0.0,0.0,0.0,0.0,0.0,0.0,0.0,0.0,0.0,0.0,0.0,0.0,0.0,0.0,0.0,0.2,8.5,28.0,228.0,0.20000000000000284,6.242078580481614,1.3017532741867341,0.327418673426278,2.3632234896493456,2.0886142796789184,Attack,Denial of Service,HULK (HTTP),Raspberry Pi 4B 4GB,nmon,1
14:25:09.000,0.2,0.2,0.0,1,0,88.8,2.0,0.0,0.0,0.0,0.0,-0.0,-0.0,-0.0,0.0,0.0,0.0,0.0,0.0,0.0,0.0,0.0,0.0,0.0,0.0,0.0,0.0,0.0,0.0,0.0,0.0,0.0,0.0,0.0,0.0,0.0,0.2,8.5,28.0,229.0,0.5,6.247359526827201,1.3017532741867341,0.327418673426278,2.3632234896493456,2.0886142796789184,Attack,Denial of Service,HULK (HTTP),Raspberry Pi 4B 4GB,nmon,1
14:25:10.000,0.0,0.0,0.0,1,0,133.7,2.0,0.0,0.0,0.0,0.0,-0.0,-0.0,-0.0,0.0,0.0,0.0,0.0,0.0,0.0,1.0,0.0,0.0,0.0,0.0,0.0,16.0,0.0,16.0,8.0,0.0,8.0,2.0,0.0,2.0,0.0,0.2,8.5,28.0,230.0,0.0,6.242078580481614,1.3017532741867341,0.327418673426278,2.3632234896493456,2.0886142796789184,Attack,Denial of Service,HULK (HTTP),Raspberry Pi 4B 4GB,nmon,1
14:25:11.000,0.0,0.2,0.0,1,0,90.8,2.0,0.0,0.0,0.0,0.0,-0.0,-0.0,-0.0,0.0,0.0,0.0,0.0,0.0,0.0,0.0,0.0,0.0,0.0,0.0,0.0,0.0,0.0,0.0,0.0,0.0,0.0,0.0,0.0,0.0,0.0,0.2,8.5,28.0,231.0,0.20000000000000284,6.247359526827201,1.3017532741867341,0.327418673426278,2.3632234896493456,2.0886142796789184,Attack,Denial of Service,HULK (HTTP),Raspberry Pi 4B 4GB,nmon,1
14:25:12.000,0.0,0.2,0.0,1,0,99.8,2.0,0.0,0.0,0.0,0.0,-0.0,-0.0,-0.0,0.0,0.0,0.0,0.0,0.0,0.0,0.0,0.0,0.0,0.0,0.0,0.0,0.0,0.0,0.0,0.0,0.0,0.0,0.0,0.0,0.0,0.0,0.2,8.5,28.0,232.0,0.20000000000000284,6.242078580481614,1.3017532741867341,0.327418673426278,2.3632234896493456,2.0886142796789184,Attack,Denial of Service,HULK (HTTP),Raspberry Pi 4B 4GB,nmon,1
14:25:13.000,0.2,0.2,0.0,1,0,85.8,2.0,0.0,0.0,0.0,0.0,-0.0,-0.0,-0.0,0.0,0.0,0.0,0.0,0.0,0.0,0.0,0.0,0.0,0.0,0.0,0.0,0.0,0.0,0.0,0.0,0.0,0.0,0.0,0.0,0.0,0.0,0.2,8.5,28.0,233.0,0.5,6.247359526827201,1.3017532741867341,0.327418673426278,2.3632234896493456,2.0886142796789184,Attack,Denial of Service,HULK (HTTP),Raspberry Pi 4B 4GB,nmon,1
14:25:14.000,0.2,0.0,0.0,1,0,91.8,2.0,0.0,0.0,0.0,0.0,-0.0,-0.0,-0.0,0.0,0.0,0.0,0.0,0.0,0.0,0.0,0.0,0.0,0.0,0.0,0.0,0.0,0.0,0.0,0.0,0.0,0.0,0.0,0.0,0.0,0.0,0.2,8.5,28.0,234.0,0.20000000000000284,6.247359526827201,1.3017532741867341,0.327418673426278,2.3632234896493456,2.085973806506126,Attack,Denial of Service,HULK (HTTP),Raspberry Pi 4B 4GB,nmon,1
14:25:15.000,0.0,0.2,0.7,1,0,116.2,2.0,0.0,0.0,0.0,0.0,-0.0,-0.0,-0.0,0.0,0.0,0.0,0.0,0.0,0.0,1.0,0.0,2.0,0.0,0.0,0.0,19.7,0.0,19.7,10.0,0.0,10.0,2.0,0.0,2.0,0.0,0.2,8.5,28.0,235.0,1.0,6.247359526827201,1.3017532741867341,0.327418673426278,2.3632234896493456,2.0886142796789184,Attack,Denial of Service,HULK (HTTP),Raspberry Pi 4B 4GB,nmon,1
14:25:16.000,0.2,0.0,0.0,1,0,123.7,2.0,0.0,0.0,0.0,0.1,-0.0,-0.0,-0.0,0.0,0.0,1.0,0.0,0.0,0.0,0.0,0.0,0.0,0.0,0.0,0.0,0.0,0.0,0.0,0.0,0.0,0.0,0.0,0.0,0.0,0.0,0.2,8.5,28.0,236.0,0.20000000000000284,6.247359526827201,1.3017532741867341,0.327418673426278,2.3632234896493456,2.085973806506126,Attack,Denial of Service,HULK (HTTP),Raspberry Pi 4B 4GB,nmon,1
14:25:17.000,0.2,0.0,0.0,1,0,85.8,2.0,0.0,0.0,0.0,0.0,-0.0,-0.0,-0.0,0.0,0.0,0.0,0.0,0.0,0.0,0.0,0.0,0.0,0.0,0.0,0.0,0.0,0.0,0.0,0.0,0.0,0.0,0.0,0.0,0.0,0.0,0.2,8.5,28.0,237.0,0.20000000000000284,6.242078580481614,1.3017532741867341,0.327418673426278,2.3632234896493456,2.0886142796789184,Attack,Denial of Service,HULK (HTTP),Raspberry Pi 4B 4GB,nmon,1
14:25:18.000,0.0,0.2,0.0,1,0,90.8,2.0,0.0,0.0,0.0,0.0,-0.0,-0.0,-0.0,0.0,0.0,0.0,0.0,0.0,0.0,0.0,0.0,0.0,0.0,0.0,0.0,0.0,0.0,0.0,0.0,0.0,0.0,0.0,0.0,0.0,0.0,0.2,8.5,28.0,238.0,0.20000000000000284,6.242078580481614,1.3017532741867341,0.327418673426278,2.3632234896493456,2.0886142796789184,Attack,Denial of Service,HULK (HTTP),Raspberry Pi 4B 4GB,nmon,1
14:25:19.000,0.0,0.2,0.0,1,0,92.8,2.0,0.0,0.0,0.0,0.0,-0.0,-0.0,-0.0,0.0,0.0,0.0,0.0,0.0,0.0,0.0,0.0,0.0,0.0,0.0,0.0,0.0,0.0,0.0,0.0,0.0,0.0,0.0,0.0,0.0,0.0,0.2,8.5,28.0,239.0,0.20000000000000284,6.242078580481614,1.3017532741867341,0.327418673426278,2.3632234896493456,2.0886142796789184,Attack,Denial of Service,HULK (HTTP),Raspberry Pi 4B 4GB,nmon,1
14:25:20.000,0.0,0.0,0.2,1,0,122.6,2.0,0.0,0.0,0.0,0.0,-0.0,-0.0,-0.0,0.0,0.0,0.0,0.0,0.0,0.0,1.0,0.0,0.0,0.0,0.0,0.0,15.9,0.0,15.9,8.0,0.0,8.0,2.0,0.0,2.0,0.0,0.2,8.5,28.0,240.0,0.20000000000000284,6.242078580481614,1.3017532741867341,0.327418673426278,2.3632234896493456,2.0886142796789184,Attack,Denial of Service,HULK (HTTP),Raspberry Pi 4B 4GB,nmon,1
14:25:21.000,0.0,0.2,0.0,1,0,83.8,2.0,0.0,0.0,0.0,0.0,-0.0,-0.0,-0.0,0.0,0.0,0.0,0.0,0.0,0.0,0.0,0.0,0.0,0.0,0.0,0.0,0.0,0.0,0.0,0.0,0.0,0.0,0.0,0.0,0.0,0.0,0.2,8.5,28.0,241.0,0.20000000000000284,6.247359526827201,1.3017532741867341,0.327418673426278,2.3632234896493456,2.0886142796789184,Attack,Denial of Service,HULK (HTTP),Raspberry Pi 4B 4GB,nmon,1
14:25:22.000,0.0,0.2,0.0,1,0,103.7,2.0,0.0,0.0,0.0,0.0,-0.0,-0.0,-0.0,0.0,0.0,0.0,0.0,0.0,0.0,0.0,0.0,0.0,0.0,0.0,0.0,0.0,0.0,0.0,0.0,0.0,0.0,0.0,0.0,0.0,0.0,0.2,8.5,28.0,242.0,0.20000000000000284,6.247359526827201,1.3017532741867341,0.327418673426278,2.3632234896493456,2.0886142796789184,Attack,Denial of Service,HULK (HTTP),Raspberry Pi 4B 4GB,nmon,1
14:25:23.000,0.0,0.2,0.0,1,0,85.8,2.0,0.0,0.0,0.0,0.0,-0.0,-0.0,-0.0,0.0,0.0,0.0,0.0,0.0,0.0,0.0,0.0,0.0,0.0,0.0,0.0,0.0,0.0,0.0,0.0,0.0,0.0,0.0,0.0,0.0,0.0,0.2,8.5,28.0,243.0,0.20000000000000284,6.247359526827201,1.3017532741867341,0.327418673426278,2.3632234896493456,2.0886142796789184,Attack,Denial of Service,HULK (HTTP),Raspberry Pi 4B 4GB,nmon,1
14:25:24.000,0.0,0.2,0.0,1,0,107.7,2.0,0.0,0.0,0.0,0.0,-0.0,-0.0,-0.0,0.0,0.0,0.0,0.0,0.0,0.0,0.0,0.0,0.0,0.0,0.0,0.0,4.0,0.0,4.0,4.0,0.0,4.0,1.0,0.0,1.0,0.0,0.2,8.5,28.0,244.0,0.20000000000000284,6.247359526827201,1.3017532741867341,0.327418673426278,2.3632234896493456,2.0886142796789184,Attack,Denial of Service,HULK (HTTP),Raspberry Pi 4B 4GB,nmon,1
14:25:25.000,0.0,0.2,0.0,1,0,135.5,2.0,0.0,0.0,0.0,0.0,-0.0,-0.0,-0.0,0.0,0.0,0.0,0.0,0.0,0.0,1.0,0.0,1.0,0.0,0.0,0.0,43.9,0.0,43.9,4.9,0.0,4.9,9.0,0.0,9.0,0.0,0.2,8.5,28.0,245.0,0.20000000000000284,6.247359526827201,1.3017532741867341,0.327418673426278,2.3632234896493456,2.0886142796789184,Attack,Denial of Service,HULK (HTTP),Raspberry Pi 4B 4GB,nmon,1
14:25:26.000,0.0,0.2,0.0,1,0,94.8,2.0,0.0,0.0,0.0,0.0,-0.0,-0.0,-0.0,0.0,0.0,0.0,0.0,0.0,0.0,0.0,0.0,0.0,0.0,0.0,0.0,0.0,0.0,0.0,0.0,0.0,0.0,0.0,0.0,0.0,0.0,0.2,8.5,28.0,246.0,0.20000000000000284,6.255280946345576,1.3017532741867341,0.327418673426278,2.3632234896493456,2.0886142796789184,Attack,Denial of Service,HULK (HTTP),Raspberry Pi 4B 4GB,nmon,1
14:25:27.000,0.0,0.2,0.0,1,0,85.8,2.0,0.0,0.0,0.0,0.0,-0.0,-0.0,-0.0,0.0,0.0,0.0,0.0,0.0,0.0,0.0,0.0,0.0,0.0,0.0,0.0,0.0,0.0,0.0,0.0,0.0,0.0,0.0,0.0,0.0,0.0,0.2,8.5,28.0,247.0,0.20000000000000284,6.247359526827201,1.3017532741867341,0.327418673426278,2.3632234896493456,2.0886142796789184,Attack,Denial of Service,HULK (HTTP),Raspberry Pi 4B 4GB,nmon,1
14:25:28.000,0.0,0.2,0.0,1,0,102.7,2.0,0.0,0.0,0.0,0.0,-0.0,-0.0,-0.0,0.0,0.0,0.0,0.0,0.0,0.0,0.0,0.0,0.0,0.0,0.0,0.0,0.0,0.0,0.0,0.0,0.0,0.0,0.0,0.0,0.0,0.0,0.2,8.5,28.0,248.0,0.20000000000000284,6.255280946345576,1.3017532741867341,0.327418673426278,2.3632234896493456,2.0886142796789184,Attack,Denial of Service,HULK (HTTP),Raspberry Pi 4B 4GB,nmon,1
14:25:29.000,0.0,0.0,0.0,1,2,97.8,2.0,0.0,0.0,0.0,0.0,-0.0,-0.0,-0.0,0.0,0.0,0.0,0.0,0.0,0.0,0.0,0.0,1.0,0.0,0.0,0.0,55.9,0.0,55.9,18.7,0.0,18.7,3.0,0.0,3.0,0.0,0.2,8.5,28.0,249.0,0.0,6.247359526827201,1.3017532741867341,0.327418673426278,2.3632234896493456,2.0886142796789184,Attack,Denial of Service,HULK (HTTP),Raspberry Pi 4B 4GB,nmon,1
14:25:30.000,0.0,0.5,0.2,1,0,115.3,2.0,0.0,0.0,0.0,0.0,-0.0,-0.0,-0.0,0.0,0.0,0.0,0.0,0.0,0.0,0.0,0.0,0.0,0.0,0.0,0.0,0.0,0.0,0.0,0.0,0.0,0.0,0.0,0.0,0.0,0.0,0.2,8.5,28.0,250.0,0.7000000000000028,6.255280946345576,1.3017532741867341,0.327418673426278,2.3632234896493456,2.0912547528517114,Attack,Denial of Service,HULK (HTTP),Raspberry Pi 4B 4GB,nmon,1
14:25:31.000,0.0,0.2,0.0,1,0,94.8,2.0,0.0,0.0,0.0,0.0,-0.0,-0.0,-0.0,0.0,0.0,0.0,0.0,0.0,0.0,0.0,0.0,0.0,0.0,0.0,0.0,0.0,0.0,0.0,0.0,0.0,0.0,0.0,0.0,0.0,0.0,0.2,8.5,28.0,251.0,0.20000000000000284,6.255280946345576,1.3017532741867341,0.327418673426278,2.3632234896493456,2.0886142796789184,Attack,Denial of Service,HULK (HTTP),Raspberry Pi 4B 4GB,nmon,1
14:25:32.000,0.0,0.2,0.0,1,0,96.8,2.0,0.0,0.0,0.0,0.0,-0.0,-0.0,-0.0,0.0,0.0,0.0,0.0,0.0,0.0,0.0,0.0,0.0,0.0,0.0,0.0,0.0,0.0,0.0,0.0,0.0,0.0,0.0,0.0,0.0,0.0,0.2,8.5,28.0,252.0,0.20000000000000284,6.255280946345576,1.3017532741867341,0.327418673426278,2.3632234896493456,2.0886142796789184,Attack,Denial of Service,HULK (HTTP),Raspberry Pi 4B 4GB,nmon,1
14:25:33.000,0.0,0.2,0.0,1,0,84.8,2.0,0.0,0.0,0.0,0.0,-0.0,-0.0,-0.0,0.0,0.0,0.0,0.0,0.0,0.0,0.0,0.0,0.0,0.0,0.0,0.0,0.0,0.0,0.0,0.0,0.0,0.0,0.0,0.0,0.0,0.0,0.2,8.5,28.0,253.0,0.20000000000000284,6.260561892691163,1.3017532741867341,0.327418673426278,2.3632234896493456,2.0886142796789184,Attack,Denial of Service,HULK (HTTP),Raspberry Pi 4B 4GB,nmon,1
14:25:34.000,0.0,0.2,0.0,1,0,95.8,2.0,0.0,0.0,0.0,0.0,-0.0,-0.0,-0.0,0.0,0.0,0.0,0.0,0.0,0.0,1.0,0.0,0.0,0.0,0.0,0.0,0.0,0.0,0.0,0.0,0.0,0.0,0.0,0.0,0.0,0.0,0.2,8.5,28.0,254.0,0.20000000000000284,6.255280946345576,1.3017532741867341,0.327418673426278,2.3632234896493456,2.0886142796789184,Attack,Denial of Service,HULK (HTTP),Raspberry Pi 4B 4GB,nmon,1
14:25:35.000,0.0,0.0,0.2,1,0,163.4,2.0,0.0,0.0,0.0,0.0,-0.0,-0.0,-0.0,0.0,0.0,0.0,0.0,0.0,0.0,0.0,0.0,0.0,0.0,0.0,0.0,47.8,0.0,47.8,5.3,0.0,5.3,9.0,0.0,9.0,0.0,0.2,8.5,28.0,255.0,0.20000000000000284,6.260561892691163,1.3017532741867341,0.327418673426278,2.3632234896493456,2.0886142796789184,Attack,Denial of Service,HULK (HTTP),Raspberry Pi 4B 4GB,nmon,1
14:25:36.000,0.0,0.5,0.0,1,0,84.8,2.0,0.0,0.0,0.0,0.0,-0.0,-0.0,-0.0,0.0,0.0,0.0,0.0,0.0,0.0,0.0,0.0,0.0,0.0,0.0,0.0,0.0,0.0,0.0,0.0,0.0,0.0,0.0,0.0,0.0,0.0,0.2,8.5,28.0,256.0,0.5,6.255280946345576,1.3017532741867341,0.327418673426278,2.3632234896493456,2.0886142796789184,Attack,Denial of Service,HULK (HTTP),Raspberry Pi 4B 4GB,nmon,1
14:25:37.000,0.2,0.0,0.0,1,0,86.8,2.0,0.0,0.0,0.0,0.0,-0.0,-0.0,-0.0,0.0,0.0,0.0,0.0,0.0,0.0,0.0,0.0,0.0,0.0,0.0,0.0,0.0,0.0,0.0,0.0,0.0,0.0,0.0,0.0,0.0,0.0,0.2,8.5,28.0,257.0,0.20000000000000284,6.260561892691163,1.3017532741867341,0.327418673426278,2.3632234896493456,2.0912547528517114,Attack,Denial of Service,HULK (HTTP),Raspberry Pi 4B 4GB,nmon,1
14:25:38.000,0.0,0.2,0.0,1,0,91.8,2.0,0.0,0.0,0.0,0.0,-0.0,-0.0,-0.0,0.0,0.0,0.0,0.0,0.0,0.0,0.0,0.0,0.0,0.0,0.0,0.0,0.0,0.0,0.0,0.0,0.0,0.0,0.0,0.0,0.0,0.0,0.2,8.5,28.0,258.0,0.20000000000000284,6.260561892691163,1.3017532741867341,0.327418673426278,2.3632234896493456,2.0886142796789184,Attack,Denial of Service,HULK (HTTP),Raspberry Pi 4B 4GB,nmon,1
14:25:39.000,0.0,0.2,0.0,1,0,84.8,2.0,0.0,0.0,0.0,0.0,-0.0,-0.0,-0.0,0.0,0.0,0.0,0.0,0.0,0.0,0.0,0.0,0.0,0.0,0.0,0.0,0.0,0.0,0.0,0.0,0.0,0.0,0.0,0.0,0.0,0.0,0.2,8.5,28.0,259.0,0.20000000000000284,6.260561892691163,1.3017532741867341,0.327418673426278,2.3632234896493456,2.085973806506126,Attack,Denial of Service,HULK (HTTP),Raspberry Pi 4B 4GB,nmon,1
14:25:40.000,0.0,0.2,0.2,1,0,135.7,2.0,0.0,0.0,0.0,0.0,-0.0,-0.0,-0.0,0.0,0.0,0.0,0.0,0.0,0.0,1.0,0.0,1.0,0.0,0.0,0.0,39.9,0.0,39.9,10.0,0.0,10.0,4.0,0.0,4.0,0.0,0.2,8.5,28.0,260.0,0.5,6.260561892691163,1.3017532741867341,0.327418673426278,2.3632234896493456,2.0886142796789184,Attack,Denial of Service,HULK (HTTP),Raspberry Pi 4B 4GB,nmon,1
14:25:41.000,0.2,0.0,0.0,1,0,100.7,2.0,0.0,0.0,0.0,0.0,-0.0,-0.0,-0.0,0.0,0.0,0.0,0.0,0.0,0.0,0.0,0.0,0.0,0.0,0.0,0.0,0.0,0.0,0.0,0.0,0.0,0.0,0.0,0.0,0.0,0.0,0.2,8.5,28.0,261.0,0.20000000000000284,6.260561892691163,1.3043937473595268,0.327418673426278,2.3632234896493456,2.085973806506126,Attack,Denial of Service,HULK (HTTP),Raspberry Pi 4B 4GB,nmon,1
14:25:42.000,0.0,0.5,0.0,1,0,89.8,2.0,0.0,0.0,0.0,0.0,-0.0,-0.0,-0.0,0.0,0.0,0.0,0.0,0.0,0.0,0.0,0.0,0.0,0.0,0.0,0.0,0.0,0.0,0.0,0.0,0.0,0.0,0.0,0.0,0.0,0.0,0.2,8.5,28.0,262.0,0.5,6.260561892691163,1.3043937473595268,0.327418673426278,2.3632234896493456,2.0886142796789184,Attack,Denial of Service,HULK (HTTP),Raspberry Pi 4B 4GB,nmon,1
14:25:43.000,0.0,0.2,0.0,1,0,87.8,2.0,0.0,0.0,0.0,0.0,-0.0,-0.0,-0.0,0.0,0.0,0.0,0.0,0.0,0.0,0.0,0.0,0.0,0.0,0.0,0.0,0.0,0.0,0.0,0.0,0.0,0.0,0.0,0.0,0.0,0.0,0.2,8.5,28.0,263.0,0.20000000000000284,6.268483312209538,1.3043937473595268,0.327418673426278,2.3632234896493456,2.0912547528517114,Attack,Denial of Service,HULK (HTTP),Raspberry Pi 4B 4GB,nmon,1
14:25:44.000,0.0,0.0,0.0,1,0,93.8,2.0,0.0,0.0,0.0,0.0,-0.0,-0.0,-0.0,0.0,0.0,0.0,0.0,0.0,0.0,0.0,0.0,0.0,0.0,0.0,0.0,0.0,0.0,0.0,0.0,0.0,0.0,0.0,0.0,0.0,0.0,0.2,8.5,28.0,264.0,0.0,6.268483312209538,1.3043937473595268,0.327418673426278,2.3632234896493456,2.0886142796789184,Attack,Denial of Service,HULK (HTTP),Raspberry Pi 4B 4GB,nmon,1
14:25:45.000,0.0,0.5,0.0,1,0,124.5,2.0,0.0,0.0,0.0,0.0,-0.0,-0.0,-0.0,0.0,0.0,0.0,0.0,0.0,0.0,1.0,0.0,1.0,0.0,0.0,0.0,43.8,0.0,43.8,7.3,0.0,7.3,6.0,0.0,6.0,0.0,0.2,8.5,28.0,265.0,0.5,6.273764258555126,1.3043937473595268,0.327418673426278,2.3632234896493456,2.0886142796789184,Attack,Denial of Service,HULK (HTTP),Raspberry Pi 4B 4GB,nmon,1
14:25:46.000,0.0,0.0,0.0,1,0,148.6,2.0,0.0,0.0,0.0,0.1,-0.0,-0.0,-0.0,0.0,0.0,1.0,0.0,0.0,0.0,1.0,0.0,1.0,0.0,0.0,0.0,12.0,0.0,12.0,6.0,0.0,6.0,2.0,0.0,2.0,0.0,0.2,8.5,28.0,266.0,0.0,6.273764258555126,1.3043937473595268,0.327418673426278,2.3632234896493456,2.0886142796789184,Attack,Denial of Service,HULK (HTTP),Raspberry Pi 4B 4GB,nmon,1
14:25:47.000,0.0,0.2,0.0,1,0,91.8,2.0,0.0,0.0,0.0,0.0,-0.0,-0.0,-0.0,0.0,0.0,0.0,0.0,0.0,0.0,0.0,0.0,0.0,0.0,0.0,0.0,0.0,0.0,0.0,0.0,0.0,0.0,0.0,0.0,0.0,0.0,0.2,8.5,28.0,267.0,0.20000000000000284,6.281685678073501,1.3043937473595268,0.327418673426278,2.3632234896493456,2.0886142796789184,Attack,Denial of Service,HULK (HTTP),Raspberry Pi 4B 4GB,nmon,1
14:25:48.000,0.0,0.5,0.0,1,0,86.8,2.0,0.0,0.0,0.0,0.0,-0.0,-0.0,-0.0,0.0,0.0,0.0,0.0,0.0,0.0,0.0,0.0,0.0,0.0,0.0,0.0,0.0,0.0,0.0,0.0,0.0,0.0,0.0,0.0,0.0,0.0,0.2,8.5,28.0,268.0,0.5,6.286966624419099,1.3043937473595268,0.327418673426278,2.3632234896493456,2.0886142796789184,Attack,Denial of Service,HULK (HTTP),Raspberry Pi 4B 4GB,nmon,1
14:25:49.000,0.0,0.0,0.0,1,0,85.8,2.0,0.0,0.0,0.0,0.0,-0.0,-0.0,-0.0,0.0,0.0,0.0,0.0,0.0,0.0,0.0,0.0,1.0,0.0,0.0,0.0,27.9,0.0,27.9,14.0,0.0,14.0,2.0,0.0,2.0,0.0,0.2,8.5,28.0,269.0,0.0,6.286966624419099,1.3043937473595268,0.327418673426278,2.3632234896493456,2.085973806506126,Attack,Denial of Service,HULK (HTTP),Raspberry Pi 4B 4GB,nmon,1
14:25:50.000,0.0,0.0,0.5,1,0,111.1,2.0,0.0,0.0,0.0,0.0,-0.0,-0.0,-0.0,0.0,0.0,0.0,0.0,0.0,0.0,0.0,0.0,0.0,0.0,0.0,0.0,0.0,0.0,0.0,0.0,0.0,0.0,0.0,0.0,0.0,0.0,0.2,8.5,28.0,270.0,0.5,6.289607097591887,1.3043937473595268,0.327418673426278,2.3632234896493456,2.0886142796789184,Attack,Denial of Service,HULK (HTTP),Raspberry Pi 4B 4GB,nmon,1
14:25:51.000,0.2,0.2,0.0,1,0,118.7,2.0,0.0,0.0,0.0,0.0,-0.0,-0.0,-0.0,0.0,0.0,0.0,0.0,0.0,0.0,1.0,0.0,0.0,0.0,0.0,0.0,12.0,0.0,12.0,6.0,0.0,6.0,2.0,0.0,2.0,0.0,0.2,8.5,28.0,271.0,0.5,6.294888043937464,1.3043937473595268,0.327418673426278,2.3632234896493456,2.0912547528517114,Attack,Denial of Service,HULK (HTTP),Raspberry Pi 4B 4GB,nmon,1
14:25:52.000,0.0,0.2,0.0,1,0,107.7,2.0,0.0,0.0,0.0,0.0,-0.0,-0.0,-0.0,0.0,0.0,0.0,0.0,0.0,0.0,0.0,0.0,0.0,0.0,0.0,0.0,0.0,0.0,0.0,0.0,0.0,0.0,0.0,0.0,0.0,0.0,0.2,8.5,28.0,272.0,0.20000000000000284,6.294888043937464,1.3043937473595268,0.327418673426278,2.3632234896493456,2.0912547528517114,Attack,Denial of Service,HULK (HTTP),Raspberry Pi 4B 4GB,nmon,1
14:25:53.000,0.2,0.0,0.0,1,0,85.8,2.0,0.0,0.0,0.0,0.0,-0.0,-0.0,-0.0,0.0,0.0,0.0,0.0,0.0,0.0,0.0,0.0,0.0,0.0,0.0,0.0,0.0,0.0,0.0,0.0,0.0,0.0,0.0,0.0,0.0,0.0,0.2,8.5,28.0,273.0,0.20000000000000284,6.297528517110262,1.3043937473595268,0.327418673426278,2.3632234896493456,2.085973806506126,Attack,Denial of Service,HULK (HTTP),Raspberry Pi 4B 4GB,nmon,1
14:25:54.000,0.0,0.5,0.0,1,0,90.8,2.0,0.0,0.0,0.0,0.0,-0.0,-0.0,-0.0,0.0,0.0,0.0,0.0,0.0,0.0,0.0,0.0,0.0,0.0,0.0,0.0,0.0,0.0,0.0,0.0,0.0,0.0,0.0,0.0,0.0,0.0,0.2,8.5,28.0,274.0,0.5,6.300168990283062,1.3043937473595268,0.327418673426278,2.3632234896493456,2.0912547528517114,Attack,Denial of Service,HULK (HTTP),Raspberry Pi 4B 4GB,nmon,1
14:25:55.000,0.0,0.2,0.0,1,0,135.5,2.0,0.0,0.0,0.0,0.0,-0.0,-0.0,-0.0,0.0,0.0,0.0,0.0,0.0,0.0,1.0,0.0,1.0,0.0,0.0,0.0,43.8,0.0,43.8,7.3,0.0,7.3,6.0,0.0,6.0,0.0,0.2,8.5,28.0,275.0,0.20000000000000284,6.310730882974225,1.3043937473595268,0.327418673426278,2.3632234896493456,2.0886142796789184,Attack,Denial of Service,HULK (HTTP),Raspberry Pi 4B 4GB,nmon,1
14:25:56.000,0.0,0.0,0.0,1,0,87.8,2.0,0.0,0.0,0.0,0.0,-0.0,-0.0,-0.0,0.0,0.0,0.0,0.0,0.0,0.0,0.0,0.0,0.0,0.0,0.0,0.0,0.0,0.0,0.0,0.0,0.0,0.0,0.0,0.0,0.0,0.0,0.2,8.5,28.0,276.0,0.0,6.305449936628637,1.3043937473595268,0.327418673426278,2.3632234896493456,2.0912547528517114,Attack,Denial of Service,HULK (HTTP),Raspberry Pi 4B 4GB,nmon,1
14:25:57.000,0.0,0.2,0.0,1,0,98.8,2.0,0.0,0.0,0.0,0.0,-0.0,-0.0,-0.0,0.0,0.0,0.0,0.0,0.0,0.0,0.0,0.0,0.0,0.0,0.0,0.0,12.0,0.0,12.0,6.0,0.0,6.0,2.0,0.0,2.0,0.0,0.2,8.5,28.0,277.0,0.20000000000000284,6.316011829319812,1.3043937473595268,0.327418673426278,2.3632234896493456,2.0833333333333335,Attack,Denial of Service,HULK (HTTP),Raspberry Pi 4B 4GB,nmon,1
14:25:59.000,0.0,0.2,0.0,1,0,101.8,2.0,0.0,0.0,0.0,0.0,-0.0,-0.0,-0.0,0.0,0.0,0.0,0.0,0.0,0.0,0.0,0.0,0.0,0.0,0.0,0.0,0.0,0.0,0.0,0.0,0.0,0.0,0.0,0.0,0.0,0.0,0.2,8.5,28.0,279.0,0.20000000000000284,6.313371356147024,1.3043937473595268,0.327418673426278,2.3632234896493456,2.0912547528517114,Attack,Denial of Service,HULK (HTTP),Raspberry Pi 4B 4GB,nmon,1
14:26:00.000,0.2,0.0,0.0,1,0,93.8,2.0,0.0,0.0,0.0,0.0,-0.0,-0.0,-0.0,0.0,0.0,0.0,0.0,0.0,0.0,0.0,0.0,1.0,0.0,0.0,0.0,0.0,0.0,0.0,0.0,0.0,0.0,0.0,0.0,0.0,0.0,0.2,8.5,28.0,280.0,0.20000000000000284,6.316011829319812,1.3043937473595268,0.327418673426278,2.3632234896493456,2.085973806506126,Attack,Denial of Service,HULK (HTTP),Raspberry Pi 4B 4GB,nmon,1
14:26:01.000,0.0,0.2,0.2,1,0,107.4,2.0,0.0,0.0,0.0,0.0,-0.0,-0.0,-0.0,0.0,0.0,0.0,0.0,0.0,0.0,1.0,0.0,0.0,0.0,0.0,0.0,27.8,0.0,27.8,14.0,0.0,14.0,2.0,0.0,2.0,0.0,0.2,8.5,28.0,281.0,0.5,6.326573722010986,1.3043937473595268,0.327418673426278,2.3632234896493456,2.0912547528517114,Attack,Denial of Service,HULK (HTTP),Raspberry Pi 4B 4GB,nmon,1
14:26:02.000,0.2,0.2,0.0,1,0,100.8,2.0,0.0,0.0,0.0,0.0,-0.0,-0.0,-0.0,0.0,0.0,0.0,0.0,0.0,0.0,0.0,0.0,0.0,0.0,0.0,0.0,0.0,0.0,0.0,0.0,0.0,0.0,0.0,0.0,0.0,0.0,0.2,8.5,28.0,282.0,0.5,6.321292775665388,1.3043937473595268,0.327418673426278,2.3632234896493456,2.0886142796789184,Attack,Denial of Service,HULK (HTTP),Raspberry Pi 4B 4GB,nmon,1
14:26:03.000,0.0,0.0,0.0,1,0,101.7,2.0,0.0,0.0,0.0,0.0,-0.0,-0.0,-0.0,0.0,0.0,0.0,0.0,0.0,0.0,0.0,0.0,0.0,0.0,0.0,0.0,12.0,0.0,12.0,6.0,0.0,6.0,2.0,0.0,2.0,0.0,0.2,8.5,28.0,283.0,0.0,6.331854668356563,1.3043937473595268,0.327418673426278,2.3632234896493456,2.0912547528517114,Attack,Denial of Service,HULK (HTTP),Raspberry Pi 4B 4GB,nmon,1
14:26:04.000,0.0,0.2,0.0,1,0,99.8,2.0,0.0,0.0,0.0,0.0,-0.0,-0.0,-0.0,0.0,0.0,0.0,0.0,0.0,0.0,0.0,0.0,0.0,0.0,0.0,0.0,0.0,0.0,0.0,0.0,0.0,0.0,0.0,0.0,0.0,0.0,0.2,8.5,28.0,284.0,0.20000000000000284,6.326573722010986,1.3043937473595268,0.327418673426278,2.3632234896493456,2.085973806506126,Attack,Denial of Service,HULK (HTTP),Raspberry Pi 4B 4GB,nmon,1
14:26:05.000,0.0,0.2,0.0,1,0,87.8,2.0,0.0,0.0,0.0,0.0,-0.0,-0.0,-0.0,0.0,0.0,0.0,0.0,0.0,0.0,1.0,0.0,1.0,0.0,0.0,0.0,0.0,0.0,0.0,0.0,0.0,0.0,0.0,0.0,0.0,0.0,0.2,8.5,28.0,285.0,0.20000000000000284,6.331854668356563,1.3043937473595268,0.33005914659907054,2.3632234896493456,2.0833333333333335,Attack,Denial of Service,HULK (HTTP),Raspberry Pi 4B 4GB,nmon,1
14:26:06.000,0.0,0.2,0.2,1,0,125.5,2.0,0.0,0.0,0.0,0.0,-0.0,-0.0,-0.0,0.0,0.0,0.0,0.0,0.0,0.0,0.0,0.0,0.0,0.0,0.0,0.0,43.8,0.0,43.8,7.3,0.0,7.3,6.0,0.0,6.0,0.0,0.2,8.5,28.0,286.0,0.5,6.326573722010986,1.3043937473595268,0.33005914659907054,2.3632234896493456,2.0912547528517114,Attack,Denial of Service,HULK (HTTP),Raspberry Pi 4B 4GB,nmon,1
14:26:07.000,0.0,0.2,0.0,1,0,96.8,2.0,0.0,0.0,0.0,0.0,-0.0,-0.0,-0.0,0.0,0.0,0.0,0.0,0.0,0.0,0.0,0.0,0.0,0.0,0.0,0.0,0.0,0.0,0.0,0.0,0.0,0.0,0.0,0.0,0.0,0.0,0.2,8.5,28.0,287.0,0.20000000000000284,6.331854668356563,1.3043937473595268,0.33005914659907054,2.3632234896493456,2.0912547528517114,Attack,Denial of Service,HULK (HTTP),Raspberry Pi 4B 4GB,nmon,1
14:26:08.000,0.0,0.2,0.0,1,0,87.8,2.0,0.0,0.0,0.0,0.0,-0.0,-0.0,-0.0,0.0,0.0,0.0,0.0,0.0,0.0,0.0,0.0,0.0,0.0,0.0,0.0,0.0,0.0,0.0,0.0,0.0,0.0,0.0,0.0,0.0,0.0,0.2,8.5,28.0,288.0,0.20000000000000284,6.331854668356563,1.3043937473595268,0.33005914659907054,2.3632234896493456,2.0886142796789184,Attack,Denial of Service,HULK (HTTP),Raspberry Pi 4B 4GB,nmon,1
14:26:09.000,0.2,0.2,0.0,1,0,108.7,2.0,0.0,0.0,0.0,0.0,-0.0,-0.0,-0.0,0.0,0.0,0.0,0.0,0.0,0.0,0.0,0.0,1.0,0.0,0.0,0.0,12.0,0.0,12.0,6.0,0.0,6.0,2.0,0.0,2.0,0.0,0.2,8.5,28.0,289.0,0.5,6.331854668356563,1.3043937473595268,0.33005914659907054,2.3658639628221376,2.0912547528517114,Attack,Denial of Service,HULK (HTTP),Raspberry Pi 4B 4GB,nmon,1
14:26:10.000,0.0,0.0,0.0,1,0,77.8,2.0,0.0,0.0,0.0,0.0,-0.0,-0.0,-0.0,0.0,0.0,0.0,0.0,0.0,0.0,0.0,0.0,0.0,0.0,0.0,0.0,0.0,0.0,0.0,0.0,0.0,0.0,0.0,0.0,0.0,0.0,0.2,8.5,28.0,290.0,0.0,6.3344951415293504,1.3043937473595268,0.33005914659907054,2.3632234896493456,2.0886142796789184,Attack,Denial of Service,HULK (HTTP),Raspberry Pi 4B 4GB,nmon,1
14:26:11.000,0.0,0.5,0.2,1,0,119.3,2.0,0.0,0.0,0.0,0.0,-0.0,-0.0,-0.0,0.0,0.0,0.0,0.0,0.0,0.0,1.0,0.0,0.0,0.0,0.0,0.0,27.8,0.0,27.8,14.0,0.0,14.0,2.0,0.0,2.0,0.0,0.2,8.5,28.0,291.0,0.7000000000000028,6.326573722010986,1.3043937473595268,0.33005914659907054,2.3658639628221376,2.0886142796789184,Attack,Denial of Service,HULK (HTTP),Raspberry Pi 4B 4GB,nmon,1
14:26:12.000,0.0,0.0,0.0,1,0,105.7,2.0,0.0,0.0,0.0,0.0,-0.0,-0.0,-0.0,0.0,0.0,0.0,0.0,0.0,0.0,0.0,0.0,0.0,0.0,0.0,0.0,0.0,0.0,0.0,0.0,0.0,0.0,0.0,0.0,0.0,0.0,0.2,8.5,28.0,292.0,0.0,6.331854668356563,1.3043937473595268,0.33005914659907054,2.3658639628221376,2.0912547528517114,Attack,Denial of Service,HULK (HTTP),Raspberry Pi 4B 4GB,nmon,1
14:26:13.000,0.0,0.2,0.0,1,0,90.8,2.0,0.0,0.0,0.0,0.0,-0.0,-0.0,-0.0,0.0,0.0,0.0,0.0,0.0,0.0,0.0,0.0,0.0,0.0,0.0,0.0,0.0,0.0,0.0,0.0,0.0,0.0,0.0,0.0,0.0,0.0,0.2,8.5,28.0,293.0,0.20000000000000284,6.331854668356563,1.3043937473595268,0.33005914659907054,2.3658639628221376,2.0912547528517114,Attack,Denial of Service,HULK (HTTP),Raspberry Pi 4B 4GB,nmon,1
14:26:14.000,0.2,0.2,0.0,1,0,120.7,2.0,0.0,0.0,0.0,0.1,-0.0,-0.0,-0.0,0.0,0.0,1.0,0.0,0.0,0.0,0.0,0.0,0.0,0.0,0.0,0.0,8.0,0.0,8.0,4.0,0.0,4.0,2.0,0.0,2.0,0.0,0.2,8.5,28.0,294.0,0.5,6.3344951415293504,1.3043937473595268,0.33005914659907054,2.3658639628221376,2.093895226024504,Attack,Denial of Service,HULK (HTTP),Raspberry Pi 4B 4GB,nmon,1
14:26:15.000,0.0,0.0,0.0,1,0,115.7,3.0,0.0,0.0,0.0,0.0,-0.0,-0.0,-0.0,0.0,0.0,0.0,0.0,0.0,0.0,0.0,0.0,0.0,0.0,0.0,0.0,0.0,0.0,0.0,0.0,0.0,0.0,0.0,0.0,0.0,0.0,0.2,8.5,28.0,295.0,0.0,6.331854668356563,1.3043937473595268,0.33005914659907054,2.3658639628221376,2.0912547528517114,Attack,Denial of Service,HULK (HTTP),Raspberry Pi 4B 4GB,nmon,1
14:26:16.000,0.2,0.2,0.0,1,0,143.5,2.0,0.0,0.0,0.0,0.0,-0.0,-0.0,-0.0,0.0,0.0,0.0,0.0,0.0,0.0,1.0,0.0,1.0,0.0,0.0,0.0,31.9,0.0,31.9,5.3,0.0,5.3,6.0,0.0,6.0,0.0,0.2,8.5,28.0,296.0,0.5,6.33713561470215,1.3043937473595268,0.33005914659907054,2.3632234896493456,2.0912547528517114,Attack,Denial of Service,HULK (HTTP),Raspberry Pi 4B 4GB,nmon,1
14:26:17.000,0.0,0.2,0.0,1,0,120.7,2.0,0.0,0.0,0.0,0.1,-0.0,-0.0,-0.0,0.0,0.0,1.0,0.0,0.0,0.0,0.0,0.0,0.0,0.0,0.0,0.0,0.0,0.0,0.0,0.0,0.0,0.0,0.0,0.0,0.0,0.0,0.2,8.5,28.0,297.0,0.20000000000000284,6.331854668356563,1.3043937473595268,0.33005914659907054,2.3658639628221376,2.0912547528517114,Attack,Denial of Service,HULK (HTTP),Raspberry Pi 4B 4GB,nmon,1
14:26:18.000,0.0,0.0,0.0,1,0,79.8,2.0,0.0,0.0,0.0,0.0,-0.0,-0.0,-0.0,0.0,0.0,0.0,0.0,0.0,0.0,0.0,0.0,0.0,0.0,0.0,0.0,0.0,0.0,0.0,0.0,0.0,0.0,0.0,0.0,0.0,0.0,0.2,8.5,28.0,298.0,0.0,6.342416561047736,1.3043937473595268,0.33005914659907054,2.3658639628221376,2.093895226024504,Attack,Denial of Service,HULK (HTTP),Raspberry Pi 4B 4GB,nmon,1
14:26:19.000,0.0,0.2,0.0,1,0,88.8,2.0,0.0,0.0,0.0,0.0,-0.0,-0.0,-0.0,0.0,0.0,0.0,0.0,0.0,0.0,0.0,0.0,0.0,0.0,0.0,0.0,0.0,0.0,0.0,0.0,0.0,0.0,0.0,0.0,0.0,0.0,0.2,8.5,28.0,299.0,0.20000000000000284,6.331854668356563,1.3043937473595268,0.33005914659907054,2.3658639628221376,2.0912547528517114,Attack,Denial of Service,HULK (HTTP),Raspberry Pi 4B 4GB,nmon,1
14:26:20.000,0.0,0.2,0.0,1,0,101.8,2.0,0.0,0.0,0.0,0.0,-0.0,-0.0,-0.0,0.0,0.0,0.0,0.0,0.0,0.0,0.0,0.0,0.0,0.0,0.0,0.0,12.0,0.0,12.0,6.0,0.0,6.0,2.0,0.0,2.0,0.0,0.2,8.5,28.0,300.0,0.20000000000000284,6.329214195183774,1.3043937473595268,0.33005914659907054,2.3658639628221376,2.0912547528517114,Attack,Denial of Service,HULK (HTTP),Raspberry Pi 4B 4GB,nmon,1
14:26:21.000,0.2,0.0,0.2,1,0,104.7,2.0,0.0,0.0,0.0,0.0,-0.0,-0.0,-0.0,0.0,0.0,0.0,0.0,0.0,0.0,1.0,0.0,1.0,0.0,0.0,0.0,27.9,0.0,27.9,14.0,0.0,14.0,2.0,0.0,2.0,0.0,0.2,8.5,28.0,301.0,0.5,6.331854668356563,1.3043937473595268,0.33005914659907054,2.3658639628221376,2.085973806506126,Attack,Denial of Service,HULK (HTTP),Raspberry Pi 4B 4GB,nmon,1
14:26:22.000,0.0,0.2,0.0,1,0,78.8,2.0,0.0,0.0,0.0,0.0,-0.0,-0.0,-0.0,0.0,0.0,0.0,0.0,0.0,0.0,0.0,0.0,0.0,0.0,0.0,0.0,0.0,0.0,0.0,0.0,0.0,0.0,0.0,0.0,0.0,0.0,0.2,8.5,28.0,302.0,0.20000000000000284,6.326573722010986,1.3043937473595268,0.33005914659907054,2.3658639628221376,2.0886142796789184,Attack,Denial of Service,HULK (HTTP),Raspberry Pi 4B 4GB,nmon,1
14:26:23.000,0.0,0.5,0.0,1,0,119.7,2.0,0.0,0.0,0.0,0.0,-0.0,-0.0,-0.0,0.0,0.0,0.0,0.0,0.0,0.0,0.0,0.0,0.0,0.0,0.0,0.0,0.0,0.0,0.0,0.0,0.0,0.0,0.0,0.0,0.0,0.0,0.2,8.5,28.0,303.0,0.5,6.331854668356563,1.3043937473595268,0.33005914659907054,2.3658639628221376,2.085973806506126,Attack,Denial of Service,HULK (HTTP),Raspberry Pi 4B 4GB,nmon,1
14:26:24.000,0.0,0.0,0.0,1,0,92.8,2.0,0.0,0.0,0.0,0.0,-0.0,-0.0,-0.0,0.0,0.0,0.0,0.0,0.0,0.0,0.0,0.0,0.0,0.0,0.0,0.0,0.0,0.0,0.0,0.0,0.0,0.0,0.0,0.0,0.0,0.0,0.2,8.5,28.0,304.0,0.0,6.331854668356563,1.3043937473595268,0.33005914659907054,2.3658639628221376,2.0886142796789184,Attack,Denial of Service,HULK (HTTP),Raspberry Pi 4B 4GB,nmon,1
14:26:25.000,0.2,0.2,0.0,1,0,88.8,2.0,0.0,0.0,0.0,0.0,-0.0,-0.0,-0.0,0.0,0.0,0.0,0.0,0.0,0.0,0.0,0.0,0.0,0.0,0.0,0.0,0.0,0.0,0.0,0.0,0.0,0.0,0.0,0.0,0.0,0.0,0.2,8.5,28.0,305.0,0.5,6.3344951415293504,1.3043937473595268,0.33005914659907054,2.3658639628221376,2.0886142796789184,Attack,Denial of Service,HULK (HTTP),Raspberry Pi 4B 4GB,nmon,1
14:26:26.000,0.0,0.2,0.2,1,0,152.7,2.0,0.0,0.0,0.0,0.0,-0.0,-0.0,-0.0,0.0,0.0,0.0,0.0,0.0,0.0,1.0,0.0,2.0,0.0,0.0,0.0,51.9,0.0,51.9,5.2,0.0,5.2,10.0,0.0,10.0,0.0,0.2,8.5,28.0,306.0,0.5,6.329214195183774,1.3043937473595268,0.33005914659907054,2.3658639628221376,2.0886142796789184,Attack,Denial of Service,HULK (HTTP),Raspberry Pi 4B 4GB,nmon,1
14:26:27.000,0.0,0.2,0.0,1,0,84.8,2.0,0.0,0.0,0.0,0.0,-0.0,-0.0,-0.0,0.0,0.0,0.0,0.0,0.0,0.0,0.0,0.0,0.0,0.0,0.0,0.0,0.0,0.0,0.0,0.0,0.0,0.0,0.0,0.0,0.0,0.0,0.2,8.5,28.0,307.0,0.20000000000000284,6.339776087874949,1.3043937473595268,0.33005914659907054,2.3658639628221376,2.0886142796789184,Attack,Denial of Service,HULK (HTTP),Raspberry Pi 4B 4GB,nmon,1
14:26:28.000,0.0,0.2,0.0,1,0,92.8,2.0,0.0,0.0,0.0,0.0,-0.0,-0.0,-0.0,0.0,0.0,0.0,0.0,0.0,0.0,0.0,0.0,0.0,0.0,0.0,0.0,0.0,0.0,0.0,0.0,0.0,0.0,0.0,0.0,0.0,0.0,0.2,8.5,28.0,308.0,0.20000000000000284,6.329214195183774,1.3043937473595268,0.33005914659907054,2.3658639628221376,2.0912547528517114,Attack,Denial of Service,HULK (HTTP),Raspberry Pi 4B 4GB,nmon,1
14:26:29.000,0.0,0.2,0.0,1,0,92.8,2.0,0.0,0.0,0.0,0.0,-0.0,-0.0,-0.0,0.0,0.0,0.0,0.0,0.0,0.0,0.0,0.0,0.0,0.0,0.0,0.0,0.0,0.0,0.0,0.0,0.0,0.0,0.0,0.0,0.0,0.0,0.2,8.5,28.0,309.0,0.20000000000000284,6.329214195183774,1.3043937473595268,0.33005914659907054,2.3658639628221376,2.093895226024504,Attack,Denial of Service,HULK (HTTP),Raspberry Pi 4B 4GB,nmon,1
14:26:30.000,0.0,0.0,0.2,1,0,83.9,2.0,0.0,0.0,0.0,0.0,-0.0,-0.0,-0.0,0.0,0.0,0.0,0.0,0.0,0.0,1.0,0.0,0.0,0.0,0.0,0.0,28.0,0.0,28.0,14.0,0.0,14.0,2.0,0.0,2.0,0.0,0.2,8.5,28.0,310.0,0.20000000000000284,6.339776087874949,1.3043937473595268,0.33005914659907054,2.3658639628221376,2.085973806506126,Attack,Denial of Service,HULK (HTTP),Raspberry Pi 4B 4GB,nmon,1
14:26:31.000,0.0,0.2,0.0,2,0,83.9,2.0,0.0,0.0,0.0,0.0,-0.0,-0.0,-0.0,0.0,0.0,0.0,0.0,0.0,0.0,0.0,0.0,0.0,0.0,0.0,0.0,0.0,0.0,0.0,0.0,0.0,0.0,0.0,0.0,0.0,0.0,0.2,8.5,28.0,311.0,0.20000000000000284,6.329214195183774,1.3043937473595268,0.33005914659907054,2.3658639628221376,2.093895226024504,Attack,Denial of Service,HULK (HTTP),Raspberry Pi 4B 4GB,nmon,1
14:26:32.000,0.0,0.0,0.0,2,0,92.8,0.0,0.0,0.0,0.0,0.0,-0.0,-0.0,-0.0,0.0,0.0,0.0,0.0,0.0,0.0,0.0,0.0,0.0,0.0,0.0,0.0,12.0,0.0,12.0,6.0,0.0,6.0,2.0,0.0,2.0,0.0,0.2,8.5,28.0,312.0,0.0,6.326573722010986,1.3043937473595268,0.33005914659907054,2.3658639628221376,2.0886142796789184,Attack,Denial of Service,HULK (HTTP),Raspberry Pi 4B 4GB,nmon,1
14:26:33.000,0.2,0.2,0.0,1,0,104.8,2.0,0.0,0.0,0.0,0.0,-0.0,-0.0,-0.0,0.0,0.0,0.0,0.0,0.0,0.0,0.0,0.0,0.0,0.0,0.0,0.0,0.0,0.0,0.0,0.0,0.0,0.0,0.0,0.0,0.0,0.0,0.2,8.5,28.0,313.0,0.5,6.331854668356563,1.3043937473595268,0.33005914659907054,2.3658639628221376,2.0912547528517114,Attack,Denial of Service,HULK (HTTP),Raspberry Pi 4B 4GB,nmon,1
14:26:34.000,0.0,0.2,0.0,1,0,79.8,2.0,0.0,0.0,0.0,0.0,-0.0,-0.0,-0.0,0.0,0.0,0.0,0.0,0.0,0.0,0.0,0.0,0.0,0.0,0.0,0.0,0.0,0.0,0.0,0.0,0.0,0.0,0.0,0.0,0.0,0.0,0.2,8.5,28.0,314.0,0.20000000000000284,6.326573722010986,1.3043937473595268,0.33005914659907054,2.3658639628221376,2.0886142796789184,Attack,Denial of Service,HULK (HTTP),Raspberry Pi 4B 4GB,nmon,1
14:26:35.000,0.0,0.2,0.0,1,0,93.8,2.0,0.0,0.0,0.0,0.0,-0.0,-0.0,-0.0,0.0,0.0,0.0,0.0,0.0,0.0,1.0,0.0,1.0,0.0,0.0,0.0,0.0,0.0,0.0,0.0,0.0,0.0,0.0,0.0,0.0,0.0,0.2,8.5,28.0,315.0,0.20000000000000284,6.331854668356563,1.3043937473595268,0.33005914659907054,2.3658639628221376,2.0912547528517114,Attack,Denial of Service,HULK (HTTP),Raspberry Pi 4B 4GB,nmon,1
14:26:36.000,0.2,0.2,0.0,1,0,135.5,2.0,0.0,0.0,0.0,0.0,-0.0,-0.0,-0.0,0.0,0.0,0.0,0.0,0.0,0.0,0.0,0.0,0.0,0.0,0.0,0.0,39.8,0.0,39.8,8.0,0.0,8.0,5.0,0.0,5.0,0.0,0.2,8.5,28.0,316.0,0.5,6.331854668356563,1.3043937473595268,0.33005914659907054,2.3658639628221376,2.0912547528517114,Attack,Denial of Service,HULK (HTTP),Raspberry Pi 4B 4GB,nmon,1
14:26:37.000,0.0,0.2,0.0,1,0,88.8,2.0,0.0,0.0,0.0,0.0,-0.0,-0.0,-0.0,0.0,0.0,0.0,0.0,0.0,0.0,0.0,0.0,0.0,0.0,0.0,0.0,0.0,0.0,0.0,0.0,0.0,0.0,0.0,0.0,0.0,0.0,0.2,8.5,28.0,317.0,0.20000000000000284,6.3344951415293504,1.3043937473595268,0.33005914659907054,2.3658639628221376,2.0833333333333335,Attack,Denial of Service,HULK (HTTP),Raspberry Pi 4B 4GB,nmon,1
14:26:38.000,0.0,0.2,0.0,1,0,98.8,2.0,0.0,0.0,0.0,0.0,-0.0,-0.0,-0.0,0.0,0.0,0.0,0.0,0.0,0.0,0.0,0.0,1.0,0.0,0.0,0.0,12.0,0.0,12.0,6.0,0.0,6.0,2.0,0.0,2.0,0.0,0.2,8.5,28.0,318.0,0.20000000000000284,6.331854668356563,1.3043937473595268,0.33005914659907054,2.3658639628221376,2.0912547528517114,Attack,Denial of Service,HULK (HTTP),Raspberry Pi 4B 4GB,nmon,1
14:26:39.000,0.2,0.2,0.0,1,0,91.8,2.0,0.0,0.0,0.0,0.0,-0.0,-0.0,-0.0,0.0,0.0,0.0,0.0,0.0,0.0,0.0,0.0,0.0,0.0,0.0,0.0,0.0,0.0,0.0,0.0,0.0,0.0,0.0,0.0,0.0,0.0,0.2,8.5,28.0,319.0,0.5,6.326573722010986,1.3043937473595268,0.33005914659907054,2.3658639628221376,2.0886142796789184,Attack,Denial of Service,HULK (HTTP),Raspberry Pi 4B 4GB,nmon,1
14:26:40.000,0.0,0.0,0.0,1,0,90.8,2.0,0.0,0.0,0.0,0.0,-0.0,-0.0,-0.0,0.0,0.0,0.0,0.0,0.0,0.0,0.0,0.0,0.0,0.0,0.0,0.0,0.0,0.0,0.0,0.0,0.0,0.0,0.0,0.0,0.0,0.0,0.2,8.5,28.0,320.0,0.0,6.331854668356563,1.3043937473595268,0.33005914659907054,2.3658639628221376,2.0886142796789184,Attack,Denial of Service,HULK (HTTP),Raspberry Pi 4B 4GB,nmon,1
14:26:41.000,0.0,0.2,0.2,1,0,104.6,2.0,0.0,0.0,0.0,0.0,-0.0,-0.0,-0.0,0.0,0.0,0.0,0.0,0.0,0.0,1.0,0.0,0.0,0.0,0.0,0.0,27.9,0.0,27.9,14.0,0.0,14.0,2.0,0.0,2.0,0.0,0.2,8.5,28.0,321.0,0.5,6.326573722010986,1.3043937473595268,0.33005914659907054,2.3658639628221376,2.0886142796789184,Attack,Denial of Service,HULK (HTTP),Raspberry Pi 4B 4GB,nmon,1
14:26:42.000,0.0,0.2,0.0,1,0,89.8,2.0,0.0,0.0,0.0,0.0,-0.0,-0.0,-0.0,0.0,0.0,0.0,0.0,0.0,0.0,0.0,0.0,0.0,0.0,0.0,0.0,0.0,0.0,0.0,0.0,0.0,0.0,0.0,0.0,0.0,0.0,0.2,8.5,28.0,322.0,0.20000000000000284,6.331854668356563,1.3043937473595268,0.33005914659907054,2.3658639628221376,2.0886142796789184,Attack,Denial of Service,HULK (HTTP),Raspberry Pi 4B 4GB,nmon,1
14:26:43.000,0.0,0.2,0.0,1,0,101.8,2.0,0.0,0.0,0.0,0.0,-0.0,-0.0,-0.0,0.0,0.0,0.0,0.0,0.0,0.0,0.0,0.0,0.0,0.0,0.0,0.0,0.0,0.0,0.0,0.0,0.0,0.0,0.0,0.0,0.0,0.0,0.2,8.5,28.0,323.0,0.20000000000000284,6.331854668356563,1.3043937473595268,0.33005914659907054,2.3658639628221376,2.0912547528517114,Attack,Denial of Service,HULK (HTTP),Raspberry Pi 4B 4GB,nmon,1
14:26:44.000,0.0,0.2,0.0,1,0,105.8,2.0,0.0,0.0,0.0,0.0,-0.0,-0.0,-0.0,0.0,0.0,0.0,0.0,0.0,0.0,0.0,0.0,0.0,0.0,0.0,0.0,12.0,0.0,12.0,6.0,0.0,6.0,2.0,0.0,2.0,0.0,0.2,8.5,28.0,324.0,0.20000000000000284,6.331854668356563,1.3043937473595268,0.33005914659907054,2.3658639628221376,2.0886142796789184,Attack,Denial of Service,HULK (HTTP),Raspberry Pi 4B 4GB,nmon,1
14:26:45.000,0.0,0.2,0.0,1,0,104.7,2.0,0.0,0.0,0.0,0.0,-0.0,-0.0,-0.0,0.0,0.0,0.0,0.0,0.0,0.0,0.0,0.0,0.0,0.0,0.0,0.0,0.0,0.0,0.0,0.0,0.0,0.0,0.0,0.0,0.0,0.0,0.2,8.5,28.0,325.0,0.20000000000000284,6.331854668356563,1.3043937473595268,0.33005914659907054,2.3658639628221376,2.0886142796789184,Attack,Denial of Service,HULK (HTTP),Raspberry Pi 4B 4GB,nmon,1
14:26:46.000,0.0,0.2,0.0,1,0,129.5,2.0,0.0,0.0,0.0,0.0,-0.0,-0.0,-0.0,0.0,0.0,0.0,0.0,0.0,0.0,1.0,0.0,1.0,0.0,0.0,0.0,43.8,0.0,43.8,7.3,0.0,7.3,6.0,0.0,6.0,0.0,0.2,8.5,28.0,326.0,0.20000000000000284,6.331854668356563,1.3070342205323195,0.33005914659907054,2.3658639628221376,2.0886142796789184,Attack,Denial of Service,HULK (HTTP),Raspberry Pi 4B 4GB,nmon,1
14:26:47.000,0.0,0.0,0.0,1,0,119.7,2.0,0.0,0.0,0.0,0.1,-0.0,-0.0,-0.0,0.0,0.0,1.0,0.0,0.0,0.0,0.0,0.0,0.0,0.0,0.0,0.0,0.0,0.0,0.0,0.0,0.0,0.0,0.0,0.0,0.0,0.0,0.2,8.5,28.0,327.0,0.0,6.331854668356563,1.3070342205323195,0.33005914659907054,2.3658639628221376,2.0886142796789184,Attack,Denial of Service,HULK (HTTP),Raspberry Pi 4B 4GB,nmon,1
14:26:48.000,0.2,0.2,0.0,1,0,123.7,3.0,0.0,0.0,0.0,0.0,-0.0,-0.0,-0.0,0.0,0.0,0.0,0.0,0.0,0.0,0.0,0.0,0.0,0.0,0.0,0.0,0.0,0.0,0.0,0.0,0.0,0.0,0.0,0.0,0.0,0.0,0.2,8.5,28.0,328.0,0.5,6.342416561047736,1.3070342205323195,0.33005914659907054,2.3658639628221376,2.0886142796789184,Attack,Denial of Service,HULK (HTTP),Raspberry Pi 4B 4GB,nmon,1
14:26:49.000,0.0,0.2,0.0,1,0,121.7,2.0,0.0,0.0,0.0,0.0,-0.0,-0.0,-0.0,0.0,0.0,0.0,0.0,0.0,0.0,0.0,0.0,1.0,0.0,0.0,0.0,12.0,0.0,12.0,6.0,0.0,6.0,2.0,0.0,2.0,0.0,0.2,8.5,28.0,329.0,0.20000000000000284,6.331854668356563,1.3070342205323195,0.33005914659907054,2.3658639628221376,2.0886142796789184,Attack,Denial of Service,HULK (HTTP),Raspberry Pi 4B 4GB,nmon,1
14:26:50.000,0.0,0.2,0.0,1,0,89.8,2.0,0.0,0.0,0.0,0.0,-0.0,-0.0,-0.0,0.0,0.0,0.0,0.0,0.0,0.0,1.0,0.0,0.0,0.0,0.0,0.0,0.0,0.0,0.0,0.0,0.0,0.0,0.0,0.0,0.0,0.0,0.2,8.5,28.0,330.0,0.20000000000000284,6.331854668356563,1.3070342205323195,0.33005914659907054,2.3658639628221376,2.0912547528517114,Attack,Denial of Service,HULK (HTTP),Raspberry Pi 4B 4GB,nmon,1
14:26:51.000,0.0,0.0,0.2,1,0,119.5,2.0,0.0,0.0,0.0,0.0,-0.0,-0.0,-0.0,0.0,0.0,0.0,0.0,0.0,0.0,0.0,0.0,0.0,0.0,0.0,0.0,27.9,0.0,27.9,14.0,0.0,14.0,2.0,0.0,2.0,0.0,0.2,8.5,28.0,331.0,0.20000000000000284,6.331854668356563,1.3070342205323195,0.33005914659907054,2.3658639628221376,2.0886142796789184,Attack,Denial of Service,HULK (HTTP),Raspberry Pi 4B 4GB,nmon,1
14:26:52.000,0.2,0.2,0.0,1,0,185.6,2.0,0.0,0.0,0.0,0.1,-0.0,-0.0,-0.1,0.0,0.0,2.0,0.0,0.0,1.0,0.0,0.0,0.0,0.0,0.0,0.0,0.0,0.0,0.0,0.0,0.0,0.0,0.0,0.0,0.0,0.0,0.2,8.5,28.0,332.0,0.5,6.3344951415293504,1.3070342205323195,0.33005914659907054,2.3658639628221376,2.0912547528517114,Attack,Denial of Service,HULK (HTTP),Raspberry Pi 4B 4GB,nmon,1
14:26:53.000,0.0,0.2,0.0,1,0,107.7,2.0,0.0,0.0,0.0,0.0,-0.0,-0.0,-0.0,0.0,0.0,0.0,0.0,0.0,0.0,0.0,0.0,0.0,0.0,0.0,0.0,0.0,0.0,0.0,0.0,0.0,0.0,0.0,0.0,0.0,0.0,0.2,8.5,28.0,333.0,0.20000000000000284,6.331854668356563,1.3070342205323195,0.33005914659907054,2.3658639628221376,2.0912547528517114,Attack,Denial of Service,HULK (HTTP),Raspberry Pi 4B 4GB,nmon,1
14:26:54.000,0.0,0.2,0.0,1,0,94.8,2.0,0.0,0.0,0.0,0.0,-0.0,-0.0,-0.0,0.0,0.0,0.0,0.0,0.0,0.0,0.0,0.0,0.0,0.0,0.0,0.0,12.0,0.0,12.0,6.0,0.0,6.0,2.0,0.0,2.0,0.0,0.2,8.5,28.0,334.0,0.20000000000000284,6.3344951415293504,1.3070342205323195,0.33005914659907054,2.3658639628221376,2.0912547528517114,Attack,Denial of Service,HULK (HTTP),Raspberry Pi 4B 4GB,nmon,1
14:26:55.000,0.0,0.0,0.0,1,0,94.8,2.0,0.0,0.0,0.0,0.0,-0.0,-0.0,-0.0,0.0,0.0,0.0,0.0,0.0,0.0,0.0,0.0,0.0,0.0,0.0,0.0,0.0,0.0,0.0,0.0,0.0,0.0,0.0,0.0,0.0,0.0,0.2,8.5,28.0,335.0,0.0,6.339776087874949,1.3070342205323195,0.33005914659907054,2.3658639628221376,2.0912547528517114,Attack,Denial of Service,HULK (HTTP),Raspberry Pi 4B 4GB,nmon,1
14:26:56.000,0.0,0.5,0.2,1,0,132.4,2.0,0.0,0.0,0.0,0.0,-0.0,-0.0,-0.0,0.0,0.0,0.0,0.0,0.0,0.0,1.0,0.0,1.0,0.0,0.0,0.0,43.8,0.0,43.8,7.3,0.0,7.3,6.0,0.0,6.0,0.0,0.2,8.5,28.0,336.0,0.7000000000000028,6.331854668356563,1.3070342205323195,0.33005914659907054,2.3658639628221376,2.0886142796789184,Attack,Denial of Service,HULK (HTTP),Raspberry Pi 4B 4GB,nmon,1
14:26:57.000,0.0,0.0,0.0,1,0,92.8,2.0,0.0,0.0,0.0,0.0,-0.0,-0.0,-0.0,0.0,0.0,0.0,0.0,0.0,0.0,0.0,0.0,0.0,0.0,0.0,0.0,0.0,0.0,0.0,0.0,0.0,0.0,0.0,0.0,0.0,0.0,0.2,8.5,28.0,337.0,0.0,6.339776087874949,1.3070342205323195,0.33005914659907054,2.3658639628221376,2.0886142796789184,Attack,Denial of Service,HULK (HTTP),Raspberry Pi 4B 4GB,nmon,1
14:26:58.000,0.0,0.2,0.0,1,0,78.8,2.0,0.0,0.0,0.0,0.0,-0.0,-0.0,-0.0,0.0,0.0,0.0,0.0,0.0,0.0,0.0,0.0,0.0,0.0,0.0,0.0,0.0,0.0,0.0,0.0,0.0,0.0,0.0,0.0,0.0,0.0,0.2,8.5,28.0,338.0,0.20000000000000284,6.331854668356563,1.3070342205323195,0.33005914659907054,2.3658639628221376,2.0912547528517114,Attack,Denial of Service,HULK (HTTP),Raspberry Pi 4B 4GB,nmon,1
14:26:59.000,0.0,0.2,0.0,1,0,87.8,2.0,0.0,0.0,0.0,0.0,-0.0,-0.0,-0.0,0.0,0.0,0.0,0.0,0.0,0.0,0.0,0.0,0.0,0.0,0.0,0.0,0.0,0.0,0.0,0.0,0.0,0.0,0.0,0.0,0.0,0.0,0.2,8.5,28.0,339.0,0.20000000000000284,6.331854668356563,1.3070342205323195,0.33005914659907054,2.3658639628221376,2.0912547528517114,Attack,Denial of Service,HULK (HTTP),Raspberry Pi 4B 4GB,nmon,1
14:27:00.000,0.2,0.2,0.0,1,0,112.7,2.0,0.0,0.0,0.0,0.0,-0.0,-0.0,-0.0,0.0,0.0,0.0,0.0,0.0,0.0,0.0,0.0,1.0,0.0,0.0,0.0,12.0,0.0,12.0,6.0,0.0,6.0,2.0,0.0,2.0,0.0,0.2,8.5,28.0,340.0,0.5,6.339776087874949,1.3070342205323195,0.33005914659907054,2.3658639628221376,2.0912547528517114,Attack,Denial of Service,HULK (HTTP),Raspberry Pi 4B 4GB,nmon,1
14:27:01.000,0.0,0.2,0.0,1,0,123.7,2.0,0.0,0.0,0.0,0.0,-0.0,-0.0,-0.0,0.0,0.0,0.0,0.0,0.0,0.0,1.0,0.0,0.0,0.0,0.0,0.0,27.9,0.0,27.9,14.0,0.0,14.0,2.0,0.0,2.0,0.0,0.2,8.5,28.0,341.0,0.20000000000000284,6.331854668356563,1.3070342205323195,0.33005914659907054,2.3658639628221376,2.0886142796789184,Attack,Denial of Service,HULK (HTTP),Raspberry Pi 4B 4GB,nmon,1
14:27:02.000,0.0,0.0,0.0,1,0,87.8,2.0,0.0,0.0,0.0,0.0,-0.0,-0.0,-0.0,0.0,0.0,0.0,0.0,0.0,0.0,0.0,0.0,0.0,0.0,0.0,0.0,0.0,0.0,0.0,0.0,0.0,0.0,0.0,0.0,0.0,0.0,0.2,8.5,28.0,342.0,0.0,6.339776087874949,1.3070342205323195,0.33005914659907054,2.3658639628221376,2.0912547528517114,Attack,Denial of Service,HULK (HTTP),Raspberry Pi 4B 4GB,nmon,1
14:27:03.000,0.0,0.2,0.0,1,0,98.8,2.0,0.0,0.0,0.0,0.0,-0.0,-0.0,-0.0,0.0,0.0,0.0,0.0,0.0,0.0,0.0,0.0,0.0,0.0,0.0,0.0,0.0,0.0,0.0,0.0,0.0,0.0,0.0,0.0,0.0,0.0,0.2,8.5,28.0,343.0,0.20000000000000284,6.326573722010986,1.3070342205323195,0.33005914659907054,2.3658639628221376,2.0912547528517114,Attack,Denial of Service,HULK (HTTP),Raspberry Pi 4B 4GB,nmon,1
14:27:04.000,0.0,0.2,0.0,1,0,90.8,2.0,0.0,0.0,0.0,0.0,-0.0,-0.0,-0.0,0.0,0.0,0.0,0.0,0.0,0.0,0.0,0.0,0.0,0.0,0.0,0.0,0.0,0.0,0.0,0.0,0.0,0.0,0.0,0.0,0.0,0.0,0.2,8.5,28.0,344.0,0.20000000000000284,6.339776087874949,1.3070342205323195,0.33005914659907054,2.3658639628221376,2.0912547528517114,Attack,Denial of Service,HULK (HTTP),Raspberry Pi 4B 4GB,nmon,1
14:27:05.000,0.2,0.0,0.0,1,0,113.7,2.0,0.0,0.0,0.0,0.0,-0.0,-0.0,-0.0,0.0,0.0,0.0,0.0,0.0,0.0,1.0,0.0,1.0,0.0,0.0,0.0,12.0,0.0,12.0,6.0,0.0,6.0,2.0,0.0,2.0,0.0,0.2,8.5,28.0,345.0,0.20000000000000284,6.331854668356563,1.3070342205323195,0.33005914659907054,2.3658639628221376,2.0886142796789184,Attack,Denial of Service,HULK (HTTP),Raspberry Pi 4B 4GB,nmon,1
14:27:06.000,0.0,0.5,0.2,1,0,142.6,3.0,0.0,0.0,0.0,0.0,-0.0,-0.0,-0.0,0.0,0.0,0.0,0.0,0.0,0.0,1.0,0.0,1.0,0.0,0.0,0.0,39.9,0.0,39.9,8.0,0.0,8.0,5.0,0.0,5.0,0.0,0.2,8.5,28.0,346.0,0.7000000000000028,6.331854668356563,1.3070342205323195,0.33269961977186313,2.3658639628221376,2.0912547528517114,Attack,Denial of Service,HULK (HTTP),Raspberry Pi 4B 4GB,nmon,1
14:27:07.000,0.0,0.0,0.0,1,0,93.8,2.0,0.0,0.0,0.0,0.0,-0.0,-0.0,-0.0,0.0,0.0,0.0,0.0,0.0,0.0,0.0,0.0,0.0,0.0,0.0,0.0,0.0,0.0,0.0,0.0,0.0,0.0,0.0,0.0,0.0,0.0,0.2,8.5,28.0,347.0,0.0,6.339776087874949,1.3070342205323195,0.33269961977186313,2.3658639628221376,2.0912547528517114,Attack,Denial of Service,HULK (HTTP),Raspberry Pi 4B 4GB,nmon,1
14:27:08.000,0.0,0.5,0.0,1,0,75.8,2.0,0.0,0.0,0.0,0.0,-0.0,-0.0,-0.0,0.0,0.0,0.0,0.0,0.0,0.0,0.0,0.0,0.0,0.0,0.0,0.0,0.0,0.0,0.0,0.0,0.0,0.0,0.0,0.0,0.0,0.0,0.2,8.5,28.0,348.0,0.5,6.331854668356563,1.3070342205323195,0.33269961977186313,2.3658639628221376,2.0912547528517114,Attack,Denial of Service,HULK (HTTP),Raspberry Pi 4B 4GB,nmon,1
14:27:09.000,0.0,0.0,0.0,1,0,91.8,2.0,0.0,0.0,0.0,0.0,-0.0,-0.0,-0.0,0.0,0.0,0.0,0.0,0.0,0.0,0.0,0.0,0.0,0.0,0.0,0.0,0.0,0.0,0.0,0.0,0.0,0.0,0.0,0.0,0.0,0.0,0.2,8.5,28.0,349.0,0.0,6.331854668356563,1.3070342205323195,0.33269961977186313,2.3658639628221376,2.0886142796789184,Attack,Denial of Service,HULK (HTTP),Raspberry Pi 4B 4GB,nmon,1
14:27:10.000,0.2,0.0,0.0,1,0,84.8,2.0,0.0,0.0,0.0,0.0,-0.0,-0.0,-0.0,0.0,0.0,0.0,0.0,0.0,0.0,0.0,0.0,0.0,0.0,0.0,0.0,0.0,0.0,0.0,0.0,0.0,0.0,0.0,0.0,0.0,0.0,0.2,8.5,28.0,350.0,0.20000000000000284,6.331854668356563,1.3070342205323195,0.33269961977186313,2.3658639628221376,2.0912547528517114,Attack,Denial of Service,HULK (HTTP),Raspberry Pi 4B 4GB,nmon,1
14:27:11.000,0.0,0.5,0.0,1,0,135.4,2.0,0.0,0.0,0.0,0.0,-0.0,-0.0,-0.0,0.0,0.0,0.0,0.0,0.0,0.0,1.0,0.0,1.0,0.0,0.0,0.0,27.9,0.0,27.9,7.0,0.0,7.0,4.0,0.0,4.0,0.0,0.2,8.5,28.0,351.0,0.5,6.339776087874949,1.3070342205323195,0.33269961977186313,2.3658639628221376,2.0886142796789184,Attack,Denial of Service,HULK (HTTP),Raspberry Pi 4B 4GB,nmon,1
14:27:12.000,0.0,0.2,0.0,1,0,89.8,2.0,0.0,0.0,0.0,0.0,-0.0,-0.0,-0.0,0.0,0.0,0.0,0.0,0.0,0.0,0.0,0.0,0.0,0.0,0.0,0.0,0.0,0.0,0.0,0.0,0.0,0.0,0.0,0.0,0.0,0.0,0.2,8.5,28.0,352.0,0.20000000000000284,6.331854668356563,1.3070342205323195,0.33269961977186313,2.3658639628221376,2.0912547528517114,Attack,Denial of Service,HULK (HTTP),Raspberry Pi 4B 4GB,nmon,1
14:27:13.000,0.0,0.2,0.0,1,0,90.8,2.0,0.0,0.0,0.0,0.0,-0.0,-0.0,-0.0,0.0,0.0,0.0,0.0,0.0,0.0,0.0,0.0,0.0,0.0,0.0,0.0,0.0,0.0,0.0,0.0,0.0,0.0,0.0,0.0,0.0,0.0,0.2,8.5,28.0,353.0,0.20000000000000284,6.339776087874949,1.3070342205323195,0.33269961977186313,2.3658639628221376,2.0886142796789184,Attack,Denial of Service,HULK (HTTP),Raspberry Pi 4B 4GB,nmon,1
14:27:14.000,0.0,0.2,0.0,1,0,95.8,2.0,0.0,0.0,0.0,0.0,-0.0,-0.0,-0.0,0.0,0.0,0.0,0.0,0.0,0.0,0.0,0.0,0.0,0.0,0.0,0.0,0.0,0.0,0.0,0.0,0.0,0.0,0.0,0.0,0.0,0.0,0.2,8.5,28.0,354.0,0.20000000000000284,6.331854668356563,1.3070342205323195,0.33269961977186313,2.3658639628221376,2.0912547528517114,Attack,Denial of Service,HULK (HTTP),Raspberry Pi 4B 4GB,nmon,1
14:27:15.000,0.0,0.0,0.0,1,0,91.8,2.0,0.0,0.0,0.0,0.0,-0.0,-0.0,-0.0,0.0,0.0,0.0,0.0,0.0,0.0,0.0,0.0,0.0,0.0,0.0,0.0,0.0,0.0,0.0,0.0,0.0,0.0,0.0,0.0,0.0,0.0,0.2,8.5,28.0,355.0,0.0,6.339776087874949,1.3070342205323195,0.33269961977186313,2.3658639628221376,2.0886142796789184,Attack,Denial of Service,HULK (HTTP),Raspberry Pi 4B 4GB,nmon,1
14:27:16.000,0.0,0.2,0.7,1,0,183.3,2.0,0.0,0.0,0.0,0.1,-0.0,-0.0,-0.0,0.0,0.0,1.0,0.0,0.0,0.0,2.0,0.0,2.0,0.0,0.0,0.0,51.8,0.0,51.8,6.5,0.0,6.5,8.0,0.0,8.0,0.0,0.2,8.5,28.0,356.0,1.0,6.339776087874949,1.3070342205323195,0.33269961977186313,2.3658639628221376,2.093895226024504,Attack,Denial of Service,HULK (HTTP),Raspberry Pi 4B 4GB,nmon,1
14:27:17.000,0.0,0.2,0.0,1,0,100.8,2.0,0.0,0.0,0.0,0.0,-0.0,-0.0,-0.0,0.0,0.0,0.0,0.0,0.0,0.0,0.0,0.0,0.0,0.0,0.0,0.0,0.0,0.0,0.0,0.0,0.0,0.0,0.0,0.0,0.0,0.0,0.2,8.5,28.0,357.0,0.20000000000000284,6.331854668356563,1.3070342205323195,0.33269961977186313,2.3658639628221376,2.0912547528517114,Attack,Denial of Service,HULK (HTTP),Raspberry Pi 4B 4GB,nmon,1
14:27:18.000,0.2,0.2,0.0,1,0,83.8,2.0,0.0,0.0,0.0,0.0,-0.0,-0.0,-0.0,0.0,0.0,0.0,0.0,0.0,0.0,0.0,0.0,0.0,0.0,0.0,0.0,0.0,0.0,0.0,0.0,0.0,0.0,0.0,0.0,0.0,0.0,0.2,8.5,28.0,358.0,0.5,6.339776087874949,1.3070342205323195,0.33269961977186313,2.3658639628221376,2.0886142796789184,Attack,Denial of Service,HULK (HTTP),Raspberry Pi 4B 4GB,nmon,1
14:27:19.000,0.0,0.0,0.0,1,0,98.8,2.0,0.0,0.0,0.0,0.0,-0.0,-0.0,-0.0,0.0,0.0,0.0,0.0,0.0,0.0,0.0,0.0,0.0,0.0,0.0,0.0,0.0,0.0,0.0,0.0,0.0,0.0,0.0,0.0,0.0,0.0,0.2,8.5,28.0,359.0,0.0,6.339776087874949,1.3070342205323195,0.33269961977186313,2.3658639628221376,2.0912547528517114,Attack,Denial of Service,HULK (HTTP),Raspberry Pi 4B 4GB,nmon,1
14:27:20.000,0.0,0.2,0.0,1,0,92.8,2.0,0.0,0.0,0.0,0.0,-0.0,-0.0,-0.0,0.0,0.0,0.0,0.0,0.0,0.0,0.0,0.0,0.0,0.0,0.0,0.0,0.0,0.0,0.0,0.0,0.0,0.0,0.0,0.0,0.0,0.0,0.2,8.5,28.0,360.0,0.20000000000000284,6.339776087874949,1.3070342205323195,0.33269961977186313,2.3658639628221376,2.0886142796789184,Attack,Denial of Service,HULK (HTTP),Raspberry Pi 4B 4GB,nmon,1
14:27:21.000,0.0,0.0,0.0,1,0,107.7,2.0,0.0,0.0,0.0,0.0,-0.0,-0.0,-0.0,0.0,0.0,0.0,0.0,0.0,0.0,0.0,0.0,0.0,0.0,0.0,0.0,27.9,0.0,27.9,14.0,0.0,14.0,2.0,0.0,2.0,0.0,0.2,8.5,28.0,361.0,0.0,6.331854668356563,1.3070342205323195,0.33269961977186313,2.3658639628221376,2.0912547528517114,Attack,Denial of Service,HULK (HTTP),Raspberry Pi 4B 4GB,nmon,1
14:27:22.000,0.0,0.2,0.0,1,0,103.7,2.0,0.0,0.0,0.0,0.0,-0.0,-0.0,-0.0,0.0,0.0,0.0,0.0,0.0,0.0,0.0,0.0,1.0,0.0,0.0,0.0,12.0,0.0,12.0,6.0,0.0,6.0,2.0,0.0,2.0,0.0,0.2,8.5,28.0,362.0,0.20000000000000284,6.339776087874949,1.3070342205323195,0.33269961977186313,2.3658639628221376,2.0886142796789184,Attack,Denial of Service,HULK (HTTP),Raspberry Pi 4B 4GB,nmon,1
14:27:23.000,0.2,0.2,0.0,1,0,104.7,2.0,0.0,0.0,0.0,0.0,-0.0,-0.0,-0.0,0.0,0.0,0.0,0.0,0.0,0.0,0.0,0.0,0.0,0.0,0.0,0.0,0.0,0.0,0.0,0.0,0.0,0.0,0.0,0.0,0.0,0.0,0.2,8.5,28.0,363.0,0.5,6.339776087874949,1.3070342205323195,0.33269961977186313,2.3658639628221376,2.0912547528517114,Attack,Denial of Service,HULK (HTTP),Raspberry Pi 4B 4GB,nmon,1
14:27:24.000,0.0,0.0,0.0,1,0,103.8,2.0,0.0,0.0,0.0,0.0,-0.0,-0.0,-0.0,0.0,0.0,0.0,0.0,0.0,0.0,0.0,0.0,0.0,0.0,0.0,0.0,0.0,0.0,0.0,0.0,0.0,0.0,0.0,0.0,0.0,0.0,0.2,8.5,28.0,364.0,0.0,6.339776087874949,1.3070342205323195,0.33269961977186313,2.3658639628221376,2.0912547528517114,Attack,Denial of Service,HULK (HTTP),Raspberry Pi 4B 4GB,nmon,1
14:27:25.000,0.0,0.2,0.0,1,0,92.8,2.0,0.0,0.0,0.0,0.0,-0.0,-0.0,-0.0,0.0,0.0,0.0,0.0,0.0,0.0,1.0,0.0,0.0,0.0,0.0,0.0,0.0,0.0,0.0,0.0,0.0,0.0,0.0,0.0,0.0,0.0,0.2,8.5,28.0,365.0,0.20000000000000284,6.339776087874949,1.3070342205323195,0.33269961977186313,2.3658639628221376,2.0912547528517114,Attack,Denial of Service,HULK (HTTP),Raspberry Pi 4B 4GB,nmon,1
14:27:26.000,0.0,0.5,0.0,1,0,124.7,2.0,0.0,0.0,0.0,0.0,-0.0,-0.0,-0.0,0.0,0.0,0.0,0.0,0.0,0.0,0.0,0.0,0.0,0.0,0.0,0.0,43.9,0.0,43.9,7.3,0.0,7.3,6.0,0.0,6.0,0.0,0.2,8.5,28.0,366.0,0.5,6.339776087874949,1.3070342205323195,0.33269961977186313,2.3658639628221376,2.0912547528517114,Attack,Denial of Service,HULK (HTTP),Raspberry Pi 4B 4GB,nmon,1
14:27:27.000,0.0,0.0,0.0,1,0,108.7,2.0,0.0,0.0,0.0,0.0,-0.0,-0.0,-0.0,0.0,0.0,0.0,0.0,0.0,0.0,1.0,0.0,1.0,0.0,0.0,0.0,12.0,0.0,12.0,6.0,0.0,6.0,2.0,0.0,2.0,0.0,0.2,8.5,28.0,367.0,0.0,6.331854668356563,1.3070342205323195,0.33269961977186313,2.3658639628221376,2.0912547528517114,Attack,Denial of Service,HULK (HTTP),Raspberry Pi 4B 4GB,nmon,1
14:27:28.000,0.2,0.0,0.0,1,0,93.8,2.0,0.0,0.0,0.0,0.0,-0.0,-0.0,-0.0,0.0,0.0,0.0,0.0,0.0,0.0,0.0,0.0,0.0,0.0,0.0,0.0,0.0,0.0,0.0,0.0,0.0,0.0,0.0,0.0,0.0,0.0,0.2,8.5,28.0,368.0,0.20000000000000284,6.339776087874949,1.3070342205323195,0.33269961977186313,2.3658639628221376,2.0912547528517114,Attack,Denial of Service,HULK (HTTP),Raspberry Pi 4B 4GB,nmon,1
14:27:29.000,0.0,0.2,0.0,1,0,98.8,2.0,0.0,0.0,0.0,0.0,-0.0,-0.0,-0.0,0.0,0.0,0.0,0.0,0.0,0.0,0.0,0.0,0.0,0.0,0.0,0.0,0.0,0.0,0.0,0.0,0.0,0.0,0.0,0.0,0.0,0.0,0.2,8.5,28.0,369.0,0.20000000000000284,6.342416561047736,1.3070342205323195,0.33269961977186313,2.3658639628221376,2.0912547528517114,Attack,Denial of Service,HULK (HTTP),Raspberry Pi 4B 4GB,nmon,1
14:27:30.000,0.0,0.2,0.0,1,0,84.8,2.0,0.0,0.0,0.0,0.0,-0.0,-0.0,-0.0,0.0,0.0,0.0,0.0,0.0,0.0,0.0,0.0,0.0,0.0,0.0,0.0,0.0,0.0,0.0,0.0,0.0,0.0,0.0,0.0,0.0,0.0,0.2,8.5,28.0,370.0,0.20000000000000284,6.339776087874949,1.3070342205323195,0.33269961977186313,2.3658639628221376,2.0912547528517114,Attack,Denial of Service,HULK (HTTP),Raspberry Pi 4B 4GB,nmon,1
14:27:31.000,0.0,0.2,0.2,1,0,117.7,2.0,0.0,0.0,0.0,0.0,-0.0,-0.0,-0.0,0.0,0.0,0.0,0.0,0.0,0.0,0.0,0.0,0.0,0.0,0.0,0.0,27.9,0.0,27.9,14.0,0.0,14.0,2.0,0.0,2.0,0.0,0.2,8.5,28.0,371.0,0.5,6.339776087874949,1.3070342205323195,0.33269961977186313,2.3658639628221376,2.0912547528517114,Attack,Denial of Service,HULK (HTTP),Raspberry Pi 4B 4GB,nmon,1
14:27:32.000,0.0,0.2,0.0,1,0,88.8,2.0,0.0,0.0,0.0,0.0,-0.0,-0.0,-0.0,0.0,0.0,0.0,0.0,0.0,0.0,0.0,0.0,0.0,0.0,0.0,0.0,0.0,0.0,0.0,0.0,0.0,0.0,0.0,0.0,0.0,0.0,0.2,8.5,28.0,372.0,0.20000000000000284,6.339776087874949,1.3070342205323195,0.33269961977186313,2.3658639628221376,2.0886142796789184,Attack,Denial of Service,HULK (HTTP),Raspberry Pi 4B 4GB,nmon,1
14:27:33.000,0.2,0.2,0.0,1,0,122.7,2.0,0.0,0.0,0.0,0.0,-0.0,-0.0,-0.0,0.0,0.0,0.0,0.0,0.0,0.0,0.0,0.0,1.0,0.0,0.0,0.0,12.0,0.0,12.0,6.0,0.0,6.0,2.0,0.0,2.0,0.0,0.2,8.5,28.0,373.0,0.5,6.339776087874949,1.3070342205323195,0.33269961977186313,2.3658639628221376,2.0912547528517114,Attack,Denial of Service,HULK (HTTP),Raspberry Pi 4B 4GB,nmon,1
14:27:34.000,0.0,0.2,0.0,1,0,106.7,2.0,0.0,0.0,0.0,0.0,-0.0,-0.0,-0.0,0.0,0.0,0.0,0.0,0.0,0.0,0.0,0.0,0.0,0.0,0.0,0.0,0.0,0.0,0.0,0.0,0.0,0.0,0.0,0.0,0.0,0.0,0.2,8.5,28.0,374.0,0.20000000000000284,6.331854668356563,1.3070342205323195,0.33269961977186313,2.3658639628221376,2.0912547528517114,Attack,Denial of Service,HULK (HTTP),Raspberry Pi 4B 4GB,nmon,1
14:27:35.000,0.0,0.2,0.0,1,0,98.8,2.0,0.0,0.0,0.0,0.0,-0.0,-0.0,-0.0,0.0,0.0,0.0,0.0,0.0,0.0,1.0,0.0,0.0,0.0,0.0,0.0,0.0,0.0,0.0,0.0,0.0,0.0,0.0,0.0,0.0,0.0,0.2,8.5,28.0,375.0,0.20000000000000284,6.331854668356563,1.3070342205323195,0.33269961977186313,2.3658639628221376,2.0912547528517114,Attack,Denial of Service,HULK (HTTP),Raspberry Pi 4B 4GB,nmon,1
14:27:36.000,0.0,0.2,0.0,1,0,128.7,2.0,0.0,0.0,0.0,0.0,-0.0,-0.0,-0.0,0.0,0.0,0.0,0.0,0.0,0.0,1.0,0.0,1.0,0.0,0.0,0.0,51.9,0.0,51.9,7.4,0.0,7.4,7.0,0.0,7.0,0.0,0.2,8.5,28.0,376.0,0.20000000000000284,6.339776087874949,1.3070342205323195,0.33269961977186313,2.3658639628221376,2.0912547528517114,Attack,Denial of Service,HULK (HTTP),Raspberry Pi 4B 4GB,nmon,1
14:27:37.000,0.0,0.0,0.0,1,0,100.8,2.0,0.0,0.0,0.0,0.0,-0.0,-0.0,-0.0,0.0,0.0,0.0,0.0,0.0,0.0,0.0,0.0,0.0,0.0,0.0,0.0,0.0,0.0,0.0,0.0,0.0,0.0,0.0,0.0,0.0,0.0,0.2,8.5,28.0,377.0,0.0,6.331854668356563,1.3070342205323195,0.33269961977186313,2.3658639628221376,2.0912547528517114,Attack,Denial of Service,HULK (HTTP),Raspberry Pi 4B 4GB,nmon,1
14:27:38.000,0.0,0.5,0.0,1,0,88.8,2.0,0.0,0.0,0.0,0.0,-0.0,-0.0,-0.0,0.0,0.0,0.0,0.0,0.0,0.0,0.0,0.0,0.0,0.0,0.0,0.0,0.0,0.0,0.0,0.0,0.0,0.0,0.0,0.0,0.0,0.0,0.2,8.5,28.0,378.0,0.5,6.339776087874949,1.3070342205323195,0.33269961977186313,2.3658639628221376,2.0912547528517114,Attack,Denial of Service,HULK (HTTP),Raspberry Pi 4B 4GB,nmon,1
14:27:39.000,0.0,0.2,0.0,1,0,98.8,2.0,0.0,0.0,0.0,0.0,-0.0,-0.0,-0.0,0.0,0.0,0.0,0.0,0.0,0.0,0.0,0.0,0.0,0.0,0.0,0.0,0.0,0.0,0.0,0.0,0.0,0.0,0.0,0.0,0.0,0.0,0.2,8.5,28.0,379.0,0.20000000000000284,6.331854668356563,1.3070342205323195,0.33269961977186313,2.3658639628221376,2.0912547528517114,Attack,Denial of Service,HULK (HTTP),Raspberry Pi 4B 4GB,nmon,1
14:27:40.000,0.0,0.0,0.0,1,0,102.8,2.0,0.0,0.0,0.0,0.0,-0.0,-0.0,-0.0,0.0,0.0,0.0,0.0,0.0,0.0,0.0,0.0,0.0,0.0,0.0,0.0,0.0,0.0,0.0,0.0,0.0,0.0,0.0,0.0,0.0,0.0,0.2,8.5,28.0,380.0,0.0,6.342416561047736,1.3070342205323195,0.33269961977186313,2.3658639628221376,2.0886142796789184,Attack,Denial of Service,HULK (HTTP),Raspberry Pi 4B 4GB,nmon,1
14:27:41.000,0.0,0.2,0.2,1,0,112.6,2.0,0.0,0.0,0.0,0.0,-0.0,-0.0,-0.0,0.0,0.0,0.0,0.0,0.0,0.0,0.0,0.0,0.0,0.0,0.0,0.0,15.9,0.0,15.9,8.0,0.0,8.0,2.0,0.0,2.0,0.0,0.2,8.5,28.0,381.0,0.5,6.339776087874949,1.3070342205323195,0.33269961977186313,2.3658639628221376,2.0912547528517114,Attack,Denial of Service,HULK (HTTP),Raspberry Pi 4B 4GB,nmon,1
14:27:42.000,0.2,0.2,0.0,1,0,88.8,2.0,0.0,0.0,0.0,0.0,-0.0,-0.0,-0.0,0.0,0.0,0.0,0.0,0.0,0.0,0.0,0.0,0.0,0.0,0.0,0.0,0.0,0.0,0.0,0.0,0.0,0.0,0.0,0.0,0.0,0.0,0.2,8.5,28.0,382.0,0.5,6.339776087874949,1.3070342205323195,0.33269961977186313,2.3658639628221376,2.0912547528517114,Attack,Denial of Service,HULK (HTTP),Raspberry Pi 4B 4GB,nmon,1
14:27:43.000,0.0,0.0,0.0,1,0,96.8,2.0,0.0,0.0,0.0,0.0,-0.0,-0.0,-0.0,0.0,0.0,0.0,0.0,0.0,0.0,0.0,0.0,0.0,0.0,0.0,0.0,0.0,0.0,0.0,0.0,0.0,0.0,0.0,0.0,0.0,0.0,0.2,8.5,28.0,383.0,0.0,6.331854668356563,1.3070342205323195,0.33269961977186313,2.3658639628221376,2.0912547528517114,Attack,Denial of Service,HULK (HTTP),Raspberry Pi 4B 4GB,nmon,1
14:27:44.000,0.0,0.2,0.0,1,0,100.8,2.0,0.0,0.0,0.0,0.0,-0.0,-0.0,-0.0,0.0,0.0,0.0,0.0,0.0,0.0,0.0,0.0,0.0,0.0,0.0,0.0,0.0,0.0,0.0,0.0,0.0,0.0,0.0,0.0,0.0,0.0,0.2,8.5,28.0,384.0,0.20000000000000284,6.331854668356563,1.3070342205323195,0.33269961977186313,2.3658639628221376,2.0886142796789184,Attack,Denial of Service,HULK (HTTP),Raspberry Pi 4B 4GB,nmon,1
14:27:45.000,0.0,0.5,0.0,1,0,92.8,2.0,0.0,0.0,0.0,0.0,-0.0,-0.0,-0.0,0.0,0.0,0.0,0.0,0.0,0.0,0.0,0.0,0.0,0.0,0.0,0.0,0.0,0.0,0.0,0.0,0.0,0.0,0.0,0.0,0.0,0.0,0.2,8.5,28.0,385.0,0.5,6.331854668356563,1.3070342205323195,0.33269961977186313,2.3658639628221376,2.0912547528517114,Attack,Denial of Service,HULK (HTTP),Raspberry Pi 4B 4GB,nmon,1
14:27:46.000,0.0,0.0,0.0,1,0,141.5,2.0,0.0,0.0,0.0,0.1,-0.0,-0.0,-0.0,0.0,0.0,1.0,0.0,0.0,0.0,0.0,0.0,1.0,0.0,0.0,0.0,19.9,0.0,19.9,6.7,0.0,6.7,3.0,0.0,3.0,0.0,0.2,8.5,28.0,386.0,0.0,6.326573722010986,1.3070342205323195,0.33269961977186313,2.3658639628221376,2.0886142796789184,Attack,Denial of Service,HULK (HTTP),Raspberry Pi 4B 4GB,nmon,1
14:27:47.000,0.0,0.2,0.0,1,0,97.8,2.0,0.0,0.0,0.0,0.0,-0.0,-0.0,-0.0,0.0,0.0,0.0,0.0,0.0,0.0,0.0,0.0,0.0,0.0,0.0,0.0,0.0,0.0,0.0,0.0,0.0,0.0,0.0,0.0,0.0,0.0,0.2,8.5,28.0,387.0,0.20000000000000284,6.339776087874949,1.3070342205323195,0.33269961977186313,2.3658639628221376,2.0912547528517114,Attack,Denial of Service,HULK (HTTP),Raspberry Pi 4B 4GB,nmon,1
14:27:48.000,0.0,0.2,0.0,1,0,101.7,2.0,0.0,0.0,0.0,0.0,-0.0,-0.0,-0.0,0.0,0.0,0.0,0.0,0.0,0.0,0.0,0.0,0.0,0.0,0.0,0.0,0.0,0.0,0.0,0.0,0.0,0.0,0.0,0.0,0.0,0.0,0.2,8.5,28.0,388.0,0.20000000000000284,6.3344951415293504,1.3070342205323195,0.33269961977186313,2.3658639628221376,2.0886142796789184,Attack,Denial of Service,HULK (HTTP),Raspberry Pi 4B 4GB,nmon,1
14:27:49.000,0.2,0.0,0.0,1,0,90.8,2.0,0.0,0.0,0.0,0.0,-0.0,-0.0,-0.0,0.0,0.0,0.0,0.0,0.0,0.0,0.0,0.0,0.0,0.0,0.0,0.0,0.0,0.0,0.0,0.0,0.0,0.0,0.0,0.0,0.0,0.0,0.2,8.5,28.0,389.0,0.20000000000000284,6.339776087874949,1.3070342205323195,0.33269961977186313,2.3658639628221376,2.0912547528517114,Attack,Denial of Service,HULK (HTTP),Raspberry Pi 4B 4GB,nmon,1
14:27:50.000,0.2,0.0,0.0,1,0,87.8,2.0,0.0,0.0,0.0,0.0,-0.0,-0.0,-0.0,0.0,0.0,0.0,0.0,0.0,0.0,1.0,0.0,0.0,0.0,0.0,0.0,0.0,0.0,0.0,0.0,0.0,0.0,0.0,0.0,0.0,0.0,0.2,8.5,28.0,390.0,0.20000000000000284,6.3344951415293504,1.309674693705112,0.33269961977186313,2.3658639628221376,2.0886142796789184,Attack,Denial of Service,HULK (HTTP),Raspberry Pi 4B 4GB,nmon,1
14:27:51.000,0.0,0.5,0.2,1,0,108.6,2.0,0.0,0.0,0.0,0.0,-0.0,-0.0,-0.0,0.0,0.0,0.0,0.0,0.0,0.0,0.0,0.0,0.0,0.0,0.0,0.0,15.9,0.0,15.9,8.0,0.0,8.0,2.0,0.0,2.0,0.0,0.2,8.5,28.0,391.0,0.7000000000000028,6.339776087874949,1.309674693705112,0.33269961977186313,2.3658639628221376,2.0912547528517114,Attack,Denial of Service,HULK (HTTP),Raspberry Pi 4B 4GB,nmon,1
14:27:52.000,0.0,0.0,0.0,1,0,105.7,2.0,0.0,0.0,0.0,0.0,-0.0,-0.0,-0.0,0.0,0.0,0.0,0.0,0.0,0.0,0.0,0.0,0.0,0.0,0.0,0.0,0.0,0.0,0.0,0.0,0.0,0.0,0.0,0.0,0.0,0.0,0.2,8.5,28.0,392.0,0.0,6.331854668356563,1.309674693705112,0.33269961977186313,2.3658639628221376,2.0912547528517114,Attack,Denial of Service,HULK (HTTP),Raspberry Pi 4B 4GB,nmon,1
14:27:53.000,0.0,0.2,0.0,1,0,92.8,2.0,0.0,0.0,0.0,0.0,-0.0,-0.0,-0.0,0.0,0.0,0.0,0.0,0.0,0.0,0.0,0.0,0.0,0.0,0.0,0.0,0.0,0.0,0.0,0.0,0.0,0.0,0.0,0.0,0.0,0.0,0.2,8.5,28.0,393.0,0.20000000000000284,6.339776087874949,1.309674693705112,0.33269961977186313,2.3658639628221376,2.085973806506126,Attack,Denial of Service,HULK (HTTP),Raspberry Pi 4B 4GB,nmon,1
14:27:54.000,0.0,0.2,0.0,1,0,97.8,2.0,0.0,0.0,0.0,0.0,-0.0,-0.0,-0.0,0.0,0.0,0.0,0.0,0.0,0.0,0.0,0.0,0.0,0.0,0.0,0.0,0.0,0.0,0.0,0.0,0.0,0.0,0.0,0.0,0.0,0.0,0.2,8.5,28.0,394.0,0.20000000000000284,6.3344951415293504,1.309674693705112,0.33269961977186313,2.3658639628221376,2.0886142796789184,Attack,Denial of Service,HULK (HTTP),Raspberry Pi 4B 4GB,nmon,1
14:27:55.000,0.0,0.0,0.0,1,0,93.8,2.0,0.0,0.0,0.0,0.0,-0.0,-0.0,-0.0,0.0,0.0,0.0,0.0,0.0,0.0,0.0,0.0,0.0,0.0,0.0,0.0,0.0,0.0,0.0,0.0,0.0,0.0,0.0,0.0,0.0,0.0,0.2,8.5,28.0,395.0,0.0,6.331854668356563,1.309674693705112,0.33269961977186313,2.3658639628221376,2.0912547528517114,Attack,Denial of Service,HULK (HTTP),Raspberry Pi 4B 4GB,nmon,1
14:27:56.000,0.0,0.2,0.0,1,0,110.7,2.0,0.0,0.0,0.0,0.0,-0.0,-0.0,-0.0,0.0,0.0,0.0,0.0,0.0,0.0,0.0,0.0,0.0,0.0,0.0,0.0,19.9,0.0,19.9,6.7,0.0,6.7,3.0,0.0,3.0,0.0,0.2,8.5,28.0,396.0,0.20000000000000284,6.331854668356563,1.309674693705112,0.33269961977186313,2.3658639628221376,2.0912547528517114,Attack,Denial of Service,HULK (HTTP),Raspberry Pi 4B 4GB,nmon,1
14:27:57.000,0.2,0.2,0.0,1,0,92.8,2.0,0.0,0.0,0.0,0.0,-0.0,-0.0,-0.0,0.0,0.0,0.0,0.0,0.0,0.0,0.0,0.0,0.0,0.0,0.0,0.0,0.0,0.0,0.0,0.0,0.0,0.0,0.0,0.0,0.0,0.0,0.2,8.5,28.0,397.0,0.5,6.331854668356563,1.309674693705112,0.33269961977186313,2.3658639628221376,2.0912547528517114,Attack,Denial of Service,HULK (HTTP),Raspberry Pi 4B 4GB,nmon,1
14:27:58.000,0.0,0.0,0.0,1,0,81.8,2.0,0.0,0.0,0.0,0.0,-0.0,-0.0,-0.0,0.0,0.0,0.0,0.0,0.0,0.0,0.0,0.0,0.0,0.0,0.0,0.0,0.0,0.0,0.0,0.0,0.0,0.0,0.0,0.0,0.0,0.0,0.2,8.5,28.0,398.0,0.0,6.339776087874949,1.309674693705112,0.33269961977186313,2.3658639628221376,2.0912547528517114,Attack,Denial of Service,HULK (HTTP),Raspberry Pi 4B 4GB,nmon,1
14:27:59.000,0.0,0.2,0.0,1,0,102.8,2.0,0.0,0.0,0.0,0.0,-0.0,-0.0,-0.0,0.0,0.0,0.0,0.0,0.0,0.0,0.0,0.0,0.0,0.0,0.0,0.0,0.0,0.0,0.0,0.0,0.0,0.0,0.0,0.0,0.0,0.0,0.2,8.5,28.0,399.0,0.20000000000000284,6.331854668356563,1.309674693705112,0.33269961977186313,2.3658639628221376,2.0912547528517114,Attack,Denial of Service,HULK (HTTP),Raspberry Pi 4B 4GB,nmon,1
14:28:00.000,0.0,0.2,0.0,1,0,85.8,2.0,0.0,0.0,0.0,0.0,-0.0,-0.0,-0.0,0.0,0.0,0.0,0.0,0.0,0.0,1.0,0.0,1.0,0.0,0.0,0.0,0.0,0.0,0.0,0.0,0.0,0.0,0.0,0.0,0.0,0.0,0.2,8.5,28.0,400.0,0.20000000000000284,6.339776087874949,1.309674693705112,0.33269961977186313,2.3658639628221376,2.0912547528517114,Attack,Denial of Service,HULK (HTTP),Raspberry Pi 4B 4GB,nmon,1
14:28:01.000,0.7,0.5,0.2,1,0,298.3,2.0,0.0,0.0,0.0,0.4,-0.0,-0.0,-0.9,0.0,0.0,7.0,0.0,0.0,6.0,0.0,0.0,0.0,19.9,0.0,19.9,15.9,0.0,15.9,12.0,0.0,12.0,3.0,0.0,3.0,0.0,0.2,8.5,28.0,401.0,1.5,6.133819180397115,1.309674693705112,0.33269961977186313,2.3658639628221376,1.9724334600760458,Recovery,Denial of Service,HULK (HTTP),Raspberry Pi 4B 4GB,nmon,1
14:28:02.000,0.0,0.2,0.0,1,0,84.8,2.0,0.0,0.0,0.0,0.0,-0.0,-0.0,-0.0,0.0,0.0,0.0,0.0,0.0,0.0,0.0,0.0,0.0,0.0,0.0,0.0,0.0,0.0,0.0,0.0,0.0,0.0,0.0,0.0,0.0,0.0,0.2,8.5,28.0,402.0,0.20000000000000284,6.14438107308829,1.309674693705112,0.33269961977186313,2.3658639628221376,1.9750739332488383,Recovery,Denial of Service,HULK (HTTP),Raspberry Pi 4B 4GB,nmon,1
14:28:03.000,0.0,0.2,0.0,1,0,112.7,2.0,0.0,0.0,0.0,0.0,-0.0,-0.0,-0.0,0.0,0.0,0.0,0.0,0.0,0.0,0.0,0.0,1.0,0.0,0.0,0.0,27.9,0.0,27.9,14.0,0.0,14.0,2.0,0.0,2.0,0.0,0.2,8.5,28.0,403.0,0.20000000000000284,6.141740599915502,1.309674693705112,0.33269961977186313,2.3658639628221376,1.9750739332488383,Recovery,Denial of Service,HULK (HTTP),Raspberry Pi 4B 4GB,nmon,1
14:28:04.000,0.0,0.0,0.0,1,0,98.8,2.0,0.0,0.0,0.0,0.0,-0.0,-0.0,-0.0,0.0,0.0,0.0,0.0,0.0,0.0,0.0,0.0,0.0,0.0,0.0,0.0,0.0,0.0,0.0,0.0,0.0,0.0,0.0,0.0,0.0,0.0,0.2,8.5,28.0,404.0,0.0,6.14438107308829,1.309674693705112,0.33269961977186313,2.3658639628221376,1.977714406421631,Recovery,Denial of Service,HULK (HTTP),Raspberry Pi 4B 4GB,nmon,1
14:28:05.000,0.0,0.2,0.0,1,0,109.7,2.0,0.0,0.0,0.0,0.0,-0.0,-0.0,-0.0,0.0,0.0,0.0,0.0,0.0,0.0,1.0,0.0,0.0,0.0,0.0,0.0,0.0,0.0,0.0,0.0,0.0,0.0,0.0,0.0,0.0,0.0,0.2,8.5,28.0,405.0,0.20000000000000284,6.157583438952252,1.309674693705112,0.33269961977186313,2.3658639628221376,1.977714406421631,Recovery,Denial of Service,HULK (HTTP),Raspberry Pi 4B 4GB,nmon,1
14:28:06.000,0.0,0.2,0.2,1,0,175.3,2.0,0.0,0.0,0.0,0.0,-0.0,-0.0,-0.0,0.0,0.0,1.0,0.0,0.0,1.0,0.0,0.0,0.0,0.0,0.0,0.0,43.8,0.0,43.8,7.3,0.0,7.3,6.0,0.0,6.0,0.0,0.2,8.5,28.0,406.0,0.5,6.149662019433877,1.309674693705112,0.33269961977186313,2.3658639628221376,1.9803548795944235,Recovery,Denial of Service,HULK (HTTP),Raspberry Pi 4B 4GB,nmon,1
14:28:07.000,0.0,0.2,0.0,1,0,92.8,2.0,0.0,0.0,0.0,0.0,-0.0,-0.0,-0.0,0.0,0.0,0.0,0.0,0.0,0.0,0.0,0.0,0.0,0.0,0.0,0.0,0.0,0.0,0.0,0.0,0.0,0.0,0.0,0.0,0.0,0.0,0.2,8.5,28.0,407.0,0.20000000000000284,6.162864385297839,1.309674693705112,0.33269961977186313,2.3658639628221376,1.9750739332488383,Recovery,Denial of Service,HULK (HTTP),Raspberry Pi 4B 4GB,nmon,1
14:28:08.000,0.2,0.2,0.0,1,0,94.8,2.0,0.0,0.0,0.0,0.0,-0.0,-0.0,-0.0,0.0,0.0,0.0,0.0,0.0,0.0,0.0,0.0,0.0,0.0,0.0,0.0,0.0,0.0,0.0,0.0,0.0,0.0,0.0,0.0,0.0,0.0,0.2,8.5,28.0,408.0,0.5,6.162864385297839,1.309674693705112,0.33269961977186313,2.3658639628221376,1.977714406421631,Recovery,Denial of Service,HULK (HTTP),Raspberry Pi 4B 4GB,nmon,1
14:28:09.000,0.2,0.0,0.0,1,0,99.8,2.0,0.0,0.0,0.0,0.0,-0.0,-0.0,-0.0,0.0,0.0,0.0,0.0,0.0,0.0,0.0,0.0,0.0,0.0,0.0,0.0,0.0,0.0,0.0,0.0,0.0,0.0,0.0,0.0,0.0,0.0,0.2,8.5,28.0,409.0,0.20000000000000284,6.173426277989014,1.309674693705112,0.33269961977186313,2.3658639628221376,1.977714406421631,Recovery,Denial of Service,HULK (HTTP),Raspberry Pi 4B 4GB,nmon,1
14:28:10.000,0.0,0.2,0.0,1,0,89.8,2.0,0.0,0.0,0.0,0.0,-0.0,-0.0,-0.0,0.0,0.0,0.0,0.0,0.0,0.0,0.0,0.0,0.0,0.0,0.0,0.0,0.0,0.0,0.0,0.0,0.0,0.0,0.0,0.0,0.0,0.0,0.2,8.5,28.0,410.0,0.20000000000000284,6.176066751161802,1.309674693705112,0.33269961977186313,2.3658639628221376,1.9724334600760458,Recovery,Denial of Service,HULK (HTTP),Raspberry Pi 4B 4GB,nmon,1
14:28:11.000,0.0,0.2,0.2,1,0,117.6,2.0,0.0,0.0,0.0,0.0,-0.0,-0.0,-0.0,0.0,0.0,0.0,0.0,0.0,0.0,1.0,0.0,1.0,0.0,0.0,0.0,15.9,0.0,15.9,8.0,0.0,8.0,2.0,0.0,2.0,0.0,0.2,8.5,28.0,411.0,0.5,6.178707224334601,1.309674693705112,0.33534009294465567,2.3658639628221376,1.977714406421631,Recovery,Denial of Service,HULK (HTTP),Raspberry Pi 4B 4GB,nmon,1
14:28:12.000,0.0,0.2,0.0,1,0,89.8,2.0,0.0,0.0,0.0,0.0,-0.0,-0.0,-0.0,0.0,0.0,0.0,0.0,0.0,0.0,0.0,0.0,0.0,0.0,0.0,0.0,0.0,0.0,0.0,0.0,0.0,0.0,0.0,0.0,0.0,0.0,0.2,8.5,28.0,412.0,0.20000000000000284,6.183988170680177,1.309674693705112,0.33534009294465567,2.3658639628221376,1.9750739332488383,Recovery,Denial of Service,HULK (HTTP),Raspberry Pi 4B 4GB,nmon,1
14:28:13.000,0.0,0.2,0.0,1,0,95.8,2.0,0.0,0.0,0.0,0.0,-0.0,-0.0,-0.0,0.0,0.0,0.0,0.0,0.0,0.0,0.0,0.0,0.0,0.0,0.0,0.0,0.0,0.0,0.0,0.0,0.0,0.0,0.0,0.0,0.0,0.0,0.2,8.5,28.0,413.0,0.20000000000000284,6.183988170680177,1.309674693705112,0.33534009294465567,2.3658639628221376,1.977714406421631,Recovery,Denial of Service,HULK (HTTP),Raspberry Pi 4B 4GB,nmon,1
14:28:14.000,0.0,0.2,0.0,1,0,92.8,2.0,0.0,0.0,0.0,0.0,-0.0,-0.0,-0.0,0.0,0.0,0.0,0.0,0.0,0.0,0.0,0.0,0.0,0.0,0.0,0.0,0.0,0.0,0.0,0.0,0.0,0.0,0.0,0.0,0.0,0.0,0.2,8.5,28.0,414.0,0.20000000000000284,6.191909590198563,1.309674693705112,0.33534009294465567,2.3658639628221376,1.977714406421631,Recovery,Denial of Service,HULK (HTTP),Raspberry Pi 4B 4GB,nmon,1
14:28:15.000,0.0,0.2,0.0,1,0,102.7,2.0,0.0,0.0,0.0,0.0,-0.0,-0.0,-0.0,0.0,0.0,0.0,0.0,0.0,0.0,0.0,0.0,0.0,0.0,0.0,0.0,0.0,0.0,0.0,0.0,0.0,0.0,0.0,0.0,0.0,0.0,0.2,8.5,28.0,415.0,0.20000000000000284,6.191909590198563,1.309674693705112,0.33534009294465567,2.3658639628221376,1.9750739332488383,Recovery,Denial of Service,HULK (HTTP),Raspberry Pi 4B 4GB,nmon,1
14:28:16.000,0.0,0.2,0.0,1,0,155.4,2.0,0.0,0.0,0.0,0.1,-0.0,-0.0,-0.0,0.0,0.0,1.0,0.0,0.0,0.0,0.0,0.0,1.0,0.0,0.0,0.0,19.9,0.0,19.9,6.7,0.0,6.7,3.0,0.0,3.0,0.0,0.2,8.5,28.0,416.0,0.20000000000000284,6.19719053654414,1.309674693705112,0.33534009294465567,2.3685044359949305,1.977714406421631,Recovery,Denial of Service,HULK (HTTP),Raspberry Pi 4B 4GB,nmon,1
14:28:17.000,0.0,0.2,0.0,1,0,95.8,2.0,0.0,0.0,0.0,0.0,-0.0,-0.0,-0.0,0.0,0.0,0.0,0.0,0.0,0.0,0.0,0.0,0.0,0.0,0.0,0.0,0.0,0.0,0.0,0.0,0.0,0.0,0.0,0.0,0.0,0.0,0.2,8.5,28.0,417.0,0.20000000000000284,6.19719053654414,1.309674693705112,0.33534009294465567,2.3685044359949305,1.9803548795944235,Recovery,Denial of Service,HULK (HTTP),Raspberry Pi 4B 4GB,nmon,1
14:28:18.000,0.0,0.5,0.0,1,0,84.8,2.0,0.0,0.0,0.0,0.0,-0.0,-0.0,-0.0,0.0,0.0,0.0,0.0,0.0,0.0,0.0,0.0,0.0,0.0,0.0,0.0,0.0,0.0,0.0,0.0,0.0,0.0,0.0,0.0,0.0,0.0,0.2,8.5,28.0,418.0,0.5,6.2024714828897265,1.309674693705112,0.33534009294465567,2.3685044359949305,1.9750739332488383,Recovery,Denial of Service,HULK (HTTP),Raspberry Pi 4B 4GB,nmon,1
14:28:19.000,0.0,0.0,0.0,1,0,87.8,2.0,0.0,0.0,0.0,0.0,-0.0,-0.0,-0.0,0.0,0.0,0.0,0.0,0.0,0.0,0.0,0.0,0.0,0.0,0.0,0.0,0.0,0.0,0.0,0.0,0.0,0.0,0.0,0.0,0.0,0.0,0.2,8.5,28.0,419.0,0.0,6.210392902408102,1.309674693705112,0.33534009294465567,2.3685044359949305,1.9750739332488383,Recovery,Denial of Service,HULK (HTTP),Raspberry Pi 4B 4GB,nmon,1
14:28:20.000,0.0,0.2,0.0,1,0,93.8,2.0,0.0,0.0,0.0,0.0,-0.0,-0.0,-0.0,0.0,0.0,0.0,0.0,0.0,0.0,1.0,0.0,0.0,0.0,0.0,0.0,16.0,0.0,16.0,8.0,0.0,8.0,2.0,0.0,2.0,0.0,0.2,8.5,28.0,420.0,0.20000000000000284,6.210392902408102,1.309674693705112,0.33534009294465567,2.3685044359949305,1.977714406421631,Recovery,Denial of Service,HULK (HTTP),Raspberry Pi 4B 4GB,nmon,1
14:28:21.000,0.0,0.2,0.2,1,0,109.2,2.0,0.0,0.0,0.0,0.0,-0.0,-0.0,-0.0,0.0,0.0,0.0,0.0,0.0,0.0,0.0,0.0,0.0,0.0,0.0,0.0,0.0,0.0,0.0,0.0,0.0,0.0,0.0,0.0,0.0,0.0,0.2,8.5,28.0,421.0,0.5,6.2156738487536884,1.309674693705112,0.33534009294465567,2.3685044359949305,1.9750739332488383,Recovery,Denial of Service,HULK (HTTP),Raspberry Pi 4B 4GB,nmon,1
14:28:22.000,0.0,0.2,0.0,1,0,81.8,2.0,0.0,0.0,0.0,0.0,-0.0,-0.0,-0.0,0.0,0.0,0.0,0.0,0.0,0.0,0.0,0.0,0.0,0.0,0.0,0.0,0.0,0.0,0.0,0.0,0.0,0.0,0.0,0.0,0.0,0.0,0.2,8.5,28.0,422.0,0.20000000000000284,6.220954795099276,1.309674693705112,0.33534009294465567,2.3685044359949305,1.9750739332488383,Recovery,Denial of Service,HULK (HTTP),Raspberry Pi 4B 4GB,nmon,1
14:28:23.000,0.0,0.2,0.0,1,0,104.8,2.0,0.0,0.0,0.0,0.0,-0.0,-0.0,-0.0,0.0,0.0,0.0,0.0,0.0,0.0,0.0,0.0,0.0,0.0,0.0,0.0,0.0,0.0,0.0,0.0,0.0,0.0,0.0,0.0,0.0,0.0,0.2,8.5,28.0,423.0,0.20000000000000284,6.220954795099276,1.309674693705112,0.33534009294465567,2.3685044359949305,1.9750739332488383,Recovery,Denial of Service,HULK (HTTP),Raspberry Pi 4B 4GB,nmon,1
14:28:24.000,0.2,0.0,0.0,1,0,88.8,2.0,0.0,0.0,0.0,0.0,-0.0,-0.0,-0.0,0.0,0.0,0.0,0.0,0.0,0.0,0.0,0.0,0.0,0.0,0.0,0.0,0.0,0.0,0.0,0.0,0.0,0.0,0.0,0.0,0.0,0.0,0.2,8.5,28.0,424.0,0.20000000000000284,6.220954795099276,1.309674693705112,0.33534009294465567,2.3685044359949305,1.9750739332488383,Recovery,Denial of Service,HULK (HTTP),Raspberry Pi 4B 4GB,nmon,1
14:28:25.000,0.0,0.2,0.0,1,0,105.7,2.0,0.0,0.0,0.0,0.0,-0.0,-0.0,-0.0,0.0,0.0,0.0,0.0,0.0,0.0,0.0,0.0,0.0,0.0,0.0,0.0,0.0,0.0,0.0,0.0,0.0,0.0,0.0,0.0,0.0,0.0,0.2,8.5,28.0,425.0,0.20000000000000284,6.2156738487536884,1.309674693705112,0.33534009294465567,2.3685044359949305,1.977714406421631,Recovery,Denial of Service,HULK (HTTP),Raspberry Pi 4B 4GB,nmon,1
14:28:26.000,0.0,0.2,0.2,1,0,113.6,2.0,0.0,0.0,0.0,0.0,-0.0,-0.0,-0.0,0.0,0.0,0.0,0.0,0.0,0.0,1.0,0.0,1.0,0.0,0.0,0.0,19.9,0.0,19.9,6.7,0.0,6.7,3.0,0.0,3.0,0.0,0.2,8.5,28.0,426.0,0.5,6.220954795099276,1.309674693705112,0.33534009294465567,2.3685044359949305,1.9750739332488383,Recovery,Denial of Service,HULK (HTTP),Raspberry Pi 4B 4GB,nmon,1
14:28:27.000,0.0,0.2,0.0,1,0,94.8,2.0,0.0,0.0,0.0,0.0,-0.0,-0.0,-0.0,0.0,0.0,0.0,0.0,0.0,0.0,0.0,0.0,0.0,0.0,0.0,0.0,0.0,0.0,0.0,0.0,0.0,0.0,0.0,0.0,0.0,0.0,0.2,8.5,28.0,427.0,0.20000000000000284,6.228876214617651,1.309674693705112,0.33534009294465567,2.3685044359949305,1.9750739332488383,Recovery,Denial of Service,HULK (HTTP),Raspberry Pi 4B 4GB,nmon,1
14:28:28.000,0.0,0.2,0.0,1,0,93.8,2.0,0.0,0.0,0.0,0.0,-0.0,-0.0,-0.0,0.0,0.0,0.0,0.0,0.0,0.0,0.0,0.0,0.0,0.0,0.0,0.0,0.0,0.0,0.0,0.0,0.0,0.0,0.0,0.0,0.0,0.0,0.2,8.5,28.0,428.0,0.20000000000000284,6.2183143219264885,1.309674693705112,0.33534009294465567,2.3685044359949305,1.9750739332488383,Recovery,Denial of Service,HULK (HTTP),Raspberry Pi 4B 4GB,nmon,1
14:28:29.000,0.0,0.0,0.0,1,0,96.8,2.0,0.0,0.0,0.0,0.0,-0.0,-0.0,-0.0,0.0,0.0,0.0,0.0,0.0,0.0,0.0,0.0,0.0,0.0,0.0,0.0,0.0,0.0,0.0,0.0,0.0,0.0,0.0,0.0,0.0,0.0,0.2,8.5,28.0,429.0,0.0,6.228876214617651,1.309674693705112,0.33534009294465567,2.3685044359949305,1.9750739332488383,Recovery,Denial of Service,HULK (HTTP),Raspberry Pi 4B 4GB,nmon,1
14:28:30.000,0.2,0.2,0.0,1,0,82.8,2.0,0.0,0.0,0.0,0.0,-0.0,-0.0,-0.0,0.0,0.0,0.0,0.0,0.0,0.0,0.0,0.0,0.0,0.0,0.0,0.0,0.0,0.0,0.0,0.0,0.0,0.0,0.0,0.0,0.0,0.0,0.2,8.5,28.0,430.0,0.5,6.2183143219264885,1.309674693705112,0.33534009294465567,2.3685044359949305,1.9750739332488383,Recovery,Denial of Service,HULK (HTTP),Raspberry Pi 4B 4GB,nmon,1
14:28:31.000,0.0,0.2,0.0,1,0,106.6,2.0,0.0,0.0,0.0,0.0,-0.0,-0.0,-0.0,0.0,0.0,0.0,0.0,0.0,0.0,0.0,0.0,0.0,0.0,0.0,0.0,15.9,0.0,15.9,8.0,0.0,8.0,2.0,0.0,2.0,0.0,0.2,8.5,28.0,431.0,0.20000000000000284,6.220954795099276,1.309674693705112,0.33534009294465567,2.3685044359949305,1.9750739332488383,Recovery,Denial of Service,HULK (HTTP),Raspberry Pi 4B 4GB,nmon,1
14:28:32.000,0.0,0.0,0.0,1,0,100.8,2.0,0.0,0.0,0.0,0.0,-0.0,-0.0,-0.0,0.0,0.0,0.0,0.0,0.0,0.0,0.0,0.0,0.0,0.0,0.0,0.0,0.0,0.0,0.0,0.0,0.0,0.0,0.0,0.0,0.0,0.0,0.2,8.5,28.0,432.0,0.0,6.2183143219264885,1.309674693705112,0.33534009294465567,2.3685044359949305,1.9750739332488383,Recovery,Denial of Service,HULK (HTTP),Raspberry Pi 4B 4GB,nmon,1
14:28:33.000,0.0,0.5,0.0,1,0,91.8,2.0,0.0,0.0,0.0,0.0,-0.0,-0.0,-0.0,0.0,0.0,0.0,0.0,0.0,0.0,0.0,0.0,0.0,0.0,0.0,0.0,0.0,0.0,0.0,0.0,0.0,0.0,0.0,0.0,0.0,0.0,0.2,8.5,28.0,433.0,0.5,6.220954795099276,1.309674693705112,0.33534009294465567,2.3685044359949305,1.9750739332488383,Recovery,Denial of Service,HULK (HTTP),Raspberry Pi 4B 4GB,nmon,1
14:28:34.000,0.0,0.0,0.0,1,0,112.7,2.0,0.0,0.0,0.0,0.0,-0.0,-0.0,-0.0,0.0,0.0,0.0,0.0,0.0,0.0,0.0,0.0,1.0,0.0,0.0,0.0,27.9,0.0,27.9,14.0,0.0,14.0,2.0,0.0,2.0,0.0,0.2,8.5,28.0,434.0,0.0,6.226235741444864,1.309674693705112,0.33534009294465567,2.3685044359949305,1.9750739332488383,Recovery,Denial of Service,HULK (HTTP),Raspberry Pi 4B 4GB,nmon,1
14:28:35.000,0.0,0.2,0.0,1,0,96.8,2.0,0.0,0.0,0.0,0.0,-0.0,-0.0,-0.0,0.0,0.0,0.0,0.0,0.0,0.0,1.0,0.0,0.0,0.0,0.0,0.0,0.0,0.0,0.0,0.0,0.0,0.0,0.0,0.0,0.0,0.0,0.2,8.5,28.0,435.0,0.20000000000000284,6.220954795099276,1.309674693705112,0.33534009294465567,2.3685044359949305,1.977714406421631,Recovery,Denial of Service,HULK (HTTP),Raspberry Pi 4B 4GB,nmon,1
14:28:36.000,0.0,0.2,0.2,1,0,137.4,2.0,0.0,0.0,0.0,0.0,-0.0,-0.0,-0.0,0.0,0.0,0.0,0.0,0.0,0.0,1.0,0.0,1.0,0.0,0.0,0.0,43.8,0.0,43.8,7.3,0.0,7.3,6.0,0.0,6.0,0.0,0.2,8.5,28.0,436.0,0.5,6.226235741444864,1.309674693705112,0.33534009294465567,2.3685044359949305,1.9724334600760458,Recovery,Denial of Service,HULK (HTTP),Raspberry Pi 4B 4GB,nmon,1
14:28:37.000,0.2,0.2,0.0,1,0,96.8,2.0,0.0,0.0,0.0,0.0,-0.0,-0.0,-0.0,0.0,0.0,0.0,0.0,0.0,0.0,0.0,0.0,0.0,0.0,0.0,0.0,0.0,0.0,0.0,0.0,0.0,0.0,0.0,0.0,0.0,0.0,0.2,8.5,28.0,437.0,0.5,6.220954795099276,1.309674693705112,0.33534009294465567,2.3685044359949305,1.9750739332488383,Recovery,Denial of Service,HULK (HTTP),Raspberry Pi 4B 4GB,nmon,1
14:28:38.000,0.0,0.2,0.0,1,0,90.8,2.0,0.0,0.0,0.0,0.0,-0.0,-0.0,-0.0,0.0,0.0,0.0,0.0,0.0,0.0,0.0,0.0,0.0,0.0,0.0,0.0,0.0,0.0,0.0,0.0,0.0,0.0,0.0,0.0,0.0,0.0,0.2,8.5,28.0,438.0,0.20000000000000284,6.220954795099276,1.309674693705112,0.33534009294465567,2.3685044359949305,1.977714406421631,Recovery,Denial of Service,HULK (HTTP),Raspberry Pi 4B 4GB,nmon,1
14:28:39.000,0.0,0.2,0.0,1,0,81.8,2.0,0.0,0.0,0.0,0.0,-0.0,-0.0,-0.0,0.0,0.0,0.0,0.0,0.0,0.0,0.0,0.0,0.0,0.0,0.0,0.0,0.0,0.0,0.0,0.0,0.0,0.0,0.0,0.0,0.0,0.0,0.2,8.5,28.0,439.0,0.20000000000000284,6.220954795099276,1.309674693705112,0.33534009294465567,2.3685044359949305,1.9750739332488383,Recovery,Denial of Service,HULK (HTTP),Raspberry Pi 4B 4GB,nmon,1
14:28:40.000,0.0,0.2,0.0,1,0,108.7,2.0,0.0,0.0,0.0,0.0,-0.0,-0.0,-0.0,0.0,0.0,0.0,0.0,0.0,0.0,0.0,0.0,0.0,0.0,0.0,0.0,0.0,0.0,0.0,0.0,0.0,0.0,0.0,0.0,0.0,0.0,0.2,8.5,28.0,440.0,0.20000000000000284,6.2183143219264885,1.309674693705112,0.33534009294465567,2.3685044359949305,1.9750739332488383,Recovery,Denial of Service,HULK (HTTP),Raspberry Pi 4B 4GB,nmon,1
14:28:41.000,0.2,0.0,0.0,1,0,106.7,2.0,0.0,0.0,0.0,0.0,-0.0,-0.0,-0.0,0.0,0.0,0.0,0.0,0.0,0.0,0.0,0.0,0.0,0.0,0.0,0.0,16.0,0.0,16.0,8.0,0.0,8.0,2.0,0.0,2.0,0.0,0.2,8.5,28.0,441.0,0.20000000000000284,6.228876214617651,1.309674693705112,0.33534009294465567,2.3685044359949305,1.9750739332488383,Recovery,Denial of Service,HULK (HTTP),Raspberry Pi 4B 4GB,nmon,1
14:28:42.000,0.0,0.2,0.0,1,0,98.8,2.0,0.0,0.0,0.0,0.0,-0.0,-0.0,-0.0,0.0,0.0,0.0,0.0,0.0,0.0,0.0,0.0,0.0,0.0,0.0,0.0,0.0,0.0,0.0,0.0,0.0,0.0,0.0,0.0,0.0,0.0,0.2,8.5,28.0,442.0,0.20000000000000284,6.2156738487536884,1.309674693705112,0.33534009294465567,2.3685044359949305,1.977714406421631,Recovery,Denial of Service,HULK (HTTP),Raspberry Pi 4B 4GB,nmon,1
14:28:43.000,0.0,0.2,0.0,1,0,82.8,2.0,0.0,0.0,0.0,0.0,-0.0,-0.0,-0.0,0.0,0.0,0.0,0.0,0.0,0.0,0.0,0.0,0.0,0.0,0.0,0.0,0.0,0.0,0.0,0.0,0.0,0.0,0.0,0.0,0.0,0.0,0.2,8.5,28.0,443.0,0.20000000000000284,6.228876214617651,1.309674693705112,0.33534009294465567,2.3685044359949305,1.9750739332488383,Recovery,Denial of Service,HULK (HTTP),Raspberry Pi 4B 4GB,nmon,1
14:28:44.000,0.0,0.0,0.0,1,0,77.8,2.0,0.0,0.0,0.0,0.0,-0.0,-0.0,-0.0,0.0,0.0,0.0,0.0,0.0,0.0,0.0,0.0,0.0,0.0,0.0,0.0,0.0,0.0,0.0,0.0,0.0,0.0,0.0,0.0,0.0,0.0,0.2,8.5,28.0,444.0,0.0,6.2156738487536884,1.309674693705112,0.33534009294465567,2.3685044359949305,1.977714406421631,Recovery,Denial of Service,HULK (HTTP),Raspberry Pi 4B 4GB,nmon,1
14:28:45.000,0.0,0.2,0.0,1,0,92.8,2.0,0.0,0.0,0.0,0.0,-0.0,-0.0,-0.0,0.0,0.0,0.0,0.0,0.0,0.0,0.0,0.0,0.0,0.0,0.0,0.0,0.0,0.0,0.0,0.0,0.0,0.0,0.0,0.0,0.0,0.0,0.2,8.5,28.0,445.0,0.20000000000000284,6.220954795099276,1.309674693705112,0.33534009294465567,2.3685044359949305,1.9750739332488383,Recovery,Denial of Service,HULK (HTTP),Raspberry Pi 4B 4GB,nmon,1
14:28:46.000,0.0,0.2,0.2,1,0,158.4,2.0,0.0,0.0,0.0,0.1,-0.0,-0.0,-0.0,0.0,0.0,1.0,0.0,0.0,0.0,1.0,0.0,1.0,0.0,0.0,0.0,27.9,0.0,27.9,7.0,0.0,7.0,4.0,0.0,4.0,0.0,0.2,8.5,28.0,446.0,0.5,6.228876214617651,1.309674693705112,0.33534009294465567,2.3685044359949305,1.977714406421631,Recovery,Denial of Service,HULK (HTTP),Raspberry Pi 4B 4GB,nmon,1
14:28:47.000,0.0,0.0,0.0,1,0,93.8,2.0,0.0,0.0,0.0,0.0,-0.0,-0.0,-0.0,0.0,0.0,0.0,0.0,0.0,0.0,0.0,0.0,0.0,0.0,0.0,0.0,0.0,0.0,0.0,0.0,0.0,0.0,0.0,0.0,0.0,0.0,0.2,8.5,28.0,447.0,0.0,6.220954795099276,1.309674693705112,0.33534009294465567,2.3685044359949305,1.977714406421631,Recovery,Denial of Service,HULK (HTTP),Raspberry Pi 4B 4GB,nmon,1
14:28:48.000,0.2,0.2,0.0,1,0,108.7,2.0,0.0,0.0,0.0,0.0,-0.0,-0.0,-0.0,0.0,0.0,0.0,0.0,0.0,0.0,0.0,0.0,0.0,0.0,0.0,0.0,0.0,0.0,0.0,0.0,0.0,0.0,0.0,0.0,0.0,0.0,0.2,8.5,28.0,448.0,0.5,6.220954795099276,1.309674693705112,0.33534009294465567,2.3685044359949305,1.977714406421631,Recovery,Denial of Service,HULK (HTTP),Raspberry Pi 4B 4GB,nmon,1
14:28:49.000,0.0,0.2,0.0,1,0,83.8,2.0,0.0,0.0,0.0,0.0,-0.0,-0.0,-0.0,0.0,0.0,0.0,0.0,0.0,0.0,0.0,0.0,0.0,0.0,0.0,0.0,0.0,0.0,0.0,0.0,0.0,0.0,0.0,0.0,0.0,0.0,0.2,8.5,28.0,449.0,0.20000000000000284,6.210392902408102,1.309674693705112,0.33534009294465567,2.3685044359949305,1.977714406421631,Recovery,Denial of Service,HULK (HTTP),Raspberry Pi 4B 4GB,nmon,1
14:28:50.000,0.0,0.2,0.0,1,0,82.8,2.0,0.0,0.0,0.0,0.0,-0.0,-0.0,-0.0,0.0,0.0,0.0,0.0,0.0,0.0,0.0,0.0,0.0,0.0,0.0,0.0,0.0,0.0,0.0,0.0,0.0,0.0,0.0,0.0,0.0,0.0,0.2,8.5,28.0,450.0,0.20000000000000284,6.220954795099276,1.309674693705112,0.33534009294465567,2.3685044359949305,1.977714406421631,Recovery,Denial of Service,HULK (HTTP),Raspberry Pi 4B 4GB,nmon,1
14:28:51.000,0.0,0.2,0.0,1,0,114.6,2.0,0.0,0.0,0.0,0.0,-0.0,-0.0,-0.0,0.0,0.0,0.0,0.0,0.0,0.0,0.0,0.0,0.0,0.0,0.0,0.0,15.9,0.0,15.9,8.0,0.0,8.0,2.0,0.0,2.0,0.0,0.2,8.5,28.0,451.0,0.20000000000000284,6.2156738487536884,1.3123151668779047,0.33534009294465567,2.3685044359949305,1.9724334600760458,Recovery,Denial of Service,HULK (HTTP),Raspberry Pi 4B 4GB,nmon,1
14:28:52.000,0.0,0.2,0.0,1,0,123.7,2.0,0.0,0.0,0.0,0.1,-0.0,-0.0,-0.0,0.0,0.0,1.0,0.0,0.0,0.0,0.0,0.0,0.0,0.0,0.0,0.0,0.0,0.0,0.0,0.0,0.0,0.0,0.0,0.0,0.0,0.0,0.2,8.5,28.0,452.0,0.20000000000000284,6.2156738487536884,1.3123151668779047,0.33534009294465567,2.3685044359949305,1.9803548795944235,Recovery,Denial of Service,HULK (HTTP),Raspberry Pi 4B 4GB,nmon,1
14:28:53.000,0.0,0.2,0.0,1,0,93.8,2.0,0.0,0.0,0.0,0.0,-0.0,-0.0,-0.0,0.0,0.0,0.0,0.0,0.0,0.0,0.0,0.0,0.0,0.0,0.0,0.0,0.0,0.0,0.0,0.0,0.0,0.0,0.0,0.0,0.0,0.0,0.2,8.5,28.0,453.0,0.20000000000000284,6.210392902408102,1.3123151668779047,0.33534009294465567,2.3685044359949305,1.9750739332488383,Recovery,Denial of Service,HULK (HTTP),Raspberry Pi 4B 4GB,nmon,1
14:28:54.000,0.0,0.0,0.2,1,0,141.6,3.0,0.0,0.0,0.0,0.0,-0.0,-0.0,-0.0,0.0,0.0,0.0,0.0,0.0,0.0,1.0,0.0,1.0,0.0,0.0,0.0,23.9,0.0,23.9,8.0,0.0,8.0,3.0,0.0,3.0,0.0,0.2,8.5,28.0,454.0,0.20000000000000284,6.210392902408102,1.3123151668779047,0.33534009294465567,2.3685044359949305,1.977714406421631,Recovery,Denial of Service,HULK (HTTP),Raspberry Pi 4B 4GB,nmon,1
14:28:55.000,0.0,0.2,0.0,1,0,86.8,2.0,0.0,0.0,0.0,0.0,-0.0,-0.0,-0.0,0.0,0.0,0.0,0.0,0.0,0.0,0.0,0.0,0.0,0.0,0.0,0.0,0.0,0.0,0.0,0.0,0.0,0.0,0.0,0.0,0.0,0.0,0.2,8.5,28.0,455.0,0.20000000000000284,6.2024714828897265,1.3123151668779047,0.33534009294465567,2.3685044359949305,1.977714406421631,Recovery,Denial of Service,HULK (HTTP),Raspberry Pi 4B 4GB,nmon,1
14:28:56.000,0.0,0.2,0.0,1,0,121.7,2.0,0.0,0.0,0.0,0.0,-0.0,-0.0,-0.0,0.0,0.0,0.0,0.0,0.0,0.0,0.0,0.0,0.0,0.0,0.0,0.0,4.0,0.0,4.0,4.0,0.0,4.0,1.0,0.0,1.0,0.0,0.2,8.5,28.0,456.0,0.20000000000000284,6.2024714828897265,1.3123151668779047,0.33534009294465567,2.3685044359949305,1.977714406421631,Recovery,Denial of Service,HULK (HTTP),Raspberry Pi 4B 4GB,nmon,1
14:28:57.000,0.0,0.2,0.0,1,0,205.5,2.0,0.0,0.0,0.0,0.1,-0.0,-0.0,-0.1,0.0,0.0,2.0,0.0,0.0,1.0,0.0,0.0,0.0,0.0,0.0,0.0,0.0,0.0,0.0,0.0,0.0,0.0,0.0,0.0,0.0,0.0,0.2,8.5,28.0,457.0,0.20000000000000284,6.19719053654414,1.3123151668779047,0.33534009294465567,2.3685044359949305,1.9724334600760458,Recovery,Denial of Service,HULK (HTTP),Raspberry Pi 4B 4GB,nmon,1
14:28:58.000,0.0,0.2,0.0,1,0,85.8,2.0,0.0,0.0,0.0,0.0,-0.0,-0.0,-0.0,0.0,0.0,0.0,0.0,0.0,0.0,0.0,0.0,0.0,0.0,0.0,0.0,0.0,0.0,0.0,0.0,0.0,0.0,0.0,0.0,0.0,0.0,0.2,8.5,28.0,458.0,0.20000000000000284,6.19719053654414,1.3123151668779047,0.33534009294465567,2.3685044359949305,1.977714406421631,Recovery,Denial of Service,HULK (HTTP),Raspberry Pi 4B 4GB,nmon,1
14:28:59.000,0.2,0.0,0.0,1,0,102.7,2.0,0.0,0.0,0.0,0.0,-0.0,-0.0,-0.0,0.0,0.0,0.0,0.0,0.0,0.0,0.0,0.0,0.0,0.0,0.0,0.0,16.0,0.0,16.0,8.0,0.0,8.0,2.0,0.0,2.0,0.0,0.2,8.5,28.0,459.0,0.20000000000000284,6.1892691170257645,1.3123151668779047,0.33534009294465567,2.3685044359949305,1.9724334600760458,Recovery,Denial of Service,HULK (HTTP),Raspberry Pi 4B 4GB,nmon,1
14:29:00.000,0.0,0.2,0.0,1,0,99.7,2.0,0.0,0.0,0.0,0.0,-0.0,-0.0,-0.0,0.0,0.0,0.0,0.0,0.0,0.0,0.0,0.0,0.0,0.0,0.0,0.0,0.0,0.0,0.0,0.0,0.0,0.0,0.0,0.0,0.0,0.0,0.2,8.5,28.0,460.0,0.20000000000000284,6.1892691170257645,1.3123151668779047,0.33534009294465567,2.3685044359949305,1.977714406421631,Recovery,Denial of Service,HULK (HTTP),Raspberry Pi 4B 4GB,nmon,1
14:29:01.000,0.0,0.2,0.0,1,0,83.8,2.0,0.0,0.0,0.0,0.0,-0.0,-0.0,-0.0,0.0,0.0,0.0,0.0,0.0,0.0,0.0,0.0,0.0,0.0,0.0,0.0,0.0,0.0,0.0,0.0,0.0,0.0,0.0,0.0,0.0,0.0,0.2,8.5,28.0,461.0,0.20000000000000284,6.1892691170257645,1.3123151668779047,0.33534009294465567,2.3685044359949305,1.9724334600760458,Recovery,Denial of Service,HULK (HTTP),Raspberry Pi 4B 4GB,nmon,1
14:29:02.000,0.0,0.2,0.0,1,0,87.8,2.0,0.0,0.0,0.0,0.0,-0.0,-0.0,-0.0,0.0,0.0,0.0,0.0,0.0,0.0,0.0,0.0,0.0,0.0,0.0,0.0,0.0,0.0,0.0,0.0,0.0,0.0,0.0,0.0,0.0,0.0,0.2,8.5,28.0,462.0,0.20000000000000284,6.186628643852976,1.3123151668779047,0.33534009294465567,2.3685044359949305,1.9750739332488383,Recovery,Denial of Service,HULK (HTTP),Raspberry Pi 4B 4GB,nmon,1
14:29:03.000,0.2,0.0,0.0,1,0,90.8,2.0,0.0,0.0,0.0,0.0,-0.0,-0.0,-0.0,0.0,0.0,0.0,0.0,0.0,0.0,0.0,0.0,0.0,0.0,0.0,0.0,0.0,0.0,0.0,0.0,0.0,0.0,0.0,0.0,0.0,0.0,0.2,8.5,28.0,463.0,0.20000000000000284,6.183988170680177,1.3123151668779047,0.33534009294465567,2.3685044359949305,1.977714406421631,Recovery,Denial of Service,HULK (HTTP),Raspberry Pi 4B 4GB,nmon,1
14:29:04.000,0.0,0.2,0.0,1,0,102.7,2.0,0.0,0.0,0.0,0.0,-0.0,-0.0,-0.0,0.0,0.0,0.0,0.0,0.0,0.0,0.0,0.0,1.0,0.0,0.0,0.0,0.0,0.0,0.0,0.0,0.0,0.0,0.0,0.0,0.0,0.0,0.2,8.5,28.0,464.0,0.20000000000000284,6.176066751161802,1.3123151668779047,0.33534009294465567,2.3685044359949305,1.977714406421631,Recovery,Denial of Service,HULK (HTTP),Raspberry Pi 4B 4GB,nmon,1
14:29:05.000,0.0,0.5,0.0,1,0,119.5,2.0,0.0,0.0,0.0,0.0,-0.0,-0.0,-0.0,0.0,0.0,0.0,0.0,0.0,0.0,1.0,0.0,0.0,0.0,0.0,0.0,43.8,0.0,43.8,11.0,0.0,11.0,4.0,0.0,4.0,0.0,0.2,8.5,28.0,465.0,0.5,6.176066751161802,1.3123151668779047,0.33534009294465567,2.3685044359949305,1.9724334600760458,Recovery,Denial of Service,HULK (HTTP),Raspberry Pi 4B 4GB,nmon,1
14:29:06.000,0.0,0.0,0.0,1,0,106.7,2.0,0.0,0.0,0.0,0.0,-0.0,-0.0,-0.0,0.0,0.0,0.0,0.0,0.0,0.0,0.0,0.0,0.0,0.0,0.0,0.0,0.0,0.0,0.0,0.0,0.0,0.0,0.0,0.0,0.0,0.0,0.2,8.5,28.0,466.0,0.0,6.176066751161802,1.3123151668779047,0.33534009294465567,2.3685044359949305,1.977714406421631,Recovery,Denial of Service,HULK (HTTP),Raspberry Pi 4B 4GB,nmon,1
14:29:07.000,0.0,0.2,0.0,1,0,80.8,2.0,0.0,0.0,0.0,0.0,-0.0,-0.0,-0.0,0.0,0.0,0.0,0.0,0.0,0.0,0.0,0.0,0.0,0.0,0.0,0.0,0.0,0.0,0.0,0.0,0.0,0.0,0.0,0.0,0.0,0.0,0.2,8.5,28.0,467.0,0.20000000000000284,6.170785804816214,1.3123151668779047,0.33534009294465567,2.3685044359949305,1.977714406421631,Recovery,Denial of Service,HULK (HTTP),Raspberry Pi 4B 4GB,nmon,1
14:29:08.000,0.0,0.2,0.0,1,0,93.8,2.0,0.0,0.0,0.0,0.0,-0.0,-0.0,-0.0,0.0,0.0,0.0,0.0,0.0,0.0,0.0,0.0,0.0,0.0,0.0,0.0,0.0,0.0,0.0,0.0,0.0,0.0,0.0,0.0,0.0,0.0,0.2,8.5,28.0,468.0,0.20000000000000284,6.170785804816214,1.3123151668779047,0.33534009294465567,2.3685044359949305,1.9803548795944235,Recovery,Denial of Service,HULK (HTTP),Raspberry Pi 4B 4GB,nmon,1
14:29:09.000,0.2,0.2,0.0,1,0,97.8,2.0,0.0,0.0,0.0,0.0,-0.0,-0.0,-0.0,0.0,0.0,0.0,0.0,0.0,0.0,0.0,0.0,0.0,0.0,0.0,0.0,0.0,0.0,0.0,0.0,0.0,0.0,0.0,0.0,0.0,0.0,0.2,8.5,28.0,469.0,0.5,6.170785804816214,1.3123151668779047,0.33534009294465567,2.3685044359949305,1.977714406421631,Recovery,Denial of Service,HULK (HTTP),Raspberry Pi 4B 4GB,nmon,1
14:29:10.000,0.0,0.2,0.2,1,0,128.5,2.0,0.0,0.0,0.0,0.0,-0.0,-0.0,-0.0,0.0,0.0,0.0,0.0,0.0,0.0,1.0,0.0,1.0,0.0,0.0,0.0,43.8,0.0,43.8,7.3,0.0,7.3,6.0,0.0,6.0,0.0,0.2,8.5,28.0,470.0,0.5,6.162864385297839,1.3123151668779047,0.33534009294465567,2.3685044359949305,1.977714406421631,Recovery,Denial of Service,HULK (HTTP),Raspberry Pi 4B 4GB,nmon,1
14:29:11.000,0.0,0.2,0.0,1,0,91.8,2.0,0.0,0.0,0.0,0.0,-0.0,-0.0,-0.0,0.0,0.0,0.0,0.0,0.0,0.0,0.0,0.0,0.0,0.0,0.0,0.0,0.0,0.0,0.0,0.0,0.0,0.0,0.0,0.0,0.0,0.0,0.2,8.5,28.0,471.0,0.20000000000000284,6.170785804816214,1.3123151668779047,0.33534009294465567,2.3685044359949305,1.977714406421631,Recovery,Denial of Service,HULK (HTTP),Raspberry Pi 4B 4GB,nmon,1
14:29:12.000,0.0,0.2,0.0,1,0,119.7,2.0,0.0,0.0,0.0,0.0,-0.0,-0.0,-0.0,0.0,0.0,0.0,0.0,0.0,0.0,0.0,0.0,0.0,0.0,0.0,0.0,0.0,0.0,0.0,0.0,0.0,0.0,0.0,0.0,0.0,0.0,0.2,8.5,28.0,472.0,0.20000000000000284,6.157583438952252,1.3123151668779047,0.33534009294465567,2.3685044359949305,1.977714406421631,Recovery,Denial of Service,HULK (HTTP),Raspberry Pi 4B 4GB,nmon,1
14:29:13.000,0.0,0.0,0.0,1,0,86.8,2.0,0.0,0.0,0.0,0.0,-0.0,-0.0,-0.0,0.0,0.0,0.0,0.0,0.0,0.0,0.0,0.0,0.0,0.0,0.0,0.0,0.0,0.0,0.0,0.0,0.0,0.0,0.0,0.0,0.0,0.0,0.2,8.5,28.0,473.0,0.0,6.162864385297839,1.3123151668779047,0.33534009294465567,2.3685044359949305,1.977714406421631,Recovery,Denial of Service,HULK (HTTP),Raspberry Pi 4B 4GB,nmon,1
14:29:14.000,0.0,0.2,0.0,1,0,95.8,2.0,0.0,0.0,0.0,0.0,-0.0,-0.0,-0.0,0.0,0.0,0.0,0.0,0.0,0.0,0.0,0.0,0.0,0.0,0.0,0.0,0.0,0.0,0.0,0.0,0.0,0.0,0.0,0.0,0.0,0.0,0.2,8.5,28.0,474.0,0.20000000000000284,6.162864385297839,1.3123151668779047,0.3379805661174483,2.3685044359949305,1.977714406421631,Recovery,Denial of Service,HULK (HTTP),Raspberry Pi 4B 4GB,nmon,1
14:29:15.000,0.0,0.2,0.0,1,0,102.7,2.0,0.0,0.0,0.0,0.0,-0.0,-0.0,-0.0,0.0,0.0,0.0,0.0,0.0,0.0,0.0,0.0,0.0,0.0,0.0,0.0,16.0,0.0,16.0,8.0,0.0,8.0,2.0,0.0,2.0,0.0,0.2,8.5,28.0,475.0,0.20000000000000284,6.162864385297839,1.3123151668779047,0.3379805661174483,2.3685044359949305,1.977714406421631,Recovery,Denial of Service,HULK (HTTP),Raspberry Pi 4B 4GB,nmon,1
14:29:16.000,0.0,0.0,0.0,1,0,105.7,2.0,0.0,0.0,0.0,0.0,-0.0,-0.0,-0.0,0.0,0.0,0.0,0.0,0.0,0.0,0.0,0.0,0.0,0.0,0.0,0.0,0.0,0.0,0.0,0.0,0.0,0.0,0.0,0.0,0.0,0.0,0.2,8.5,28.0,476.0,0.0,6.170785804816214,1.3123151668779047,0.3379805661174483,2.3685044359949305,1.977714406421631,Recovery,Denial of Service,HULK (HTTP),Raspberry Pi 4B 4GB,nmon,1
14:29:17.000,0.0,0.5,0.0,1,0,86.8,2.0,0.0,0.0,0.0,0.0,-0.0,-0.0,-0.0,0.0,0.0,0.0,0.0,0.0,0.0,0.0,0.0,0.0,0.0,0.0,0.0,0.0,0.0,0.0,0.0,0.0,0.0,0.0,0.0,0.0,0.0,0.2,8.5,28.0,477.0,0.5,6.162864385297839,1.3123151668779047,0.3379805661174483,2.3685044359949305,1.9750739332488383,Recovery,Denial of Service,HULK (HTTP),Raspberry Pi 4B 4GB,nmon,1
14:29:18.000,0.0,0.0,0.0,1,0,93.8,2.0,0.0,0.0,0.0,0.0,-0.0,-0.0,-0.0,0.0,0.0,0.0,0.0,0.0,0.0,0.0,0.0,0.0,0.0,0.0,0.0,0.0,0.0,0.0,0.0,0.0,0.0,0.0,0.0,0.0,0.0,0.2,8.5,28.0,478.0,0.0,6.170785804816214,1.3123151668779047,0.3379805661174483,2.3685044359949305,1.977714406421631,Recovery,Denial of Service,HULK (HTTP),Raspberry Pi 4B 4GB,nmon,1
14:29:19.000,0.0,0.2,0.0,1,0,93.8,2.0,0.0,0.0,0.0,0.0,-0.0,-0.0,-0.0,0.0,0.0,0.0,0.0,0.0,0.0,0.0,0.0,1.0,0.0,0.0,0.0,0.0,0.0,0.0,0.0,0.0,0.0,0.0,0.0,0.0,0.0,0.2,8.5,28.0,479.0,0.20000000000000284,6.170785804816214,1.3123151668779047,0.3379805661174483,2.3685044359949305,1.9750739332488383,Recovery,Denial of Service,HULK (HTTP),Raspberry Pi 4B 4GB,nmon,1
14:29:20.000,0.2,0.2,0.2,1,0,137.5,2.0,0.0,0.0,0.0,0.0,-0.0,-0.0,-0.0,0.0,0.0,0.0,0.0,0.0,0.0,0.0,0.0,0.0,0.0,0.0,0.0,19.9,0.0,19.9,6.7,0.0,6.7,3.0,0.0,3.0,0.0,0.2,8.5,28.0,480.0,0.7000000000000028,6.170785804816214,1.3123151668779047,0.3379805661174483,2.3685044359949305,1.977714406421631,Recovery,Denial of Service,HULK (HTTP),Raspberry Pi 4B 4GB,nmon,1
14:29:21.000,0.0,0.2,0.0,1,0,91.8,2.0,0.0,0.0,0.0,0.0,-0.0,-0.0,-0.0,0.0,0.0,0.0,0.0,0.0,0.0,0.0,0.0,0.0,0.0,0.0,0.0,0.0,0.0,0.0,0.0,0.0,0.0,0.0,0.0,0.0,0.0,0.2,8.5,28.0,481.0,0.20000000000000284,6.170785804816214,1.3123151668779047,0.3379805661174483,2.3685044359949305,1.9750739332488383,Recovery,Denial of Service,HULK (HTTP),Raspberry Pi 4B 4GB,nmon,1
14:29:22.000,0.0,0.0,0.0,1,0,92.8,2.0,0.0,0.0,0.0,0.0,-0.0,-0.0,-0.0,0.0,0.0,0.0,0.0,0.0,0.0,0.0,0.0,0.0,0.0,0.0,0.0,0.0,0.0,0.0,0.0,0.0,0.0,0.0,0.0,0.0,0.0,0.2,8.5,28.0,482.0,0.0,6.170785804816214,1.3123151668779047,0.3379805661174483,2.3685044359949305,1.977714406421631,Recovery,Denial of Service,HULK (HTTP),Raspberry Pi 4B 4GB,nmon,1
14:29:23.000,0.2,0.2,0.0,1,0,83.8,2.0,0.0,0.0,0.0,0.0,-0.0,-0.0,-0.0,0.0,0.0,0.0,0.0,0.0,0.0,0.0,0.0,0.0,0.0,0.0,0.0,0.0,0.0,0.0,0.0,0.0,0.0,0.0,0.0,0.0,0.0,0.2,8.5,28.0,483.0,0.5,6.170785804816214,1.3123151668779047,0.3379805661174483,2.3685044359949305,1.9750739332488383,Recovery,Denial of Service,HULK (HTTP),Raspberry Pi 4B 4GB,nmon,1
14:29:24.000,0.0,0.2,0.0,1,0,125.7,2.0,0.0,0.0,0.0,0.1,-0.0,-0.0,-0.0,0.0,0.0,1.0,0.0,0.0,0.0,0.0,0.0,0.0,0.0,0.0,0.0,0.0,0.0,0.0,0.0,0.0,0.0,0.0,0.0,0.0,0.0,0.2,8.5,28.0,484.0,0.20000000000000284,6.176066751161802,1.3123151668779047,0.3379805661174483,2.3685044359949305,1.977714406421631,Recovery,Denial of Service,HULK (HTTP),Raspberry Pi 4B 4GB,nmon,1
14:29:25.000,0.0,0.2,0.0,1,0,109.6,2.0,0.0,0.0,0.0,0.0,-0.0,-0.0,-0.0,0.0,0.0,0.0,0.0,0.0,0.0,1.0,0.0,0.0,0.0,0.0,0.0,15.9,0.0,15.9,8.0,0.0,8.0,2.0,0.0,2.0,0.0,0.2,8.5,28.0,485.0,0.20000000000000284,6.170785804816214,1.3123151668779047,0.3379805661174483,2.3685044359949305,1.977714406421631,Recovery,Denial of Service,HULK (HTTP),Raspberry Pi 4B 4GB,nmon,1
14:29:26.000,0.0,0.0,0.0,1,0,106.7,2.0,0.0,0.0,0.0,0.0,-0.0,-0.0,-0.0,0.0,0.0,0.0,0.0,0.0,0.0,0.0,0.0,0.0,0.0,0.0,0.0,0.0,0.0,0.0,0.0,0.0,0.0,0.0,0.0,0.0,0.0,0.2,8.5,28.0,486.0,0.0,6.176066751161802,1.3123151668779047,0.3379805661174483,2.3685044359949305,1.977714406421631,Recovery,Denial of Service,HULK (HTTP),Raspberry Pi 4B 4GB,nmon,1
14:29:27.000,0.0,0.5,0.0,1,0,87.8,2.0,0.0,0.0,0.0,0.0,-0.0,-0.0,-0.0,0.0,0.0,0.0,0.0,0.0,0.0,0.0,0.0,0.0,0.0,0.0,0.0,0.0,0.0,0.0,0.0,0.0,0.0,0.0,0.0,0.0,0.0,0.2,8.5,28.0,487.0,0.5,6.170785804816214,1.3123151668779047,0.3379805661174483,2.3685044359949305,1.977714406421631,Recovery,Denial of Service,HULK (HTTP),Raspberry Pi 4B 4GB,nmon,1
14:29:28.000,0.2,0.0,0.0,1,0,93.8,2.0,0.0,0.0,0.0,0.0,-0.0,-0.0,-0.0,0.0,0.0,0.0,0.0,0.0,0.0,0.0,0.0,0.0,0.0,0.0,0.0,0.0,0.0,0.0,0.0,0.0,0.0,0.0,0.0,0.0,0.0,0.2,8.5,28.0,488.0,0.20000000000000284,6.170785804816214,1.3123151668779047,0.3379805661174483,2.3685044359949305,1.977714406421631,Recovery,Denial of Service,HULK (HTTP),Raspberry Pi 4B 4GB,nmon,1
14:29:29.000,0.0,0.2,0.0,1,0,83.8,2.0,0.0,0.0,0.0,0.0,-0.0,-0.0,-0.0,0.0,0.0,0.0,0.0,0.0,0.0,0.0,0.0,0.0,0.0,0.0,0.0,0.0,0.0,0.0,0.0,0.0,0.0,0.0,0.0,0.0,0.0,0.2,8.5,28.0,489.0,0.20000000000000284,6.176066751161802,1.3123151668779047,0.3379805661174483,2.3685044359949305,1.977714406421631,Recovery,Denial of Service,HULK (HTTP),Raspberry Pi 4B 4GB,nmon,1
14:29:30.000,0.0,0.2,0.2,1,0,110.6,2.0,0.0,0.0,0.0,0.0,-0.0,-0.0,-0.0,0.0,0.0,0.0,0.0,0.0,0.0,0.0,0.0,0.0,0.0,0.0,0.0,19.9,0.0,19.9,6.7,0.0,6.7,3.0,0.0,3.0,0.0,0.2,8.5,28.0,490.0,0.5,6.176066751161802,1.3123151668779047,0.3379805661174483,2.3685044359949305,1.977714406421631,Recovery,Denial of Service,HULK (HTTP),Raspberry Pi 4B 4GB,nmon,1
14:29:31.000,0.0,0.0,0.0,1,0,91.8,2.0,0.0,0.0,0.0,0.0,-0.0,-0.0,-0.0,0.0,0.0,0.0,0.0,0.0,0.0,0.0,0.0,0.0,0.0,0.0,0.0,0.0,0.0,0.0,0.0,0.0,0.0,0.0,0.0,0.0,0.0,0.2,8.5,28.0,491.0,0.0,6.176066751161802,1.3123151668779047,0.3379805661174483,2.3685044359949305,1.977714406421631,Recovery,Denial of Service,HULK (HTTP),Raspberry Pi 4B 4GB,nmon,1
14:29:32.000,0.0,0.5,0.0,1,0,96.8,2.0,0.0,0.0,0.0,0.0,-0.0,-0.0,-0.0,0.0,0.0,0.0,0.0,0.0,0.0,0.0,0.0,0.0,0.0,0.0,0.0,0.0,0.0,0.0,0.0,0.0,0.0,0.0,0.0,0.0,0.0,0.2,8.5,28.0,492.0,0.5,6.176066751161802,1.3123151668779047,0.3379805661174483,2.3685044359949305,1.977714406421631,Recovery,Denial of Service,HULK (HTTP),Raspberry Pi 4B 4GB,nmon,1
14:29:33.000,0.2,0.0,0.0,1,0,87.8,2.0,0.0,0.0,0.0,0.0,-0.0,-0.0,-0.0,0.0,0.0,0.0,0.0,0.0,0.0,0.0,0.0,0.0,0.0,0.0,0.0,0.0,0.0,0.0,0.0,0.0,0.0,0.0,0.0,0.0,0.0,0.2,8.5,28.0,493.0,0.20000000000000284,6.176066751161802,1.3123151668779047,0.3379805661174483,2.3685044359949305,1.977714406421631,Recovery,Denial of Service,HULK (HTTP),Raspberry Pi 4B 4GB,nmon,1
14:29:34.000,0.0,0.2,0.0,1,0,87.8,2.0,0.0,0.0,0.0,0.0,-0.0,-0.0,-0.0,0.0,0.0,0.0,0.0,0.0,0.0,1.0,0.0,1.0,0.0,0.0,0.0,0.0,0.0,0.0,0.0,0.0,0.0,0.0,0.0,0.0,0.0,0.2,8.5,28.0,494.0,0.20000000000000284,6.170785804816214,1.3123151668779047,0.3379805661174483,2.3685044359949305,1.977714406421631,Recovery,Denial of Service,HULK (HTTP),Raspberry Pi 4B 4GB,nmon,1
14:29:35.000,0.0,0.2,0.0,1,0,106.6,2.0,0.0,0.0,0.0,0.0,-0.0,-0.0,-0.0,0.0,0.0,0.0,0.0,0.0,0.0,0.0,0.0,0.0,0.0,0.0,0.0,15.9,0.0,15.9,8.0,0.0,8.0,2.0,0.0,2.0,0.0,0.2,8.5,28.0,495.0,0.20000000000000284,6.176066751161802,1.3123151668779047,0.3379805661174483,2.3685044359949305,1.9750739332488383,Recovery,Denial of Service,HULK (HTTP),Raspberry Pi 4B 4GB,nmon,1
14:29:36.000,0.0,0.5,0.0,1,0,125.7,2.0,0.0,0.0,0.0,0.0,-0.0,-0.0,-0.0,0.0,0.0,0.0,0.0,0.0,0.0,0.0,0.0,0.0,0.0,0.0,0.0,27.9,0.0,27.9,14.0,0.0,14.0,2.0,0.0,2.0,0.0,0.2,8.5,28.0,496.0,0.5,6.176066751161802,1.3123151668779047,0.3379805661174483,2.3685044359949305,1.977714406421631,Recovery,Denial of Service,HULK (HTTP),Raspberry Pi 4B 4GB,nmon,1
14:29:37.000,0.0,0.0,0.0,1,0,102.8,2.0,0.0,0.0,0.0,0.0,-0.0,-0.0,-0.0,0.0,0.0,0.0,0.0,0.0,0.0,0.0,0.0,0.0,0.0,0.0,0.0,0.0,0.0,0.0,0.0,0.0,0.0,0.0,0.0,0.0,0.0,0.2,8.5,28.0,497.0,0.0,6.170785804816214,1.3123151668779047,0.3379805661174483,2.3685044359949305,1.977714406421631,Recovery,Denial of Service,HULK (HTTP),Raspberry Pi 4B 4GB,nmon,1
14:29:38.000,0.0,0.2,0.0,1,0,102.7,2.0,0.0,0.0,0.0,0.0,-0.0,-0.0,-0.0,0.0,0.0,0.0,0.0,0.0,0.0,0.0,0.0,0.0,0.0,0.0,0.0,0.0,0.0,0.0,0.0,0.0,0.0,0.0,0.0,0.0,0.0,0.2,8.5,28.0,498.0,0.20000000000000284,6.176066751161802,1.3123151668779047,0.3379805661174483,2.3685044359949305,1.977714406421631,Recovery,Denial of Service,HULK (HTTP),Raspberry Pi 4B 4GB,nmon,1
14:29:39.000,0.0,0.2,0.0,1,0,77.8,2.0,0.0,0.0,0.0,0.0,-0.0,-0.0,-0.0,0.0,0.0,0.0,0.0,0.0,0.0,0.0,0.0,0.0,0.0,0.0,0.0,0.0,0.0,0.0,0.0,0.0,0.0,0.0,0.0,0.0,0.0,0.2,8.5,28.0,499.0,0.20000000000000284,6.170785804816214,1.3123151668779047,0.3379805661174483,2.3685044359949305,1.977714406421631,Recovery,Denial of Service,HULK (HTTP),Raspberry Pi 4B 4GB,nmon,1
14:29:40.000,0.0,0.0,0.2,1,0,147.6,2.0,0.0,0.0,0.0,0.0,-0.0,-0.0,-0.0,0.0,0.0,0.0,0.0,0.0,0.0,1.0,0.0,1.0,0.0,0.0,0.0,43.9,0.0,43.9,7.3,0.0,7.3,6.0,0.0,6.0,0.0,0.2,8.5,28.0,500.0,0.20000000000000284,6.176066751161802,1.3123151668779047,0.3379805661174483,2.3685044359949305,1.977714406421631,Recovery,Denial of Service,HULK (HTTP),Raspberry Pi 4B 4GB,nmon,1
14:29:41.000,0.2,0.2,0.0,1,0,100.8,2.0,0.0,0.0,0.0,0.0,-0.0,-0.0,-0.0,0.0,0.0,0.0,0.0,0.0,0.0,0.0,0.0,0.0,0.0,0.0,0.0,0.0,0.0,0.0,0.0,0.0,0.0,0.0,0.0,0.0,0.0,0.2,8.5,28.0,501.0,0.5,6.176066751161802,1.3123151668779047,0.3379805661174483,2.3685044359949305,1.9750739332488383,Recovery,Denial of Service,HULK (HTTP),Raspberry Pi 4B 4GB,nmon,1
14:29:42.000,0.0,0.2,0.0,1,0,88.8,2.0,0.0,0.0,0.0,0.0,-0.0,-0.0,-0.0,0.0,0.0,0.0,0.0,0.0,0.0,0.0,0.0,0.0,0.0,0.0,0.0,0.0,0.0,0.0,0.0,0.0,0.0,0.0,0.0,0.0,0.0,0.2,8.5,28.0,502.0,0.20000000000000284,6.176066751161802,1.3123151668779047,0.3379805661174483,2.3685044359949305,1.977714406421631,Recovery,Denial of Service,HULK (HTTP),Raspberry Pi 4B 4GB,nmon,1
14:29:43.000,0.0,0.2,0.0,1,0,102.8,2.0,0.0,0.0,0.0,0.0,-0.0,-0.0,-0.0,0.0,0.0,0.0,0.0,0.0,0.0,0.0,0.0,0.0,0.0,0.0,0.0,0.0,0.0,0.0,0.0,0.0,0.0,0.0,0.0,0.0,0.0,0.2,8.5,28.0,503.0,0.20000000000000284,6.176066751161802,1.3123151668779047,0.3379805661174483,2.3685044359949305,1.9750739332488383,Recovery,Denial of Service,HULK (HTTP),Raspberry Pi 4B 4GB,nmon,1
14:29:44.000,0.0,0.2,0.0,1,0,99.7,2.0,0.0,0.0,0.0,0.0,-0.0,-0.0,-0.0,0.0,0.0,0.0,0.0,0.0,0.0,0.0,0.0,0.0,0.0,0.0,0.0,0.0,0.0,0.0,0.0,0.0,0.0,0.0,0.0,0.0,0.0,0.2,8.5,28.0,504.0,0.20000000000000284,6.176066751161802,1.3123151668779047,0.3379805661174483,2.3685044359949305,1.977714406421631,Recovery,Denial of Service,HULK (HTTP),Raspberry Pi 4B 4GB,nmon,1
14:29:45.000,0.0,0.0,0.2,1,0,117.5,2.0,0.0,0.0,0.0,0.0,-0.0,-0.0,-0.0,0.0,0.0,0.0,0.0,0.0,0.0,0.0,0.0,0.0,0.0,0.0,0.0,15.9,0.0,15.9,8.0,0.0,8.0,2.0,0.0,2.0,0.0,0.2,8.5,28.0,505.0,0.20000000000000284,6.176066751161802,1.3123151668779047,0.3379805661174483,2.3685044359949305,1.977714406421631,Recovery,Denial of Service,HULK (HTTP),Raspberry Pi 4B 4GB,nmon,1
14:29:46.000,0.0,0.2,0.0,1,0,85.8,2.0,0.0,0.0,0.0,0.0,-0.0,-0.0,-0.0,0.0,0.0,0.0,0.0,0.0,0.0,0.0,0.0,0.0,0.0,0.0,0.0,0.0,0.0,0.0,0.0,0.0,0.0,0.0,0.0,0.0,0.0,0.2,8.5,28.0,506.0,0.20000000000000284,6.183988170680177,1.3123151668779047,0.3379805661174483,2.3685044359949305,1.977714406421631,Recovery,Denial of Service,HULK (HTTP),Raspberry Pi 4B 4GB,nmon,1
14:29:47.000,0.2,0.0,0.0,1,0,107.7,2.0,0.0,0.0,0.0,0.0,-0.0,-0.0,-0.0,0.0,0.0,0.0,0.0,0.0,0.0,0.0,0.0,0.0,0.0,0.0,0.0,0.0,0.0,0.0,0.0,0.0,0.0,0.0,0.0,0.0,0.0,0.2,8.5,28.0,507.0,0.20000000000000284,6.170785804816214,1.3123151668779047,0.3379805661174483,2.3685044359949305,1.977714406421631,Recovery,Denial of Service,HULK (HTTP),Raspberry Pi 4B 4GB,nmon,1
14:29:48.000,0.0,0.2,0.0,1,0,87.8,2.0,0.0,0.0,0.0,0.0,-0.0,-0.0,-0.0,0.0,0.0,0.0,0.0,0.0,0.0,0.0,0.0,0.0,0.0,0.0,0.0,0.0,0.0,0.0,0.0,0.0,0.0,0.0,0.0,0.0,0.0,0.2,8.5,28.0,508.0,0.20000000000000284,6.176066751161802,1.3123151668779047,0.3379805661174483,2.3685044359949305,1.977714406421631,Recovery,Denial of Service,HULK (HTTP),Raspberry Pi 4B 4GB,nmon,1
14:29:49.000,0.0,0.0,0.0,1,0,86.8,2.0,0.0,0.0,0.0,0.0,-0.0,-0.0,-0.0,0.0,0.0,0.0,0.0,0.0,0.0,1.0,0.0,1.0,0.0,0.0,0.0,0.0,0.0,0.0,0.0,0.0,0.0,0.0,0.0,0.0,0.0,0.2,8.5,28.0,509.0,0.0,6.176066751161802,1.3123151668779047,0.3379805661174483,2.3685044359949305,1.977714406421631,Recovery,Denial of Service,HULK (HTTP),Raspberry Pi 4B 4GB,nmon,1
14:29:50.000,0.0,0.2,0.0,1,0,125.5,2.0,0.0,0.0,0.0,0.0,-0.0,-0.0,-0.0,0.0,0.0,0.0,0.0,0.0,0.0,0.0,0.0,0.0,0.0,0.0,0.0,19.9,0.0,19.9,6.7,0.0,6.7,3.0,0.0,3.0,0.0,0.2,8.5,28.0,510.0,0.20000000000000284,6.170785804816214,1.3149556400506972,0.3379805661174483,2.3685044359949305,1.977714406421631,Recovery,Denial of Service,HULK (HTTP),Raspberry Pi 4B 4GB,nmon,1
14:29:51.000,0.0,0.2,0.0,1,0,102.7,2.0,0.0,0.0,0.0,0.0,-0.0,-0.0,-0.0,0.0,0.0,0.0,0.0,0.0,0.0,0.0,0.0,0.0,0.0,0.0,0.0,0.0,0.0,0.0,0.0,0.0,0.0,0.0,0.0,0.0,0.0,0.2,8.5,28.0,511.0,0.20000000000000284,6.176066751161802,1.3149556400506972,0.3379805661174483,2.3685044359949305,1.9803548795944235,Recovery,Denial of Service,HULK (HTTP),Raspberry Pi 4B 4GB,nmon,1
14:29:52.000,0.0,0.5,0.0,1,0,87.8,2.0,0.0,0.0,0.0,0.0,-0.0,-0.0,-0.0,0.0,0.0,0.0,0.0,0.0,0.0,0.0,0.0,0.0,0.0,0.0,0.0,0.0,0.0,0.0,0.0,0.0,0.0,0.0,0.0,0.0,0.0,0.2,8.5,28.0,512.0,0.5,6.173426277989014,1.3149556400506972,0.3379805661174483,2.3685044359949305,1.9750739332488383,Recovery,Denial of Service,HULK (HTTP),Raspberry Pi 4B 4GB,nmon,1
14:29:53.000,0.2,0.0,0.0,1,0,93.8,2.0,0.0,0.0,0.0,0.0,-0.0,-0.0,-0.0,0.0,0.0,0.0,0.0,0.0,0.0,0.0,0.0,0.0,0.0,0.0,0.0,0.0,0.0,0.0,0.0,0.0,0.0,0.0,0.0,0.0,0.0,0.2,8.5,28.0,513.0,0.20000000000000284,6.183988170680177,1.3149556400506972,0.3379805661174483,2.3685044359949305,1.977714406421631,Recovery,Denial of Service,HULK (HTTP),Raspberry Pi 4B 4GB,nmon,1
14:29:54.000,0.0,0.2,0.0,1,0,116.7,2.0,0.0,0.0,0.0,0.1,-0.0,-0.0,-0.0,0.0,0.0,1.0,0.0,0.0,0.0,0.0,0.0,0.0,0.0,0.0,0.0,0.0,0.0,0.0,0.0,0.0,0.0,0.0,0.0,0.0,0.0,0.2,8.5,28.0,514.0,0.20000000000000284,6.176066751161802,1.3149556400506972,0.3379805661174483,2.3685044359949305,1.9724334600760458,Recovery,Denial of Service,HULK (HTTP),Raspberry Pi 4B 4GB,nmon,1
14:29:55.000,0.0,0.5,0.2,1,0,120.5,2.0,0.0,0.0,0.0,0.0,-0.0,-0.0,-0.0,0.0,0.0,0.0,0.0,0.0,0.0,0.0,0.0,0.0,0.0,0.0,0.0,19.9,0.0,19.9,10.0,0.0,10.0,2.0,0.0,2.0,0.0,0.2,8.5,28.0,515.0,0.7000000000000028,6.183988170680177,1.3149556400506972,0.3379805661174483,2.3685044359949305,1.977714406421631,Recovery,Denial of Service,HULK (HTTP),Raspberry Pi 4B 4GB,nmon,1
14:29:56.000,0.0,0.2,0.0,1,0,85.8,2.0,0.0,0.0,0.0,0.0,-0.0,-0.0,-0.0,0.0,0.0,0.0,0.0,0.0,0.0,0.0,0.0,0.0,0.0,0.0,0.0,0.0,0.0,0.0,0.0,0.0,0.0,0.0,0.0,0.0,0.0,0.2,8.5,28.0,516.0,0.20000000000000284,6.176066751161802,1.3149556400506972,0.3379805661174483,2.3685044359949305,1.977714406421631,Recovery,Denial of Service,HULK (HTTP),Raspberry Pi 4B 4GB,nmon,1
14:29:57.000,0.0,0.2,0.0,1,0,117.7,2.0,0.0,0.0,0.0,0.0,-0.0,-0.0,-0.0,0.0,0.0,0.0,0.0,0.0,0.0,0.0,0.0,0.0,0.0,0.0,0.0,0.0,0.0,0.0,0.0,0.0,0.0,0.0,0.0,0.0,0.0,0.2,8.5,28.0,517.0,0.20000000000000284,6.176066751161802,1.3149556400506972,0.3379805661174483,2.3685044359949305,1.977714406421631,Recovery,Denial of Service,HULK (HTTP),Raspberry Pi 4B 4GB,nmon,1
14:29:58.000,0.0,0.2,0.0,1,0,83.8,2.0,0.0,0.0,0.0,0.0,-0.0,-0.0,-0.0,0.0,0.0,0.0,0.0,0.0,0.0,0.0,0.0,0.0,0.0,0.0,0.0,0.0,0.0,0.0,0.0,0.0,0.0,0.0,0.0,0.0,0.0,0.2,8.5,28.0,518.0,0.20000000000000284,6.183988170680177,1.3149556400506972,0.3379805661174483,2.3685044359949305,1.9750739332488383,Recovery,Denial of Service,HULK (HTTP),Raspberry Pi 4B 4GB,nmon,1
14:29:59.000,0.0,0.0,0.0,1,0,99.8,2.0,0.0,0.0,0.0,0.0,-0.0,-0.0,-0.0,0.0,0.0,0.0,0.0,0.0,0.0,0.0,0.0,0.0,0.0,0.0,0.0,0.0,0.0,0.0,0.0,0.0,0.0,0.0,0.0,0.0,0.0,0.2,8.5,28.0,519.0,0.0,6.176066751161802,1.3149556400506972,0.3379805661174483,2.3685044359949305,1.977714406421631,Recovery,Denial of Service,HULK (HTTP),Raspberry Pi 4B 4GB,nmon,1
14:30:00.000,0.0,0.2,0.0,1,0,115.6,2.0,0.0,0.0,0.0,0.0,-0.0,-0.0,-0.0,0.0,0.0,0.0,0.0,0.0,0.0,0.0,0.0,1.0,0.0,0.0,0.0,23.9,0.0,23.9,6.0,0.0,6.0,4.0,0.0,4.0,0.0,0.2,8.5,28.0,520.0,0.20000000000000284,6.183988170680177,1.3149556400506972,0.3379805661174483,2.3685044359949305,1.977714406421631,Recovery,Denial of Service,HULK (HTTP),Raspberry Pi 4B 4GB,nmon,1
14:30:01.000,0.2,0.2,0.0,1,0,102.7,2.0,0.0,0.0,0.0,0.0,-0.0,-0.0,-0.0,0.0,0.0,0.0,0.0,0.0,0.0,0.0,0.0,0.0,0.0,0.0,0.0,0.0,0.0,0.0,0.0,0.0,0.0,0.0,0.0,0.0,0.0,0.2,8.5,28.0,521.0,0.5,6.176066751161802,1.3149556400506972,0.3379805661174483,2.3685044359949305,1.977714406421631,Recovery,Denial of Service,HULK (HTTP),Raspberry Pi 4B 4GB,nmon,1
14:30:02.000,0.0,0.2,0.0,1,0,101.7,2.0,0.0,0.0,0.0,0.0,-0.0,-0.0,-0.0,0.0,0.0,0.0,0.0,0.0,0.0,0.0,0.0,0.0,0.0,0.0,0.0,0.0,0.0,0.0,0.0,0.0,0.0,0.0,0.0,0.0,0.0,0.2,8.5,28.0,522.0,0.20000000000000284,6.176066751161802,1.3149556400506972,0.3379805661174483,2.3685044359949305,1.977714406421631,Recovery,Denial of Service,HULK (HTTP),Raspberry Pi 4B 4GB,nmon,1
14:30:03.000,0.0,0.2,0.0,1,0,104.7,2.0,0.0,0.0,0.0,0.0,-0.0,-0.0,-0.0,0.0,0.0,0.0,0.0,0.0,0.0,0.0,0.0,0.0,0.0,0.0,0.0,0.0,0.0,0.0,0.0,0.0,0.0,0.0,0.0,0.0,0.0,0.2,8.5,28.0,523.0,0.20000000000000284,6.176066751161802,1.3149556400506972,0.3379805661174483,2.3685044359949305,1.977714406421631,Recovery,Denial of Service,HULK (HTTP),Raspberry Pi 4B 4GB,nmon,1
14:30:04.000,0.0,0.2,0.0,1,0,94.8,2.0,0.0,0.0,0.0,0.0,-0.0,-0.0,-0.0,0.0,0.0,0.0,0.0,0.0,0.0,1.0,0.0,0.0,0.0,0.0,0.0,0.0,0.0,0.0,0.0,0.0,0.0,0.0,0.0,0.0,0.0,0.2,8.5,28.0,524.0,0.20000000000000284,6.183988170680177,1.3149556400506972,0.3379805661174483,2.3685044359949305,1.977714406421631,Recovery,Denial of Service,HULK (HTTP),Raspberry Pi 4B 4GB,nmon,1
14:30:05.000,0.0,0.2,0.0,1,0,108.7,2.0,0.0,0.0,0.0,0.0,-0.0,-0.0,-0.0,0.0,0.0,0.0,0.0,0.0,0.0,0.0,0.0,0.0,0.0,0.0,0.0,16.0,0.0,16.0,8.0,0.0,8.0,2.0,0.0,2.0,0.0,0.2,8.5,28.0,525.0,0.20000000000000284,6.176066751161802,1.3149556400506972,0.3379805661174483,2.3685044359949305,1.977714406421631,Recovery,Denial of Service,HULK (HTTP),Raspberry Pi 4B 4GB,nmon,1
14:30:06.000,0.0,0.2,0.0,1,0,91.8,2.0,0.0,0.0,0.0,0.0,-0.0,-0.0,-0.0,0.0,0.0,0.0,0.0,0.0,0.0,0.0,0.0,0.0,0.0,0.0,0.0,0.0,0.0,0.0,0.0,0.0,0.0,0.0,0.0,0.0,0.0,0.2,8.5,28.0,526.0,0.20000000000000284,6.170785804816214,1.3149556400506972,0.3379805661174483,2.3685044359949305,1.977714406421631,Recovery,Denial of Service,HULK (HTTP),Raspberry Pi 4B 4GB,nmon,1
14:30:07.000,0.2,0.0,0.0,1,0,134.7,2.0,0.0,0.0,0.0,0.0,-0.0,-0.0,-0.0,0.0,0.0,0.0,0.0,0.0,0.0,0.0,0.0,0.0,0.0,0.0,0.0,27.9,0.0,27.9,14.0,0.0,14.0,2.0,0.0,2.0,0.0,0.2,8.5,28.0,527.0,0.20000000000000284,6.176066751161802,1.3149556400506972,0.3379805661174483,2.3685044359949305,1.9750739332488383,Recovery,Denial of Service,HULK (HTTP),Raspberry Pi 4B 4GB,nmon,1
14:30:08.000,0.0,0.5,0.0,1,0,85.8,2.0,0.0,0.0,0.0,0.0,-0.0,-0.0,-0.0,0.0,0.0,0.0,0.0,0.0,0.0,0.0,0.0,0.0,0.0,0.0,0.0,0.0,0.0,0.0,0.0,0.0,0.0,0.0,0.0,0.0,0.0,0.2,8.5,28.0,528.0,0.5,6.170785804816214,1.3149556400506972,0.3379805661174483,2.3685044359949305,1.977714406421631,Recovery,Denial of Service,HULK (HTTP),Raspberry Pi 4B 4GB,nmon,1
14:30:09.000,0.0,0.2,0.0,1,0,92.8,2.0,0.0,0.0,0.0,0.0,-0.0,-0.0,-0.0,0.0,0.0,0.0,0.0,0.0,0.0,0.0,0.0,0.0,0.0,0.0,0.0,0.0,0.0,0.0,0.0,0.0,0.0,0.0,0.0,0.0,0.0,0.2,8.5,28.0,529.0,0.20000000000000284,6.176066751161802,1.3149556400506972,0.3379805661174483,2.3685044359949305,1.9724334600760458,Recovery,Denial of Service,HULK (HTTP),Raspberry Pi 4B 4GB,nmon,1
14:30:10.000,0.2,0.0,0.5,1,0,130.8,2.0,0.0,0.0,0.0,0.0,-0.0,-0.0,-0.0,0.0,0.0,0.0,0.0,0.0,0.0,1.0,0.0,2.0,0.0,0.0,0.0,43.6,0.0,43.6,7.3,0.0,7.3,5.9,0.0,5.9,0.0,0.2,8.5,28.0,530.0,0.7000000000000028,6.176066751161802,1.3149556400506972,0.3379805661174483,2.3685044359949305,1.977714406421631,Recovery,Denial of Service,HULK (HTTP),Raspberry Pi 4B 4GB,nmon,1
14:30:11.000,0.0,0.2,0.0,1,0,102.8,2.0,0.0,0.0,0.0,0.0,-0.0,-0.0,-0.0,0.0,0.0,0.0,0.0,0.0,0.0,0.0,0.0,0.0,0.0,0.0,0.0,0.0,0.0,0.0,0.0,0.0,0.0,0.0,0.0,0.0,0.0,0.2,8.5,28.0,531.0,0.20000000000000284,6.176066751161802,1.3149556400506972,0.3379805661174483,2.3685044359949305,1.9803548795944235,Recovery,Denial of Service,HULK (HTTP),Raspberry Pi 4B 4GB,nmon,1
14:30:12.000,0.0,0.2,0.0,1,0,89.8,2.0,0.0,0.0,0.0,0.0,-0.0,-0.0,-0.0,0.0,0.0,0.0,0.0,0.0,0.0,0.0,0.0,0.0,0.0,0.0,0.0,0.0,0.0,0.0,0.0,0.0,0.0,0.0,0.0,0.0,0.0,0.2,8.5,28.0,532.0,0.20000000000000284,6.178707224334601,1.3149556400506972,0.3379805661174483,2.3685044359949305,1.9829953527672157,Recovery,Denial of Service,HULK (HTTP),Raspberry Pi 4B 4GB,nmon,1
14:30:13.000,0.0,0.2,0.5,1,0,127.7,2.0,0.0,0.0,0.0,0.0,-0.0,-0.0,-0.0,0.0,0.0,0.0,0.0,0.0,0.0,2.0,0.0,1.0,0.0,0.0,0.0,23.9,0.0,23.9,8.0,0.0,8.0,3.0,0.0,3.0,0.0,0.2,8.5,28.0,533.0,0.7000000000000028,6.178707224334601,1.3149556400506972,0.3379805661174483,2.3685044359949305,1.9724334600760458,Recovery,Denial of Service,HULK (HTTP),Raspberry Pi 4B 4GB,nmon,1
14:30:14.000,0.0,0.0,0.0,1,0,91.8,2.0,0.0,0.0,0.0,0.0,-0.0,-0.0,-0.0,0.0,0.0,0.0,0.0,0.0,0.0,0.0,0.0,0.0,0.0,0.0,0.0,0.0,0.0,0.0,0.0,0.0,0.0,0.0,0.0,0.0,0.0,0.2,8.5,28.0,534.0,0.0,6.176066751161802,1.3149556400506972,0.3379805661174483,2.3685044359949305,1.977714406421631,Recovery,Denial of Service,HULK (HTTP),Raspberry Pi 4B 4GB,nmon,1
14:30:15.000,0.0,0.5,0.0,1,0,108.7,2.0,0.0,0.0,0.0,0.0,-0.0,-0.0,-0.0,0.0,0.0,0.0,0.0,0.0,0.0,0.0,0.0,0.0,0.0,0.0,0.0,0.0,0.0,0.0,0.0,0.0,0.0,0.0,0.0,0.0,0.0,0.2,8.5,28.0,535.0,0.5,6.176066751161802,1.3149556400506972,0.3379805661174483,2.3685044359949305,1.977714406421631,Recovery,Denial of Service,HULK (HTTP),Raspberry Pi 4B 4GB,nmon,1
14:30:16.000,0.0,0.0,0.0,1,0,93.8,2.0,0.0,0.0,0.0,0.0,-0.0,-0.0,-0.0,0.0,0.0,0.0,0.0,0.0,0.0,0.0,0.0,0.0,0.0,0.0,0.0,0.0,0.0,0.0,0.0,0.0,0.0,0.0,0.0,0.0,0.0,0.2,8.5,28.0,536.0,0.0,6.176066751161802,1.3149556400506972,0.3379805661174483,2.3685044359949305,1.9750739332488383,Recovery,Denial of Service,HULK (HTTP),Raspberry Pi 4B 4GB,nmon,1
14:30:17.000,0.2,0.2,0.0,1,0,96.8,2.0,0.0,0.0,0.0,0.0,-0.0,-0.0,-0.0,0.0,0.0,0.0,0.0,0.0,0.0,0.0,0.0,0.0,0.0,0.0,0.0,0.0,0.0,0.0,0.0,0.0,0.0,0.0,0.0,0.0,0.0,0.2,8.5,28.0,537.0,0.5,6.176066751161802,1.3149556400506972,0.3379805661174483,2.3685044359949305,1.9803548795944235,Recovery,Denial of Service,HULK (HTTP),Raspberry Pi 4B 4GB,nmon,1
14:30:18.000,0.0,0.0,0.0,1,0,201.5,4.0,0.0,0.0,0.0,0.0,-0.0,-0.0,-0.0,0.0,0.0,0.0,0.0,0.0,0.0,2.0,0.0,2.0,0.0,0.0,0.0,99.8,0.0,99.8,7.1,0.0,7.1,14.0,0.0,14.0,0.0,0.2,8.5,28.0,538.0,0.0,6.176066751161802,1.3149556400506972,0.34062103929024085,2.3685044359949305,1.9750739332488383,Recovery,Denial of Service,HULK (HTTP),Raspberry Pi 4B 4GB,nmon,1
14:30:19.000,0.0,0.2,0.0,1,0,105.7,2.0,0.0,0.0,0.0,0.0,-0.0,-0.0,-0.0,0.0,0.0,0.0,0.0,0.0,0.0,0.0,0.0,0.0,0.0,0.0,0.0,0.0,0.0,0.0,0.0,0.0,0.0,0.0,0.0,0.0,0.0,0.2,8.5,28.0,539.0,0.20000000000000284,6.176066751161802,1.3149556400506972,0.34062103929024085,2.3685044359949305,1.977714406421631,Recovery,Denial of Service,HULK (HTTP),Raspberry Pi 4B 4GB,nmon,1
14:30:20.000,0.2,0.2,0.0,1,0,88.8,2.0,0.0,0.0,0.0,0.0,-0.0,-0.0,-0.0,0.0,0.0,0.0,0.0,0.0,0.0,0.0,0.0,0.0,0.0,0.0,0.0,0.0,0.0,0.0,0.0,0.0,0.0,0.0,0.0,0.0,0.0,0.2,8.5,28.0,540.0,0.5,6.176066751161802,1.3149556400506972,0.34062103929024085,2.3685044359949305,1.977714406421631,Recovery,Denial of Service,HULK (HTTP),Raspberry Pi 4B 4GB,nmon,1
14:30:21.000,0.0,0.0,0.0,1,0,78.8,2.0,0.0,0.0,0.0,0.0,-0.0,-0.0,-0.0,0.0,0.0,0.0,0.0,0.0,0.0,0.0,0.0,0.0,0.0,0.0,0.0,0.0,0.0,0.0,0.0,0.0,0.0,0.0,0.0,0.0,0.0,0.2,8.5,28.0,541.0,0.0,6.176066751161802,1.3149556400506972,0.34062103929024085,2.3685044359949305,1.977714406421631,Recovery,Denial of Service,HULK (HTTP),Raspberry Pi 4B 4GB,nmon,1
14:30:22.000,0.0,0.2,0.0,1,0,85.8,2.0,0.0,0.0,0.0,0.0,-0.0,-0.0,-0.0,0.0,0.0,0.0,0.0,0.0,0.0,0.0,0.0,0.0,0.0,0.0,0.0,0.0,0.0,0.0,0.0,0.0,0.0,0.0,0.0,0.0,0.0,0.2,8.5,28.0,542.0,0.20000000000000284,6.183988170680177,1.3149556400506972,0.34062103929024085,2.3685044359949305,1.977714406421631,Recovery,Denial of Service,HULK (HTTP),Raspberry Pi 4B 4GB,nmon,1
14:30:23.000,0.2,0.0,0.2,1,0,133.7,2.0,0.0,0.0,0.0,0.0,-0.0,-0.0,-0.0,0.0,0.0,0.0,0.0,0.0,0.0,0.0,0.0,1.0,0.0,0.0,0.0,23.9,0.0,23.9,6.0,0.0,6.0,4.0,0.0,4.0,0.0,0.2,8.5,28.0,543.0,0.5,6.176066751161802,1.3149556400506972,0.34062103929024085,2.3685044359949305,1.977714406421631,Recovery,Denial of Service,HULK (HTTP),Raspberry Pi 4B 4GB,nmon,1
14:30:24.000,0.0,0.2,0.0,1,0,130.7,2.0,0.0,0.0,0.0,0.1,-0.0,-0.0,-0.0,0.0,0.0,1.0,0.0,0.0,0.0,0.0,0.0,0.0,0.0,0.0,0.0,0.0,0.0,0.0,0.0,0.0,0.0,0.0,0.0,0.0,0.0,0.2,8.5,28.0,544.0,0.20000000000000284,6.178707224334601,1.3149556400506972,0.34062103929024085,2.3685044359949305,1.9803548795944235,Recovery,Denial of Service,HULK (HTTP),Raspberry Pi 4B 4GB,nmon,1
14:30:25.000,0.2,0.2,0.0,1,0,91.8,2.0,0.0,0.0,0.0,0.0,-0.0,-0.0,-0.0,0.0,0.0,0.0,0.0,0.0,0.0,0.0,0.0,0.0,0.0,0.0,0.0,0.0,0.0,0.0,0.0,0.0,0.0,0.0,0.0,0.0,0.0,0.2,8.5,28.0,545.0,0.5,6.176066751161802,1.3149556400506972,0.34062103929024085,2.3685044359949305,1.977714406421631,Recovery,Denial of Service,HULK (HTTP),Raspberry Pi 4B 4GB,nmon,1
14:30:26.000,0.0,0.2,0.0,1,0,87.8,2.0,0.0,0.0,0.0,0.0,-0.0,-0.0,-0.0,0.0,0.0,0.0,0.0,0.0,0.0,0.0,0.0,0.0,0.0,0.0,0.0,0.0,0.0,0.0,0.0,0.0,0.0,0.0,0.0,0.0,0.0,0.2,8.5,28.0,546.0,0.20000000000000284,6.170785804816214,1.3149556400506972,0.34062103929024085,2.3685044359949305,1.9750739332488383,Recovery,Denial of Service,HULK (HTTP),Raspberry Pi 4B 4GB,nmon,1
14:30:27.000,0.0,0.0,0.0,1,0,100.8,2.0,0.0,0.0,0.0,0.0,-0.0,-0.0,-0.0,0.0,0.0,0.0,0.0,0.0,0.0,0.0,0.0,0.0,0.0,0.0,0.0,0.0,0.0,0.0,0.0,0.0,0.0,0.0,0.0,0.0,0.0,0.2,8.5,28.0,547.0,0.0,6.183988170680177,1.3149556400506972,0.34062103929024085,2.3685044359949305,1.9750739332488383,Recovery,Denial of Service,HULK (HTTP),Raspberry Pi 4B 4GB,nmon,1
14:30:28.000,0.0,0.5,0.0,1,0,111.7,2.0,0.0,0.0,0.0,0.0,-0.0,-0.0,-0.0,0.0,0.0,0.0,0.0,0.0,0.0,1.0,0.0,0.0,0.0,0.0,0.0,23.9,0.0,23.9,12.0,0.0,12.0,2.0,0.0,2.0,0.0,0.2,8.5,28.0,548.0,0.5,6.173426277989014,1.3149556400506972,0.34062103929024085,2.3685044359949305,1.9803548795944235,Recovery,Denial of Service,HULK (HTTP),Raspberry Pi 4B 4GB,nmon,1
14:30:29.000,0.0,0.0,0.2,1,0,125.7,2.0,0.0,0.0,0.0,0.0,-0.0,-0.0,-0.0,0.0,0.0,0.0,0.0,0.0,0.0,1.0,0.0,1.0,0.0,0.0,0.0,63.8,0.0,63.8,7.1,0.0,7.1,9.0,0.0,9.0,0.0,0.2,8.5,28.0,549.0,0.20000000000000284,6.186628643852976,1.3149556400506972,0.34062103929024085,2.3685044359949305,1.9803548795944235,Recovery,Denial of Service,HULK (HTTP),Raspberry Pi 4B 4GB,nmon,1
14:30:30.000,0.0,0.2,0.0,1,0,87.8,2.0,0.0,0.0,0.0,0.0,-0.0,-0.0,-0.0,0.0,0.0,0.0,0.0,0.0,0.0,0.0,0.0,0.0,0.0,0.0,0.0,0.0,0.0,0.0,0.0,0.0,0.0,0.0,0.0,0.0,0.0,0.2,8.5,28.0,550.0,0.20000000000000284,6.176066751161802,1.3149556400506972,0.34062103929024085,2.3685044359949305,1.9803548795944235,Recovery,Denial of Service,HULK (HTTP),Raspberry Pi 4B 4GB,nmon,1
14:30:31.000,0.0,0.2,0.0,1,0,83.8,2.0,0.0,0.0,0.0,0.0,-0.0,-0.0,-0.0,0.0,0.0,0.0,0.0,0.0,0.0,0.0,0.0,0.0,0.0,0.0,0.0,0.0,0.0,0.0,0.0,0.0,0.0,0.0,0.0,0.0,0.0,0.2,8.5,28.0,551.0,0.20000000000000284,6.186628643852976,1.3149556400506972,0.34062103929024085,2.3685044359949305,1.977714406421631,Recovery,Denial of Service,HULK (HTTP),Raspberry Pi 4B 4GB,nmon,1
14:30:32.000,1.2,1.2,0.0,1,0,307.3,4.0,0.0,0.0,0.0,0.0,-0.0,-0.0,-0.0,0.0,0.0,0.0,0.0,0.0,0.0,0.0,0.0,0.0,4.0,0.0,4.0,0.0,0.0,0.0,4.0,0.0,4.0,1.0,0.0,1.0,0.0,0.2,8.5,28.0,552.0,2.5,6.1892691170257645,1.3149556400506972,0.34062103929024085,2.3685044359949305,1.9803548795944235,Recovery,Denial of Service,HULK (HTTP),Raspberry Pi 4B 4GB,nmon,1
14:30:33.000,0.0,0.2,0.0,1,0,99.8,2.0,0.0,0.0,0.0,0.0,-0.0,-0.0,-0.0,0.0,0.0,0.0,0.0,0.0,0.0,0.0,0.0,0.0,0.0,0.0,0.0,0.0,0.0,0.0,0.0,0.0,0.0,0.0,0.0,0.0,0.0,0.2,8.5,28.0,553.0,0.20000000000000284,6.181347697507389,1.3149556400506972,0.34062103929024085,2.3685044359949305,1.977714406421631,Recovery,Denial of Service,HULK (HTTP),Raspberry Pi 4B 4GB,nmon,1
14:30:34.000,0.2,0.2,0.2,1,0,136.4,2.0,0.0,0.0,0.0,0.0,-0.0,-0.0,-0.0,0.0,0.0,0.0,0.0,0.0,0.0,1.0,0.0,1.0,0.0,0.0,0.0,35.8,0.0,35.8,7.2,0.0,7.2,5.0,0.0,5.0,0.0,0.2,8.5,28.0,554.0,0.7000000000000028,6.181347697507389,1.3149556400506972,0.34062103929024085,2.3685044359949305,1.9829953527672157,Recovery,Denial of Service,HULK (HTTP),Raspberry Pi 4B 4GB,nmon,1
14:30:35.000,0.0,0.2,0.0,1,0,101.8,2.0,0.0,0.0,0.0,0.0,-0.0,-0.0,-0.0,0.0,0.0,0.0,0.0,0.0,0.0,0.0,0.0,0.0,0.0,0.0,0.0,0.0,0.0,0.0,0.0,0.0,0.0,0.0,0.0,0.0,0.0,0.2,8.5,28.0,555.0,0.20000000000000284,6.181347697507389,1.3149556400506972,0.34062103929024085,2.3685044359949305,1.9856358259400086,Recovery,Denial of Service,HULK (HTTP),Raspberry Pi 4B 4GB,nmon,1
14:30:36.000,0.0,0.0,0.0,1,0,84.8,2.0,0.0,0.0,0.0,0.0,-0.0,-0.0,-0.0,0.0,0.0,0.0,0.0,0.0,0.0,0.0,0.0,0.0,0.0,0.0,0.0,0.0,0.0,0.0,0.0,0.0,0.0,0.0,0.0,0.0,0.0,0.2,8.5,28.0,556.0,0.0,6.181347697507389,1.3149556400506972,0.34062103929024085,2.3685044359949305,1.9803548795944235,Recovery,Denial of Service,HULK (HTTP),Raspberry Pi 4B 4GB,nmon,1
14:30:37.000,0.0,0.2,0.5,1,0,205.6,2.0,0.0,0.0,0.0,0.0,-0.0,-0.0,-0.0,0.0,0.0,0.0,0.0,0.0,0.0,3.0,0.0,3.0,0.0,0.0,0.0,159.7,0.0,159.7,6.7,0.0,6.7,24.0,0.0,24.0,0.0,0.2,8.5,28.0,557.0,0.7999999999999972,6.186628643852976,1.3149556400506972,0.34062103929024085,2.3685044359949305,1.9829953527672157,Recovery,Denial of Service,HULK (HTTP),Raspberry Pi 4B 4GB,nmon,1
14:30:38.000,0.0,0.2,0.0,2,1,114.8,2.0,0.0,0.0,0.0,0.0,-0.0,-0.0,-0.0,0.0,0.0,0.0,0.0,0.0,0.0,0.0,0.0,1.0,0.0,0.0,0.0,63.9,0.0,63.9,21.3,0.0,21.3,3.0,0.0,3.0,0.0,0.2,8.5,28.0,558.0,0.20000000000000284,6.181347697507389,1.3149556400506972,0.34062103929024085,2.3685044359949305,1.9856358259400086,Recovery,Denial of Service,HULK (HTTP),Raspberry Pi 4B 4GB,nmon,1
14:30:39.000,0.2,0.0,0.2,2,0,106.6,1.0,0.0,0.0,0.0,0.0,-0.0,-0.0,-0.0,0.0,0.0,0.0,0.0,0.0,0.0,1.0,0.0,0.0,0.0,0.0,0.0,4.0,0.0,4.0,4.0,0.0,4.0,1.0,0.0,1.0,0.0,0.2,8.5,28.0,559.0,0.5,6.183988170680177,1.3149556400506972,0.34062103929024085,2.3685044359949305,1.9829953527672157,Recovery,Denial of Service,HULK (HTTP),Raspberry Pi 4B 4GB,nmon,1
14:30:40.000,0.0,0.0,0.0,1,0,69.9,1.0,0.0,0.0,0.0,0.0,-0.0,-0.0,-0.0,0.0,0.0,0.0,0.0,0.0,0.0,0.0,0.0,0.0,0.0,0.0,0.0,0.0,0.0,0.0,0.0,0.0,0.0,0.0,0.0,0.0,0.0,0.2,8.5,28.0,560.0,0.0,6.1892691170257645,1.3149556400506972,0.34062103929024085,2.3685044359949305,1.9829953527672157,Recovery,Denial of Service,HULK (HTTP),Raspberry Pi 4B 4GB,nmon,1
14:30:41.000,0.0,0.2,0.0,1,0,86.8,2.0,0.0,0.0,0.0,0.0,-0.0,-0.0,-0.0,0.0,0.0,0.0,0.0,0.0,0.0,0.0,0.0,0.0,0.0,0.0,0.0,0.0,0.0,0.0,0.0,0.0,0.0,0.0,0.0,0.0,0.0,0.2,8.5,28.0,561.0,0.20000000000000284,6.181347697507389,1.3149556400506972,0.34062103929024085,2.3685044359949305,1.9829953527672157,Recovery,Denial of Service,HULK (HTTP),Raspberry Pi 4B 4GB,nmon,1
14:30:42.000,0.0,0.2,0.0,1,0,75.8,2.0,0.0,0.0,0.0,0.0,-0.0,-0.0,-0.0,0.0,0.0,0.0,0.0,0.0,0.0,0.0,0.0,0.0,0.0,0.0,0.0,0.0,0.0,0.0,0.0,0.0,0.0,0.0,0.0,0.0,0.0,0.2,8.5,28.0,562.0,0.20000000000000284,6.1892691170257645,1.3149556400506972,0.34062103929024085,2.3685044359949305,1.9829953527672157,Recovery,Denial of Service,HULK (HTTP),Raspberry Pi 4B 4GB,nmon,1
14:30:43.000,0.2,0.2,0.0,1,0,99.8,2.0,0.0,0.0,0.0,0.0,-0.0,-0.0,-0.0,0.0,0.0,0.0,0.0,0.0,0.0,0.0,0.0,0.0,0.0,0.0,0.0,0.0,0.0,0.0,0.0,0.0,0.0,0.0,0.0,0.0,0.0,0.2,8.5,28.0,563.0,0.5,6.181347697507389,1.3149556400506972,0.34062103929024085,2.3685044359949305,1.9829953527672157,Recovery,Denial of Service,HULK (HTTP),Raspberry Pi 4B 4GB,nmon,1
14:30:44.000,0.0,0.0,0.0,1,0,133.5,2.0,0.0,0.0,0.0,0.0,-0.0,-0.0,-0.0,0.0,0.0,0.0,0.0,0.0,0.0,1.0,0.0,1.0,0.0,0.0,0.0,39.8,0.0,39.8,5.0,0.0,5.0,8.0,0.0,8.0,0.0,0.2,8.5,28.0,564.0,0.0,6.1892691170257645,1.3149556400506972,0.34062103929024085,2.3711449091677226,1.9829953527672157,Recovery,Denial of Service,HULK (HTTP),Raspberry Pi 4B 4GB,nmon,1
14:30:45.000,0.0,0.0,0.0,1,0,97.8,2.0,0.0,0.0,0.0,0.0,-0.0,-0.0,-0.0,0.0,0.0,0.0,0.0,0.0,0.0,0.0,0.0,0.0,0.0,0.0,0.0,0.0,0.0,0.0,0.0,0.0,0.0,0.0,0.0,0.0,0.0,0.2,8.5,28.0,565.0,0.0,6.1892691170257645,1.3149556400506972,0.34062103929024085,2.3711449091677226,1.9829953527672157,Recovery,Denial of Service,HULK (HTTP),Raspberry Pi 4B 4GB,nmon,1
14:30:46.000,0.0,0.5,0.0,1,0,83.8,2.0,0.0,0.0,0.0,0.0,-0.0,-0.0,-0.0,0.0,0.0,0.0,0.0,0.0,0.0,0.0,0.0,0.0,0.0,0.0,0.0,0.0,0.0,0.0,0.0,0.0,0.0,0.0,0.0,0.0,0.0,0.2,8.5,28.0,566.0,0.5,6.181347697507389,1.3149556400506972,0.34062103929024085,2.3711449091677226,1.9829953527672157,Recovery,Denial of Service,HULK (HTTP),Raspberry Pi 4B 4GB,nmon,1
14:30:47.000,0.0,0.0,0.0,1,0,92.8,2.0,0.0,0.0,0.0,0.0,-0.0,-0.0,-0.0,0.0,0.0,0.0,0.0,0.0,0.0,0.0,0.0,0.0,0.0,0.0,0.0,0.0,0.0,0.0,0.0,0.0,0.0,0.0,0.0,0.0,0.0,0.2,8.5,28.0,567.0,0.0,6.181347697507389,1.3149556400506972,0.34062103929024085,2.3711449091677226,1.9829953527672157,Recovery,Denial of Service,HULK (HTTP),Raspberry Pi 4B 4GB,nmon,1
14:30:48.000,0.0,0.2,0.0,1,0,90.8,2.0,0.0,0.0,0.0,0.0,-0.0,-0.0,-0.0,0.0,0.0,0.0,0.0,0.0,0.0,0.0,0.0,0.0,0.0,0.0,0.0,0.0,0.0,0.0,0.0,0.0,0.0,0.0,0.0,0.0,0.0,0.2,8.5,28.0,568.0,0.20000000000000284,6.181347697507389,1.3149556400506972,0.34062103929024085,2.3685044359949305,1.9856358259400086,Recovery,Denial of Service,HULK (HTTP),Raspberry Pi 4B 4GB,nmon,1
14:30:49.000,0.2,0.2,0.2,1,0,118.5,2.0,0.0,0.0,0.0,0.0,-0.0,-0.0,-0.0,0.0,0.0,0.0,0.0,0.0,0.0,0.0,0.0,1.0,0.0,0.0,0.0,15.9,0.0,15.9,8.0,0.0,8.0,2.0,0.0,2.0,0.0,0.2,8.5,28.0,569.0,0.7000000000000028,6.181347697507389,1.3149556400506972,0.34062103929024085,2.3685044359949305,1.9829953527672157,Recovery,Denial of Service,HULK (HTTP),Raspberry Pi 4B 4GB,nmon,1
14:30:50.000,0.0,0.2,0.0,1,0,88.8,2.0,0.0,0.0,0.0,0.0,-0.0,-0.0,-0.0,0.0,0.0,0.0,0.0,0.0,0.0,0.0,0.0,0.0,0.0,0.0,0.0,0.0,0.0,0.0,0.0,0.0,0.0,0.0,0.0,0.0,0.0,0.2,8.5,28.0,570.0,0.20000000000000284,6.1892691170257645,1.3149556400506972,0.34062103929024085,2.3711449091677226,1.9829953527672157,Recovery,Denial of Service,HULK (HTTP),Raspberry Pi 4B 4GB,nmon,1
14:30:51.000,0.0,0.0,0.0,1,0,108.7,2.0,0.0,0.0,0.0,0.0,-0.0,-0.0,-0.0,0.0,0.0,0.0,0.0,0.0,0.0,0.0,0.0,0.0,0.0,0.0,0.0,0.0,0.0,0.0,0.0,0.0,0.0,0.0,0.0,0.0,0.0,0.2,8.5,28.0,571.0,0.0,6.183988170680177,1.3149556400506972,0.34062103929024085,2.3711449091677226,1.9829953527672157,Recovery,Denial of Service,HULK (HTTP),Raspberry Pi 4B 4GB,nmon,1
14:30:52.000,0.2,0.2,0.0,1,0,98.8,2.0,0.0,0.0,0.0,0.0,-0.0,-0.0,-0.0,0.0,0.0,0.0,0.0,0.0,0.0,0.0,0.0,0.0,0.0,0.0,0.0,0.0,0.0,0.0,0.0,0.0,0.0,0.0,0.0,0.0,0.0,0.2,8.5,28.0,572.0,0.5,6.1892691170257645,1.3149556400506972,0.34062103929024085,2.3711449091677226,1.9829953527672157,Recovery,Denial of Service,HULK (HTTP),Raspberry Pi 4B 4GB,nmon,1
14:30:53.000,0.0,0.2,0.0,1,0,94.8,2.0,0.0,0.0,0.0,0.0,-0.0,-0.0,-0.0,0.0,0.0,0.0,0.0,0.0,0.0,0.0,0.0,0.0,0.0,0.0,0.0,0.0,0.0,0.0,0.0,0.0,0.0,0.0,0.0,0.0,0.0,0.2,8.5,28.0,573.0,0.20000000000000284,6.181347697507389,1.3149556400506972,0.34062103929024085,2.3711449091677226,1.9829953527672157,Recovery,Denial of Service,HULK (HTTP),Raspberry Pi 4B 4GB,nmon,1
14:30:54.000,0.0,0.0,0.2,1,0,190.5,3.0,0.0,0.0,0.0,0.1,-0.0,-0.0,-0.0,0.0,0.0,1.0,0.0,0.0,0.0,1.0,0.0,1.0,0.0,0.0,0.0,51.9,0.0,51.9,6.5,0.0,6.5,8.0,0.0,8.0,0.0,0.2,8.5,28.0,574.0,0.20000000000000284,6.1892691170257645,1.3175961132234897,0.34062103929024085,2.3711449091677226,1.9856358259400086,Recovery,Denial of Service,HULK (HTTP),Raspberry Pi 4B 4GB,nmon,1
14:30:55.000,0.2,0.0,0.0,1,0,139.7,2.0,0.0,0.0,0.0,0.0,-0.0,-0.0,-0.0,0.0,0.0,0.0,0.0,0.0,0.0,1.0,0.0,1.0,0.0,0.0,0.0,51.9,0.0,51.9,10.4,0.0,10.4,5.0,0.0,5.0,0.0,0.2,8.5,28.0,575.0,0.20000000000000284,6.181347697507389,1.3175961132234897,0.34062103929024085,2.3711449091677226,1.9829953527672157,Recovery,Denial of Service,HULK (HTTP),Raspberry Pi 4B 4GB,nmon,1
14:30:56.000,0.2,0.0,0.0,1,0,90.8,2.0,0.0,0.0,0.0,0.0,-0.0,-0.0,-0.0,0.0,0.0,0.0,0.0,0.0,0.0,0.0,0.0,0.0,0.0,0.0,0.0,0.0,0.0,0.0,0.0,0.0,0.0,0.0,0.0,0.0,0.0,0.2,8.5,28.0,576.0,0.20000000000000284,6.1892691170257645,1.3175961132234897,0.34062103929024085,2.3711449091677226,1.9856358259400086,Recovery,Denial of Service,HULK (HTTP),Raspberry Pi 4B 4GB,nmon,1
14:30:57.000,0.0,0.5,0.0,1,0,86.8,2.0,0.0,0.0,0.0,0.0,-0.0,-0.0,-0.0,0.0,0.0,0.0,0.0,0.0,0.0,0.0,0.0,0.0,0.0,0.0,0.0,0.0,0.0,0.0,0.0,0.0,0.0,0.0,0.0,0.0,0.0,0.2,8.5,28.0,577.0,0.5,6.181347697507389,1.3175961132234897,0.34062103929024085,2.3711449091677226,1.9829953527672157,Recovery,Denial of Service,HULK (HTTP),Raspberry Pi 4B 4GB,nmon,1
14:30:58.000,0.0,0.2,0.0,1,0,110.7,2.0,0.0,0.0,0.0,0.0,-0.0,-0.0,-0.0,0.0,0.0,0.0,0.0,0.0,0.0,0.0,0.0,0.0,0.0,0.0,0.0,0.0,0.0,0.0,0.0,0.0,0.0,0.0,0.0,0.0,0.0,0.2,8.5,28.0,578.0,0.20000000000000284,6.1892691170257645,1.3175961132234897,0.34062103929024085,2.3711449091677226,1.9856358259400086,Recovery,Denial of Service,HULK (HTTP),Raspberry Pi 4B 4GB,nmon,1
14:30:59.000,0.0,0.0,0.0,1,0,117.6,2.0,0.0,0.0,0.0,0.0,-0.0,-0.0,-0.0,0.0,0.0,0.0,0.0,0.0,0.0,1.0,0.0,0.0,0.0,0.0,0.0,19.9,0.0,19.9,10.0,0.0,10.0,2.0,0.0,2.0,0.0,0.2,8.5,28.0,579.0,0.0,6.181347697507389,1.3175961132234897,0.34062103929024085,2.3711449091677226,1.9829953527672157,Recovery,Denial of Service,HULK (HTTP),Raspberry Pi 4B 4GB,nmon,1
14:31:00.000,0.2,0.2,0.0,1,0,84.8,2.0,0.0,0.0,0.0,0.0,-0.0,-0.0,-0.0,0.0,0.0,0.0,0.0,0.0,0.0,0.0,0.0,0.0,0.0,0.0,0.0,0.0,0.0,0.0,0.0,0.0,0.0,0.0,0.0,0.0,0.0,0.2,8.5,28.0,580.0,0.5,6.194550063371351,1.3175961132234897,0.34062103929024085,2.3711449091677226,1.9829953527672157,Recovery,Denial of Service,HULK (HTTP),Raspberry Pi 4B 4GB,nmon,1
14:31:01.000,0.0,0.2,0.0,1,0,157.6,2.0,0.0,0.0,0.0,0.1,-0.0,-0.0,-0.1,0.0,0.0,2.0,0.0,0.0,1.0,0.0,0.0,0.0,0.0,0.0,0.0,0.0,0.0,0.0,0.0,0.0,0.0,0.0,0.0,0.0,0.0,0.2,8.5,28.0,581.0,0.20000000000000284,6.181347697507389,1.3175961132234897,0.34062103929024085,2.3711449091677226,1.9829953527672157,Recovery,Denial of Service,HULK (HTTP),Raspberry Pi 4B 4GB,nmon,1
14:31:02.000,0.2,0.0,0.0,1,0,92.8,2.0,0.0,0.0,0.0,0.0,-0.0,-0.0,-0.0,0.0,0.0,0.0,0.0,0.0,0.0,0.0,0.0,0.0,0.0,0.0,0.0,0.0,0.0,0.0,0.0,0.0,0.0,0.0,0.0,0.0,0.0,0.2,8.5,28.0,582.0,0.20000000000000284,6.194550063371351,1.3175961132234897,0.34062103929024085,2.3711449091677226,1.9829953527672157,Recovery,Denial of Service,HULK (HTTP),Raspberry Pi 4B 4GB,nmon,1
14:31:03.000,0.0,0.2,0.0,1,0,119.7,2.0,0.0,0.0,0.0,0.0,-0.0,-0.0,-0.0,0.0,0.0,0.0,0.0,0.0,0.0,0.0,0.0,0.0,0.0,0.0,0.0,0.0,0.0,0.0,0.0,0.0,0.0,0.0,0.0,0.0,0.0,0.2,8.5,28.0,583.0,0.20000000000000284,6.181347697507389,1.3175961132234897,0.34062103929024085,2.3711449091677226,1.9829953527672157,Recovery,Denial of Service,HULK (HTTP),Raspberry Pi 4B 4GB,nmon,1
14:31:04.000,0.2,0.2,0.2,1,0,127.5,2.0,0.0,0.0,0.0,0.0,-0.0,-0.0,-0.0,0.0,0.0,0.0,0.0,0.0,0.0,1.0,0.0,1.0,0.0,0.0,0.0,39.8,0.0,39.8,8.0,0.0,8.0,5.0,0.0,5.0,0.0,0.2,8.5,28.0,584.0,0.7000000000000028,6.1892691170257645,1.3175961132234897,0.34062103929024085,2.3711449091677226,1.9856358259400086,Recovery,Denial of Service,HULK (HTTP),Raspberry Pi 4B 4GB,nmon,1
14:31:05.000,0.0,0.0,0.0,1,0,97.8,2.0,0.0,0.0,0.0,0.0,-0.0,-0.0,-0.0,0.0,0.0,0.0,0.0,0.0,0.0,0.0,0.0,0.0,0.0,0.0,0.0,0.0,0.0,0.0,0.0,0.0,0.0,0.0,0.0,0.0,0.0,0.2,8.5,28.0,585.0,0.0,6.181347697507389,1.3175961132234897,0.34062103929024085,2.3711449091677226,1.9829953527672157,Recovery,Denial of Service,HULK (HTTP),Raspberry Pi 4B 4GB,nmon,1
14:31:06.000,0.2,0.2,0.0,1,0,85.8,2.0,0.0,0.0,0.0,0.0,-0.0,-0.0,-0.0,0.0,0.0,0.0,0.0,0.0,0.0,0.0,0.0,0.0,0.0,0.0,0.0,0.0,0.0,0.0,0.0,0.0,0.0,0.0,0.0,0.0,0.0,0.2,8.5,28.0,586.0,0.5,6.1892691170257645,1.3175961132234897,0.34062103929024085,2.3711449091677226,1.9856358259400086,Recovery,Denial of Service,HULK (HTTP),Raspberry Pi 4B 4GB,nmon,1
14:31:07.000,0.0,0.2,0.0,1,0,100.8,2.0,0.0,0.0,0.0,0.0,-0.0,-0.0,-0.0,0.0,0.0,0.0,0.0,0.0,0.0,0.0,0.0,0.0,0.0,0.0,0.0,0.0,0.0,0.0,0.0,0.0,0.0,0.0,0.0,0.0,0.0,0.2,8.5,28.0,587.0,0.20000000000000284,6.183988170680177,1.3175961132234897,0.34062103929024085,2.3711449091677226,1.9803548795944235,Recovery,Denial of Service,HULK (HTTP),Raspberry Pi 4B 4GB,nmon,1
14:31:08.000,0.0,0.0,0.0,1,0,146.6,3.0,0.0,0.0,0.0,0.0,-0.0,-0.0,-0.0,0.0,0.0,0.0,0.0,0.0,0.0,1.0,0.0,2.0,0.0,0.0,0.0,71.8,0.0,71.8,7.2,0.0,7.2,10.0,0.0,10.0,0.0,0.2,8.5,28.0,588.0,0.0,6.181347697507389,1.3175961132234897,0.34062103929024085,2.3711449091677226,1.9856358259400086,Recovery,Denial of Service,HULK (HTTP),Raspberry Pi 4B 4GB,nmon,1
14:31:09.000,0.2,0.2,0.2,1,0,143.5,2.0,0.0,0.0,0.0,0.0,-0.0,-0.0,-0.0,0.0,0.0,0.0,0.0,0.0,0.0,0.0,0.0,0.0,0.0,0.0,0.0,43.8,0.0,43.8,11.0,0.0,11.0,4.0,0.0,4.0,0.0,0.2,8.5,28.0,589.0,0.7000000000000028,6.1892691170257645,1.3175961132234897,0.34062103929024085,2.3711449091677226,1.9856358259400086,Recovery,Denial of Service,HULK (HTTP),Raspberry Pi 4B 4GB,nmon,1
14:31:10.000,0.0,0.2,0.0,1,0,79.8,2.0,0.0,0.0,0.0,0.0,-0.0,-0.0,-0.0,0.0,0.0,0.0,0.0,0.0,0.0,0.0,0.0,0.0,0.0,0.0,0.0,0.0,0.0,0.0,0.0,0.0,0.0,0.0,0.0,0.0,0.0,0.2,8.5,28.0,590.0,0.20000000000000284,6.181347697507389,1.3175961132234897,0.34062103929024085,2.3711449091677226,1.9829953527672157,Recovery,Denial of Service,HULK (HTTP),Raspberry Pi 4B 4GB,nmon,1
14:31:11.000,0.2,0.0,0.0,1,0,95.8,2.0,0.0,0.0,0.0,0.0,-0.0,-0.0,-0.0,0.0,0.0,0.0,0.0,0.0,0.0,0.0,0.0,0.0,0.0,0.0,0.0,0.0,0.0,0.0,0.0,0.0,0.0,0.0,0.0,0.0,0.0,0.2,8.5,28.0,591.0,0.20000000000000284,6.1892691170257645,1.3175961132234897,0.34062103929024085,2.3711449091677226,1.9829953527672157,Recovery,Denial of Service,HULK (HTTP),Raspberry Pi 4B 4GB,nmon,1
14:31:12.000,0.0,0.2,0.0,1,0,88.8,2.0,0.0,0.0,0.0,0.0,-0.0,-0.0,-0.0,0.0,0.0,0.0,0.0,0.0,0.0,0.0,0.0,0.0,0.0,0.0,0.0,0.0,0.0,0.0,0.0,0.0,0.0,0.0,0.0,0.0,0.0,0.2,8.5,28.0,592.0,0.20000000000000284,6.1892691170257645,1.3175961132234897,0.34062103929024085,2.3711449091677226,1.9856358259400086,Recovery,Denial of Service,HULK (HTTP),Raspberry Pi 4B 4GB,nmon,1
14:31:13.000,0.2,0.5,0.0,1,0,166.6,9.0,0.0,0.0,0.0,0.0,-0.0,-0.0,-0.0,0.0,0.0,0.0,0.0,0.0,0.0,1.0,0.0,1.0,0.0,0.0,0.0,27.9,0.0,27.9,28.0,0.0,28.0,1.0,0.0,1.0,0.0,0.2,8.5,28.0,593.0,0.7999999999999972,6.1892691170257645,1.3175961132234897,0.34062103929024085,2.3711449091677226,1.9909167722855936,Recovery,Denial of Service,HULK (HTTP),Raspberry Pi 4B 4GB,nmon,1
14:31:14.000,0.0,0.2,0.2,1,0,137.1,2.0,0.0,0.0,0.0,0.0,-0.0,-0.0,-0.0,0.0,0.0,0.0,0.0,0.0,0.0,0.0,0.0,0.0,0.0,0.0,0.0,23.8,0.0,23.8,4.0,0.0,4.0,6.0,0.0,6.0,0.0,0.2,8.5,28.0,594.0,0.5,6.1892691170257645,1.3175961132234897,0.34062103929024085,2.3711449091677226,1.9829953527672157,Recovery,Denial of Service,HULK (HTTP),Raspberry Pi 4B 4GB,nmon,1
14:31:15.000,0.0,0.2,0.0,1,0,101.7,2.0,0.0,0.0,0.0,0.0,-0.0,-0.0,-0.0,0.0,0.0,0.0,0.0,0.0,0.0,0.0,0.0,0.0,0.0,0.0,0.0,0.0,0.0,0.0,0.0,0.0,0.0,0.0,0.0,0.0,0.0,0.2,8.5,28.0,595.0,0.20000000000000284,6.181347697507389,1.3175961132234897,0.34062103929024085,2.3711449091677226,1.9856358259400086,Recovery,Denial of Service,HULK (HTTP),Raspberry Pi 4B 4GB,nmon,1
14:31:16.000,0.2,0.2,0.0,1,0,85.8,2.0,0.0,0.0,0.0,0.0,-0.0,-0.0,-0.0,0.0,0.0,0.0,0.0,0.0,0.0,0.0,0.0,0.0,0.0,0.0,0.0,0.0,0.0,0.0,0.0,0.0,0.0,0.0,0.0,0.0,0.0,0.2,8.5,28.0,596.0,0.5,6.181347697507389,1.3175961132234897,0.34062103929024085,2.3711449091677226,1.9829953527672157,Recovery,Denial of Service,HULK (HTTP),Raspberry Pi 4B 4GB,nmon,1
14:31:17.000,0.0,0.0,0.0,1,0,90.8,2.0,0.0,0.0,0.0,0.0,-0.0,-0.0,-0.0,0.0,0.0,0.0,0.0,0.0,0.0,0.0,0.0,0.0,0.0,0.0,0.0,0.0,0.0,0.0,0.0,0.0,0.0,0.0,0.0,0.0,0.0,0.2,8.5,28.0,597.0,0.0,6.181347697507389,1.3175961132234897,0.34062103929024085,2.3711449091677226,1.9856358259400086,Recovery,Denial of Service,HULK (HTTP),Raspberry Pi 4B 4GB,nmon,1
14:31:18.000,0.0,0.2,0.0,1,0,128.7,3.0,0.0,0.0,0.0,0.0,-0.0,-0.0,-0.0,0.0,0.0,0.0,0.0,0.0,0.0,1.0,0.0,1.0,0.0,0.0,0.0,55.9,0.0,55.9,8.0,0.0,8.0,7.0,0.0,7.0,0.0,0.2,8.5,28.0,598.0,0.20000000000000284,6.181347697507389,1.3175961132234897,0.34062103929024085,2.3711449091677226,1.9829953527672157,Recovery,Denial of Service,HULK (HTTP),Raspberry Pi 4B 4GB,nmon,1
14:31:19.000,0.2,0.2,0.2,1,0,151.7,2.0,0.0,0.0,0.0,0.0,-0.0,-0.0,-0.0,0.0,0.0,0.0,0.0,0.0,0.0,1.0,0.0,1.0,0.0,0.0,0.0,47.9,0.0,47.9,9.6,0.0,9.6,5.0,0.0,5.0,0.0,0.2,8.5,28.0,599.0,0.7000000000000028,6.1892691170257645,1.3175961132234897,0.3432615124630334,2.3711449091677226,1.9856358259400086,Recovery,Denial of Service,HULK (HTTP),Raspberry Pi 4B 4GB,nmon,1
14:31:20.000,0.0,0.2,0.0,1,0,91.8,2.0,0.0,0.0,0.0,0.0,-0.0,-0.0,-0.0,0.0,0.0,0.0,0.0,0.0,0.0,0.0,0.0,0.0,0.0,0.0,0.0,0.0,0.0,0.0,0.0,0.0,0.0,0.0,0.0,0.0,0.0,0.2,8.5,28.0,600.0,0.20000000000000284,6.1892691170257645,1.3175961132234897,0.3432615124630334,2.3711449091677226,1.9856358259400086,Recovery,Denial of Service,HULK (HTTP),Raspberry Pi 4B 4GB,nmon,1
