Timestamp,CPU Usage User (%),CPU Usage System (%),CPU Usage Wait (%),CPU Usage Idle (%),Memory Total (Mo),Memory Free (Mo),Memory Cached (Mo),Memory Active (Mo),Memory Buffers (Mo),Memory Inactive (Mo),Swap Total (Mo),Swap Free (Mo),Processes Runnable,Processes Blocked,Process Switches,Process Forks,Process Execs,Network lo Received (Ko/s),Network eth0 Received (Ko/s),Network wlan0 Received (Ko/s),Network lo Sent (Ko/s),Network eth0 Sent (Ko/s),Network wlan0 Sent (Ko/s),Network Packet lo Received,Network Packet eth0 Received,Network Packet wlan0 Received,Network Packet lo Sent,Network Packet eth0 Sent,Network Packet wlan0 Sent,Disk mmcblk1 Usage (%),Disk mmcblk1p1 Usage (%),Disk mmcblk1p2 Usage (%),Disk mmcblk1 Read (Ko/s),Disk mmcblk1p1 Read (Ko/s),Disk mmcblk1p2 Read (Ko/s),Disk mmcblk1 Write (Ko/s),Disk mmcblk1p1 Write (Ko/s),Disk mmcblk1p2 Write (Ko/s),Disk mmcblk1 Block Size (Ko),Disk mmcblk1p1 Block Size (Ko),Disk mmcblk1p2 Block Size (Ko),Disk mmcblk1 Transfers,Disk mmcblk1p1 Transfers,Disk mmcblk1p2 Transfers,JFS dev Usage (%),JFS run Usage (%),JFS Usage (%),JFS boot/firmware Usage (%)
16:12:31.000,0.9,2.6,0.0,96.5,3787.2,3581.4,73.2,40.6,11.0,65.7,0.0,0.0,1,0,0.0,0.0,0.0,0.0,0.0,0.0,-0.0,-0.0,-0.0,0.0,0.0,0.0,0.0,0.0,0.0,0.0,0.0,0.0,0.0,0.0,0.0,0.0,0.0,0.0,0.0,0.0,0.0,0.0,0.0,0.0,0.0,0.2,5.5,28.0
16:12:32.000,0.0,0.2,0.0,99.8,3787.2,3581.4,73.2,40.6,11.0,65.7,0.0,0.0,1,0,40.9,0.0,0.0,0.0,0.0,0.0,-0.0,-0.0,-0.0,0.0,0.0,0.0,0.0,0.0,0.0,0.0,0.0,0.0,0.0,0.0,0.0,0.0,0.0,0.0,0.0,0.0,0.0,0.0,0.0,0.0,0.0,0.2,5.5,28.0
16:12:33.000,0.0,0.0,0.0,100.0,3787.2,3581.4,73.2,40.6,11.0,65.7,0.0,0.0,1,0,82.8,0.0,0.0,0.0,0.0,0.0,-0.0,-0.0,-0.0,0.0,0.0,0.0,0.0,0.0,0.0,1.0,0.0,0.0,0.0,0.0,0.0,31.9,0.0,31.9,16.0,0.0,16.0,2.0,0.0,2.0,0.0,0.2,5.5,28.0
16:12:34.000,0.0,0.0,0.0,100.0,3787.2,3581.4,73.2,40.6,11.0,65.7,0.0,0.0,1,0,39.9,0.0,0.0,0.0,0.0,0.0,-0.0,-0.0,-0.0,0.0,0.0,0.0,0.0,0.0,0.0,0.0,0.0,0.0,0.0,0.0,0.0,0.0,0.0,0.0,0.0,0.0,0.0,0.0,0.0,0.0,0.0,0.2,5.5,28.0
16:12:35.000,0.0,0.0,0.0,100.0,3787.2,3581.4,73.2,40.6,11.0,65.7,0.0,0.0,1,0,53.9,0.0,0.0,0.0,0.0,0.0,-0.0,-0.0,-0.0,0.0,0.0,0.0,0.0,0.0,0.0,0.0,0.0,0.0,0.0,0.0,0.0,0.0,0.0,0.0,0.0,0.0,0.0,0.0,0.0,0.0,0.0,0.2,5.5,28.0
16:12:36.000,0.2,0.0,0.0,99.8,3787.2,3581.4,73.2,40.6,11.0,65.7,0.0,0.0,1,0,51.9,0.0,0.0,0.0,0.0,0.0,-0.0,-0.0,-0.0,0.0,0.0,0.0,0.0,0.0,0.0,0.0,0.0,0.0,0.0,0.0,0.0,0.0,0.0,0.0,0.0,0.0,0.0,0.0,0.0,0.0,0.0,0.2,5.5,28.0
16:12:37.000,0.0,0.2,0.0,99.8,3787.2,3581.4,73.2,40.6,11.0,65.7,0.0,0.0,1,0,37.9,0.0,0.0,0.0,0.0,0.0,-0.0,-0.0,-0.0,0.0,0.0,0.0,0.0,0.0,0.0,0.0,0.0,0.0,0.0,0.0,0.0,0.0,0.0,0.0,0.0,0.0,0.0,0.0,0.0,0.0,0.0,0.2,5.5,28.0
16:12:38.000,0.0,0.0,0.2,99.8,3787.2,3581.4,73.2,40.6,11.0,65.7,0.0,0.0,1,0,55.9,0.0,0.0,0.0,0.0,0.0,-0.0,-0.0,-0.0,0.0,0.0,0.0,0.0,0.0,0.0,0.0,0.0,0.0,0.0,0.0,0.0,16.0,0.0,16.0,8.0,0.0,8.0,2.0,0.0,2.0,0.0,0.2,5.5,28.0
16:12:39.000,0.0,0.0,0.0,100.0,3787.2,3581.4,73.2,40.6,11.0,65.7,0.0,0.0,1,0,53.9,0.0,0.0,0.0,0.0,0.0,-0.0,-0.0,-0.0,0.0,0.0,0.0,0.0,0.0,0.0,0.0,0.0,0.0,0.0,0.0,0.0,0.0,0.0,0.0,0.0,0.0,0.0,0.0,0.0,0.0,0.0,0.2,5.5,28.0
16:12:40.000,0.2,0.0,0.0,99.8,3787.2,3581.4,73.2,40.6,11.0,65.7,0.0,0.0,1,0,75.8,0.0,0.0,0.0,0.0,0.0,-0.0,-0.0,-0.0,0.0,0.0,0.0,0.0,0.0,0.0,0.0,0.0,0.0,0.0,0.0,0.0,0.0,0.0,0.0,0.0,0.0,0.0,0.0,0.0,0.0,0.0,0.2,5.5,28.0
16:12:41.000,0.0,0.0,0.0,100.0,3787.2,3581.4,73.2,40.6,11.0,65.7,0.0,0.0,1,0,48.9,0.0,0.0,0.0,0.0,0.0,-0.0,-0.0,-0.0,0.0,0.0,0.0,0.0,0.0,0.0,0.0,0.0,0.0,0.0,0.0,0.0,0.0,0.0,0.0,0.0,0.0,0.0,0.0,0.0,0.0,0.0,0.2,5.5,28.0
16:12:42.000,0.0,0.0,0.0,100.0,3787.2,3581.4,73.2,40.6,11.0,65.7,0.0,0.0,1,0,38.9,0.0,0.0,0.0,0.0,0.0,-0.0,-0.0,-0.0,0.0,0.0,0.0,0.0,0.0,0.0,0.0,0.0,0.0,0.0,0.0,0.0,0.0,0.0,0.0,0.0,0.0,0.0,0.0,0.0,0.0,0.0,0.2,5.5,28.0
16:12:43.000,0.0,0.2,0.2,99.5,3787.2,3581.4,73.2,40.6,11.0,65.7,0.0,0.0,1,0,80.8,0.0,0.0,0.0,0.0,0.0,-0.0,-0.0,-0.0,0.0,0.0,0.0,0.0,0.0,0.0,0.0,0.0,1.0,0.0,0.0,0.0,16.0,0.0,16.0,8.0,0.0,8.0,2.0,0.0,2.0,0.0,0.2,5.5,28.0
16:12:44.000,0.0,0.0,0.0,100.0,3787.2,3581.4,73.2,40.6,11.0,65.7,0.0,0.0,1,0,44.9,0.0,0.0,0.0,0.0,0.0,-0.0,-0.0,-0.0,0.0,0.0,0.0,0.0,0.0,0.0,0.0,0.0,0.0,0.0,0.0,0.0,0.0,0.0,0.0,0.0,0.0,0.0,0.0,0.0,0.0,0.0,0.2,5.5,28.0
16:12:45.000,0.2,0.0,0.0,99.8,3787.2,3581.4,73.2,40.6,11.0,65.7,0.0,0.0,1,0,44.9,0.0,0.0,0.0,0.0,0.0,-0.0,-0.0,-0.0,0.0,0.0,0.0,0.0,0.0,0.0,0.0,0.0,0.0,0.0,0.0,0.0,0.0,0.0,0.0,0.0,0.0,0.0,0.0,0.0,0.0,0.0,0.2,5.5,28.0
16:12:46.000,0.0,0.0,0.0,100.0,3787.2,3581.4,73.2,40.6,11.0,65.7,0.0,0.0,1,0,38.9,0.0,0.0,0.0,0.0,0.0,-0.0,-0.0,-0.0,0.0,0.0,0.0,0.0,0.0,0.0,0.0,0.0,0.0,0.0,0.0,0.0,0.0,0.0,0.0,0.0,0.0,0.0,0.0,0.0,0.0,0.0,0.2,5.5,28.0
16:12:47.000,0.0,0.2,0.0,99.8,3787.2,3581.4,73.2,40.6,11.0,65.7,0.0,0.0,1,0,49.9,0.0,0.0,0.0,0.0,0.0,-0.0,-0.0,-0.0,0.0,0.0,0.0,0.0,0.0,0.0,0.0,0.0,0.0,0.0,0.0,0.0,0.0,0.0,0.0,0.0,0.0,0.0,0.0,0.0,0.0,0.0,0.2,5.5,28.0
16:12:48.000,0.0,0.0,0.0,100.0,3787.2,3581.4,73.2,40.6,11.1,65.7,0.0,0.0,1,0,66.9,0.0,0.0,0.0,0.0,0.0,-0.0,-0.0,-0.0,0.0,0.0,0.0,0.0,0.0,0.0,0.0,0.0,0.0,0.0,0.0,0.0,51.9,0.0,51.9,17.3,0.0,17.3,3.0,0.0,3.0,0.0,0.2,5.5,28.0
16:12:49.000,0.0,0.2,0.0,99.8,3787.2,3581.4,73.2,40.6,11.1,65.7,0.0,0.0,1,0,52.9,0.0,0.0,0.0,0.0,0.0,-0.0,-0.0,-0.0,0.0,0.0,0.0,0.0,0.0,0.0,0.0,0.0,0.0,0.0,0.0,0.0,0.0,0.0,0.0,0.0,0.0,0.0,0.0,0.0,0.0,0.0,0.2,5.5,28.0
16:12:50.000,0.0,0.0,0.0,100.0,3787.2,3581.4,73.2,40.6,11.1,65.7,0.0,0.0,1,0,42.9,0.0,0.0,0.0,0.0,0.0,-0.0,-0.0,-0.0,0.0,0.0,0.0,0.0,0.0,0.0,0.0,0.0,0.0,0.0,0.0,0.0,0.0,0.0,0.0,0.0,0.0,0.0,0.0,0.0,0.0,0.0,0.2,5.5,28.0
16:12:51.000,0.0,0.2,0.0,99.8,3787.2,3581.4,73.2,40.6,11.1,65.7,0.0,0.0,1,0,45.9,0.0,0.0,0.0,0.0,0.0,-0.0,-0.0,-0.0,0.0,0.0,0.0,0.0,0.0,0.0,0.0,0.0,0.0,0.0,0.0,0.0,0.0,0.0,0.0,0.0,0.0,0.0,0.0,0.0,0.0,0.0,0.2,5.5,28.0
16:12:52.000,0.2,0.0,0.0,99.8,3787.2,3581.4,73.2,40.6,11.1,65.7,0.0,0.0,1,0,39.9,0.0,0.0,0.0,0.0,0.0,-0.0,-0.0,-0.0,0.0,0.0,0.0,0.0,0.0,0.0,0.0,0.0,0.0,0.0,0.0,0.0,0.0,0.0,0.0,0.0,0.0,0.0,0.0,0.0,0.0,0.0,0.2,5.5,28.0
16:12:53.000,0.0,0.0,0.2,99.8,3787.2,3581.4,73.2,40.6,11.1,65.7,0.0,0.0,1,0,69.9,0.0,0.0,0.0,0.0,0.0,-0.0,-0.0,-0.0,0.0,0.0,0.0,0.0,0.0,0.0,1.0,0.0,0.0,0.0,0.0,0.0,16.0,0.0,16.0,8.0,0.0,8.0,2.0,0.0,2.0,0.0,0.2,5.5,28.0
16:12:54.000,0.0,0.0,0.0,100.0,3787.2,3581.4,73.2,40.6,11.1,65.7,0.0,0.0,1,0,61.9,0.0,0.0,0.0,0.0,0.0,-0.0,-0.0,-0.0,0.0,0.0,0.0,0.0,0.0,0.0,0.0,0.0,0.0,0.0,0.0,0.0,0.0,0.0,0.0,0.0,0.0,0.0,0.0,0.0,0.0,0.0,0.2,5.5,28.0
16:12:55.000,0.0,0.2,0.0,99.8,3787.2,3581.4,73.2,40.6,11.1,65.7,0.0,0.0,1,0,51.9,0.0,0.0,0.0,0.0,0.0,-0.0,-0.0,-0.0,0.0,0.0,0.0,0.0,0.0,0.0,0.0,0.0,0.0,0.0,0.0,0.0,0.0,0.0,0.0,0.0,0.0,0.0,0.0,0.0,0.0,0.0,0.2,5.5,28.0
16:12:56.000,0.0,0.0,0.0,100.0,3787.2,3581.4,73.2,40.6,11.1,65.7,0.0,0.0,1,0,47.9,0.0,0.0,0.0,0.0,0.0,-0.0,-0.0,-0.0,0.0,0.0,0.0,0.0,0.0,0.0,0.0,0.0,0.0,0.0,0.0,0.0,0.0,0.0,0.0,0.0,0.0,0.0,0.0,0.0,0.0,0.0,0.2,5.5,28.0
16:12:57.000,0.0,0.0,0.0,100.0,3787.2,3581.4,73.2,40.6,11.1,65.7,0.0,0.0,1,0,47.9,0.0,0.0,0.0,0.0,0.0,-0.0,-0.0,-0.0,0.0,0.0,0.0,0.0,0.0,0.0,0.0,0.0,0.0,0.0,0.0,0.0,0.0,0.0,0.0,0.0,0.0,0.0,0.0,0.0,0.0,0.0,0.2,5.5,28.0
16:12:58.000,0.0,0.2,0.0,99.8,3787.2,3581.4,73.2,40.6,11.1,65.7,0.0,0.0,1,0,59.9,0.0,0.0,0.0,0.0,0.0,-0.0,-0.0,-0.0,0.0,0.0,0.0,0.0,0.0,0.0,0.0,0.0,1.0,0.0,0.0,0.0,20.0,0.0,20.0,10.0,0.0,10.0,2.0,0.0,2.0,0.0,0.2,5.5,28.0
16:12:59.000,0.0,0.0,0.0,100.0,3787.2,3581.4,73.2,40.6,11.1,65.7,0.0,0.0,1,0,55.9,0.0,0.0,0.0,0.0,0.0,-0.0,-0.0,-0.0,0.0,0.0,0.0,0.0,0.0,0.0,0.0,0.0,0.0,0.0,0.0,0.0,0.0,0.0,0.0,0.0,0.0,0.0,0.0,0.0,0.0,0.0,0.2,5.5,28.0
16:13:00.000,0.0,0.0,0.0,100.0,3787.2,3581.4,73.2,40.6,11.1,65.7,0.0,0.0,1,0,41.9,0.0,0.0,0.0,0.0,0.0,-0.0,-0.0,-0.0,0.0,0.0,0.0,0.0,0.0,0.0,0.0,0.0,0.0,0.0,0.0,0.0,0.0,0.0,0.0,0.0,0.0,0.0,0.0,0.0,0.0,0.0,0.2,5.5,28.0
16:13:01.000,0.2,0.0,0.0,99.8,3787.2,3581.4,73.2,40.6,11.1,65.7,0.0,0.0,1,0,43.9,0.0,0.0,0.0,0.0,0.0,-0.0,-0.0,-0.0,0.0,0.0,0.0,0.0,0.0,0.0,0.0,0.0,0.0,0.0,0.0,0.0,0.0,0.0,0.0,0.0,0.0,0.0,0.0,0.0,0.0,0.0,0.2,5.5,28.0
16:13:02.000,0.0,0.0,0.0,100.0,3787.2,3581.4,73.2,40.6,11.1,65.7,0.0,0.0,1,0,39.9,0.0,0.0,0.0,0.0,0.0,-0.0,-0.0,-0.0,0.0,0.0,0.0,0.0,0.0,0.0,0.0,0.0,0.0,0.0,0.0,0.0,0.0,0.0,0.0,0.0,0.0,0.0,0.0,0.0,0.0,0.0,0.2,5.5,28.0
16:13:04.000,0.0,0.2,0.2,99.5,3787.2,3581.4,73.2,40.6,11.1,65.7,0.0,0.0,1,0,90.8,0.0,0.0,0.0,0.0,0.0,-0.0,-0.0,-0.0,0.0,0.0,0.0,0.0,0.0,0.0,1.0,0.0,0.0,0.0,0.0,0.0,75.8,0.0,75.8,25.3,0.0,25.3,3.0,0.0,3.0,0.0,0.2,5.5,28.0
16:13:05.000,0.2,0.0,0.0,99.8,3787.2,3581.4,73.2,40.6,11.1,65.7,0.0,0.0,1,0,87.8,0.0,0.0,0.0,0.0,0.0,-0.0,-0.0,-0.0,0.0,0.0,0.0,0.0,0.0,0.0,1.0,0.0,1.0,0.0,0.0,0.0,31.9,0.0,31.9,4.0,0.0,4.0,8.0,0.0,8.0,0.0,0.2,5.5,28.0
16:13:06.000,0.0,0.0,0.0,100.0,3787.2,3581.4,73.2,40.6,11.1,65.7,0.0,0.0,1,0,39.9,0.0,0.0,0.0,0.0,0.0,-0.0,-0.0,-0.0,0.0,0.0,0.0,0.0,0.0,0.0,0.0,0.0,0.0,0.0,0.0,0.0,0.0,0.0,0.0,0.0,0.0,0.0,0.0,0.0,0.0,0.0,0.2,5.5,28.0
16:13:07.000,0.0,0.0,0.0,100.0,3787.2,3581.4,73.2,40.6,11.1,65.7,0.0,0.0,1,0,39.9,0.0,0.0,0.0,0.0,0.0,-0.0,-0.0,-0.0,0.0,0.0,0.0,0.0,0.0,0.0,0.0,0.0,0.0,0.0,0.0,0.0,0.0,0.0,0.0,0.0,0.0,0.0,0.0,0.0,0.0,0.0,0.2,5.5,28.0
16:13:08.000,0.0,0.0,0.0,100.0,3787.2,3581.4,73.2,40.6,11.1,65.7,0.0,0.0,1,0,53.9,0.0,0.0,0.0,0.0,0.0,-0.0,-0.0,-0.0,0.0,0.0,0.0,0.0,0.0,0.0,0.0,0.0,0.0,0.0,0.0,0.0,0.0,0.0,0.0,0.0,0.0,0.0,0.0,0.0,0.0,0.0,0.2,5.5,28.0
16:13:09.000,0.0,0.2,0.2,99.5,3787.2,3581.4,73.2,40.6,11.1,65.7,0.0,0.0,1,0,57.9,0.0,0.0,0.0,0.0,0.0,-0.0,-0.0,-0.0,0.0,0.0,0.0,0.0,0.0,0.0,0.0,0.0,1.0,0.0,0.0,0.0,16.0,0.0,16.0,8.0,0.0,8.0,2.0,0.0,2.0,0.0,0.2,5.5,28.0
16:13:10.000,0.0,0.0,0.0,100.0,3787.2,3581.4,73.2,40.6,11.1,65.7,0.0,0.0,1,0,80.8,1.0,0.0,0.0,0.0,0.0,-0.0,-0.0,-0.0,0.0,0.0,0.0,0.0,0.0,0.0,0.0,0.0,0.0,0.0,0.0,0.0,0.0,0.0,0.0,0.0,0.0,0.0,0.0,0.0,0.0,0.0,0.2,5.5,28.0
16:13:11.000,0.2,0.0,0.0,99.8,3787.2,3581.4,73.2,40.6,11.1,65.7,0.0,0.0,1,0,50.9,0.0,0.0,0.0,0.0,0.0,-0.0,-0.0,-0.0,0.0,0.0,0.0,0.0,0.0,0.0,0.0,0.0,0.0,0.0,0.0,0.0,0.0,0.0,0.0,0.0,0.0,0.0,0.0,0.0,0.0,0.0,0.2,5.5,28.0
16:13:12.000,0.0,0.0,0.0,100.0,3787.2,3581.4,73.2,40.6,11.1,65.7,0.0,0.0,1,0,53.9,0.0,0.0,0.0,0.0,0.0,-0.0,-0.0,-0.0,0.0,0.0,0.0,0.0,0.0,0.0,0.0,0.0,0.0,0.0,0.0,0.0,0.0,0.0,0.0,0.0,0.0,0.0,0.0,0.0,0.0,0.0,0.2,5.5,28.0
16:13:13.000,0.0,0.0,0.0,100.0,3787.2,3581.4,73.2,40.6,11.1,65.7,0.0,0.0,1,0,35.9,0.0,0.0,0.0,0.0,0.0,-0.0,-0.0,-0.0,0.0,0.0,0.0,0.0,0.0,0.0,0.0,0.0,0.0,0.0,0.0,0.0,0.0,0.0,0.0,0.0,0.0,0.0,0.0,0.0,0.0,0.0,0.2,5.5,28.0
16:13:14.000,0.2,0.0,0.7,99.0,3787.2,3581.4,73.2,40.6,11.1,65.7,0.0,0.0,1,0,97.8,0.0,0.0,0.0,0.0,0.0,-0.0,-0.0,-0.0,0.0,0.0,0.0,0.0,0.0,0.0,3.0,0.0,2.0,0.0,0.0,0.0,63.9,0.0,63.9,12.8,0.0,12.8,5.0,0.0,5.0,0.0,0.2,5.5,28.0
16:13:15.000,0.0,0.2,0.0,99.8,3787.2,3581.4,73.2,40.6,11.1,65.7,0.0,0.0,1,0,61.9,0.0,0.0,0.0,0.0,0.0,-0.0,-0.0,-0.0,0.0,0.0,0.0,0.0,0.0,0.0,0.0,0.0,0.0,0.0,0.0,0.0,0.0,0.0,0.0,0.0,0.0,0.0,0.0,0.0,0.0,0.0,0.2,5.5,28.0
16:13:16.000,0.0,0.0,0.0,100.0,3787.2,3581.4,73.2,40.6,11.1,65.7,0.0,0.0,1,0,54.9,0.0,0.0,0.0,0.0,0.0,-0.0,-0.0,-0.0,0.0,0.0,0.0,0.0,0.0,0.0,0.0,0.0,0.0,0.0,0.0,0.0,0.0,0.0,0.0,0.0,0.0,0.0,0.0,0.0,0.0,0.0,0.2,5.5,28.0
16:13:17.000,0.0,0.0,0.0,100.0,3787.2,3581.4,73.2,40.6,11.1,65.7,0.0,0.0,1,0,45.9,0.0,0.0,0.0,0.0,0.0,-0.0,-0.0,-0.0,0.0,0.0,0.0,0.0,0.0,0.0,0.0,0.0,0.0,0.0,0.0,0.0,0.0,0.0,0.0,0.0,0.0,0.0,0.0,0.0,0.0,0.0,0.2,5.5,28.0
16:13:18.000,0.2,0.0,0.0,99.8,3787.2,3581.4,73.2,40.6,11.1,65.7,0.0,0.0,1,0,43.9,0.0,0.0,0.0,0.0,0.0,-0.0,-0.0,-0.0,0.0,0.0,0.0,0.0,0.0,0.0,0.0,0.0,0.0,0.0,0.0,0.0,0.0,0.0,0.0,0.0,0.0,0.0,0.0,0.0,0.0,0.0,0.2,5.5,28.0
16:13:19.000,0.0,0.0,0.8,99.2,3787.2,3581.4,73.2,40.6,11.1,65.7,0.0,0.0,1,0,100.8,1.0,0.0,0.0,0.0,0.0,-0.0,-0.0,-0.0,0.0,0.0,0.0,0.0,0.0,0.0,0.0,0.0,1.0,0.0,0.0,0.0,43.9,0.0,43.9,8.8,0.0,8.8,5.0,0.0,5.0,0.0,0.2,5.5,28.0
16:13:20.000,0.0,0.0,0.0,100.0,3787.2,3581.4,73.2,40.6,11.1,65.7,0.0,0.0,1,0,66.9,0.0,0.0,0.0,0.0,0.0,-0.0,-0.0,-0.0,0.0,0.0,0.0,0.0,0.0,0.0,0.0,0.0,0.0,0.0,0.0,0.0,0.0,0.0,0.0,0.0,0.0,0.0,0.0,0.0,0.0,0.0,0.2,5.5,28.0
16:13:21.000,0.0,0.2,0.0,99.8,3787.2,3581.4,73.2,40.6,11.1,65.7,0.0,0.0,1,0,39.9,0.0,0.0,0.0,0.0,0.0,-0.0,-0.0,-0.0,0.0,0.0,0.0,0.0,0.0,0.0,0.0,0.0,0.0,0.0,0.0,0.0,0.0,0.0,0.0,0.0,0.0,0.0,0.0,0.0,0.0,0.0,0.2,5.5,28.0
16:13:22.000,0.0,0.0,0.0,100.0,3787.2,3581.4,73.2,40.6,11.1,65.7,0.0,0.0,1,0,49.9,0.0,0.0,0.0,0.0,0.0,-0.0,-0.0,-0.0,0.0,0.0,0.0,0.0,0.0,0.0,0.0,0.0,0.0,0.0,0.0,0.0,0.0,0.0,0.0,0.0,0.0,0.0,0.0,0.0,0.0,0.0,0.2,5.5,28.0
16:13:23.000,0.0,0.0,0.0,100.0,3787.2,3581.4,73.2,40.6,11.1,65.7,0.0,0.0,1,0,99.8,0.0,0.0,0.0,0.0,0.1,-0.0,-0.0,-0.0,0.0,0.0,2.0,0.0,0.0,0.0,0.0,0.0,0.0,0.0,0.0,0.0,0.0,0.0,0.0,0.0,0.0,0.0,0.0,0.0,0.0,0.0,0.2,5.5,28.0
16:13:24.000,0.0,0.0,0.0,100.0,3787.2,3581.4,73.2,40.6,11.1,65.7,0.0,0.0,1,0,103.8,0.0,0.0,0.0,0.0,0.0,-0.0,-0.0,-0.1,0.0,0.0,0.0,0.0,0.0,1.0,1.0,0.0,0.0,0.0,0.0,0.0,27.9,0.0,27.9,14.0,0.0,14.0,2.0,0.0,2.0,0.0,0.2,5.5,28.0
16:13:25.000,0.0,0.2,0.0,99.8,3787.2,3581.4,73.2,40.6,11.1,65.7,0.0,0.0,1,0,77.8,0.0,0.0,0.0,0.0,0.0,-0.0,-0.0,-0.0,0.0,0.0,0.0,0.0,0.0,0.0,1.0,0.0,1.0,0.0,0.0,0.0,16.0,0.0,16.0,5.3,0.0,5.3,3.0,0.0,3.0,0.0,0.2,5.5,28.0
16:13:26.000,0.0,0.0,0.0,100.0,3787.2,3581.4,73.2,40.7,11.1,65.7,0.0,0.0,1,0,43.9,0.0,0.0,0.0,0.0,0.0,-0.0,-0.0,-0.0,0.0,0.0,0.0,0.0,0.0,0.0,0.0,0.0,0.0,0.0,0.0,0.0,0.0,0.0,0.0,0.0,0.0,0.0,0.0,0.0,0.0,0.0,0.2,5.5,28.0
16:13:27.000,0.0,0.2,0.0,99.8,3787.2,3581.4,73.2,40.7,11.1,65.7,0.0,0.0,1,0,42.9,0.0,0.0,0.0,0.0,0.0,-0.0,-0.0,-0.0,0.0,0.0,0.0,0.0,0.0,0.0,0.0,0.0,0.0,0.0,0.0,0.0,0.0,0.0,0.0,0.0,0.0,0.0,0.0,0.0,0.0,0.0,0.2,5.5,28.0
16:13:28.000,0.2,0.0,0.0,99.8,3787.2,3581.4,73.3,40.7,11.1,65.7,0.0,0.0,1,0,55.9,0.0,0.0,0.0,0.0,0.0,-0.0,-0.0,-0.0,0.0,0.0,0.0,0.0,0.0,0.0,0.0,0.0,0.0,0.0,0.0,0.0,0.0,0.0,0.0,0.0,0.0,0.0,0.0,0.0,0.0,0.0,0.2,5.5,28.0
16:13:29.000,0.0,0.0,0.2,99.8,3787.2,3581.4,73.2,40.7,11.1,65.7,0.0,0.0,1,0,55.9,0.0,0.0,0.0,0.0,0.0,-0.0,-0.0,-0.0,0.0,0.0,0.0,0.0,0.0,0.0,0.0,0.0,1.0,0.0,0.0,0.0,35.9,0.0,35.9,18.0,0.0,18.0,2.0,0.0,2.0,0.0,0.2,5.5,28.0
16:13:30.000,0.0,0.0,0.0,100.0,3787.2,3581.4,73.3,40.7,11.1,65.7,0.0,0.0,1,0,49.9,0.0,0.0,0.0,0.0,0.0,-0.0,-0.0,-0.0,0.0,0.0,0.0,0.0,0.0,0.0,0.0,0.0,0.0,0.0,0.0,0.0,0.0,0.0,0.0,0.0,0.0,0.0,0.0,0.0,0.0,0.0,0.2,5.5,28.0
16:13:31.000,0.0,0.0,0.0,100.0,3787.2,3581.4,73.3,40.7,11.1,65.7,0.0,0.0,1,0,61.9,0.0,0.0,0.0,0.0,0.0,-0.0,-0.0,-0.0,0.0,0.0,0.0,0.0,0.0,0.0,1.0,0.0,0.0,0.0,0.0,0.0,16.0,0.0,16.0,5.3,0.0,5.3,3.0,0.0,3.0,0.0,0.2,5.5,28.0
16:13:32.000,0.0,0.0,0.0,100.0,3787.2,3581.4,73.3,40.7,11.1,65.7,0.0,0.0,1,0,55.9,0.0,0.0,0.0,0.0,0.0,-0.0,-0.0,-0.0,0.0,0.0,0.0,0.0,0.0,0.0,0.0,0.0,0.0,0.0,0.0,0.0,0.0,0.0,0.0,0.0,0.0,0.0,0.0,0.0,0.0,0.0,0.2,5.5,28.0
16:13:33.000,0.0,0.2,0.0,99.8,3787.2,3581.4,73.3,40.7,11.1,65.7,0.0,0.0,1,0,39.9,0.0,0.0,0.0,0.0,0.0,-0.0,-0.0,-0.0,0.0,0.0,0.0,0.0,0.0,0.0,0.0,0.0,0.0,0.0,0.0,0.0,0.0,0.0,0.0,0.0,0.0,0.0,0.0,0.0,0.0,0.0,0.2,5.5,28.0
16:13:34.000,0.0,0.0,0.2,99.8,3787.2,3581.4,73.3,40.7,11.1,65.7,0.0,0.0,1,0,65.9,0.0,0.0,0.0,0.0,0.0,-0.0,-0.0,-0.0,0.0,0.0,0.0,0.0,0.0,0.0,0.0,0.0,1.0,0.0,0.0,0.0,35.9,0.0,35.9,18.0,0.0,18.0,2.0,0.0,2.0,0.0,0.2,5.5,28.0
16:13:35.000,0.0,0.0,0.0,100.0,3787.2,3581.4,73.3,40.7,11.1,65.8,0.0,0.0,1,0,57.9,0.0,0.0,0.0,0.0,0.0,-0.0,-0.0,-0.0,0.0,0.0,0.0,0.0,0.0,0.0,0.0,0.0,0.0,0.0,0.0,0.0,0.0,0.0,0.0,0.0,0.0,0.0,0.0,0.0,0.0,0.0,0.2,5.5,28.0
16:13:36.000,0.0,0.2,0.0,99.8,3787.2,3581.4,73.3,40.7,11.1,65.8,0.0,0.0,1,0,49.9,0.0,0.0,0.0,0.0,0.0,-0.0,-0.0,-0.0,0.0,0.0,0.0,0.0,0.0,0.0,0.0,0.0,0.0,0.0,0.0,0.0,0.0,0.0,0.0,0.0,0.0,0.0,0.0,0.0,0.0,0.0,0.2,5.5,28.0
16:13:37.000,0.2,0.0,0.0,99.8,3787.2,3581.4,73.3,40.7,11.1,65.8,0.0,0.0,1,0,61.9,0.0,0.0,0.0,0.0,0.0,-0.0,-0.0,-0.0,0.0,0.0,0.0,0.0,0.0,0.0,1.0,0.0,0.0,0.0,0.0,0.0,16.0,0.0,16.0,8.0,0.0,8.0,2.0,0.0,2.0,0.0,0.2,5.5,28.0
16:13:38.000,0.0,0.0,0.0,100.0,3787.2,3581.4,73.3,40.7,11.1,65.8,0.0,0.0,1,0,45.9,0.0,0.0,0.0,0.0,0.0,-0.0,-0.0,-0.0,0.0,0.0,0.0,0.0,0.0,0.0,0.0,0.0,0.0,0.0,0.0,0.0,0.0,0.0,0.0,0.0,0.0,0.0,0.0,0.0,0.0,0.0,0.2,5.5,28.0
16:13:39.000,0.0,0.0,0.2,99.8,3787.2,3581.4,73.3,40.7,11.1,65.8,0.0,0.0,1,0,45.9,0.0,0.0,0.0,0.0,0.0,-0.0,-0.0,-0.0,0.0,0.0,0.0,0.0,0.0,0.0,0.0,0.0,1.0,0.0,0.0,0.0,31.9,0.0,31.9,16.0,0.0,16.0,2.0,0.0,2.0,0.0,0.2,5.5,28.0
16:13:40.000,0.0,0.0,0.0,100.0,3787.2,3581.4,73.3,40.7,11.1,65.8,0.0,0.0,1,0,91.8,0.0,0.0,0.0,0.0,0.0,-0.0,-0.0,-0.0,0.0,0.0,0.0,0.0,0.0,0.0,1.0,0.0,0.0,0.0,0.0,0.0,31.9,0.0,31.9,5.3,0.0,5.3,6.0,0.0,6.0,0.0,0.2,5.5,28.0
16:13:41.000,0.2,0.0,0.0,99.8,3787.2,3581.4,73.3,40.7,11.1,65.8,0.0,0.0,1,0,39.9,0.0,0.0,0.0,0.0,0.0,-0.0,-0.0,-0.0,0.0,0.0,0.0,0.0,0.0,0.0,0.0,0.0,0.0,0.0,0.0,0.0,0.0,0.0,0.0,0.0,0.0,0.0,0.0,0.0,0.0,0.0,0.2,5.5,28.0
16:13:42.000,0.0,0.0,0.0,100.0,3787.2,3581.4,73.3,40.7,11.1,65.8,0.0,0.0,1,0,43.9,0.0,0.0,0.0,0.0,0.0,-0.0,-0.0,-0.0,0.0,0.0,0.0,0.0,0.0,0.0,0.0,0.0,0.0,0.0,0.0,0.0,0.0,0.0,0.0,0.0,0.0,0.0,0.0,0.0,0.0,0.0,0.2,5.5,28.0
16:13:43.000,0.0,0.2,0.0,99.8,3787.2,3581.4,73.3,40.7,11.1,65.8,0.0,0.0,1,0,53.9,0.0,0.0,0.0,0.0,0.0,-0.0,-0.0,-0.0,0.0,0.0,0.0,0.0,0.0,0.0,0.0,0.0,1.0,0.0,0.0,0.0,16.0,0.0,16.0,8.0,0.0,8.0,2.0,0.0,2.0,0.0,0.2,5.5,28.0
16:13:44.000,0.0,0.0,0.0,100.0,3787.2,3581.4,73.3,40.7,11.1,65.8,0.0,0.0,1,0,72.9,0.0,0.0,0.0,0.0,0.0,-0.0,-0.0,-0.0,0.0,0.0,0.0,0.0,0.0,0.0,1.0,0.0,0.0,0.0,0.0,0.0,31.9,0.0,31.9,16.0,0.0,16.0,2.0,0.0,2.0,0.0,0.2,5.5,28.0
16:13:45.000,0.0,0.2,0.0,99.8,3787.2,3581.4,73.3,40.7,11.1,65.8,0.0,0.0,1,0,51.9,0.0,0.0,0.0,0.0,0.0,-0.0,-0.0,-0.0,0.0,0.0,0.0,0.0,0.0,0.0,0.0,0.0,0.0,0.0,0.0,0.0,0.0,0.0,0.0,0.0,0.0,0.0,0.0,0.0,0.0,0.0,0.2,5.5,28.0
16:13:46.000,0.2,0.0,0.0,99.8,3787.2,3581.4,73.3,40.7,11.1,65.8,0.0,0.0,1,0,45.9,0.0,0.0,0.0,0.0,0.0,-0.0,-0.0,-0.0,0.0,0.0,0.0,0.0,0.0,0.0,0.0,0.0,0.0,0.0,0.0,0.0,0.0,0.0,0.0,0.0,0.0,0.0,0.0,0.0,0.0,0.0,0.2,5.5,28.0
16:13:47.000,0.0,0.0,0.0,100.0,3787.2,3581.4,73.3,40.7,11.1,65.8,0.0,0.0,1,0,41.9,0.0,0.0,0.0,0.0,0.0,-0.0,-0.0,-0.0,0.0,0.0,0.0,0.0,0.0,0.0,0.0,0.0,0.0,0.0,0.0,0.0,0.0,0.0,0.0,0.0,0.0,0.0,0.0,0.0,0.0,0.0,0.2,5.5,28.0
16:13:48.000,0.0,0.0,0.0,100.0,3787.2,3581.4,73.3,40.7,11.1,65.8,0.0,0.0,1,0,49.9,0.0,0.0,0.0,0.0,0.0,-0.0,-0.0,-0.0,0.0,0.0,0.0,0.0,0.0,0.0,0.0,0.0,0.0,0.0,0.0,0.0,0.0,0.0,0.0,0.0,0.0,0.0,0.0,0.0,0.0,0.0,0.2,5.5,28.0
16:13:49.000,0.0,0.0,0.2,99.8,3787.2,3581.4,73.3,40.7,11.1,65.8,0.0,0.0,1,0,75.8,0.0,0.0,0.0,0.0,0.0,-0.0,-0.0,-0.0,0.0,0.0,0.0,0.0,0.0,0.0,1.0,0.0,1.0,0.0,0.0,0.0,47.9,0.0,47.9,12.0,0.0,12.0,4.0,0.0,4.0,0.0,0.2,5.5,28.0
16:13:50.000,0.0,0.2,0.0,99.8,3787.2,3581.4,73.3,40.7,11.1,65.8,0.0,0.0,1,0,49.9,0.0,0.0,0.0,0.0,0.0,-0.0,-0.0,-0.0,0.0,0.0,0.0,0.0,0.0,0.0,0.0,0.0,0.0,0.0,0.0,0.0,0.0,0.0,0.0,0.0,0.0,0.0,0.0,0.0,0.0,0.0,0.2,5.5,28.0
16:13:51.000,0.2,0.0,0.0,99.8,3787.2,3581.4,73.3,40.7,11.1,65.8,0.0,0.0,1,0,41.9,0.0,0.0,0.0,0.0,0.0,-0.0,-0.0,-0.0,0.0,0.0,0.0,0.0,0.0,0.0,0.0,0.0,0.0,0.0,0.0,0.0,0.0,0.0,0.0,0.0,0.0,0.0,0.0,0.0,0.0,0.0,0.2,5.5,28.0
16:13:52.000,0.0,0.0,0.0,100.0,3787.2,3581.4,73.3,40.7,11.1,65.8,0.0,0.0,1,0,51.9,0.0,0.0,0.0,0.0,0.0,-0.0,-0.0,-0.0,0.0,0.0,0.0,0.0,0.0,0.0,0.0,0.0,0.0,0.0,0.0,0.0,0.0,0.0,0.0,0.0,0.0,0.0,0.0,0.0,0.0,0.0,0.2,5.5,28.0
16:13:53.000,0.0,0.2,0.0,99.8,3787.2,3581.4,73.3,40.7,11.1,65.8,0.0,0.0,1,0,41.9,0.0,0.0,0.0,0.0,0.0,-0.0,-0.0,-0.0,0.0,0.0,0.0,0.0,0.0,0.0,0.0,0.0,0.0,0.0,0.0,0.0,0.0,0.0,0.0,0.0,0.0,0.0,0.0,0.0,0.0,0.0,0.2,5.5,28.0
16:13:54.000,0.0,0.0,0.0,100.0,3787.2,3581.4,73.3,40.7,11.2,65.8,0.0,0.0,1,0,65.9,0.0,0.0,0.0,0.0,0.0,-0.0,-0.0,-0.0,0.0,0.0,0.0,0.0,0.0,0.0,0.0,0.0,1.0,0.0,0.0,0.0,16.0,0.0,16.0,8.0,0.0,8.0,2.0,0.0,2.0,0.0,0.2,5.5,28.0
16:13:55.000,0.0,0.0,0.0,100.0,3787.2,3581.4,73.3,40.7,11.2,65.8,0.0,0.0,1,0,72.8,0.0,0.0,0.0,0.0,0.0,-0.0,-0.0,-0.0,0.0,0.0,0.0,0.0,0.0,0.0,1.0,0.0,0.0,0.0,0.0,0.0,16.0,0.0,16.0,8.0,0.0,8.0,2.0,0.0,2.0,0.0,0.2,5.5,28.0
16:13:56.000,0.0,0.2,0.0,99.8,3787.2,3581.4,73.3,40.7,11.2,65.8,0.0,0.0,1,0,51.9,0.0,0.0,0.0,0.0,0.0,-0.0,-0.0,-0.0,0.0,0.0,0.0,0.0,0.0,0.0,0.0,0.0,0.0,0.0,0.0,0.0,0.0,0.0,0.0,0.0,0.0,0.0,0.0,0.0,0.0,0.0,0.2,5.5,28.0
16:13:57.000,0.0,0.0,0.0,100.0,3787.2,3581.4,73.3,40.7,11.2,65.8,0.0,0.0,1,0,41.9,0.0,0.0,0.0,0.0,0.0,-0.0,-0.0,-0.0,0.0,0.0,0.0,0.0,0.0,0.0,0.0,0.0,0.0,0.0,0.0,0.0,0.0,0.0,0.0,0.0,0.0,0.0,0.0,0.0,0.0,0.0,0.2,5.5,28.0
16:13:58.000,0.0,0.2,0.0,99.8,3787.2,3581.4,73.3,40.7,11.2,65.8,0.0,0.0,1,0,46.9,0.0,0.0,0.0,0.0,0.0,-0.0,-0.0,-0.0,0.0,0.0,0.0,0.0,0.0,0.0,0.0,0.0,0.0,0.0,0.0,0.0,0.0,0.0,0.0,0.0,0.0,0.0,0.0,0.0,0.0,0.0,0.2,5.5,28.0
16:13:59.000,0.0,0.0,0.2,99.8,3787.2,3581.4,73.3,40.7,11.2,65.8,0.0,0.0,1,0,55.9,0.0,0.0,0.0,0.0,0.0,-0.0,-0.0,-0.0,0.0,0.0,0.0,0.0,0.0,0.0,0.0,0.0,0.0,0.0,0.0,0.0,31.9,0.0,31.9,16.0,0.0,16.0,2.0,0.0,2.0,0.0,0.2,5.5,28.0
16:14:00.000,0.0,0.0,0.0,100.0,3787.2,3581.4,73.3,40.7,11.2,65.8,0.0,0.0,1,0,55.9,0.0,0.0,0.0,0.0,0.0,-0.0,-0.0,-0.0,0.0,0.0,0.0,0.0,0.0,0.0,0.0,0.0,0.0,0.0,0.0,0.0,0.0,0.0,0.0,0.0,0.0,0.0,0.0,0.0,0.0,0.0,0.2,5.5,28.0
16:14:01.000,0.0,0.0,0.0,100.0,3787.2,3581.4,73.3,40.7,11.2,65.8,0.0,0.0,1,0,60.9,0.0,0.0,0.0,0.0,0.0,-0.0,-0.0,-0.0,0.0,0.0,0.0,0.0,0.0,0.0,0.0,0.0,1.0,0.0,0.0,0.0,16.0,0.0,16.0,8.0,0.0,8.0,2.0,0.0,2.0,0.0,0.2,5.5,28.0
16:14:02.000,0.0,0.2,0.0,99.8,3787.2,3581.4,73.3,40.7,11.2,65.8,0.0,0.0,1,0,48.9,0.0,0.0,0.0,0.0,0.0,-0.0,-0.0,-0.0,0.0,0.0,0.0,0.0,0.0,0.0,0.0,0.0,0.0,0.0,0.0,0.0,0.0,0.0,0.0,0.0,0.0,0.0,0.0,0.0,0.0,0.0,0.2,5.5,28.0
16:14:03.000,0.0,0.0,0.0,100.0,3787.2,3581.4,73.3,40.7,11.2,65.8,0.0,0.0,1,0,43.9,0.0,0.0,0.0,0.0,0.0,-0.0,-0.0,-0.0,0.0,0.0,0.0,0.0,0.0,0.0,0.0,0.0,0.0,0.0,0.0,0.0,0.0,0.0,0.0,0.0,0.0,0.0,0.0,0.0,0.0,0.0,0.2,5.5,28.0
16:14:04.000,0.0,0.0,0.2,99.8,3787.2,3581.4,73.3,40.7,11.2,65.8,0.0,0.0,1,0,79.8,0.0,0.0,0.0,0.0,0.0,-0.0,-0.0,-0.0,0.0,0.0,0.0,0.0,0.0,0.0,1.0,0.0,0.0,0.0,0.0,0.0,35.9,0.0,35.9,18.0,0.0,18.0,2.0,0.0,2.0,0.0,0.2,5.5,28.0
16:14:05.000,0.0,0.0,0.0,100.0,3787.2,3581.4,73.3,40.7,11.2,65.8,0.0,0.0,1,0,44.9,0.0,0.0,0.0,0.0,0.0,-0.0,-0.0,-0.0,0.0,0.0,0.0,0.0,0.0,0.0,0.0,0.0,0.0,0.0,0.0,0.0,0.0,0.0,0.0,0.0,0.0,0.0,0.0,0.0,0.0,0.0,0.2,5.5,28.0
16:14:06.000,0.0,0.2,0.0,99.8,3787.2,3581.4,73.3,40.7,11.2,65.8,0.0,0.0,1,0,60.9,0.0,0.0,0.0,0.0,0.0,-0.0,-0.0,-0.0,0.0,0.0,0.0,0.0,0.0,0.0,0.0,0.0,0.0,0.0,0.0,0.0,0.0,0.0,0.0,0.0,0.0,0.0,0.0,0.0,0.0,0.0,0.2,5.5,28.0
16:14:07.000,0.0,0.0,0.0,100.0,3787.2,3581.4,73.3,40.7,11.2,65.8,0.0,0.0,1,0,67.9,0.0,0.0,0.0,0.0,0.0,-0.0,-0.0,-0.0,0.0,0.0,0.0,0.0,0.0,0.0,0.0,0.0,1.0,0.0,0.0,0.0,16.0,0.0,16.0,8.0,0.0,8.0,2.0,0.0,2.0,0.0,0.2,5.5,28.0
16:14:08.000,0.2,0.0,0.0,99.8,3787.2,3581.4,73.3,40.7,11.2,65.8,0.0,0.0,1,0,48.9,0.0,0.0,0.0,0.0,0.0,-0.0,-0.0,-0.0,0.0,0.0,0.0,0.0,0.0,0.0,0.0,0.0,0.0,0.0,0.0,0.0,0.0,0.0,0.0,0.0,0.0,0.0,0.0,0.0,0.0,0.0,0.2,5.5,28.0
16:14:09.000,0.0,0.0,0.2,99.8,3787.2,3581.4,73.3,40.7,11.2,65.8,0.0,0.0,1,0,62.9,0.0,0.0,0.0,0.0,0.0,-0.0,-0.0,-0.0,0.0,0.0,0.0,0.0,0.0,0.0,1.0,0.0,0.0,0.0,0.0,0.0,31.9,0.0,31.9,16.0,0.0,16.0,2.0,0.0,2.0,0.0,0.2,5.5,28.0
16:14:10.000,0.2,0.0,0.0,99.8,3787.2,3581.4,73.3,40.7,11.2,65.8,0.0,0.0,1,0,46.9,0.0,0.0,0.0,0.0,0.0,-0.0,-0.0,-0.0,0.0,0.0,0.0,0.0,0.0,0.0,0.0,0.0,0.0,0.0,0.0,0.0,0.0,0.0,0.0,0.0,0.0,0.0,0.0,0.0,0.0,0.0,0.2,5.5,28.0
16:14:11.000,0.0,0.0,0.0,100.0,3787.2,3581.4,73.3,40.7,11.2,65.8,0.0,0.0,1,0,51.9,0.0,0.0,0.0,0.0,0.0,-0.0,-0.0,-0.0,0.0,0.0,0.0,0.0,0.0,0.0,0.0,0.0,0.0,0.0,0.0,0.0,0.0,0.0,0.0,0.0,0.0,0.0,0.0,0.0,0.0,0.0,0.2,5.5,28.0
16:14:12.000,0.0,0.0,0.0,100.0,3787.2,3581.4,73.3,40.7,11.2,65.8,0.0,0.0,1,0,41.9,0.0,0.0,0.0,0.0,0.0,-0.0,-0.0,-0.0,0.0,0.0,0.0,0.0,0.0,0.0,0.0,0.0,0.0,0.0,0.0,0.0,0.0,0.0,0.0,0.0,0.0,0.0,0.0,0.0,0.0,0.0,0.2,5.5,28.0
16:14:13.000,0.0,0.0,0.0,100.0,3787.2,3581.4,73.3,40.7,11.2,65.8,0.0,0.0,1,0,53.9,0.0,0.0,0.0,0.0,0.0,-0.0,-0.0,-0.0,0.0,0.0,0.0,0.0,0.0,0.0,0.0,0.0,1.0,0.0,0.0,0.0,16.0,0.0,16.0,8.0,0.0,8.0,2.0,0.0,2.0,0.0,0.2,5.5,28.0
16:14:14.000,0.2,0.0,0.0,99.8,3787.2,3581.4,73.3,40.7,11.2,65.8,0.0,0.0,1,0,65.9,0.0,0.0,0.0,0.0,0.0,-0.0,-0.0,-0.0,0.0,0.0,0.0,0.0,0.0,0.0,1.0,0.0,0.0,0.0,0.0,0.0,31.9,0.0,31.9,16.0,0.0,16.0,2.0,0.0,2.0,0.0,0.2,5.5,28.0
16:14:15.000,0.0,0.2,0.0,99.8,3787.2,3581.4,73.3,40.7,11.2,65.8,0.0,0.0,1,0,75.8,0.0,0.0,0.0,0.0,0.0,-0.0,-0.0,-0.0,0.0,0.0,0.0,0.0,0.0,0.0,0.0,0.0,1.0,0.0,0.0,0.0,20.0,0.0,20.0,4.0,0.0,4.0,5.0,0.0,5.0,0.0,0.2,5.5,28.0
16:14:16.000,0.0,0.0,0.0,100.0,3787.2,3581.4,73.3,40.8,11.2,65.8,0.0,0.0,1,0,56.9,0.0,0.0,0.0,0.0,0.0,-0.0,-0.0,-0.0,0.0,0.0,0.0,0.0,0.0,0.0,0.0,0.0,0.0,0.0,0.0,0.0,0.0,0.0,0.0,0.0,0.0,0.0,0.0,0.0,0.0,0.0,0.2,5.5,28.0
16:14:17.000,0.0,0.2,0.0,99.8,3787.2,3581.4,73.3,40.8,11.2,65.8,0.0,0.0,1,0,41.9,0.0,0.0,0.0,0.0,0.0,-0.0,-0.0,-0.0,0.0,0.0,0.0,0.0,0.0,0.0,0.0,0.0,0.0,0.0,0.0,0.0,0.0,0.0,0.0,0.0,0.0,0.0,0.0,0.0,0.0,0.0,0.2,5.5,28.0
16:14:18.000,0.0,0.0,0.0,100.0,3787.2,3581.4,73.3,40.8,11.2,65.8,0.0,0.0,1,0,45.9,0.0,0.0,0.0,0.0,0.0,-0.0,-0.0,-0.0,0.0,0.0,0.0,0.0,0.0,0.0,0.0,0.0,0.0,0.0,0.0,0.0,0.0,0.0,0.0,0.0,0.0,0.0,0.0,0.0,0.0,0.0,0.2,5.5,28.0
16:14:19.000,0.0,0.0,0.2,99.8,3787.2,3581.4,73.3,40.8,11.2,65.8,0.0,0.0,1,0,84.8,0.0,0.0,0.0,0.0,0.0,-0.0,-0.0,-0.0,0.0,0.0,0.0,0.0,0.0,0.0,1.0,0.0,0.0,0.0,0.0,0.0,47.9,0.0,47.9,12.0,0.0,12.0,4.0,0.0,4.0,0.0,0.2,5.5,28.0
16:14:20.000,0.0,0.0,0.0,100.0,3787.2,3581.4,73.3,40.8,11.2,65.8,0.0,0.0,1,0,52.9,0.0,0.0,0.0,0.0,0.0,-0.0,-0.0,-0.0,0.0,0.0,0.0,0.0,0.0,0.0,0.0,0.0,0.0,0.0,0.0,0.0,0.0,0.0,0.0,0.0,0.0,0.0,0.0,0.0,0.0,0.0,0.2,5.5,28.0
16:14:21.000,0.0,0.2,0.0,99.8,3787.2,3581.4,73.3,40.8,11.2,65.8,0.0,0.0,1,0,37.9,0.0,0.0,0.0,0.0,0.0,-0.0,-0.0,-0.0,0.0,0.0,0.0,0.0,0.0,0.0,0.0,0.0,0.0,0.0,0.0,0.0,0.0,0.0,0.0,0.0,0.0,0.0,0.0,0.0,0.0,0.0,0.2,5.5,28.0
16:14:22.000,0.0,0.0,0.0,100.0,3787.2,3581.4,73.3,40.8,11.2,65.8,0.0,0.0,1,0,44.9,0.0,0.0,0.0,0.0,0.0,-0.0,-0.0,-0.0,0.0,0.0,0.0,0.0,0.0,0.0,0.0,0.0,0.0,0.0,0.0,0.0,0.0,0.0,0.0,0.0,0.0,0.0,0.0,0.0,0.0,0.0,0.2,5.5,28.0
16:14:23.000,0.0,0.2,0.0,99.8,3787.2,3581.4,73.3,40.8,11.2,65.8,0.0,0.0,1,0,106.8,1.0,0.0,0.0,0.0,0.0,-0.0,-0.0,-0.0,0.0,0.0,0.0,0.0,0.0,0.0,0.0,0.0,1.0,0.0,0.0,0.0,23.9,0.0,23.9,8.0,0.0,8.0,3.0,0.0,3.0,0.0,0.2,5.5,28.0
16:14:24.000,0.0,0.0,0.0,100.0,3787.2,3581.4,73.3,40.8,11.2,65.8,0.0,0.0,1,0,44.9,0.0,0.0,0.0,0.0,0.0,-0.0,-0.0,-0.0,0.0,0.0,0.0,0.0,0.0,0.0,0.0,0.0,0.0,0.0,0.0,0.0,0.0,0.0,0.0,0.0,0.0,0.0,0.0,0.0,0.0,0.0,0.2,5.5,28.0
16:14:25.000,0.2,0.0,0.0,99.8,3787.2,3581.4,73.3,40.8,11.2,65.8,0.0,0.0,1,0,69.9,0.0,0.0,0.0,0.0,0.0,-0.0,-0.0,-0.0,0.0,0.0,0.0,0.0,0.0,0.0,1.0,0.0,0.0,0.0,0.0,0.0,16.0,0.0,16.0,8.0,0.0,8.0,2.0,0.0,2.0,0.0,0.2,5.5,28.0
16:14:26.000,0.0,0.0,0.0,100.0,3787.2,3581.4,73.3,40.8,11.2,65.8,0.0,0.0,1,0,45.9,0.0,0.0,0.0,0.0,0.0,-0.0,-0.0,-0.0,0.0,0.0,0.0,0.0,0.0,0.0,0.0,0.0,0.0,0.0,0.0,0.0,0.0,0.0,0.0,0.0,0.0,0.0,0.0,0.0,0.0,0.0,0.2,5.5,28.0
16:14:27.000,0.0,0.0,0.0,100.0,3787.2,3581.4,73.3,40.8,11.2,65.8,0.0,0.0,1,0,52.9,0.0,0.0,0.0,0.0,0.0,-0.0,-0.0,-0.0,0.0,0.0,0.0,0.0,0.0,0.0,0.0,0.0,0.0,0.0,0.0,0.0,0.0,0.0,0.0,0.0,0.0,0.0,0.0,0.0,0.0,0.0,0.2,5.5,28.0
16:14:28.000,0.0,0.0,0.2,99.8,3787.2,3581.4,73.3,40.8,11.2,65.8,0.0,0.0,1,0,64.9,0.0,0.0,0.0,0.0,0.0,-0.0,-0.0,-0.0,0.0,0.0,0.0,0.0,0.0,0.0,1.0,0.0,1.0,0.0,0.0,0.0,31.9,0.0,31.9,16.0,0.0,16.0,2.0,0.0,2.0,0.0,0.2,5.5,28.0
16:14:29.000,0.0,0.0,0.0,100.0,3787.2,3581.4,73.3,40.8,11.2,65.8,0.0,0.0,1,0,39.9,0.0,0.0,0.0,0.0,0.0,-0.0,-0.0,-0.0,0.0,0.0,0.0,0.0,0.0,0.0,0.0,0.0,0.0,0.0,0.0,0.0,0.0,0.0,0.0,0.0,0.0,0.0,0.0,0.0,0.0,0.0,0.2,5.5,28.0
16:14:30.000,0.2,0.0,0.0,99.8,3787.2,3581.4,73.3,40.8,11.2,65.8,0.0,0.0,1,0,47.9,0.0,0.0,0.0,0.0,0.0,-0.0,-0.0,-0.0,0.0,0.0,0.0,0.0,0.0,0.0,0.0,0.0,0.0,0.0,0.0,0.0,0.0,0.0,0.0,0.0,0.0,0.0,0.0,0.0,0.0,0.0,0.2,5.5,28.0
16:14:31.000,0.0,0.0,0.0,100.0,3787.2,3581.4,73.3,40.8,11.2,65.8,0.0,0.0,1,0,60.9,0.0,0.0,0.0,0.0,0.0,-0.0,-0.0,-0.0,0.0,0.0,0.0,0.0,0.0,0.0,0.0,0.0,0.0,0.0,0.0,0.0,16.0,0.0,16.0,8.0,0.0,8.0,2.0,0.0,2.0,0.0,0.2,5.5,28.0
16:14:32.000,0.2,0.0,0.0,99.8,3787.2,3581.4,73.3,40.8,11.2,65.8,0.0,0.0,1,0,51.9,0.0,0.0,0.0,0.0,0.0,-0.0,-0.0,-0.0,0.0,0.0,0.0,0.0,0.0,0.0,0.0,0.0,0.0,0.0,0.0,0.0,0.0,0.0,0.0,0.0,0.0,0.0,0.0,0.0,0.0,0.0,0.2,5.5,28.0
16:14:33.000,0.0,0.0,0.2,99.8,3787.2,3581.4,73.3,40.8,11.2,65.8,0.0,0.0,1,0,61.9,0.0,0.0,0.0,0.0,0.0,-0.0,-0.0,-0.0,0.0,0.0,0.0,0.0,0.0,0.0,0.0,0.0,1.0,0.0,0.0,0.0,31.9,0.0,31.9,16.0,0.0,16.0,2.0,0.0,2.0,0.0,0.2,5.5,28.0
16:14:34.000,0.0,0.0,0.0,100.0,3787.2,3581.4,73.3,40.8,11.2,65.8,0.0,0.0,1,0,41.9,0.0,0.0,0.0,0.0,0.0,-0.0,-0.0,-0.0,0.0,0.0,0.0,0.0,0.0,0.0,0.0,0.0,0.0,0.0,0.0,0.0,0.0,0.0,0.0,0.0,0.0,0.0,0.0,0.0,0.0,0.0,0.2,5.5,28.0
16:14:35.000,0.2,0.2,0.0,99.5,3787.2,3581.4,73.3,40.8,11.2,65.8,0.0,0.0,1,0,87.8,0.0,0.0,0.0,0.0,0.0,-0.0,-0.0,-0.0,0.0,0.0,0.0,0.0,0.0,0.0,1.0,0.0,0.0,0.0,0.0,0.0,24.0,0.0,24.0,8.0,0.0,8.0,3.0,0.0,3.0,0.0,0.2,5.5,28.0
16:14:36.000,0.0,0.0,0.0,100.0,3787.2,3581.4,73.5,40.8,11.2,65.9,0.0,0.0,1,0,66.9,0.0,0.0,0.0,0.0,0.0,-0.0,-0.0,-0.0,0.0,0.0,0.0,0.0,0.0,0.0,0.0,0.0,0.0,0.0,0.0,0.0,0.0,0.0,0.0,0.0,0.0,0.0,0.0,0.0,0.0,0.0,0.2,5.5,28.0
16:14:37.000,0.2,0.0,0.0,99.8,3787.2,3581.4,73.5,40.8,11.2,66.0,0.0,0.0,1,0,65.9,0.0,0.0,0.0,0.0,0.0,-0.0,-0.0,-0.0,0.0,0.0,0.0,0.0,0.0,0.0,0.0,0.0,1.0,0.0,0.0,0.0,16.0,0.0,16.0,8.0,0.0,8.0,2.0,0.0,2.0,0.0,0.2,5.5,28.0
16:14:38.000,0.0,0.2,0.2,99.5,3787.2,3581.4,73.5,40.8,11.2,66.0,0.0,0.0,1,0,140.7,1.0,0.0,0.0,0.0,0.0,-0.0,-0.0,-0.0,0.0,0.0,0.0,0.0,0.0,0.0,2.0,0.0,2.0,0.0,0.0,0.0,99.8,0.0,99.8,6.7,0.0,6.7,15.0,0.0,15.0,0.0,0.2,5.5,28.0
16:14:39.000,0.0,0.0,0.0,100.0,3787.2,3581.4,73.5,40.8,11.2,66.0,0.0,0.0,1,0,50.9,0.0,0.0,0.0,0.0,0.0,-0.0,-0.0,-0.0,0.0,0.0,0.0,0.0,0.0,0.0,0.0,0.0,0.0,0.0,0.0,0.0,0.0,0.0,0.0,0.0,0.0,0.0,0.0,0.0,0.0,0.0,0.2,5.5,28.0
16:14:40.000,0.0,0.0,0.2,99.8,3787.2,3581.4,73.5,40.8,11.2,66.0,0.0,0.0,1,0,60.9,0.0,0.0,0.0,0.0,0.0,-0.0,-0.0,-0.0,0.0,0.0,0.0,0.0,0.0,0.0,0.0,0.0,0.0,0.0,0.0,0.0,39.9,0.0,39.9,20.0,0.0,20.0,2.0,0.0,2.0,0.0,0.2,5.5,28.0
16:14:41.000,0.0,0.0,0.0,100.0,3787.2,3581.4,73.5,40.8,11.2,66.0,0.0,0.0,1,0,47.9,0.0,0.0,0.0,0.0,0.0,-0.0,-0.0,-0.0,0.0,0.0,0.0,0.0,0.0,0.0,0.0,0.0,0.0,0.0,0.0,0.0,0.0,0.0,0.0,0.0,0.0,0.0,0.0,0.0,0.0,0.0,0.2,5.5,28.0
16:14:42.000,0.0,0.0,0.0,100.0,3787.2,3581.4,73.5,40.8,11.2,66.0,0.0,0.0,1,0,45.9,0.0,0.0,0.0,0.0,0.0,-0.0,-0.0,-0.0,0.0,0.0,0.0,0.0,0.0,0.0,0.0,0.0,0.0,0.0,0.0,0.0,0.0,0.0,0.0,0.0,0.0,0.0,0.0,0.0,0.0,0.0,0.2,5.5,28.0
16:14:43.000,0.0,0.2,0.0,99.8,3787.2,3581.4,73.5,40.8,11.2,66.0,0.0,0.0,1,0,64.9,0.0,0.0,0.0,0.0,0.0,-0.0,-0.0,-0.0,0.0,0.0,0.0,0.0,0.0,0.0,1.0,0.0,0.0,0.0,0.0,0.0,16.0,0.0,16.0,8.0,0.0,8.0,2.0,0.0,2.0,0.0,0.2,5.5,28.0
16:14:44.000,0.0,0.2,0.0,99.8,3787.2,3581.4,73.5,40.8,11.2,66.0,0.0,0.0,1,0,64.9,0.0,0.0,0.0,0.0,0.0,-0.0,-0.0,-0.0,0.0,0.0,0.0,0.0,0.0,0.0,0.0,0.0,0.0,0.0,0.0,0.0,0.0,0.0,0.0,0.0,0.0,0.0,0.0,0.0,0.0,0.0,0.2,5.5,28.0
16:14:45.000,0.0,0.0,0.2,99.8,3787.2,3581.4,73.5,40.8,11.2,66.0,0.0,0.0,1,0,61.9,0.0,0.0,0.0,0.0,0.0,-0.0,-0.0,-0.0,0.0,0.0,0.0,0.0,0.0,0.0,0.0,0.0,1.0,0.0,0.0,0.0,39.9,0.0,39.9,20.0,0.0,20.0,2.0,0.0,2.0,0.0,0.2,5.5,28.0
16:14:46.000,0.2,0.0,0.0,99.8,3787.2,3581.4,73.5,40.8,11.2,66.0,0.0,0.0,1,0,53.9,0.0,0.0,0.0,0.0,0.0,-0.0,-0.0,-0.0,0.0,0.0,0.0,0.0,0.0,0.0,0.0,0.0,0.0,0.0,0.0,0.0,0.0,0.0,0.0,0.0,0.0,0.0,0.0,0.0,0.0,0.0,0.2,5.5,28.0
16:14:47.000,0.0,0.0,0.0,100.0,3787.2,3581.4,73.5,40.8,11.2,66.0,0.0,0.0,1,0,62.9,0.0,0.0,0.0,0.0,0.0,-0.0,-0.0,-0.0,0.0,0.0,0.0,0.0,0.0,0.0,0.0,0.0,0.0,0.0,0.0,0.0,0.0,0.0,0.0,0.0,0.0,0.0,0.0,0.0,0.0,0.0,0.2,5.5,28.0
16:14:48.000,0.0,0.2,0.0,99.8,3787.2,3581.4,73.5,40.8,11.2,66.0,0.0,0.0,1,0,40.9,0.0,0.0,0.0,0.0,0.0,-0.0,-0.0,-0.0,0.0,0.0,0.0,0.0,0.0,0.0,0.0,0.0,0.0,0.0,0.0,0.0,0.0,0.0,0.0,0.0,0.0,0.0,0.0,0.0,0.0,0.0,0.2,5.5,28.0
16:14:49.000,0.0,0.0,0.0,100.0,3787.2,3581.4,73.5,40.8,11.2,66.0,0.0,0.0,1,0,60.9,0.0,0.0,0.0,0.0,0.0,-0.0,-0.0,-0.0,0.0,0.0,0.0,0.0,0.0,0.0,1.0,0.0,1.0,0.0,0.0,0.0,16.0,0.0,16.0,8.0,0.0,8.0,2.0,0.0,2.0,0.0,0.2,5.5,28.0
16:14:50.000,0.2,0.2,0.0,99.5,3787.2,3581.4,73.5,40.8,11.2,66.0,0.0,0.0,1,0,81.8,0.0,0.0,0.0,0.0,0.0,-0.0,-0.0,-0.0,0.0,0.0,0.0,0.0,0.0,0.0,1.0,0.0,0.0,0.0,0.0,0.0,39.9,0.0,39.9,10.0,0.0,10.0,4.0,0.0,4.0,0.0,0.2,5.5,28.0
16:14:51.000,0.0,0.0,0.0,100.0,3787.2,3581.4,73.5,40.8,11.2,66.0,0.0,0.0,1,0,50.9,0.0,0.0,0.0,0.0,0.0,-0.0,-0.0,-0.0,0.0,0.0,0.0,0.0,0.0,0.0,0.0,0.0,0.0,0.0,0.0,0.0,0.0,0.0,0.0,0.0,0.0,0.0,0.0,0.0,0.0,0.0,0.2,5.5,28.0
16:14:52.000,0.0,0.0,0.0,100.0,3787.2,3581.4,73.5,40.8,11.2,66.0,0.0,0.0,1,0,48.9,0.0,0.0,0.0,0.0,0.0,-0.0,-0.0,-0.0,0.0,0.0,0.0,0.0,0.0,0.0,0.0,0.0,0.0,0.0,0.0,0.0,0.0,0.0,0.0,0.0,0.0,0.0,0.0,0.0,0.0,0.0,0.2,5.5,28.0
16:14:53.000,0.0,0.0,0.0,100.0,3787.2,3581.4,73.5,40.8,11.2,66.0,0.0,0.0,1,0,47.9,0.0,0.0,0.0,0.0,0.0,-0.0,-0.0,-0.0,0.0,0.0,0.0,0.0,0.0,0.0,0.0,0.0,0.0,0.0,0.0,0.0,0.0,0.0,0.0,0.0,0.0,0.0,0.0,0.0,0.0,0.0,0.2,5.5,28.0
16:14:54.000,0.2,0.0,0.0,99.8,3787.2,3581.4,73.5,40.8,11.2,66.0,0.0,0.0,1,0,48.9,0.0,0.0,0.0,0.0,0.0,-0.0,-0.0,-0.0,0.0,0.0,0.0,0.0,0.0,0.0,0.0,0.0,0.0,0.0,0.0,0.0,0.0,0.0,0.0,0.0,0.0,0.0,0.0,0.0,0.0,0.0,0.2,5.5,28.0
16:14:55.000,0.0,0.0,0.2,99.8,3787.2,3581.4,73.5,40.8,11.3,66.0,0.0,0.0,1,0,88.8,0.0,0.0,0.0,0.0,0.0,-0.0,-0.0,-0.0,0.0,0.0,0.0,0.0,0.0,0.0,1.0,0.0,2.0,0.0,0.0,0.0,55.9,0.0,55.9,14.0,0.0,14.0,4.0,0.0,4.0,0.0,0.2,5.5,28.0
16:14:56.000,0.2,0.0,0.0,99.8,3787.2,3581.4,73.5,40.8,11.3,66.0,0.0,0.0,1,0,49.9,0.0,0.0,0.0,0.0,0.0,-0.0,-0.0,-0.0,0.0,0.0,0.0,0.0,0.0,0.0,0.0,0.0,0.0,0.0,0.0,0.0,0.0,0.0,0.0,0.0,0.0,0.0,0.0,0.0,0.0,0.0,0.2,5.5,28.0
16:14:57.000,0.0,0.0,0.0,100.0,3787.2,3581.4,73.5,40.8,11.3,66.0,0.0,0.0,1,0,52.9,0.0,0.0,0.0,0.0,0.0,-0.0,-0.0,-0.0,0.0,0.0,0.0,0.0,0.0,0.0,0.0,0.0,0.0,0.0,0.0,0.0,0.0,0.0,0.0,0.0,0.0,0.0,0.0,0.0,0.0,0.0,0.2,5.5,28.0
16:14:58.000,0.0,0.0,0.0,100.0,3787.2,3581.4,73.5,40.8,11.3,66.0,0.0,0.0,1,0,37.9,0.0,0.0,0.0,0.0,0.0,-0.0,-0.0,-0.0,0.0,0.0,0.0,0.0,0.0,0.0,0.0,0.0,0.0,0.0,0.0,0.0,0.0,0.0,0.0,0.0,0.0,0.0,0.0,0.0,0.0,0.0,0.2,5.5,28.0
16:14:59.000,0.0,0.0,0.0,100.0,3787.2,3581.4,73.5,40.8,11.3,66.0,0.0,0.0,1,0,49.9,0.0,0.0,0.0,0.0,0.0,-0.0,-0.0,-0.0,0.0,0.0,0.0,0.0,0.0,0.0,0.0,0.0,0.0,0.0,0.0,0.0,0.0,0.0,0.0,0.0,0.0,0.0,0.0,0.0,0.0,0.0,0.2,5.5,28.0
16:15:00.000,0.2,0.2,0.2,99.3,3787.2,3581.4,73.5,40.8,11.3,66.0,0.0,0.0,1,0,61.9,0.0,0.0,0.0,0.0,0.0,-0.0,-0.0,-0.0,0.0,0.0,0.0,0.0,0.0,0.0,0.0,0.0,0.0,0.0,0.0,0.0,16.0,0.0,16.0,8.0,0.0,8.0,2.0,0.0,2.0,0.0,0.2,5.5,28.0
16:15:01.000,0.0,0.0,0.0,100.0,3787.2,3581.4,73.5,40.8,11.3,66.0,0.0,0.0,1,0,66.9,0.0,0.0,0.0,0.0,0.0,-0.0,-0.0,-0.0,0.0,0.0,0.0,0.0,0.0,0.0,1.0,0.0,0.0,0.0,0.0,0.0,16.0,0.0,16.0,8.0,0.0,8.0,2.0,0.0,2.0,0.0,0.2,5.5,28.0
16:15:02.000,0.0,0.0,0.0,100.0,3787.2,3581.4,73.5,40.8,11.3,66.0,0.0,0.0,1,0,49.9,0.0,0.0,0.0,0.0,0.0,-0.0,-0.0,-0.0,0.0,0.0,0.0,0.0,0.0,0.0,0.0,0.0,0.0,0.0,0.0,0.0,0.0,0.0,0.0,0.0,0.0,0.0,0.0,0.0,0.0,0.0,0.2,5.5,28.0
16:15:03.000,0.2,0.2,0.0,99.5,3787.2,3581.4,73.5,40.8,11.3,66.0,0.0,0.0,1,0,49.9,0.0,0.0,0.0,0.0,0.0,-0.0,-0.0,-0.0,0.0,0.0,0.0,0.0,0.0,0.0,0.0,0.0,0.0,0.0,0.0,0.0,0.0,0.0,0.0,0.0,0.0,0.0,0.0,0.0,0.0,0.0,0.2,5.5,28.0
16:15:04.000,0.0,0.0,0.0,100.0,3787.2,3581.4,73.5,40.8,11.3,66.0,0.0,0.0,1,0,53.9,0.0,0.0,0.0,0.0,0.0,-0.0,-0.0,-0.0,0.0,0.0,0.0,0.0,0.0,0.0,0.0,0.0,0.0,0.0,0.0,0.0,0.0,0.0,0.0,0.0,0.0,0.0,0.0,0.0,0.0,0.0,0.2,5.5,28.0
16:15:05.000,0.0,0.0,0.0,100.0,3787.2,3581.4,73.5,40.8,11.3,66.0,0.0,0.0,1,0,55.9,0.0,0.0,0.0,0.0,0.0,-0.0,-0.0,-0.0,0.0,0.0,0.0,0.0,0.0,0.0,0.0,0.0,1.0,0.0,0.0,0.0,31.9,0.0,31.9,16.0,0.0,16.0,2.0,0.0,2.0,0.0,0.2,5.5,28.0
16:15:06.000,0.0,0.0,0.0,100.0,3787.2,3581.4,73.5,40.8,11.3,66.0,0.0,0.0,1,0,45.9,0.0,0.0,0.0,0.0,0.0,-0.0,-0.0,-0.0,0.0,0.0,0.0,0.0,0.0,0.0,0.0,0.0,0.0,0.0,0.0,0.0,0.0,0.0,0.0,0.0,0.0,0.0,0.0,0.0,0.0,0.0,0.2,5.5,28.0
16:15:07.000,0.0,0.0,0.0,100.0,3787.2,3581.4,73.5,40.8,11.3,66.0,0.0,0.0,1,0,87.8,0.0,0.0,0.0,0.0,0.0,-0.0,-0.0,-0.0,0.0,0.0,0.0,0.0,0.0,0.0,1.0,0.0,1.0,0.0,0.0,0.0,16.0,0.0,16.0,5.3,0.0,5.3,3.0,0.0,3.0,0.0,0.2,5.5,28.0
16:15:08.000,0.0,0.2,0.0,99.8,3787.2,3581.4,73.5,40.8,11.3,66.0,0.0,0.0,1,0,40.9,0.0,0.0,0.0,0.0,0.0,-0.0,-0.0,-0.0,0.0,0.0,0.0,0.0,0.0,0.0,0.0,0.0,0.0,0.0,0.0,0.0,0.0,0.0,0.0,0.0,0.0,0.0,0.0,0.0,0.0,0.0,0.2,5.5,28.0
16:15:09.000,0.0,0.0,0.0,100.0,3787.2,3581.4,73.5,40.8,11.3,66.0,0.0,0.0,1,0,41.9,0.0,0.0,0.0,0.0,0.0,-0.0,-0.0,-0.0,0.0,0.0,0.0,0.0,0.0,0.0,0.0,0.0,0.0,0.0,0.0,0.0,0.0,0.0,0.0,0.0,0.0,0.0,0.0,0.0,0.0,0.0,0.2,5.5,28.0
16:15:10.000,0.0,0.2,0.2,99.5,3787.2,3581.4,73.5,40.8,11.3,66.0,0.0,0.0,1,0,62.9,0.0,0.0,0.0,0.0,0.0,-0.0,-0.0,-0.0,0.0,0.0,0.0,0.0,0.0,0.0,0.0,0.0,0.0,0.0,0.0,0.0,31.9,0.0,31.9,16.0,0.0,16.0,2.0,0.0,2.0,0.0,0.2,5.5,28.0
16:15:11.000,0.0,0.0,0.0,100.0,3787.2,3581.4,73.5,40.8,11.3,66.0,0.0,0.0,1,0,49.9,0.0,0.0,0.0,0.0,0.0,-0.0,-0.0,-0.0,0.0,0.0,0.0,0.0,0.0,0.0,0.0,0.0,0.0,0.0,0.0,0.0,0.0,0.0,0.0,0.0,0.0,0.0,0.0,0.0,0.0,0.0,0.2,5.5,28.0
16:15:12.000,0.0,0.2,0.0,99.8,3787.2,3581.4,73.5,40.8,11.3,66.0,0.0,0.0,1,0,44.9,0.0,0.0,0.0,0.0,0.0,-0.0,-0.0,-0.0,0.0,0.0,0.0,0.0,0.0,0.0,0.0,0.0,0.0,0.0,0.0,0.0,0.0,0.0,0.0,0.0,0.0,0.0,0.0,0.0,0.0,0.0,0.2,5.5,28.0
16:15:13.000,0.2,0.0,0.0,99.8,3787.2,3581.4,73.5,40.8,11.3,66.0,0.0,0.0,1,0,56.9,0.0,0.0,0.0,0.0,0.0,-0.0,-0.0,-0.0,0.0,0.0,0.0,0.0,0.0,0.0,1.0,0.0,0.0,0.0,0.0,0.0,16.0,0.0,16.0,8.0,0.0,8.0,2.0,0.0,2.0,0.0,0.2,5.5,28.0
16:15:14.000,0.0,0.0,0.3,99.7,3787.2,3581.4,73.5,40.8,11.3,66.0,0.0,0.0,1,0,181.6,1.0,0.0,0.0,0.0,0.0,-0.0,-0.0,-0.0,0.0,0.0,0.0,0.0,0.0,0.0,2.0,0.0,3.0,0.0,0.0,0.0,127.7,0.0,127.7,6.7,0.0,6.7,19.0,0.0,19.0,0.0,0.2,5.5,28.0
16:15:15.000,0.0,0.2,0.2,99.5,3787.2,3581.4,73.5,40.8,11.3,66.0,0.0,0.0,1,0,71.8,0.0,0.0,0.0,0.0,0.0,-0.0,-0.0,-0.0,0.0,0.0,0.0,0.0,0.0,0.0,1.0,0.0,1.0,0.0,0.0,0.0,43.9,0.0,43.9,22.0,0.0,22.0,2.0,0.0,2.0,0.0,0.2,5.5,28.0
16:15:16.000,0.0,0.0,0.0,100.0,3787.2,3581.4,73.5,40.8,11.3,66.0,0.0,0.0,1,0,52.9,0.0,0.0,0.0,0.0,0.0,-0.0,-0.0,-0.0,0.0,0.0,0.0,0.0,0.0,0.0,0.0,0.0,0.0,0.0,0.0,0.0,0.0,0.0,0.0,0.0,0.0,0.0,0.0,0.0,0.0,0.0,0.2,5.5,28.0
16:15:17.000,0.0,0.0,0.0,100.0,3787.2,3581.4,73.5,40.8,11.3,66.0,0.0,0.0,1,0,47.9,0.0,0.0,0.0,0.0,0.0,-0.0,-0.0,-0.0,0.0,0.0,0.0,0.0,0.0,0.0,0.0,0.0,0.0,0.0,0.0,0.0,0.0,0.0,0.0,0.0,0.0,0.0,0.0,0.0,0.0,0.0,0.2,5.5,28.0
16:15:18.000,0.0,0.2,0.0,99.8,3787.2,3581.4,73.5,40.9,11.3,66.0,0.0,0.0,1,0,60.9,0.0,0.0,0.0,0.0,0.0,-0.0,-0.0,-0.0,0.0,0.0,0.0,0.0,0.0,0.0,0.0,0.0,0.0,0.0,0.0,0.0,16.0,0.0,16.0,8.0,0.0,8.0,2.0,0.0,2.0,0.0,0.2,5.5,28.0
16:15:19.000,0.2,0.0,0.0,99.8,3787.2,3581.4,73.5,40.9,11.3,66.0,0.0,0.0,1,0,55.9,0.0,0.0,0.0,0.0,0.0,-0.0,-0.0,-0.0,0.0,0.0,0.0,0.0,0.0,0.0,0.0,0.0,0.0,0.0,0.0,0.0,0.0,0.0,0.0,0.0,0.0,0.0,0.0,0.0,0.0,0.0,0.2,5.5,28.0
16:15:20.000,0.0,0.0,0.2,99.8,3787.2,3581.4,73.5,40.9,11.3,66.0,0.0,0.0,1,0,59.9,0.0,0.0,0.0,0.0,0.0,-0.0,-0.0,-0.0,0.0,0.0,0.0,0.0,0.0,0.0,1.0,0.0,0.0,0.0,0.0,0.0,31.9,0.0,31.9,16.0,0.0,16.0,2.0,0.0,2.0,0.0,0.2,5.5,28.0
16:15:21.000,0.0,0.2,0.0,99.8,3787.2,3581.4,73.5,40.9,11.3,66.0,0.0,0.0,1,0,69.9,0.0,0.0,0.0,0.0,0.0,-0.0,-0.0,-0.0,0.0,0.0,0.0,0.0,0.0,0.0,0.0,0.0,1.0,0.0,0.0,0.0,27.9,0.0,27.9,4.7,0.0,4.7,6.0,0.0,6.0,0.0,0.2,5.5,28.0
16:15:22.000,0.0,0.0,0.0,100.0,3787.2,3581.4,73.5,40.9,11.3,66.0,0.0,0.0,1,0,43.9,0.0,0.0,0.0,0.0,0.0,-0.0,-0.0,-0.0,0.0,0.0,0.0,0.0,0.0,0.0,0.0,0.0,0.0,0.0,0.0,0.0,0.0,0.0,0.0,0.0,0.0,0.0,0.0,0.0,0.0,0.0,0.2,5.5,28.0
16:15:23.000,0.0,0.0,0.0,100.0,3787.2,3581.4,73.5,40.9,11.3,66.0,0.0,0.0,1,0,44.9,0.0,0.0,0.0,0.0,0.0,-0.0,-0.0,-0.0,0.0,0.0,0.0,0.0,0.0,0.0,0.0,0.0,0.0,0.0,0.0,0.0,0.0,0.0,0.0,0.0,0.0,0.0,0.0,0.0,0.0,0.0,0.2,5.5,28.0
16:15:24.000,0.0,0.0,0.0,100.0,3787.2,3581.4,73.5,40.9,11.3,66.0,0.0,0.0,1,0,60.9,0.0,0.0,0.0,0.0,0.0,-0.0,-0.0,-0.0,0.0,0.0,0.0,0.0,0.0,0.0,1.0,0.0,1.0,0.0,0.0,0.0,16.0,0.0,16.0,8.0,0.0,8.0,2.0,0.0,2.0,0.0,0.2,5.5,28.0
16:15:25.000,0.2,0.0,0.2,99.5,3787.2,3581.4,73.5,40.9,11.3,66.0,0.0,0.0,1,0,62.9,0.0,0.0,0.0,0.0,0.0,-0.0,-0.0,-0.0,0.0,0.0,0.0,0.0,0.0,0.0,0.0,0.0,0.0,0.0,0.0,0.0,31.9,0.0,31.9,16.0,0.0,16.0,2.0,0.0,2.0,0.0,0.2,5.5,28.0
16:15:26.000,0.0,0.2,0.0,99.8,3787.2,3581.4,73.5,40.9,11.3,66.0,0.0,0.0,1,0,41.9,0.0,0.0,0.0,0.0,0.0,-0.0,-0.0,-0.0,0.0,0.0,0.0,0.0,0.0,0.0,0.0,0.0,0.0,0.0,0.0,0.0,0.0,0.0,0.0,0.0,0.0,0.0,0.0,0.0,0.0,0.0,0.2,5.5,28.0
16:15:27.000,0.0,0.0,0.0,100.0,3787.2,3581.4,73.5,40.9,11.3,66.0,0.0,0.0,1,0,56.9,0.0,0.0,0.0,0.0,0.0,-0.0,-0.0,-0.0,0.0,0.0,0.0,0.0,0.0,0.0,0.0,0.0,0.0,0.0,0.0,0.0,0.0,0.0,0.0,0.0,0.0,0.0,0.0,0.0,0.0,0.0,0.2,5.5,28.0
16:15:28.000,0.2,0.0,0.0,99.8,3787.2,3581.4,73.5,40.9,11.3,66.0,0.0,0.0,1,0,125.7,0.0,0.0,0.0,0.0,0.1,-0.0,-0.0,-0.1,0.0,0.0,2.0,0.0,0.0,1.0,0.0,0.0,0.0,0.0,0.0,0.0,0.0,0.0,0.0,0.0,0.0,0.0,0.0,0.0,0.0,0.0,0.2,5.5,28.0
16:15:29.000,0.0,0.0,0.0,100.0,3787.2,3581.4,73.5,40.9,11.3,66.0,0.0,0.0,1,0,36.9,0.0,0.0,0.0,0.0,0.0,-0.0,-0.0,-0.0,0.0,0.0,0.0,0.0,0.0,0.0,0.0,0.0,0.0,0.0,0.0,0.0,0.0,0.0,0.0,0.0,0.0,0.0,0.0,0.0,0.0,0.0,0.2,5.5,28.0
16:15:30.000,0.0,0.2,0.0,99.8,3787.2,3581.4,73.5,40.9,11.3,66.0,0.0,0.0,1,0,81.8,0.0,0.0,0.0,0.0,0.0,-0.0,-0.0,-0.0,0.0,0.0,0.0,0.0,0.0,0.0,1.0,0.0,1.0,0.0,0.0,0.0,55.9,0.0,55.9,14.0,0.0,14.0,4.0,0.0,4.0,0.0,0.2,5.5,28.0
16:15:31.000,0.0,0.0,0.0,100.0,3787.2,3581.4,73.5,40.9,11.3,66.0,0.0,0.0,1,0,45.9,0.0,0.0,0.0,0.0,0.0,-0.0,-0.0,-0.0,0.0,0.0,0.0,0.0,0.0,0.0,0.0,0.0,0.0,0.0,0.0,0.0,0.0,0.0,0.0,0.0,0.0,0.0,0.0,0.0,0.0,0.0,0.2,5.5,28.0
16:15:32.000,0.0,0.0,0.0,100.0,3787.2,3581.4,73.5,40.9,11.3,66.0,0.0,0.0,1,0,45.9,0.0,0.0,0.0,0.0,0.0,-0.0,-0.0,-0.0,0.0,0.0,0.0,0.0,0.0,0.0,0.0,0.0,0.0,0.0,0.0,0.0,0.0,0.0,0.0,0.0,0.0,0.0,0.0,0.0,0.0,0.0,0.2,5.5,28.0
16:15:33.000,0.0,0.0,0.0,100.0,3787.2,3581.4,73.5,40.9,11.3,66.0,0.0,0.0,1,0,45.9,0.0,0.0,0.0,0.0,0.0,-0.0,-0.0,-0.0,0.0,0.0,0.0,0.0,0.0,0.0,0.0,0.0,0.0,0.0,0.0,0.0,0.0,0.0,0.0,0.0,0.0,0.0,0.0,0.0,0.0,0.0,0.2,5.5,28.0
16:15:34.000,0.0,0.0,0.0,100.0,3787.2,3581.4,73.5,40.9,11.3,66.0,0.0,0.0,1,0,39.9,0.0,0.0,0.0,0.0,0.0,-0.0,-0.0,-0.0,0.0,0.0,0.0,0.0,0.0,0.0,0.0,0.0,0.0,0.0,0.0,0.0,0.0,0.0,0.0,0.0,0.0,0.0,0.0,0.0,0.0,0.0,0.2,5.5,28.0
16:15:35.000,0.0,0.2,0.2,99.5,3787.2,3581.4,73.5,40.9,11.3,66.0,0.0,0.0,1,0,71.9,0.0,0.0,0.0,0.0,0.0,-0.0,-0.0,-0.0,0.0,0.0,0.0,0.0,0.0,0.0,1.0,0.0,1.0,0.0,0.0,0.0,16.0,0.0,16.0,8.0,0.0,8.0,2.0,0.0,2.0,0.0,0.2,5.5,28.0
16:15:36.000,0.5,0.5,0.0,99.0,3787.2,3581.4,73.5,40.9,11.3,66.2,0.0,0.0,1,0,154.7,7.0,0.0,0.0,0.0,0.0,-0.0,-0.0,-0.0,0.0,0.0,0.0,0.0,0.0,0.0,0.0,0.0,0.0,0.0,0.0,0.0,16.0,0.0,16.0,8.0,0.0,8.0,2.0,0.0,2.0,0.0,0.2,5.5,28.0
16:15:37.000,0.0,0.0,0.0,100.0,3787.2,3581.4,73.5,40.9,11.3,66.0,0.0,0.0,1,0,41.9,0.0,0.0,0.0,0.0,0.0,-0.0,-0.0,-0.0,0.0,0.0,0.0,0.0,0.0,0.0,0.0,0.0,0.0,0.0,0.0,0.0,0.0,0.0,0.0,0.0,0.0,0.0,0.0,0.0,0.0,0.0,0.2,5.5,28.0
16:15:38.000,0.0,0.2,0.0,99.8,3787.2,3581.4,73.5,40.9,11.3,66.0,0.0,0.0,1,0,57.9,0.0,0.0,0.0,0.0,0.0,-0.0,-0.0,-0.0,0.0,0.0,0.0,0.0,0.0,0.0,0.0,0.0,0.0,0.0,0.0,0.0,0.0,0.0,0.0,0.0,0.0,0.0,0.0,0.0,0.0,0.0,0.2,5.5,28.0
16:15:39.000,0.0,0.0,0.0,100.0,3787.2,3581.4,73.5,40.9,11.3,66.0,0.0,0.0,1,0,45.9,0.0,0.0,0.0,0.0,0.0,-0.0,-0.0,-0.0,0.0,0.0,0.0,0.0,0.0,0.0,0.0,0.0,0.0,0.0,0.0,0.0,0.0,0.0,0.0,0.0,0.0,0.0,0.0,0.0,0.0,0.0,0.2,5.5,28.0
16:15:40.000,0.0,0.0,0.0,100.0,3787.2,3581.4,73.5,40.9,11.3,66.0,0.0,0.0,1,1,64.9,0.0,0.0,0.0,0.0,0.0,-0.0,-0.0,-0.0,0.0,0.0,0.0,0.0,0.0,0.0,1.0,0.0,1.0,0.0,0.0,0.0,39.9,0.0,39.9,20.0,0.0,20.0,2.0,0.0,2.0,0.0,0.2,5.5,28.0
16:15:41.000,0.0,0.0,0.0,100.0,3787.2,3581.4,73.6,40.9,11.3,66.0,0.0,0.0,1,0,43.9,0.0,0.0,0.0,0.0,0.0,-0.0,-0.0,-0.0,0.0,0.0,0.0,0.0,0.0,0.0,0.0,0.0,0.0,0.0,0.0,0.0,0.0,0.0,0.0,0.0,0.0,0.0,0.0,0.0,0.0,0.0,0.2,5.5,28.0
16:15:42.000,0.0,0.2,0.0,99.8,3787.2,3581.4,73.6,40.9,11.3,66.0,0.0,0.0,1,0,59.9,0.0,0.0,0.0,0.0,0.0,-0.0,-0.0,-0.0,0.0,0.0,0.0,0.0,0.0,0.0,0.0,0.0,0.0,0.0,0.0,0.0,16.0,0.0,16.0,8.0,0.0,8.0,2.0,0.0,2.0,0.0,0.2,5.5,28.0
16:15:43.000,0.0,0.0,0.0,100.0,3787.2,3581.4,73.6,40.9,11.3,66.0,0.0,0.0,1,0,45.9,0.0,0.0,0.0,0.0,0.0,-0.0,-0.0,-0.0,0.0,0.0,0.0,0.0,0.0,0.0,0.0,0.0,0.0,0.0,0.0,0.0,0.0,0.0,0.0,0.0,0.0,0.0,0.0,0.0,0.0,0.0,0.2,5.5,28.0
16:15:44.000,0.0,0.2,0.0,99.8,3787.2,3581.4,73.6,40.9,11.3,66.0,0.0,0.0,1,0,43.9,0.0,0.0,0.0,0.0,0.0,-0.0,-0.0,-0.0,0.0,0.0,0.0,0.0,0.0,0.0,0.0,0.0,0.0,0.0,0.0,0.0,0.0,0.0,0.0,0.0,0.0,0.0,0.0,0.0,0.0,0.0,0.2,5.5,28.0
16:15:45.000,0.0,0.0,0.2,99.8,3787.2,3581.4,73.5,40.9,11.3,66.0,0.0,0.0,1,1,46.9,0.0,0.0,0.0,0.0,0.0,-0.0,-0.0,-0.0,0.0,0.0,0.0,0.0,0.0,0.0,1.0,0.0,1.0,0.0,0.0,0.0,31.9,0.0,31.9,16.0,0.0,16.0,2.0,0.0,2.0,0.0,0.2,5.5,28.0
16:15:46.000,0.0,0.2,0.0,99.8,3787.2,3581.4,73.6,40.9,11.3,66.0,0.0,0.0,1,0,44.9,0.0,0.0,0.0,0.0,0.0,-0.0,-0.0,-0.0,0.0,0.0,0.0,0.0,0.0,0.0,0.0,0.0,0.0,0.0,0.0,0.0,0.0,0.0,0.0,0.0,0.0,0.0,0.0,0.0,0.0,0.0,0.2,5.5,28.0
16:15:47.000,0.0,0.0,0.0,100.0,3787.2,3581.4,73.6,40.9,11.3,66.0,0.0,0.0,1,0,43.9,0.0,0.0,0.0,0.0,0.0,-0.0,-0.0,-0.0,0.0,0.0,0.0,0.0,0.0,0.0,0.0,0.0,0.0,0.0,0.0,0.0,0.0,0.0,0.0,0.0,0.0,0.0,0.0,0.0,0.0,0.0,0.2,5.5,28.0
16:15:48.000,0.0,0.2,0.0,99.8,3787.2,3581.4,73.6,40.9,11.3,66.0,0.0,0.0,1,0,73.8,0.0,0.0,0.0,0.0,0.0,-0.0,-0.0,-0.0,0.0,0.0,0.0,0.0,0.0,0.0,0.0,0.0,0.0,0.0,0.0,0.0,16.0,0.0,16.0,8.0,0.0,8.0,2.0,0.0,2.0,0.0,0.2,5.5,28.0
16:15:49.000,0.0,0.0,0.0,100.0,3787.2,3581.4,73.6,40.9,11.3,66.0,0.0,0.0,1,0,35.9,0.0,0.0,0.0,0.0,0.0,-0.0,-0.0,-0.0,0.0,0.0,0.0,0.0,0.0,0.0,0.0,0.0,0.0,0.0,0.0,0.0,0.0,0.0,0.0,0.0,0.0,0.0,0.0,0.0,0.0,0.0,0.2,5.5,28.0
16:15:50.000,0.2,0.0,0.0,99.8,3787.2,3581.4,73.6,40.9,11.3,66.0,0.0,0.0,1,2,47.9,0.0,0.0,0.0,0.0,0.0,-0.0,-0.0,-0.0,0.0,0.0,0.0,0.0,0.0,0.0,1.0,0.0,1.0,0.0,0.0,0.0,27.9,0.0,27.9,28.0,0.0,28.0,1.0,0.0,1.0,0.0,0.2,5.5,28.0
16:15:51.000,0.2,0.2,2.2,97.2,3787.2,3578.2,76.9,40.9,11.3,71.4,0.0,0.0,2,0,706.3,5.0,0.0,0.0,0.0,0.1,-0.0,-0.0,-0.3,0.0,0.0,1.0,0.0,0.0,1.0,9.0,0.0,9.0,3359.3,0.0,3359.3,4.0,0.0,4.0,88.8,0.0,88.8,37.9,0.0,37.9,0.0,0.2,5.5,28.0
16:15:52.000,0.0,0.5,0.5,99.0,3787.2,3578.0,77.3,40.9,11.3,71.8,0.0,0.0,2,0,854.1,1.0,0.0,0.0,0.0,0.8,-0.0,-0.0,-2.3,0.0,0.0,15.0,0.0,0.0,20.0,1.0,0.0,1.0,483.0,0.0,483.0,0.0,0.0,0.0,60.5,0.0,60.5,8.0,0.0,8.0,0.0,0.2,5.5,28.0
16:15:53.000,0.2,0.7,0.0,99.0,3787.2,3574.0,77.3,40.9,11.3,73.8,0.0,0.0,2,0,1310.1,0.0,0.0,0.0,0.0,1.6,-0.0,-0.0,-4.6,0.0,0.0,29.9,0.0,0.0,39.9,0.0,0.0,0.0,0.0,0.0,0.0,0.0,0.0,0.0,0.0,0.0,0.0,0.0,0.0,0.0,0.0,0.2,5.5,28.0
16:15:54.000,0.2,0.5,0.0,99.2,3787.2,3574.0,77.3,40.9,11.3,73.9,0.0,0.0,2,0,1273.3,0.0,0.0,0.0,0.0,1.6,-0.0,-0.0,-4.6,0.0,0.0,29.9,0.0,0.0,39.9,0.0,0.0,0.0,0.0,0.0,0.0,16.0,0.0,16.0,8.0,0.0,8.0,2.0,0.0,2.0,0.0,0.2,5.5,28.0
16:15:55.000,0.0,0.0,0.0,100.0,3787.2,3573.8,77.3,40.9,11.4,73.9,0.0,0.0,2,1,1220.3,0.0,0.0,0.0,0.0,1.5,-0.0,-0.0,-4.5,0.0,0.0,28.9,0.0,0.0,38.9,1.0,0.0,1.0,0.0,0.0,0.0,35.9,0.0,35.9,18.0,0.0,18.0,2.0,0.0,2.0,0.0,0.2,5.5,28.0
16:15:56.000,0.0,0.3,0.3,99.5,3787.2,3573.8,77.3,40.9,11.4,73.9,0.0,0.0,2,0,1229.3,0.0,0.0,0.0,0.0,1.5,-0.0,-0.0,-4.5,0.0,0.0,28.8,0.0,0.0,38.8,0.0,0.0,0.0,0.0,0.0,0.0,27.8,0.0,27.8,4.7,0.0,4.7,6.0,0.0,6.0,0.0,0.2,5.5,28.0
16:15:57.000,0.2,0.5,0.0,99.2,3787.2,3573.8,77.3,40.9,11.4,74.0,0.0,0.0,2,0,1321.1,1.0,0.0,0.0,0.0,1.6,-0.0,-0.0,-4.6,0.0,0.0,29.9,0.0,0.0,39.9,0.0,0.0,0.0,0.0,0.0,0.0,0.0,0.0,0.0,0.0,0.0,0.0,0.0,0.0,0.0,0.0,0.2,5.5,28.0
16:15:58.000,0.0,0.5,0.0,99.5,3787.2,3573.8,77.3,40.9,11.4,74.0,0.0,0.0,2,0,1151.5,1.0,0.0,0.0,0.0,1.3,-0.0,-0.0,-3.8,0.0,0.0,23.9,0.0,0.0,33.9,0.0,0.0,0.0,0.0,0.0,0.0,0.0,0.0,0.0,0.0,0.0,0.0,0.0,0.0,0.0,0.0,0.2,5.5,28.0
16:15:59.000,0.5,0.5,0.5,98.5,3787.2,3573.8,77.3,40.9,11.4,74.0,0.0,0.0,2,0,1250.9,0.0,0.0,0.0,0.0,1.7,-0.0,-0.0,-4.8,0.0,0.0,31.9,0.0,0.0,41.9,3.0,0.0,3.0,0.0,0.0,0.0,127.8,0.0,127.8,6.1,0.0,6.1,21.0,0.0,21.0,0.0,0.2,5.5,28.0
16:16:00.000,0.3,0.3,0.0,99.5,3787.2,3573.8,77.3,40.9,11.4,74.0,0.0,0.0,2,1,1167.5,0.0,0.0,0.0,0.0,1.5,-0.0,-0.0,-4.5,0.0,0.0,28.9,0.0,0.0,38.9,1.0,0.0,1.0,0.0,0.0,0.0,51.9,0.0,51.9,13.0,0.0,13.0,4.0,0.0,4.0,0.0,0.2,5.5,28.0
16:16:01.000,0.2,0.2,0.2,99.3,3787.2,3573.8,77.3,40.9,11.4,74.0,0.0,0.0,1,0,1172.2,0.0,0.0,0.0,0.0,1.5,-0.0,-0.0,-4.5,0.0,0.0,28.9,0.0,0.0,38.8,0.0,0.0,0.0,0.0,0.0,0.0,0.0,0.0,0.0,0.0,0.0,0.0,0.0,0.0,0.0,0.0,0.2,5.5,28.0
16:16:02.000,0.2,0.8,0.0,99.0,3787.2,3573.8,77.3,40.9,11.4,74.0,0.0,0.0,1,0,1403.0,0.0,0.0,0.0,0.0,1.9,-0.0,-0.0,-5.0,0.0,0.0,34.9,0.0,0.0,44.9,0.0,0.0,0.0,0.0,0.0,0.0,0.0,0.0,0.0,0.0,0.0,0.0,0.0,0.0,0.0,0.0,0.2,5.5,28.0
16:16:03.000,0.5,0.5,0.0,99.0,3787.2,3573.8,77.3,40.9,11.4,74.0,0.0,0.0,1,0,1704.2,0.0,0.0,0.0,0.0,2.1,-0.0,-0.0,-5.3,0.0,0.0,39.9,0.0,0.0,49.9,0.0,0.0,0.0,0.0,0.0,0.0,0.0,0.0,0.0,0.0,0.0,0.0,0.0,0.0,0.0,0.0,0.2,5.5,28.0
16:16:04.000,0.3,0.3,0.0,99.5,3787.2,3573.8,77.3,40.9,11.4,74.0,0.0,0.0,1,0,1682.3,0.0,0.0,0.0,0.0,2.1,-0.0,-0.0,-5.2,0.0,0.0,38.9,0.0,0.0,48.9,0.0,0.0,0.0,0.0,0.0,0.0,0.0,0.0,0.0,0.0,0.0,0.0,0.0,0.0,0.0,0.0,0.2,5.5,28.0
16:16:05.000,0.3,0.0,0.0,99.7,3787.2,3573.8,77.3,40.9,11.4,74.0,0.0,0.0,1,2,1543.6,0.0,0.0,0.0,0.0,2.0,-0.0,-0.0,-5.1,0.0,0.0,37.9,0.0,0.0,47.9,0.0,0.0,0.0,0.0,0.0,0.0,16.0,0.0,16.0,8.0,0.0,8.0,2.0,0.0,2.0,0.0,0.2,5.5,28.0
16:16:06.000,0.5,0.5,0.0,99.0,3787.2,3573.8,77.3,40.9,11.4,74.0,0.0,0.0,1,0,1569.2,1.0,0.0,0.0,0.0,2.1,-0.0,-0.0,-5.2,0.0,0.0,38.9,0.0,0.0,48.8,1.0,0.0,1.0,0.0,0.0,0.0,16.0,0.0,16.0,8.0,0.0,8.0,2.0,0.0,2.0,0.0,0.2,5.5,28.0
16:16:07.000,0.0,0.3,0.0,99.7,3787.2,3573.8,77.3,40.9,11.4,74.0,0.0,0.0,2,0,1597.8,0.0,0.0,0.0,0.0,2.1,-0.0,-0.0,-5.2,0.0,0.0,38.9,0.0,0.0,48.9,0.0,0.0,0.0,0.0,0.0,0.0,0.0,0.0,0.0,0.0,0.0,0.0,0.0,0.0,0.0,0.0,0.2,5.5,28.0
16:16:08.000,0.5,0.7,0.0,98.8,3787.2,3573.8,77.3,41.0,11.4,74.1,0.0,0.0,2,0,1475.7,0.0,0.0,0.0,0.0,1.9,-0.0,-0.0,-5.0,0.0,0.0,35.9,0.0,0.0,45.9,0.0,0.0,0.0,0.0,0.0,0.0,0.0,0.0,0.0,0.0,0.0,0.0,0.0,0.0,0.0,0.0,0.2,5.5,28.0
16:16:09.000,0.3,0.5,0.0,99.2,3787.2,3573.8,77.4,41.0,11.4,74.1,0.0,0.0,4,0,1498.7,0.0,0.0,0.0,0.0,2.1,-0.0,-0.0,-5.2,0.0,0.0,38.9,0.0,0.0,48.9,0.0,0.0,0.0,0.0,0.0,0.0,0.0,0.0,0.0,0.0,0.0,0.0,0.0,0.0,0.0,0.0,0.2,5.5,28.0
16:16:10.000,0.3,0.3,0.0,99.5,3787.2,3573.8,77.4,41.0,11.4,74.1,0.0,0.0,2,1,1473.6,0.0,0.0,0.0,0.0,2.0,-0.0,-0.0,-5.3,0.0,0.0,37.9,0.0,0.0,49.9,0.0,0.0,0.0,0.0,0.0,0.0,31.9,0.0,31.9,16.0,0.0,16.0,2.0,0.0,2.0,0.0,0.2,5.5,28.0
16:16:11.000,0.0,0.5,0.2,99.2,3787.2,3573.8,77.4,41.0,11.4,74.1,0.0,0.0,1,0,1441.4,0.0,0.0,0.0,0.0,2.0,-0.0,-0.0,-4.9,0.0,0.0,38.8,0.0,0.0,46.8,0.0,0.0,0.0,0.0,0.0,0.0,0.0,0.0,0.0,0.0,0.0,0.0,0.0,0.0,0.0,0.0,0.2,5.5,28.0
16:16:12.000,0.3,0.5,0.0,99.2,3787.2,3573.5,77.4,41.0,11.4,74.1,0.0,0.0,1,0,1866.8,0.0,0.0,0.0,0.0,2.4,-0.0,-0.0,-5.6,0.0,0.0,45.9,0.0,0.0,54.9,0.0,0.0,1.0,0.0,0.0,0.0,16.0,0.0,16.0,8.0,0.0,8.0,2.0,0.0,2.0,0.0,0.2,5.5,28.0
16:16:13.000,0.3,0.8,0.0,99.0,3787.2,3573.5,77.4,41.0,11.4,74.1,0.0,0.0,2,0,1953.5,0.0,0.0,0.0,0.0,2.5,-0.0,-0.0,-5.8,0.0,0.0,47.9,0.0,0.0,58.9,0.0,0.0,0.0,0.0,0.0,0.0,0.0,0.0,0.0,0.0,0.0,0.0,0.0,0.0,0.0,0.0,0.2,5.5,28.0
16:16:14.000,0.5,0.8,0.0,98.8,3787.2,3573.5,77.4,41.0,11.4,74.1,0.0,0.0,2,0,1929.5,0.0,0.0,0.0,0.0,2.4,-0.0,-0.0,-5.7,0.0,0.0,45.9,0.0,0.0,57.9,0.0,0.0,0.0,0.0,0.0,0.0,0.0,0.0,0.0,0.0,0.0,0.0,0.0,0.0,0.0,0.0,0.2,5.5,28.0
16:16:15.000,0.0,0.5,0.0,99.5,3787.2,3573.5,77.4,41.0,11.4,74.1,0.0,0.0,2,1,1863.7,0.0,0.0,0.0,0.0,2.7,-0.0,-0.0,-5.8,0.0,0.0,51.9,0.0,0.0,58.9,1.0,0.0,0.0,0.0,0.0,0.0,31.9,0.0,31.9,16.0,0.0,16.0,2.0,0.0,2.0,0.0,0.2,5.5,28.0
16:16:16.000,0.5,0.5,0.0,99.0,3787.2,3573.5,77.4,41.0,11.4,74.1,0.0,0.0,1,0,1829.9,0.0,0.0,0.0,0.0,2.6,-0.0,-0.0,-5.8,0.0,0.0,48.8,0.0,0.0,58.7,0.0,0.0,0.0,0.0,0.0,0.0,0.0,0.0,0.0,0.0,0.0,0.0,0.0,0.0,0.0,0.0,0.2,5.5,28.0
16:16:17.000,0.0,0.8,0.0,99.2,3787.2,3573.3,77.4,41.0,11.4,74.1,0.0,0.0,2,0,1767.1,0.0,0.0,0.0,0.0,2.6,-0.0,-0.0,-5.8,0.0,0.0,48.9,0.0,0.0,58.9,0.0,0.0,0.0,0.0,0.0,0.0,0.0,0.0,0.0,0.0,0.0,0.0,0.0,0.0,0.0,0.0,0.2,5.5,28.0
16:16:18.000,0.0,0.3,0.0,99.7,3787.2,3573.3,77.4,41.0,11.4,74.1,0.0,0.0,2,0,1761.1,0.0,0.0,0.0,0.0,2.6,-0.0,-0.0,-5.9,0.0,0.0,48.9,0.0,0.0,58.9,0.0,0.0,0.0,0.0,0.0,0.0,16.0,0.0,16.0,8.0,0.0,8.0,2.0,0.0,2.0,0.0,0.2,5.5,28.0
16:16:19.000,0.0,1.0,0.0,99.0,3787.2,3573.3,77.4,41.0,11.4,74.1,0.0,0.0,2,0,1491.7,0.0,0.0,0.0,0.0,1.7,-0.0,-0.0,-4.4,0.0,0.0,31.9,0.0,0.0,47.9,0.0,0.0,0.0,0.0,0.0,0.0,0.0,0.0,0.0,0.0,0.0,0.0,0.0,0.0,0.0,0.0,0.2,5.5,28.0
16:16:20.000,0.0,0.5,0.3,99.2,3787.2,3573.3,77.4,41.0,11.4,74.1,0.0,0.0,2,1,1714.9,0.0,0.0,0.0,0.0,2.8,-0.0,-0.0,-5.8,0.0,0.0,53.8,0.0,0.0,58.8,1.0,0.0,1.0,0.0,0.0,0.0,31.9,0.0,31.9,16.0,0.0,16.0,2.0,0.0,2.0,0.0,0.2,5.5,28.0
16:16:21.000,0.3,0.5,0.0,99.2,3787.2,3573.3,77.4,41.0,11.4,74.1,0.0,0.0,1,0,1813.3,0.0,0.0,0.0,0.0,2.7,-0.0,-0.0,-5.9,0.0,0.0,50.8,0.0,0.0,59.7,0.0,0.0,0.0,0.0,0.0,0.0,0.0,0.0,0.0,0.0,0.0,0.0,0.0,0.0,0.0,0.0,0.2,5.5,28.0
16:16:22.000,0.0,0.8,0.0,99.2,3787.2,3573.3,77.4,41.0,11.4,74.1,0.0,0.0,1,0,2125.1,0.0,0.0,0.0,0.0,3.0,-0.0,-0.0,-6.4,0.0,0.0,56.8,0.0,0.0,66.8,0.0,0.0,0.0,0.0,0.0,0.0,0.0,0.0,0.0,0.0,0.0,0.0,0.0,0.0,0.0,0.0,0.2,5.5,28.0
16:16:23.000,0.3,0.5,0.0,99.2,3787.2,3573.3,77.4,41.0,11.4,74.1,0.0,0.0,2,0,2194.0,0.0,0.0,0.0,0.0,3.1,-0.0,-0.0,-6.3,0.0,0.0,59.8,0.0,0.0,65.8,0.0,0.0,0.0,0.0,0.0,0.0,0.0,0.0,0.0,0.0,0.0,0.0,0.0,0.0,0.0,0.0,0.2,5.5,28.0
16:16:24.000,0.0,1.0,0.0,99.0,3787.2,3573.3,77.4,41.0,11.4,74.2,0.0,0.0,1,0,2253.5,1.0,0.0,0.0,0.0,3.1,-0.0,-0.0,-6.5,0.0,0.0,58.9,0.0,0.0,68.8,0.0,0.0,1.0,0.0,0.0,0.0,16.0,0.0,16.0,8.0,0.0,8.0,2.0,0.0,2.0,0.0,0.2,5.5,28.0
16:16:25.000,0.5,1.2,0.0,98.3,3787.2,3573.3,77.4,41.0,11.4,76.2,0.0,0.0,1,1,2174.7,0.0,0.0,0.0,0.0,3.1,-0.0,-0.0,-6.6,0.0,0.0,59.9,0.0,0.0,69.8,0.0,0.0,0.0,0.0,0.0,0.0,31.9,0.0,31.9,32.0,0.0,32.0,1.0,0.0,1.0,0.0,0.2,5.5,28.0
16:16:26.000,0.5,0.8,0.2,98.5,3787.2,3573.3,77.4,41.0,11.4,76.2,0.0,0.0,1,0,2112.2,0.0,0.0,0.0,0.0,3.0,-0.0,-0.0,-6.4,0.0,0.0,57.9,0.0,0.0,67.8,0.0,0.0,0.0,0.0,0.0,0.0,4.0,0.0,4.0,4.0,0.0,4.0,1.0,0.0,1.0,0.0,0.2,5.5,28.0
16:16:27.000,0.5,0.5,0.0,99.0,3787.2,3573.3,77.4,41.0,11.4,76.2,0.0,0.0,1,0,2255.0,0.0,0.0,0.0,0.0,3.2,-0.0,-0.0,-6.8,0.0,0.0,61.9,0.0,0.0,71.8,0.0,0.0,0.0,0.0,0.0,0.0,0.0,0.0,0.0,0.0,0.0,0.0,0.0,0.0,0.0,0.0,0.2,5.5,28.0
16:16:28.000,0.3,0.3,0.0,99.5,3787.2,3573.1,77.4,41.0,11.4,76.2,0.0,0.0,1,0,2128.3,0.0,0.0,0.0,0.0,3.0,-0.0,-0.0,-6.3,0.0,0.0,56.9,0.0,0.0,66.9,0.0,0.0,0.0,0.0,0.0,0.0,0.0,0.0,0.0,0.0,0.0,0.0,0.0,0.0,0.0,0.0,0.2,5.5,28.0
16:16:29.000,0.0,1.0,0.0,99.0,3787.2,3572.9,77.4,41.0,11.4,76.2,0.0,0.0,1,0,2168.3,0.0,0.0,0.0,0.0,3.1,-0.0,-0.0,-6.6,0.0,0.0,58.9,0.0,0.0,69.8,0.0,0.0,0.0,0.0,0.0,0.0,0.0,0.0,0.0,0.0,0.0,0.0,0.0,0.0,0.0,0.0,0.2,5.5,28.0
16:16:30.000,0.3,0.8,0.0,99.0,3787.2,3572.9,77.4,41.0,11.4,76.2,0.0,0.0,1,2,2302.9,0.0,0.0,0.0,0.0,3.2,-0.0,-0.0,-6.7,0.0,0.0,61.9,0.0,0.0,70.8,1.0,0.0,0.0,0.0,0.0,0.0,16.0,0.0,16.0,8.0,0.0,8.0,2.0,0.0,2.0,0.0,0.2,5.5,28.0
16:16:31.000,0.2,1.0,0.0,98.8,3787.2,3572.9,77.4,41.0,11.4,76.2,0.0,0.0,2,0,2222.4,0.0,0.0,0.0,0.0,3.1,-0.0,-0.0,-6.6,0.0,0.0,59.8,0.0,0.0,69.8,0.0,0.0,0.0,0.0,0.0,0.0,23.9,0.0,23.9,4.0,0.0,4.0,6.0,0.0,6.0,0.0,0.2,5.5,28.0
16:16:32.000,0.3,0.8,0.0,99.0,3787.2,3572.9,77.4,41.0,11.4,76.2,0.0,0.0,2,0,2316.8,0.0,0.0,0.0,0.0,3.4,-0.0,-0.0,-7.0,0.0,0.0,65.9,0.0,0.0,75.8,0.0,0.0,0.0,0.0,0.0,0.0,0.0,0.0,0.0,0.0,0.0,0.0,0.0,0.0,0.0,0.0,0.2,5.5,28.0
16:16:33.000,0.2,1.2,0.0,98.5,3787.2,3572.9,77.4,41.0,11.4,76.2,0.0,0.0,2,0,2648.0,0.0,0.0,0.0,0.0,3.5,-0.0,-0.0,-7.1,0.0,0.0,67.8,0.0,0.0,77.8,0.0,0.0,0.0,0.0,0.0,0.0,0.0,0.0,0.0,0.0,0.0,0.0,0.0,0.0,0.0,0.0,0.2,5.5,28.0
16:16:34.000,0.3,0.5,0.0,99.2,3787.2,3572.9,77.4,41.0,11.4,76.2,0.0,0.0,2,0,2720.7,0.0,0.0,0.0,0.0,3.6,-0.0,-0.0,-7.2,0.0,0.0,69.8,0.0,0.0,79.8,0.0,0.0,0.0,0.0,0.0,0.0,0.0,0.0,0.0,0.0,0.0,0.0,0.0,0.0,0.0,0.0,0.2,5.5,28.0
16:16:35.000,0.0,0.3,0.0,99.7,3787.2,3572.9,77.4,41.0,11.4,76.2,0.0,0.0,2,1,2655.2,0.0,0.0,0.0,0.0,3.6,-0.0,-0.0,-7.2,0.0,0.0,68.8,0.0,0.0,79.8,1.0,0.0,1.0,0.0,0.0,0.0,16.0,0.0,16.0,8.0,0.0,8.0,2.0,0.0,2.0,0.0,0.2,5.5,28.0
16:16:36.000,0.5,1.0,0.2,98.3,3787.2,3572.9,77.4,41.0,11.4,76.2,0.0,0.0,2,0,2704.5,0.0,0.0,0.0,0.0,3.7,-0.0,-0.0,-7.3,0.0,0.0,70.7,0.0,0.0,79.6,0.0,0.0,0.0,0.0,0.0,0.0,0.0,0.0,0.0,0.0,0.0,0.0,0.0,0.0,0.0,0.0,0.2,5.5,28.0
16:16:37.000,0.5,0.5,0.0,99.0,3787.2,3572.9,77.4,41.0,11.4,76.2,0.0,0.0,2,0,1882.9,0.0,0.0,0.0,0.0,3.6,-0.0,-0.0,-7.2,0.0,0.0,69.8,0.0,0.0,79.8,0.0,0.0,0.0,0.0,0.0,0.0,0.0,0.0,0.0,0.0,0.0,0.0,0.0,0.0,0.0,0.0,0.2,5.5,28.0
16:16:38.000,0.3,0.3,0.0,99.5,3787.2,3572.6,77.4,41.0,11.4,76.2,0.0,0.0,2,0,1849.9,0.0,0.0,0.0,0.0,3.5,-0.0,-0.0,-7.1,0.0,0.0,67.8,0.0,0.0,77.8,0.0,0.0,0.0,0.0,0.0,0.0,0.0,0.0,0.0,0.0,0.0,0.0,0.0,0.0,0.0,0.0,0.2,5.5,28.0
16:16:39.000,0.3,0.3,0.0,99.5,3787.2,3572.6,77.4,41.0,11.4,76.3,0.0,0.0,2,0,2351.8,0.0,0.0,0.0,0.0,3.6,-0.0,-0.0,-7.2,0.0,0.0,69.8,0.0,0.0,79.8,0.0,0.0,0.0,0.0,0.0,0.0,0.0,0.0,0.0,0.0,0.0,0.0,0.0,0.0,0.0,0.0,0.2,5.5,28.0
16:16:40.000,0.3,0.5,0.0,99.2,3787.2,3572.6,77.4,41.0,11.4,76.3,0.0,0.0,2,1,1946.8,0.0,0.0,0.0,0.0,3.7,-0.0,-0.0,-7.3,0.0,0.0,70.8,0.0,0.0,80.8,0.0,0.0,1.0,0.0,0.0,0.0,16.0,0.0,16.0,8.0,0.0,8.0,2.0,0.0,2.0,0.0,0.2,5.5,28.0
16:16:41.000,0.3,0.3,0.3,99.2,3787.2,3572.6,77.4,41.0,11.4,76.3,0.0,0.0,2,0,1875.0,0.0,0.0,0.0,0.0,3.6,-0.0,-0.0,-7.1,0.0,0.0,68.7,0.0,0.0,78.6,0.0,0.0,0.0,0.0,0.0,0.0,0.0,0.0,0.0,0.0,0.0,0.0,0.0,0.0,0.0,0.0,0.2,5.5,28.0
16:16:42.000,0.5,1.2,0.0,98.3,3787.2,3572.6,77.4,41.0,11.4,76.3,0.0,0.0,2,0,2183.1,0.0,0.0,0.0,0.0,4.0,-0.0,-0.0,-7.7,0.0,0.0,76.8,0.0,0.0,86.8,0.0,0.0,0.0,0.0,0.0,0.0,0.0,0.0,0.0,0.0,0.0,0.0,0.0,0.0,0.0,0.0,0.2,5.5,28.0
16:16:43.000,0.3,1.0,0.0,98.7,3787.2,3572.6,77.4,41.0,11.4,76.3,0.0,0.0,2,0,3100.2,0.0,0.0,0.0,0.0,4.1,-0.0,-0.0,-7.9,0.0,0.0,79.8,0.0,0.0,89.8,0.0,0.0,0.0,0.0,0.0,0.0,0.0,0.0,0.0,0.0,0.0,0.0,0.0,0.0,0.0,0.0,0.2,5.5,28.0
16:16:44.000,0.8,0.8,0.0,98.5,3787.2,3572.6,77.4,41.0,11.4,76.3,0.0,0.0,2,0,3031.3,0.0,0.0,0.0,0.0,4.1,-0.0,-0.0,-7.9,0.0,0.0,79.8,0.0,0.0,89.8,0.0,0.0,0.0,0.0,0.0,0.0,0.0,0.0,0.0,0.0,0.0,0.0,0.0,0.0,0.0,0.0,0.2,5.5,28.0
16:16:45.000,0.0,1.0,0.0,99.0,3787.2,3572.6,77.4,41.0,11.4,76.3,0.0,0.0,2,1,2825.0,0.0,0.0,0.0,0.0,4.1,-0.0,-0.0,-7.8,0.0,0.0,78.8,0.0,0.0,88.8,1.0,0.0,0.0,0.0,0.0,0.0,16.0,0.0,16.0,8.0,0.0,8.0,2.0,0.0,2.0,0.0,0.2,5.5,28.0
16:16:46.000,0.5,1.0,0.0,98.5,3787.2,3572.4,77.4,41.0,11.4,76.3,0.0,0.0,1,0,3009.1,0.0,0.0,0.0,0.0,4.1,-0.0,-0.0,-7.8,0.0,0.0,78.6,0.0,0.0,88.6,0.0,0.0,0.0,0.0,0.0,0.0,0.0,0.0,0.0,0.0,0.0,0.0,0.0,0.0,0.0,0.0,0.2,5.5,28.0
16:16:47.000,0.3,0.8,0.0,99.0,3787.2,3572.4,77.4,41.0,11.4,76.3,0.0,0.0,1,0,2083.5,0.0,0.0,0.0,0.0,4.1,-0.0,-0.0,-7.9,0.0,0.0,79.8,0.0,0.0,89.8,0.0,0.0,0.0,0.0,0.0,0.0,0.0,0.0,0.0,0.0,0.0,0.0,0.0,0.0,0.0,0.0,0.2,5.5,28.0
16:16:48.000,0.3,0.5,0.0,99.2,3787.2,3572.4,77.4,41.0,11.4,76.3,0.0,0.0,1,0,2098.2,0.0,0.0,0.0,0.0,4.1,-0.0,-0.0,-7.9,0.0,0.0,78.8,0.0,0.0,88.8,0.0,0.0,0.0,0.0,0.0,0.0,0.0,0.0,0.0,0.0,0.0,0.0,0.0,0.0,0.0,0.0,0.2,5.5,28.0
16:16:49.000,0.3,0.3,0.0,99.5,3787.2,3572.2,77.4,41.0,11.4,76.3,0.0,0.0,1,0,2747.1,0.0,0.0,0.0,0.0,4.2,-0.0,-0.0,-8.0,0.0,0.0,80.8,0.0,0.0,90.8,0.0,0.0,0.0,0.0,0.0,0.0,0.0,0.0,0.0,0.0,0.0,0.0,0.0,0.0,0.0,0.0,0.2,5.5,28.0
16:16:50.000,0.3,1.0,0.0,98.7,3787.2,3572.2,77.4,41.0,11.4,76.3,0.0,0.0,1,2,2802.7,0.0,0.0,0.0,0.0,4.1,-0.0,-0.0,-7.9,0.0,0.0,78.8,0.0,0.0,89.8,1.0,0.0,1.0,0.0,0.0,0.0,12.0,0.0,12.0,12.0,0.0,12.0,1.0,0.0,1.0,0.0,0.2,5.5,28.0
16:16:51.000,0.5,0.8,0.2,98.5,3787.2,3572.2,77.4,41.0,11.4,76.3,0.0,0.0,2,0,2524.9,0.0,0.0,0.0,0.0,4.1,-0.0,-0.0,-7.8,0.0,0.0,79.7,0.0,0.0,88.7,0.0,0.0,0.0,0.0,0.0,0.0,4.0,0.0,4.0,4.0,0.0,4.0,1.0,0.0,1.0,0.0,0.2,5.5,28.0
16:16:52.000,0.3,1.0,0.0,98.7,3787.2,3568.2,77.4,41.0,11.4,78.4,0.0,0.0,2,0,2939.2,0.0,0.0,0.0,0.0,4.5,-0.0,-0.0,-8.3,0.0,0.0,86.8,0.0,0.0,96.8,0.0,0.0,0.0,0.0,0.0,0.0,0.0,0.0,0.0,0.0,0.0,0.0,0.0,0.0,0.0,0.0,0.2,5.5,28.0
16:16:53.000,0.5,1.0,0.0,98.5,3787.2,3568.2,77.4,41.0,11.4,78.4,0.0,0.0,2,0,3211.8,0.0,0.0,0.0,0.0,4.6,-0.0,-0.0,-8.5,0.0,0.0,89.8,0.0,0.0,99.8,0.0,0.0,0.0,0.0,0.0,0.0,0.0,0.0,0.0,0.0,0.0,0.0,0.0,0.0,0.0,0.0,0.2,5.5,28.0
16:16:54.000,0.3,0.5,0.0,99.2,3787.2,3568.2,77.4,41.0,11.4,78.4,0.0,0.0,2,0,3316.9,0.0,0.0,0.0,0.0,4.6,-0.0,-0.0,-8.5,0.0,0.0,89.8,0.0,0.0,99.8,0.0,0.0,0.0,0.0,0.0,0.0,0.0,0.0,0.0,0.0,0.0,0.0,0.0,0.0,0.0,0.0,0.2,5.5,28.0
16:16:55.000,0.5,0.5,0.0,99.0,3787.2,3568.2,77.4,41.0,11.4,78.4,0.0,0.0,3,1,3238.8,0.0,0.0,0.0,0.0,4.6,-0.0,-0.0,-8.5,0.0,0.0,88.8,0.0,0.0,98.8,0.0,0.0,1.0,0.0,0.0,0.0,79.8,0.0,79.8,20.0,0.0,20.0,4.0,0.0,4.0,0.0,0.2,5.5,28.0
16:16:56.000,0.3,0.8,0.3,98.7,3787.2,3568.2,77.4,41.0,11.4,78.4,0.0,0.0,1,0,3305.0,0.0,0.0,0.0,0.0,4.5,-0.0,-0.0,-8.4,0.0,0.0,87.5,0.0,0.0,97.5,0.0,0.0,0.0,0.0,0.0,0.0,0.0,0.0,0.0,0.0,0.0,0.0,0.0,0.0,0.0,0.0,0.2,5.5,28.0
16:16:57.000,0.3,0.8,0.0,99.0,3787.2,3568.2,77.4,41.0,11.4,78.4,0.0,0.0,1,0,3246.4,0.0,0.0,0.0,0.0,4.7,-0.0,-0.0,-8.6,0.0,0.0,90.8,0.0,0.0,100.8,0.0,0.0,0.0,0.0,0.0,0.0,0.0,0.0,0.0,0.0,0.0,0.0,0.0,0.0,0.0,0.0,0.2,5.5,28.0
16:16:58.000,0.0,1.0,0.0,99.0,3787.2,3568.2,77.4,41.0,11.4,78.4,0.0,0.0,1,0,3147.0,0.0,0.0,0.0,0.0,4.6,-0.0,-0.0,-8.5,0.0,0.0,88.8,0.0,0.0,98.8,0.0,0.0,0.0,0.0,0.0,0.0,0.0,0.0,0.0,0.0,0.0,0.0,0.0,0.0,0.0,0.0,0.2,5.5,28.0
16:16:59.000,0.3,0.8,0.0,99.0,3787.2,3568.2,77.4,41.0,11.4,78.4,0.0,0.0,1,0,3175.0,0.0,0.0,0.0,0.0,4.6,-0.0,-0.0,-8.5,0.0,0.0,89.8,0.0,0.0,99.8,0.0,0.0,0.0,0.0,0.0,0.0,0.0,0.0,0.0,0.0,0.0,0.0,0.0,0.0,0.0,0.0,0.2,5.5,28.0
16:17:00.000,0.0,0.8,0.0,99.2,3787.2,3568.2,77.4,41.0,11.5,78.4,0.0,0.0,1,1,3053.2,0.0,0.0,0.0,0.0,4.7,-0.0,-0.0,-8.6,0.0,0.0,90.8,0.0,0.0,100.8,1.0,0.0,0.0,0.0,0.0,0.0,12.0,0.0,12.0,12.0,0.0,12.0,1.0,0.0,1.0,0.0,0.2,5.5,28.0
16:17:01.000,0.3,1.0,0.3,98.5,3787.2,3568.0,77.5,41.0,11.5,78.4,0.0,0.0,1,0,3185.2,0.0,0.0,0.0,0.0,4.7,-0.0,-0.0,-8.6,0.0,0.0,90.7,0.0,0.0,100.7,0.0,0.0,0.0,43.9,0.0,43.9,4.0,0.0,4.0,24.0,0.0,24.0,2.0,0.0,2.0,0.0,0.2,5.5,28.0
16:17:02.000,0.5,1.3,0.0,98.2,3787.2,3567.5,77.5,41.0,11.5,78.4,0.0,0.0,1,0,3332.5,3.0,0.0,0.0,0.0,5.0,-0.0,-0.0,-9.1,0.0,0.0,97.8,0.0,0.0,107.8,0.0,0.0,0.0,0.0,0.0,0.0,0.0,0.0,0.0,0.0,0.0,0.0,0.0,0.0,0.0,0.0,0.2,5.5,28.0
16:17:03.000,0.3,1.0,0.0,98.7,3787.2,3567.5,77.5,41.0,11.5,78.4,0.0,0.0,1,0,3546.3,0.0,0.0,0.0,0.0,5.1,-0.0,-0.0,-9.2,0.0,0.0,99.8,0.0,0.0,109.8,0.0,0.0,0.0,0.0,0.0,0.0,0.0,0.0,0.0,0.0,0.0,0.0,0.0,0.0,0.0,0.0,0.2,5.5,28.0
16:17:04.000,0.5,0.8,0.0,98.7,3787.2,3567.5,77.5,41.0,11.5,78.4,0.0,0.0,1,0,3739.4,0.0,0.0,0.0,0.0,5.2,-0.0,-0.0,-9.3,0.0,0.0,100.8,0.0,0.0,110.7,0.0,0.0,0.0,0.0,0.0,0.0,0.0,0.0,0.0,0.0,0.0,0.0,0.0,0.0,0.0,0.0,0.2,5.5,28.0
16:17:05.000,0.0,0.8,0.0,99.2,3787.2,3567.5,77.5,41.0,11.5,78.4,0.0,0.0,2,1,3675.0,0.0,0.0,0.0,0.0,5.2,-0.0,-0.0,-9.3,0.0,0.0,100.8,0.0,0.0,110.8,1.0,0.0,1.0,0.0,0.0,0.0,31.9,0.0,31.9,16.0,0.0,16.0,2.0,0.0,2.0,0.0,0.2,5.5,28.0
16:17:06.000,0.3,1.0,0.3,98.5,3787.2,3567.5,77.5,41.0,11.5,78.4,0.0,0.0,2,0,3716.9,0.0,0.0,0.0,0.0,5.1,-0.0,-0.0,-9.1,0.0,0.0,98.5,0.0,0.0,108.4,0.0,0.0,0.0,0.0,0.0,0.0,0.0,0.0,0.0,0.0,0.0,0.0,0.0,0.0,0.0,0.0,0.2,5.5,28.0
16:17:07.000,0.3,1.0,0.0,98.7,3787.2,3567.5,77.5,41.0,11.5,78.4,0.0,0.0,2,0,3659.0,0.0,0.0,0.0,0.0,5.2,-0.0,-0.0,-9.3,0.0,0.0,100.8,0.0,0.0,110.8,0.0,0.0,0.0,0.0,0.0,0.0,0.0,0.0,0.0,0.0,0.0,0.0,0.0,0.0,0.0,0.0,0.2,5.5,28.0
16:17:08.000,0.3,1.8,0.0,98.0,3787.2,3567.5,77.5,41.0,11.5,78.4,0.0,0.0,2,0,3490.1,0.0,0.0,0.0,0.0,5.0,-0.0,-0.0,-9.1,0.0,0.0,97.8,0.0,0.0,107.8,0.0,0.0,0.0,0.0,0.0,0.0,0.0,0.0,0.0,0.0,0.0,0.0,0.0,0.0,0.0,0.0,0.2,5.5,28.0
16:17:09.000,0.5,0.8,0.0,98.7,3787.2,3567.5,77.5,41.0,11.5,78.4,0.0,0.0,2,0,3407.7,0.0,0.0,0.0,0.0,5.1,-0.0,-0.0,-9.2,0.0,0.0,99.8,0.0,0.0,109.8,0.0,0.0,0.0,0.0,0.0,0.0,0.0,0.0,0.0,0.0,0.0,0.0,0.0,0.0,0.0,0.0,0.2,5.5,28.0
16:17:10.000,0.3,1.0,0.0,98.7,3787.2,3567.5,77.5,41.1,11.5,78.5,0.0,0.0,2,1,3143.9,0.0,0.0,0.0,0.0,5.1,-0.0,-0.0,-9.2,0.0,0.0,99.8,0.0,0.0,109.8,0.0,0.0,1.0,0.0,0.0,0.0,16.0,0.0,16.0,8.0,0.0,8.0,2.0,0.0,2.0,0.0,0.2,5.5,28.0
16:17:11.000,0.3,0.8,0.0,99.0,3787.2,3567.5,77.5,41.1,11.5,78.5,0.0,0.0,2,0,3614.7,0.0,0.0,0.0,0.0,5.1,-0.0,-0.0,-9.2,0.0,0.0,99.5,0.0,0.0,110.5,0.0,0.0,0.0,0.0,0.0,0.0,0.0,0.0,0.0,0.0,0.0,0.0,0.0,0.0,0.0,0.0,0.2,5.5,28.0
16:17:12.000,0.8,1.3,0.0,98.0,3787.2,3567.3,77.5,41.1,11.5,78.5,0.0,0.0,2,0,3805.3,0.0,0.0,0.0,0.0,5.5,-0.0,-0.0,-9.6,0.0,0.0,106.7,0.0,0.0,115.7,0.0,0.0,0.0,0.0,0.0,0.0,0.0,0.0,0.0,0.0,0.0,0.0,0.0,0.0,0.0,0.0,0.2,5.5,28.0
16:17:13.000,0.3,1.3,0.0,98.5,3787.2,3567.3,77.5,41.1,11.5,78.5,0.0,0.0,2,0,3585.9,0.0,0.0,0.0,0.0,5.6,-0.0,-0.0,-9.7,0.0,0.0,107.8,0.0,0.0,117.7,0.0,0.0,0.0,0.0,0.0,0.0,0.0,0.0,0.0,0.0,0.0,0.0,0.0,0.0,0.0,0.0,0.2,5.5,28.0
16:17:14.000,0.3,0.8,0.0,99.0,3787.2,3567.3,77.5,41.1,11.5,78.5,0.0,0.0,2,0,4029.7,0.0,0.0,0.0,0.0,5.6,-0.0,-0.0,-9.9,0.0,0.0,108.7,0.0,0.0,119.7,0.0,0.0,0.0,0.0,0.0,0.0,0.0,0.0,0.0,0.0,0.0,0.0,0.0,0.0,0.0,0.0,0.2,5.5,28.0
16:17:15.000,0.3,1.0,0.0,98.7,3787.2,3567.0,77.5,41.1,11.5,78.5,0.0,0.0,2,1,2942.4,0.0,0.0,0.0,0.0,5.7,-0.0,-0.0,-9.8,0.0,0.0,109.8,0.0,0.0,118.7,1.0,0.0,0.0,0.0,0.0,0.0,16.0,0.0,16.0,8.0,0.0,8.0,2.0,0.0,2.0,0.0,0.2,5.5,28.0
16:17:16.000,0.5,1.5,0.2,97.8,3787.2,3567.0,77.5,41.1,11.5,78.5,0.0,0.0,2,0,3739.7,0.0,0.0,0.0,0.0,5.6,-0.0,-0.0,-9.8,0.0,0.0,108.4,0.0,0.0,118.4,0.0,0.0,0.0,0.0,0.0,0.0,0.0,0.0,0.0,0.0,0.0,0.0,0.0,0.0,0.0,0.0,0.2,5.5,28.0
16:17:17.000,0.8,1.0,0.0,98.2,3787.2,3567.0,77.5,41.1,11.5,78.5,0.0,0.0,2,0,3756.8,0.0,0.0,0.0,0.0,5.7,-0.0,-0.0,-9.9,0.0,0.0,109.8,0.0,0.0,119.7,0.0,0.0,0.0,0.0,0.0,0.0,0.0,0.0,0.0,0.0,0.0,0.0,0.0,0.0,0.0,0.0,0.2,5.5,28.0
16:17:18.000,0.3,1.3,0.0,98.5,3787.2,3567.0,77.5,41.1,11.5,80.5,0.0,0.0,2,0,4056.9,0.0,0.0,0.0,0.0,5.6,-0.0,-0.0,-9.7,0.0,0.0,107.8,0.0,0.0,117.7,0.0,0.0,0.0,0.0,0.0,0.0,0.0,0.0,0.0,0.0,0.0,0.0,0.0,0.0,0.0,0.0,0.2,5.5,28.0
16:17:19.000,0.5,0.8,0.0,98.7,3787.2,3567.0,77.5,41.1,11.5,80.5,0.0,0.0,2,0,3785.8,0.0,0.0,0.0,0.0,5.7,-0.0,-0.0,-9.9,0.0,0.0,109.8,0.0,0.0,119.7,0.0,0.0,0.0,0.0,0.0,0.0,0.0,0.0,0.0,0.0,0.0,0.0,0.0,0.0,0.0,0.0,0.2,5.5,28.0
16:17:20.000,0.0,1.0,0.0,99.0,3787.2,3567.0,77.5,41.1,11.5,80.6,0.0,0.0,3,1,3764.7,0.0,0.0,0.0,0.0,5.6,-0.0,-0.0,-9.9,0.0,0.0,108.8,0.0,0.0,119.7,1.0,0.0,1.0,0.0,0.0,0.0,16.0,0.0,16.0,8.0,0.0,8.0,2.0,0.0,2.0,0.0,0.2,5.5,28.0
16:17:21.000,0.3,1.3,0.3,98.2,3787.2,3566.8,77.5,41.1,11.5,80.6,0.0,0.0,2,0,4032.1,0.0,0.0,0.0,0.0,5.7,-0.0,-0.0,-9.8,0.0,0.0,110.4,0.0,0.0,119.4,0.0,0.0,0.0,0.0,0.0,0.0,0.0,0.0,0.0,0.0,0.0,0.0,0.0,0.0,0.0,0.0,0.2,5.5,28.0
16:17:22.000,1.0,1.2,0.0,97.8,3787.2,3566.8,77.5,41.1,11.5,80.6,0.0,0.0,2,0,3935.9,0.0,0.0,0.0,0.0,6.0,-0.0,-0.0,-10.3,0.0,0.0,116.7,0.0,0.0,126.7,0.0,0.0,0.0,0.0,0.0,0.0,0.0,0.0,0.0,0.0,0.0,0.0,0.0,0.0,0.0,0.0,0.2,5.5,28.0
16:17:23.000,0.5,1.3,0.0,98.2,3787.2,3566.8,77.5,41.1,11.5,80.6,0.0,0.0,2,0,4237.7,0.0,0.0,0.0,0.0,6.1,-0.0,-0.0,-10.5,0.0,0.0,118.7,0.0,0.0,129.7,0.0,0.0,0.0,0.0,0.0,0.0,0.0,0.0,0.0,0.0,0.0,0.0,0.0,0.0,0.0,0.0,0.2,5.5,28.0
16:17:24.000,0.3,1.3,0.0,98.5,3787.2,3566.6,77.5,41.1,11.5,80.6,0.0,0.0,2,0,4353.5,0.0,0.0,0.0,0.0,6.2,-0.0,-0.0,-10.5,0.0,0.0,120.7,0.0,0.0,129.7,0.0,0.0,0.0,0.0,0.0,0.0,0.0,0.0,0.0,0.0,0.0,0.0,0.0,0.0,0.0,0.0,0.2,5.5,28.0
16:17:25.000,1.3,0.8,0.0,98.0,3787.2,3566.6,77.5,41.1,11.5,80.8,0.0,0.0,2,0,3412.4,0.0,0.0,0.0,0.0,6.2,-0.0,-0.0,-10.5,0.0,0.0,119.7,0.0,0.0,129.7,0.0,0.0,0.0,0.0,0.0,0.0,0.0,0.0,0.0,0.0,0.0,0.0,0.0,0.0,0.0,0.0,0.2,5.5,28.0
16:17:26.000,0.5,1.0,0.5,98.0,3787.2,3566.6,77.5,41.1,11.5,80.8,0.0,0.0,2,0,4282.3,1.0,0.0,0.0,0.0,6.2,-0.0,-0.0,-10.6,0.0,0.0,120.7,0.0,0.0,130.7,2.0,0.0,2.0,0.0,0.0,0.0,91.8,0.0,91.8,7.7,0.0,7.7,12.0,0.0,12.0,0.0,0.2,5.5,28.0
16:17:27.000,0.5,1.0,0.0,98.5,3787.2,3566.6,77.5,41.1,11.5,80.5,0.0,0.0,1,0,4021.4,0.0,0.0,0.0,0.0,6.2,-0.0,-0.0,-10.5,0.0,0.0,119.7,0.0,0.0,129.7,0.0,0.0,0.0,0.0,0.0,0.0,0.0,0.0,0.0,0.0,0.0,0.0,0.0,0.0,0.0,0.0,0.2,5.5,28.0
16:17:28.000,0.3,1.5,0.0,98.2,3787.2,3566.6,77.5,41.1,11.5,80.5,0.0,0.0,1,0,3769.7,0.0,0.0,0.0,0.0,6.1,-0.0,-0.0,-10.4,0.0,0.0,117.7,0.0,0.0,127.7,0.0,0.0,0.0,0.0,0.0,0.0,0.0,0.0,0.0,0.0,0.0,0.0,0.0,0.0,0.0,0.0,0.2,5.5,28.0
16:17:29.000,0.3,1.0,0.0,98.7,3787.2,3566.6,77.5,41.1,11.5,80.5,0.0,0.0,1,0,3099.1,0.0,0.0,0.0,0.0,6.2,-0.0,-0.0,-10.6,0.0,0.0,120.7,0.0,0.0,130.7,0.0,0.0,0.0,0.0,0.0,0.0,0.0,0.0,0.0,0.0,0.0,0.0,0.0,0.0,0.0,0.0,0.2,5.5,28.0
16:17:30.000,0.3,0.8,0.0,99.0,3787.2,3566.6,77.5,41.1,11.5,80.6,0.0,0.0,1,0,2861.7,0.0,0.0,0.0,0.0,6.0,-0.0,-0.0,-10.5,0.0,0.0,116.7,0.0,0.0,129.7,0.0,0.0,0.0,0.0,0.0,0.0,0.0,0.0,0.0,0.0,0.0,0.0,0.0,0.0,0.0,0.0,0.2,5.5,28.0
16:17:31.000,0.5,1.0,0.3,98.2,3787.2,3566.6,77.5,41.1,11.5,80.6,0.0,0.0,3,0,3582.4,0.0,0.0,0.0,0.0,6.2,-0.0,-0.0,-10.5,0.0,0.0,120.5,0.0,0.0,129.4,0.0,0.0,1.0,0.0,0.0,0.0,31.9,0.0,31.9,16.0,0.0,16.0,2.0,0.0,2.0,0.0,0.2,5.5,28.0
16:17:32.000,0.0,0.8,0.3,99.0,3787.2,3566.6,77.5,41.1,11.5,80.6,0.0,0.0,1,0,3701.7,0.0,0.0,0.0,0.0,6.5,-0.0,-0.0,-11.0,0.0,0.0,126.7,0.0,0.0,137.7,3.0,0.0,2.0,0.0,0.0,0.0,135.7,0.0,135.7,5.7,0.0,5.7,23.9,0.0,23.9,0.0,0.2,5.5,28.0
16:17:33.000,0.5,1.5,0.0,98.0,3787.2,3566.6,77.5,41.1,11.5,80.7,0.0,0.0,1,0,3941.6,0.0,0.0,0.0,0.0,6.8,-0.0,-0.0,-11.2,0.0,0.0,132.7,0.0,0.0,140.6,0.0,0.0,0.0,0.0,0.0,0.0,0.0,0.0,0.0,0.0,0.0,0.0,0.0,0.0,0.0,0.0,0.2,5.5,28.0
16:17:34.000,0.0,1.3,0.0,98.7,3787.2,3566.6,77.5,41.1,11.5,80.7,0.0,0.0,1,0,3388.5,0.0,0.0,0.0,0.0,6.7,-0.0,-0.0,-11.2,0.0,0.0,130.7,0.0,0.0,140.6,0.0,0.0,0.0,0.0,0.0,0.0,0.0,0.0,0.0,0.0,0.0,0.0,0.0,0.0,0.0,0.0,0.2,5.5,28.0
16:17:35.000,0.3,1.5,0.0,98.2,3787.2,3566.4,77.5,41.1,11.5,80.7,0.0,0.0,1,0,4128.6,0.0,0.0,0.0,0.0,6.6,-0.0,-0.0,-11.1,0.0,0.0,127.7,0.0,0.0,138.7,0.0,0.0,0.0,0.0,0.0,0.0,0.0,0.0,0.0,0.0,0.0,0.0,0.0,0.0,0.0,0.0,0.2,5.5,28.0
16:17:36.000,0.3,1.3,0.0,98.5,3787.2,3566.4,77.5,41.1,11.5,80.7,0.0,0.0,1,0,4058.4,0.0,0.0,0.0,0.0,6.6,-0.0,-0.0,-10.8,0.0,0.0,127.6,0.0,0.0,134.6,1.0,0.0,1.0,0.0,0.0,0.0,19.9,0.0,19.9,10.0,0.0,10.0,2.0,0.0,2.0,0.0,0.2,5.5,28.0
16:17:37.000,0.5,1.0,0.0,98.5,3787.2,3566.4,77.5,41.1,11.5,80.7,0.0,0.0,2,0,4005.5,0.0,0.0,0.0,0.0,6.6,-0.0,-0.0,-11.1,0.0,0.0,128.7,0.0,0.0,138.6,0.0,0.0,0.0,0.0,0.0,0.0,0.0,0.0,0.0,0.0,0.0,0.0,0.0,0.0,0.0,0.0,0.2,5.5,28.0
16:17:38.000,0.3,1.0,0.0,98.7,3787.2,3566.1,77.5,41.1,11.5,80.7,0.0,0.0,1,0,4246.3,0.0,0.0,0.0,0.0,6.5,-0.0,-0.0,-11.0,0.0,0.0,126.7,0.0,0.0,136.7,0.0,0.0,0.0,0.0,0.0,0.0,0.0,0.0,0.0,0.0,0.0,0.0,0.0,0.0,0.0,0.0,0.2,5.5,28.0
16:17:39.000,0.3,0.8,0.0,99.0,3787.2,3566.1,77.5,41.1,11.5,80.7,0.0,0.0,1,0,4134.1,0.0,0.0,0.0,0.0,6.7,-0.0,-0.0,-11.2,0.0,0.0,129.7,0.0,0.0,139.6,0.0,0.0,0.0,0.0,0.0,0.0,0.0,0.0,0.0,0.0,0.0,0.0,0.0,0.0,0.0,0.0,0.2,5.5,28.0
16:17:40.000,0.5,1.3,0.0,98.2,3787.2,3566.1,77.5,41.1,11.5,80.7,0.0,0.0,1,0,3142.8,0.0,0.0,0.0,0.0,6.6,-0.0,-0.0,-11.1,0.0,0.0,128.7,0.0,0.0,138.6,0.0,0.0,0.0,0.0,0.0,0.0,0.0,0.0,0.0,0.0,0.0,0.0,0.0,0.0,0.0,0.0,0.2,5.5,28.0
16:17:41.000,0.0,0.3,0.3,99.5,3787.2,3566.1,77.5,41.1,11.5,80.7,0.0,0.0,1,0,3205.2,0.0,0.0,0.0,0.0,6.6,-0.0,-0.0,-11.1,0.0,0.0,128.5,0.0,0.0,139.5,0.0,0.0,0.0,0.0,0.0,0.0,12.0,0.0,12.0,6.0,0.0,6.0,2.0,0.0,2.0,0.0,0.2,5.5,28.0
16:17:42.000,0.3,1.3,0.0,98.5,3787.2,3566.1,77.5,41.1,11.5,80.7,0.0,0.0,1,0,3431.5,0.0,0.0,0.0,0.0,7.0,-0.0,-0.0,-11.5,0.0,0.0,136.7,0.0,0.0,145.6,0.0,0.0,0.0,0.0,0.0,0.0,0.0,0.0,0.0,0.0,0.0,0.0,0.0,0.0,0.0,0.0,0.2,5.5,28.0
16:17:43.000,0.3,1.3,0.0,98.5,3787.2,3566.1,77.5,41.1,11.5,80.7,0.0,0.0,1,0,4395.9,0.0,0.0,0.0,0.0,7.2,-0.0,-0.0,-11.8,0.0,0.0,139.6,0.0,0.0,149.6,0.0,0.0,0.0,0.0,0.0,0.0,0.0,0.0,0.0,0.0,0.0,0.0,0.0,0.0,0.0,0.0,0.2,5.5,28.0
16:17:44.000,0.5,1.8,0.0,97.7,3787.2,3566.1,77.5,41.1,11.5,80.7,0.0,0.0,1,0,4757.3,0.0,0.0,0.0,0.0,7.1,-0.0,-0.0,-11.7,0.0,0.0,138.7,0.0,0.0,148.6,0.0,0.0,0.0,0.0,0.0,0.0,0.0,0.0,0.0,0.0,0.0,0.0,0.0,0.0,0.0,0.0,0.2,5.5,28.0
16:17:45.000,0.3,0.8,0.0,99.0,3787.2,3566.1,77.5,41.1,11.5,80.7,0.0,0.0,1,0,4233.1,0.0,0.0,0.0,0.0,7.1,-0.0,-0.0,-11.7,0.0,0.0,137.6,0.0,0.0,148.6,0.0,0.0,1.0,0.0,0.0,0.0,0.0,0.0,0.0,0.0,0.0,0.0,0.0,0.0,0.0,0.0,0.2,5.5,28.0
16:17:46.000,0.0,1.5,0.0,98.5,3787.2,3565.9,77.5,41.1,11.5,80.7,0.0,0.0,1,0,4094.1,0.0,0.0,0.0,0.0,7.2,-0.0,-0.0,-11.7,0.0,0.0,139.6,0.0,0.0,148.6,1.0,0.0,0.0,0.0,0.0,0.0,12.0,0.0,12.0,6.0,0.0,6.0,2.0,0.0,2.0,0.0,0.2,5.5,28.0
16:17:47.000,0.3,1.5,0.0,98.2,3787.2,3565.9,77.5,41.1,11.5,80.7,0.0,0.0,1,0,4508.8,0.0,0.0,0.0,0.0,7.0,-0.0,-0.0,-11.9,0.0,0.0,136.7,0.0,0.0,150.6,0.0,0.0,0.0,0.0,0.0,0.0,0.0,0.0,0.0,0.0,0.0,0.0,0.0,0.0,0.0,0.0,0.2,5.5,28.0
16:17:48.000,0.5,1.5,0.0,98.0,3787.2,3565.7,77.5,41.1,11.5,80.7,0.0,0.0,1,0,4291.1,0.0,0.0,0.0,0.0,7.2,-0.0,-0.0,-11.7,0.0,0.0,140.6,0.0,0.0,147.6,0.0,0.0,0.0,0.0,0.0,0.0,0.0,0.0,0.0,0.0,0.0,0.0,0.0,0.0,0.0,0.0,0.2,5.5,28.0
16:17:49.000,0.3,1.0,0.0,98.7,3787.2,3565.7,77.5,41.1,11.5,80.7,0.0,0.0,1,0,4751.8,0.0,0.0,0.0,0.0,7.2,-0.0,-0.0,-11.9,0.0,0.0,140.6,0.0,0.0,150.6,0.0,0.0,0.0,0.0,0.0,0.0,0.0,0.0,0.0,0.0,0.0,0.0,0.0,0.0,0.0,0.0,0.2,5.5,28.0
16:17:50.000,0.3,1.0,0.0,98.7,3787.2,3565.7,77.5,41.1,11.5,80.7,0.0,0.0,1,0,4716.4,0.0,0.0,0.0,0.0,7.2,-0.0,-0.0,-11.7,0.0,0.0,139.7,0.0,0.0,148.6,0.0,0.0,0.0,0.0,0.0,0.0,12.0,0.0,12.0,6.0,0.0,6.0,2.0,0.0,2.0,0.0,0.2,5.5,28.0
16:17:51.000,0.5,1.5,0.3,97.7,3787.2,3565.5,77.5,41.1,11.5,80.8,0.0,0.0,1,0,4574.7,0.0,0.0,0.0,0.0,7.1,-0.0,-0.0,-11.8,0.0,0.0,139.2,0.0,0.0,149.1,0.0,0.0,0.0,0.0,0.0,0.0,0.0,0.0,0.0,0.0,0.0,0.0,0.0,0.0,0.0,0.0,0.2,5.5,28.0
16:17:52.000,0.3,1.5,0.0,98.2,3787.2,3565.5,77.5,41.1,11.5,80.8,0.0,0.0,1,0,4229.4,0.0,0.0,0.0,0.0,7.6,-0.0,-0.0,-12.3,0.0,0.0,147.6,0.0,0.0,157.6,0.0,0.0,0.0,0.0,0.0,0.0,0.0,0.0,0.0,0.0,0.0,0.0,0.0,0.0,0.0,0.0,0.2,5.5,28.0
16:17:53.000,0.8,1.0,0.0,98.2,3787.2,3565.5,77.5,41.1,11.5,80.8,0.0,0.0,1,0,4794.0,0.0,0.0,0.0,0.0,7.7,-0.0,-0.0,-12.5,0.0,0.0,149.6,0.0,0.0,159.6,0.0,0.0,0.0,0.0,0.0,0.0,0.0,0.0,0.0,0.0,0.0,0.0,0.0,0.0,0.0,0.0,0.2,5.5,28.0
16:17:54.000,0.5,0.8,0.0,98.7,3787.2,3565.5,77.5,41.1,11.5,80.8,0.0,0.0,1,0,3957.9,0.0,0.0,0.0,0.0,7.5,-0.0,-0.0,-12.5,0.0,0.0,145.6,0.0,0.0,159.6,0.0,0.0,0.0,0.0,0.0,0.0,0.0,0.0,0.0,0.0,0.0,0.0,0.0,0.0,0.0,0.0,0.2,5.5,28.0
16:17:55.000,0.0,1.0,0.0,99.0,3787.2,3561.5,77.5,41.1,11.5,82.8,0.0,0.0,2,0,4478.8,0.0,0.0,0.0,0.0,7.7,-0.0,-0.0,-12.6,0.0,0.0,150.6,0.0,0.0,160.6,1.0,0.0,1.0,0.0,0.0,0.0,0.0,0.0,0.0,0.0,0.0,0.0,0.0,0.0,0.0,0.0,0.2,5.5,28.0
16:17:56.000,0.5,1.0,0.0,98.5,3787.2,3561.2,77.5,41.1,11.5,82.8,0.0,0.0,1,0,4231.6,0.0,0.0,0.0,0.0,7.7,-0.0,-0.0,-12.2,0.0,0.0,149.5,0.0,0.0,155.4,0.0,0.0,0.0,0.0,0.0,0.0,12.0,0.0,12.0,6.0,0.0,6.0,2.0,0.0,2.0,0.0,0.2,5.5,28.0
16:17:57.000,0.3,1.3,0.0,98.5,3787.2,3561.2,77.5,41.1,11.5,82.8,0.0,0.0,3,0,3771.6,0.0,0.0,0.0,0.0,7.6,-0.0,-0.0,-12.4,0.0,0.0,147.6,0.0,0.0,158.6,0.0,0.0,0.0,0.0,0.0,0.0,27.9,0.0,27.9,28.0,0.0,28.0,1.0,0.0,1.0,0.0,0.2,5.5,28.0
16:17:58.000,0.8,1.5,0.0,97.7,3787.2,3561.2,77.5,41.1,11.5,82.8,0.0,0.0,1,0,4980.5,0.0,0.0,0.0,0.0,7.6,-0.0,-0.0,-12.3,0.0,0.0,147.6,0.0,0.0,156.6,0.0,0.0,0.0,0.0,0.0,0.0,0.0,0.0,0.0,0.0,0.0,0.0,0.0,0.0,0.0,0.0,0.2,5.5,28.0
16:17:59.000,0.3,0.8,0.0,99.0,3787.2,3561.2,77.5,41.1,11.5,82.8,0.0,0.0,1,0,4737.2,0.0,0.0,0.0,0.0,7.7,-0.0,-0.0,-12.5,0.0,0.0,149.6,0.0,0.0,159.6,0.0,0.0,0.0,0.0,0.0,0.0,0.0,0.0,0.0,0.0,0.0,0.0,0.0,0.0,0.0,0.0,0.2,5.5,28.0
16:18:00.000,0.3,1.0,0.0,98.7,3787.2,3561.2,77.5,41.1,11.5,82.8,0.0,0.0,1,0,4887.5,0.0,0.0,0.0,0.0,7.6,-0.0,-0.0,-12.5,0.0,0.0,148.6,0.0,0.0,159.6,0.0,0.0,0.0,0.0,0.0,0.0,0.0,0.0,0.0,0.0,0.0,0.0,0.0,0.0,0.0,0.0,0.2,5.5,28.0
16:18:01.000,0.5,1.8,0.2,97.5,3787.2,3561.2,77.5,41.1,11.5,82.8,0.0,0.0,1,0,3948.8,0.0,0.0,0.0,0.0,7.7,-0.0,-0.0,-12.4,0.0,0.0,150.4,0.0,0.0,159.4,1.0,0.0,1.0,0.0,0.0,0.0,51.8,0.0,51.8,5.8,0.0,5.8,9.0,0.0,9.0,0.0,0.2,5.5,28.0
16:18:02.000,0.5,1.0,0.0,98.5,3787.2,3561.2,77.5,41.1,11.5,82.8,0.0,0.0,1,0,4775.2,0.0,0.0,0.0,0.0,8.1,-0.0,-0.0,-13.0,0.0,0.0,157.6,0.0,0.0,167.6,0.0,0.0,0.0,0.0,0.0,0.0,0.0,0.0,0.0,0.0,0.0,0.0,0.0,0.0,0.0,0.0,0.2,5.5,28.0
16:18:03.000,0.5,1.3,0.0,98.2,3787.2,3561.2,77.5,41.1,11.5,82.8,0.0,0.0,1,0,4910.2,0.0,0.0,0.0,0.0,8.2,-0.0,-0.0,-13.1,0.0,0.0,159.6,0.0,0.0,169.6,0.0,0.0,0.0,0.0,0.0,0.0,0.0,0.0,0.0,0.0,0.0,0.0,0.0,0.0,0.0,0.0,0.2,5.5,28.0
16:18:04.000,0.3,1.0,0.0,98.7,3787.2,3561.0,77.5,41.1,11.5,82.8,0.0,0.0,1,0,4330.0,0.0,0.0,0.0,0.0,8.1,-0.0,-0.0,-13.1,0.0,0.0,158.6,0.0,0.0,169.6,0.0,0.0,0.0,0.0,0.0,0.0,0.0,0.0,0.0,0.0,0.0,0.0,0.0,0.0,0.0,0.0,0.2,5.5,28.0
16:18:05.000,0.5,1.3,0.0,98.2,3787.2,3561.0,77.5,41.1,11.6,82.8,0.0,0.0,1,0,4843.0,0.0,0.0,0.0,0.0,8.2,-0.0,-0.0,-13.1,0.0,0.0,159.6,0.0,0.0,169.6,0.0,0.0,0.0,0.0,0.0,0.0,0.0,0.0,0.0,0.0,0.0,0.0,0.0,0.0,0.0,0.0,0.2,5.5,28.0
16:18:06.000,0.5,1.0,0.0,98.5,3787.2,3561.0,77.5,41.1,11.6,82.8,0.0,0.0,2,0,5037.4,0.0,0.0,0.0,0.0,8.2,-0.0,-0.0,-13.1,0.0,0.0,159.6,0.0,0.0,169.5,0.0,0.0,0.0,0.0,0.0,0.0,12.0,0.0,12.0,6.0,0.0,6.0,2.0,0.0,2.0,0.0,0.2,5.5,28.0
16:18:07.000,0.3,1.8,0.0,98.0,3787.2,3561.0,77.5,41.1,11.6,82.8,0.0,0.0,2,0,3856.2,0.0,0.0,0.0,0.0,8.2,-0.0,-0.0,-13.1,0.0,0.0,159.6,0.0,0.0,169.6,0.0,0.0,0.0,0.0,0.0,0.0,0.0,0.0,0.0,0.0,0.0,0.0,0.0,0.0,0.0,0.0,0.2,5.5,28.0
16:18:08.000,0.3,1.8,0.0,98.0,3787.2,3561.0,77.5,41.1,11.6,82.8,0.0,0.0,2,0,5233.8,0.0,0.0,0.0,0.0,8.0,-0.0,-0.0,-12.9,0.0,0.0,156.6,0.0,0.0,166.6,0.0,0.0,0.0,0.0,0.0,0.0,0.0,0.0,0.0,0.0,0.0,0.0,0.0,0.0,0.0,0.0,0.2,5.5,28.0
16:18:09.000,0.3,1.0,0.0,98.7,3787.2,3561.0,77.5,41.1,11.6,82.8,0.0,0.0,1,0,5343.0,0.0,0.0,0.0,0.0,8.2,-0.0,-0.0,-13.1,0.0,0.0,159.6,0.0,0.0,169.6,0.0,0.0,0.0,0.0,0.0,0.0,0.0,0.0,0.0,0.0,0.0,0.0,0.0,0.0,0.0,0.0,0.2,5.5,28.0
16:18:10.000,0.5,0.8,0.0,98.7,3787.2,3561.0,77.5,41.1,11.6,82.8,0.0,0.0,1,0,5150.0,0.0,0.0,0.0,0.0,8.1,-0.0,-0.0,-13.1,0.0,0.0,158.6,0.0,0.0,169.6,0.0,0.0,0.0,0.0,0.0,0.0,0.0,0.0,0.0,0.0,0.0,0.0,0.0,0.0,0.0,0.0,0.2,5.5,28.0
16:18:11.000,0.0,1.0,0.0,99.0,3787.2,3561.0,77.5,41.1,11.6,82.8,0.0,0.0,1,0,4598.9,0.0,0.0,0.0,0.0,8.2,-0.0,-0.0,-13.1,0.0,0.0,160.4,0.0,0.0,169.4,1.0,0.0,1.0,0.0,0.0,0.0,12.0,0.0,12.0,6.0,0.0,6.0,2.0,0.0,2.0,0.0,0.2,5.5,28.0
16:18:12.000,0.3,1.3,0.0,98.5,3787.2,3561.0,77.5,41.1,11.6,82.9,0.0,0.0,1,0,4531.5,0.0,0.0,0.0,0.0,8.6,-0.0,-0.0,-13.8,0.0,0.0,168.6,0.0,0.0,179.5,0.0,0.0,0.0,0.0,0.0,0.0,0.0,0.0,0.0,0.0,0.0,0.0,0.0,0.0,0.0,0.0,0.2,5.5,28.0
16:18:13.000,0.3,1.8,0.0,98.0,3787.2,3561.0,77.5,41.1,11.6,82.9,0.0,0.0,1,0,5545.6,0.0,0.0,0.0,0.0,8.7,-0.0,-0.0,-13.8,0.0,0.0,169.6,0.0,0.0,179.5,0.0,0.0,0.0,0.0,0.0,0.0,0.0,0.0,0.0,0.0,0.0,0.0,0.0,0.0,0.0,0.0,0.2,5.5,28.0
16:18:14.000,0.0,1.0,0.0,99.0,3787.2,3560.8,77.5,41.1,11.6,82.9,0.0,0.0,1,0,5308.5,0.0,0.0,0.0,0.0,8.7,-0.0,-0.0,-13.7,0.0,0.0,169.6,0.0,0.0,178.5,0.0,0.0,0.0,0.0,0.0,0.0,0.0,0.0,0.0,0.0,0.0,0.0,0.0,0.0,0.0,0.0,0.2,5.5,28.0
16:18:15.000,1.0,1.3,0.0,97.7,3787.2,3560.8,77.5,41.1,11.6,82.9,0.0,0.0,1,0,4715.5,0.0,0.0,0.0,0.0,8.7,-0.0,-0.0,-13.7,0.0,0.0,169.6,0.0,0.0,178.5,0.0,0.0,0.0,0.0,0.0,0.0,0.0,0.0,0.0,0.0,0.0,0.0,0.0,0.0,0.0,0.0,0.2,5.5,28.0
16:18:16.000,0.3,1.3,0.3,98.2,3787.2,3560.8,77.5,41.1,11.6,84.9,0.0,0.0,2,0,4642.8,0.0,0.0,0.0,0.0,8.7,-0.0,-0.0,-13.9,0.0,0.0,169.4,0.0,0.0,181.3,0.0,0.0,0.0,0.0,0.0,0.0,12.0,0.0,12.0,6.0,0.0,6.0,2.0,0.0,2.0,0.0,0.2,5.5,28.0
16:18:17.000,1.0,1.8,0.0,97.2,3787.2,3560.8,77.5,41.1,11.6,84.9,0.0,0.0,1,0,5779.4,0.0,0.0,0.0,0.0,8.7,-0.0,-0.0,-13.6,0.0,0.0,169.5,0.0,0.0,177.5,0.0,0.0,0.0,0.0,0.0,0.0,0.0,0.0,0.0,0.0,0.0,0.0,0.0,0.0,0.0,0.0,0.2,5.5,28.0
16:18:18.000,0.3,1.8,0.0,98.0,3787.2,3560.8,77.5,41.1,11.6,84.9,0.0,0.0,1,0,4867.3,0.0,0.0,0.0,0.0,8.4,-0.0,-0.0,-13.6,0.0,0.0,163.6,0.0,0.0,177.5,0.0,0.0,0.0,0.0,0.0,0.0,0.0,0.0,0.0,0.0,0.0,0.0,0.0,0.0,0.0,0.0,0.2,5.5,28.0
16:18:19.000,0.3,1.5,0.0,98.2,3787.2,3560.8,77.5,41.1,11.6,84.9,0.0,0.0,2,0,4412.6,0.0,0.0,0.0,0.0,8.6,-0.0,-0.0,-13.4,0.0,0.0,168.6,0.0,0.0,174.5,0.0,0.0,0.0,0.0,0.0,0.0,0.0,0.0,0.0,0.0,0.0,0.0,0.0,0.0,0.0,0.0,0.2,5.5,28.0
16:18:20.000,0.3,0.8,0.0,99.0,3787.2,3560.8,77.5,41.1,11.6,84.9,0.0,0.0,1,0,4227.4,0.0,0.0,0.0,0.0,8.6,-0.0,-0.0,-13.8,0.0,0.0,168.6,0.0,0.0,179.5,0.0,0.0,0.0,0.0,0.0,0.0,0.0,0.0,0.0,0.0,0.0,0.0,0.0,0.0,0.0,0.0,0.2,5.5,28.0
16:18:21.000,2.0,1.0,0.0,97.0,3787.2,3560.5,77.5,41.2,11.6,84.9,0.0,0.0,1,0,4226.6,0.0,0.0,0.0,0.0,8.7,-0.0,-0.0,-13.7,0.0,0.0,169.5,0.0,0.0,178.5,0.0,0.0,0.0,0.0,0.0,0.0,12.0,0.0,12.0,6.0,0.0,6.0,2.0,0.0,2.0,0.0,0.2,5.5,28.0
16:18:22.000,0.5,2.3,0.0,97.2,3787.2,3560.5,77.5,41.2,11.6,85.1,0.0,0.0,1,0,4728.9,0.0,0.0,0.0,0.0,9.1,-0.0,-0.0,-14.4,0.0,0.0,178.5,0.0,0.0,188.5,0.0,0.0,0.0,0.0,0.0,0.0,0.0,0.0,0.0,0.0,0.0,0.0,0.0,0.0,0.0,0.0,0.2,5.5,28.0
16:18:23.000,0.8,1.5,0.0,97.7,3787.2,3560.5,77.5,41.2,11.6,85.1,0.0,0.0,1,0,6164.7,0.0,0.0,0.0,0.0,9.3,-0.0,-0.0,-14.4,0.0,0.0,180.6,0.0,0.0,189.5,0.0,0.0,0.0,0.0,0.0,0.0,0.0,0.0,0.0,0.0,0.0,0.0,0.0,0.0,0.0,0.0,0.2,5.5,28.0
16:18:24.000,0.5,1.5,0.0,98.0,3787.2,3560.3,77.5,41.2,11.6,85.1,0.0,0.0,1,0,4421.6,0.0,0.0,0.0,0.0,9.2,-0.0,-0.0,-14.4,0.0,0.0,179.5,0.0,0.0,189.5,0.0,0.0,0.0,0.0,0.0,0.0,0.0,0.0,0.0,0.0,0.0,0.0,0.0,0.0,0.0,0.0,0.2,5.5,28.0
16:18:25.000,0.5,0.8,0.0,98.7,3787.2,3560.1,77.5,41.2,11.6,85.1,0.0,0.0,1,0,4517.6,0.0,0.0,0.0,0.0,8.7,-0.0,-0.0,-13.2,0.0,0.0,170.6,0.0,0.0,180.5,0.0,0.0,0.0,0.0,0.0,0.0,0.0,0.0,0.0,0.0,0.0,0.0,0.0,0.0,0.0,0.0,0.2,5.5,28.0
16:18:26.000,0.3,1.3,0.3,98.2,3787.2,3560.1,77.5,41.2,11.6,85.1,0.0,0.0,1,0,3542.7,0.0,0.0,0.0,0.0,7.6,-0.0,-0.0,-10.5,0.0,0.0,149.5,0.0,0.0,159.4,0.0,0.0,1.0,0.0,0.0,0.0,12.0,0.0,12.0,6.0,0.0,6.0,2.0,0.0,2.0,0.0,0.2,5.5,28.0
16:18:27.000,0.5,1.3,0.0,98.2,3787.2,3560.1,77.5,41.2,11.6,85.1,0.0,0.0,1,0,4154.6,0.0,0.0,0.0,0.0,7.6,-0.0,-0.0,-10.3,0.0,0.0,149.6,0.0,0.0,156.6,0.0,0.0,0.0,0.0,0.0,0.0,0.0,0.0,0.0,0.0,0.0,0.0,0.0,0.0,0.0,0.0,0.2,5.5,28.0
16:18:28.000,0.0,1.0,0.0,99.0,3787.2,3560.1,77.5,41.2,11.6,85.1,0.0,0.0,1,0,3722.7,0.0,0.0,0.0,0.0,7.5,-0.0,-0.0,-9.9,0.0,0.0,147.6,0.0,0.0,150.6,1.0,0.0,0.0,0.0,0.0,0.0,23.9,0.0,23.9,24.0,0.0,24.0,1.0,0.0,1.0,0.0,0.2,5.5,28.0
16:18:29.000,0.5,1.5,0.0,98.0,3787.2,3560.1,77.5,41.2,11.6,85.1,0.0,0.0,1,0,3419.6,0.0,0.0,0.0,0.0,7.6,-0.0,-0.0,-10.3,0.0,0.0,149.6,0.0,0.0,156.6,0.0,0.0,0.0,0.0,0.0,0.0,0.0,0.0,0.0,0.0,0.0,0.0,0.0,0.0,0.0,0.0,0.2,5.5,28.0
16:18:30.000,0.3,1.5,0.0,98.2,3787.2,3560.1,77.5,41.2,11.6,85.1,0.0,0.0,1,0,3711.8,0.0,0.0,0.0,0.0,7.6,-0.0,-0.0,-9.8,0.0,0.0,149.6,0.0,0.0,149.6,0.0,0.0,0.0,0.0,0.0,0.0,0.0,0.0,0.0,0.0,0.0,0.0,0.0,0.0,0.0,0.0,0.2,5.5,28.0
16:18:31.000,0.3,0.8,0.3,98.7,3787.2,3560.1,77.5,41.2,11.6,85.1,0.0,0.0,1,0,3869.8,0.0,0.0,0.0,0.0,7.6,-0.0,-0.0,-9.8,0.0,0.0,149.0,0.0,0.0,150.0,1.0,0.0,1.0,0.0,0.0,0.0,23.8,0.0,23.8,12.0,0.0,12.0,2.0,0.0,2.0,0.0,0.2,5.5,28.0
16:18:32.000,0.5,0.8,0.0,98.7,3787.2,3560.1,77.5,41.2,11.6,85.2,0.0,0.0,1,0,3850.4,0.0,0.0,0.0,0.0,8.1,-0.0,-0.0,-10.4,0.0,0.0,158.6,0.0,0.0,158.6,0.0,0.0,0.0,0.0,0.0,0.0,0.0,0.0,0.0,0.0,0.0,0.0,0.0,0.0,0.0,0.0,0.2,5.5,28.0
16:18:33.000,0.5,1.0,0.0,98.5,3787.2,3560.1,77.5,41.2,11.6,85.2,0.0,0.0,2,0,3857.9,0.0,0.0,0.0,0.0,8.1,-0.0,-0.0,-11.1,0.0,0.0,159.6,0.0,0.0,168.6,0.0,0.0,0.0,0.0,0.0,0.0,0.0,0.0,0.0,0.0,0.0,0.0,0.0,0.0,0.0,0.0,0.2,5.5,28.0
16:18:34.000,0.0,1.0,0.0,99.0,3787.2,3560.1,77.5,41.2,11.6,85.2,0.0,0.0,1,0,3823.6,0.0,0.0,0.0,0.0,8.1,-0.0,-0.0,-10.5,0.0,0.0,159.6,0.0,0.0,160.6,0.0,0.0,0.0,0.0,0.0,0.0,0.0,0.0,0.0,0.0,0.0,0.0,0.0,0.0,0.0,0.0,0.2,5.5,28.0
16:18:35.000,0.2,1.8,0.0,98.0,3787.2,3560.1,77.5,41.2,11.6,85.2,0.0,0.0,1,0,3720.9,0.0,0.0,0.0,0.0,8.0,-0.0,-0.0,-10.2,0.0,0.0,156.6,0.0,0.0,155.6,0.0,0.0,0.0,0.0,0.0,0.0,0.0,0.0,0.0,0.0,0.0,0.0,0.0,0.0,0.0,0.0,0.2,5.5,28.0
16:18:36.000,0.3,1.3,0.0,98.5,3787.2,3560.1,77.5,41.2,11.6,85.2,0.0,0.0,1,0,3528.1,1.0,0.0,0.0,0.0,7.6,-0.0,-0.0,-9.8,0.0,0.0,149.5,0.0,0.0,149.5,0.0,0.0,0.0,0.0,0.0,0.0,12.0,0.0,12.0,6.0,0.0,6.0,2.0,0.0,2.0,0.0,0.2,5.5,28.0
16:18:37.000,0.5,1.5,0.0,98.0,3787.2,3560.1,77.5,41.2,11.6,85.2,0.0,0.0,3,0,4885.4,0.0,0.0,0.0,0.0,7.4,-0.0,-0.0,-9.6,0.0,0.0,146.6,0.0,0.0,146.6,0.0,0.0,0.0,0.0,0.0,0.0,0.0,0.0,0.0,0.0,0.0,0.0,0.0,0.0,0.0,0.0,0.2,5.5,28.0
16:18:38.000,0.5,1.5,0.0,98.0,3787.2,3560.1,77.5,41.2,11.6,85.2,0.0,0.0,1,0,4454.9,0.0,0.0,0.0,0.0,7.3,-0.0,-0.0,-9.5,0.0,0.0,144.6,0.0,0.0,145.6,0.0,0.0,0.0,0.0,0.0,0.0,0.0,0.0,0.0,0.0,0.0,0.0,0.0,0.0,0.0,0.0,0.2,5.5,28.0
16:18:39.000,0.5,0.5,0.0,99.0,3787.2,3560.1,77.5,41.2,11.6,85.2,0.0,0.0,1,0,3551.8,0.0,0.0,0.0,0.0,7.6,-0.0,-0.0,-9.7,0.0,0.0,149.6,0.0,0.0,148.6,0.0,0.0,0.0,0.0,0.0,0.0,0.0,0.0,0.0,0.0,0.0,0.0,0.0,0.0,0.0,0.0,0.2,5.5,28.0
16:18:40.000,0.2,2.5,0.0,97.3,3787.2,3560.1,77.5,41.2,11.6,85.2,0.0,0.0,1,0,3496.3,0.0,0.0,0.0,0.0,7.6,-0.0,-0.0,-9.9,0.0,0.0,149.6,0.0,0.0,150.6,0.0,0.0,0.0,0.0,0.0,0.0,0.0,0.0,0.0,0.0,0.0,0.0,0.0,0.0,0.0,0.0,0.2,5.5,28.0
16:18:41.000,0.5,1.0,0.0,98.5,3787.2,3560.1,77.5,41.2,11.6,85.2,0.0,0.0,1,0,3795.4,0.0,0.0,0.0,0.0,7.6,-0.0,-0.0,-10.4,0.0,0.0,149.6,0.0,0.0,158.6,0.0,0.0,1.0,0.0,0.0,0.0,12.0,0.0,12.0,6.0,0.0,6.0,2.0,0.0,2.0,0.0,0.2,5.5,28.0
16:18:42.000,0.3,1.3,0.0,98.5,3787.2,3560.1,77.5,41.2,11.6,85.2,0.0,0.0,1,0,3857.3,0.0,0.0,0.0,0.0,8.1,-0.0,-0.0,-10.4,0.0,0.0,159.6,0.0,0.0,159.6,0.0,0.0,0.0,0.0,0.0,0.0,0.0,0.0,0.0,0.0,0.0,0.0,0.0,0.0,0.0,0.0,0.2,5.5,28.0
16:18:43.000,0.5,1.8,0.0,97.8,3787.2,3560.1,77.5,41.2,11.6,85.2,0.0,0.0,1,0,3834.6,0.0,0.0,0.0,0.0,8.1,-0.0,-0.0,-10.4,0.0,0.0,159.6,0.0,0.0,159.6,0.0,0.0,0.0,0.0,0.0,0.0,0.0,0.0,0.0,0.0,0.0,0.0,0.0,0.0,0.0,0.0,0.2,5.5,28.0
16:18:44.000,0.3,0.8,0.0,99.0,3787.2,3560.1,77.5,41.2,11.6,85.2,0.0,0.0,1,0,3776.6,0.0,0.0,0.0,0.0,8.1,-0.0,-0.0,-10.4,0.0,0.0,158.6,0.0,0.0,158.6,0.0,0.0,0.0,0.0,0.0,0.0,0.0,0.0,0.0,0.0,0.0,0.0,0.0,0.0,0.0,0.0,0.2,5.5,28.0
16:18:45.000,0.3,1.0,0.0,98.7,3787.2,3560.1,77.5,41.2,11.6,85.2,0.0,0.0,1,0,3664.5,0.0,0.0,0.0,0.0,7.9,-0.0,-0.0,-10.2,0.0,0.0,155.6,0.0,0.0,155.6,0.0,0.0,0.0,0.0,0.0,0.0,0.0,0.0,0.0,0.0,0.0,0.0,0.0,0.0,0.0,0.0,0.2,5.5,28.0
16:18:46.000,0.3,1.0,0.3,98.5,3787.2,3560.1,77.5,41.2,11.6,85.2,0.0,0.0,1,0,3578.1,0.0,0.0,0.0,0.0,7.6,-0.0,-0.0,-9.8,0.0,0.0,149.5,0.0,0.0,149.5,1.0,0.0,0.0,0.0,0.0,0.0,15.9,0.0,15.9,8.0,0.0,8.0,2.0,0.0,2.0,0.0,0.2,5.5,28.0
16:18:47.000,0.8,1.3,0.0,98.0,3787.2,3560.1,77.5,41.2,11.6,85.2,0.0,0.0,1,0,4641.6,0.0,0.0,0.0,0.0,7.6,-0.0,-0.0,-9.8,0.0,0.0,149.6,0.0,0.0,149.6,0.0,0.0,0.0,0.0,0.0,0.0,0.0,0.0,0.0,0.0,0.0,0.0,0.0,0.0,0.0,0.0,0.2,5.5,28.0
16:18:48.000,0.0,1.5,0.0,98.5,3787.2,3560.1,77.5,41.2,11.6,85.2,0.0,0.0,1,0,3534.1,0.0,0.0,0.0,0.0,7.5,-0.0,-0.0,-9.7,0.0,0.0,147.6,0.0,0.0,147.6,0.0,0.0,0.0,0.0,0.0,0.0,0.0,0.0,0.0,0.0,0.0,0.0,0.0,0.0,0.0,0.0,0.2,5.5,28.0
16:18:49.000,0.3,1.0,0.0,98.7,3787.2,3560.1,77.5,41.2,11.6,85.2,0.0,0.0,1,0,3410.7,0.0,0.0,0.0,0.0,7.6,-0.0,-0.0,-9.8,0.0,0.0,149.6,0.0,0.0,149.6,0.0,0.0,0.0,0.0,0.0,0.0,0.0,0.0,0.0,0.0,0.0,0.0,0.0,0.0,0.0,0.0,0.2,5.5,28.0
16:18:50.000,0.3,1.0,0.0,98.7,3787.2,3560.1,77.5,41.2,11.6,85.2,0.0,0.0,1,0,3458.4,0.0,0.0,0.0,0.0,7.6,-0.0,-0.0,-9.8,0.0,0.0,149.6,0.0,0.0,149.6,0.0,0.0,0.0,0.0,0.0,0.0,0.0,0.0,0.0,0.0,0.0,0.0,0.0,0.0,0.0,0.0,0.2,5.5,28.0
16:18:51.000,0.5,1.0,0.0,98.5,3787.2,3560.1,77.6,41.2,11.6,85.2,0.0,0.0,1,0,3490.8,0.0,0.0,0.0,0.0,7.6,-0.0,-0.0,-9.8,0.0,0.0,149.6,0.0,0.0,149.6,0.0,0.0,0.0,0.0,0.0,0.0,12.0,0.0,12.0,6.0,0.0,6.0,2.0,0.0,2.0,0.0,0.2,5.5,28.0
16:18:52.000,0.0,1.0,0.0,99.0,3787.2,3560.1,77.6,41.2,11.6,85.2,0.0,0.0,1,0,3859.5,0.0,0.0,0.0,0.0,8.1,-0.0,-0.0,-10.4,0.0,0.0,159.6,0.0,0.0,159.6,0.0,0.0,0.0,0.0,0.0,0.0,0.0,0.0,0.0,0.0,0.0,0.0,0.0,0.0,0.0,0.0,0.2,5.5,28.0
16:18:53.000,0.5,1.8,0.0,97.7,3787.2,3560.1,77.6,41.2,11.6,85.2,0.0,0.0,1,0,5072.3,0.0,0.0,0.0,0.0,8.1,-0.0,-0.0,-10.4,0.0,0.0,159.6,0.0,0.0,159.6,0.0,0.0,0.0,0.0,0.0,0.0,0.0,0.0,0.0,0.0,0.0,0.0,0.0,0.0,0.0,0.0,0.2,5.5,28.0
16:18:54.000,0.0,1.3,0.0,98.7,3787.2,3560.1,77.6,41.2,11.6,85.2,0.0,0.0,1,0,3828.4,0.0,0.0,0.0,0.0,8.1,-0.0,-0.0,-10.4,0.0,0.0,159.6,0.0,0.0,159.6,0.0,0.0,0.0,0.0,0.0,0.0,0.0,0.0,0.0,0.0,0.0,0.0,0.0,0.0,0.0,0.0,0.2,5.5,28.0
16:18:55.000,0.5,0.8,0.0,98.7,3787.2,3560.1,77.5,41.2,11.6,85.2,0.0,0.0,1,0,3772.8,0.0,0.0,0.0,0.0,7.8,-0.0,-0.0,-10.1,0.0,0.0,153.6,0.0,0.0,153.6,1.0,0.0,1.0,0.0,0.0,0.0,0.0,0.0,0.0,0.0,0.0,0.0,0.0,0.0,0.0,0.0,0.2,5.5,28.0
16:18:56.000,0.3,0.8,0.3,98.7,3787.2,3560.1,77.6,41.2,11.6,85.2,0.0,0.0,1,0,3386.7,0.0,0.0,0.0,0.0,7.6,-0.0,-0.0,-9.8,0.0,0.0,149.5,0.0,0.0,149.5,0.0,0.0,0.0,0.0,0.0,0.0,12.0,0.0,12.0,6.0,0.0,6.0,2.0,0.0,2.0,0.0,0.2,5.5,28.0
16:18:57.000,0.0,1.0,0.0,99.0,3787.2,3560.1,77.6,41.2,11.6,85.2,0.0,0.0,1,0,3348.4,0.0,0.0,0.0,0.0,7.6,-0.0,-0.0,-10.5,0.0,0.0,149.6,0.0,0.0,159.6,0.0,0.0,0.0,0.0,0.0,0.0,0.0,0.0,0.0,0.0,0.0,0.0,0.0,0.0,0.0,0.0,0.2,5.5,28.0
16:18:58.000,0.0,0.8,0.0,99.2,3787.2,3560.1,77.6,41.2,11.6,85.2,0.0,0.0,1,0,3453.6,0.0,0.0,0.0,0.0,7.5,-0.0,-0.0,-9.7,0.0,0.0,147.6,0.0,0.0,147.6,0.0,0.0,0.0,0.0,0.0,0.0,0.0,0.0,0.0,0.0,0.0,0.0,0.0,0.0,0.0,0.0,0.2,5.5,28.0
16:18:59.000,0.5,1.5,0.0,98.0,3787.2,3560.1,77.6,41.2,11.6,85.2,0.0,0.0,1,0,3464.4,0.0,0.0,0.0,0.0,7.6,-0.0,-0.0,-9.8,0.0,0.0,149.6,0.0,0.0,149.6,0.0,0.0,0.0,0.0,0.0,0.0,23.9,0.0,23.9,24.0,0.0,24.0,1.0,0.0,1.0,0.0,0.2,5.5,28.0
16:19:00.000,0.3,0.8,0.0,99.0,3787.2,3560.1,77.6,41.2,11.6,85.2,0.0,0.0,2,0,4105.5,0.0,0.0,0.0,0.0,7.5,-0.0,-0.0,-9.7,0.0,0.0,147.6,0.0,0.0,147.6,0.0,0.0,0.0,0.0,0.0,0.0,0.0,0.0,0.0,0.0,0.0,0.0,0.0,0.0,0.0,0.0,0.2,5.5,28.0
16:19:01.000,0.5,1.5,0.2,97.8,3787.2,3560.1,77.6,41.2,11.6,85.2,0.0,0.0,1,0,3819.1,0.0,0.0,0.0,0.0,7.6,-0.0,-0.0,-9.8,0.0,0.0,150.1,0.0,0.0,150.1,1.0,0.0,1.0,0.0,0.0,0.0,39.8,0.0,39.8,6.7,0.0,6.7,6.0,0.0,6.0,0.0,0.2,5.5,28.0
16:19:02.000,0.0,1.0,0.0,99.0,3787.2,3560.1,77.6,41.2,11.6,85.2,0.0,0.0,1,0,3765.5,0.0,0.0,0.0,0.0,8.0,-0.0,-0.0,-10.4,0.0,0.0,157.6,0.0,0.0,158.6,0.0,0.0,0.0,0.0,0.0,0.0,0.0,0.0,0.0,0.0,0.0,0.0,0.0,0.0,0.0,0.0,0.2,5.5,28.0
16:19:03.000,0.5,1.3,0.0,98.2,3787.2,3560.1,77.6,41.2,11.6,85.2,0.0,0.0,1,0,4687.2,0.0,0.0,0.0,0.0,8.1,-0.0,-0.0,-10.4,0.0,0.0,159.6,0.0,0.0,158.6,0.0,0.0,0.0,0.0,0.0,0.0,0.0,0.0,0.0,0.0,0.0,0.0,0.0,0.0,0.0,0.0,0.2,5.5,28.0
16:19:04.000,0.5,1.0,0.0,98.5,3787.2,3560.1,77.6,41.2,11.6,85.2,0.0,0.0,1,0,3788.5,0.0,0.0,0.0,0.0,8.1,-0.0,-0.0,-10.4,0.0,0.0,159.6,0.0,0.0,159.6,0.0,0.0,0.0,0.0,0.0,0.0,0.0,0.0,0.0,0.0,0.0,0.0,0.0,0.0,0.0,0.0,0.2,5.5,28.0
16:19:05.000,0.3,1.3,0.0,98.5,3787.2,3560.1,77.6,41.2,11.6,85.2,0.0,0.0,1,0,3627.9,0.0,0.0,0.0,0.0,7.8,-0.0,-0.0,-10.1,0.0,0.0,153.6,0.0,0.0,153.6,0.0,0.0,0.0,0.0,0.0,0.0,0.0,0.0,0.0,0.0,0.0,0.0,0.0,0.0,0.0,0.0,0.2,5.5,28.0
16:19:06.000,0.3,0.8,0.0,99.0,3787.2,3560.1,77.6,41.2,11.6,85.2,0.0,0.0,1,0,3677.2,0.0,0.0,0.0,0.0,7.6,-0.0,-0.0,-9.8,0.0,0.0,149.5,0.0,0.0,149.5,0.0,0.0,0.0,0.0,0.0,0.0,12.0,0.0,12.0,6.0,0.0,6.0,2.0,0.0,2.0,0.0,0.2,5.5,28.0
16:19:07.000,0.3,0.5,0.0,99.2,3787.2,3560.1,77.6,41.2,11.6,85.2,0.0,0.0,1,0,3435.6,0.0,0.0,0.0,0.0,7.6,-0.0,-0.0,-9.8,0.0,0.0,149.6,0.0,0.0,149.6,0.0,0.0,0.0,0.0,0.0,0.0,0.0,0.0,0.0,0.0,0.0,0.0,0.0,0.0,0.0,0.0,0.2,5.5,28.0
16:19:08.000,0.0,0.8,0.0,99.2,3787.2,3560.1,77.6,41.2,11.6,85.2,0.0,0.0,1,0,3374.5,0.0,0.0,0.0,0.0,7.5,-0.0,-0.0,-9.7,0.0,0.0,147.6,0.0,0.0,147.6,0.0,0.0,0.0,0.0,0.0,0.0,0.0,0.0,0.0,0.0,0.0,0.0,0.0,0.0,0.0,0.0,0.2,5.5,28.0
16:19:09.000,0.3,0.8,0.0,99.0,3787.2,3560.1,77.6,41.2,11.6,85.2,0.0,0.0,1,0,3397.6,0.0,0.0,0.0,0.0,7.5,-0.0,-0.0,-9.7,0.0,0.0,148.6,0.0,0.0,148.6,0.0,0.0,0.0,0.0,0.0,0.0,0.0,0.0,0.0,0.0,0.0,0.0,0.0,0.0,0.0,0.0,0.2,5.5,28.0
16:19:10.000,0.3,0.8,0.0,99.0,3787.2,3560.1,77.6,41.2,11.7,85.2,0.0,0.0,1,0,3941.2,0.0,0.0,0.0,0.0,7.6,-0.0,-0.0,-9.8,0.0,0.0,149.6,0.0,0.0,149.6,1.0,0.0,1.0,0.0,0.0,0.0,0.0,0.0,0.0,0.0,0.0,0.0,0.0,0.0,0.0,0.0,0.2,5.5,28.0
16:19:11.000,0.3,0.5,0.3,99.0,3787.2,3560.1,77.6,41.2,11.7,85.2,0.0,0.0,1,0,4107.8,0.0,0.0,0.0,0.0,7.6,-0.0,-0.0,-9.8,0.0,0.0,149.4,0.0,0.0,149.4,0.0,0.0,0.0,0.0,0.0,0.0,12.0,0.0,12.0,6.0,0.0,6.0,2.0,0.0,2.0,0.0,0.2,5.5,28.0
16:19:12.000,0.0,2.5,0.0,97.5,3787.2,3582.9,77.6,41.2,11.7,69.7,0.0,0.0,1,0,2968.5,0.0,0.0,0.0,0.0,0.2,-0.0,-0.0,-98.4,0.0,0.0,4.0,0.0,0.0,1525.1,0.0,0.0,0.0,0.0,0.0,0.0,0.0,0.0,0.0,0.0,0.0,0.0,0.0,0.0,0.0,0.0,0.2,5.5,28.0
16:19:13.000,0.0,0.0,0.0,100.0,3787.2,3582.9,77.6,41.2,11.7,69.7,0.0,0.0,1,0,38.9,0.0,0.0,0.0,0.0,0.0,-0.0,-0.0,-0.0,0.0,0.0,0.0,0.0,0.0,0.0,0.0,0.0,0.0,0.0,0.0,0.0,0.0,0.0,0.0,0.0,0.0,0.0,0.0,0.0,0.0,0.0,0.2,5.5,28.0
16:19:14.000,0.0,0.0,0.0,100.0,3787.2,3582.9,77.6,41.2,11.7,69.7,0.0,0.0,1,0,47.9,0.0,0.0,0.0,0.0,0.0,-0.0,-0.0,-0.0,0.0,0.0,0.0,0.0,0.0,0.0,0.0,0.0,0.0,0.0,0.0,0.0,0.0,0.0,0.0,0.0,0.0,0.0,0.0,0.0,0.0,0.0,0.2,5.5,28.0
16:19:15.000,0.0,0.0,0.0,100.0,3787.2,3582.6,77.6,41.2,11.7,69.7,0.0,0.0,1,0,44.9,0.0,0.0,0.0,0.0,0.0,-0.0,-0.0,-0.0,0.0,0.0,0.0,0.0,0.0,0.0,0.0,0.0,0.0,0.0,0.0,0.0,0.0,0.0,0.0,0.0,0.0,0.0,0.0,0.0,0.0,0.0,0.2,5.5,28.0
16:19:16.000,0.0,0.2,0.0,99.8,3787.2,3582.6,77.6,41.2,11.7,69.7,0.0,0.0,1,0,63.8,0.0,0.0,0.0,0.0,0.0,-0.0,-0.0,-0.0,0.0,0.0,0.0,0.0,0.0,0.0,0.0,0.0,1.0,0.0,0.0,0.0,12.0,0.0,12.0,6.0,0.0,6.0,2.0,0.0,2.0,0.0,0.2,5.5,28.0
16:19:17.000,0.0,0.0,0.0,100.0,3787.2,3582.6,77.6,41.2,11.7,69.7,0.0,0.0,1,0,37.9,0.0,0.0,0.0,0.0,0.0,-0.0,-0.0,-0.0,0.0,0.0,0.0,0.0,0.0,0.0,0.0,0.0,0.0,0.0,0.0,0.0,0.0,0.0,0.0,0.0,0.0,0.0,0.0,0.0,0.0,0.0,0.2,5.5,28.0
16:19:18.000,0.0,0.0,0.0,100.0,3787.2,3582.6,77.6,41.2,11.7,69.7,0.0,0.0,1,0,33.9,0.0,0.0,0.0,0.0,0.0,-0.0,-0.0,-0.0,0.0,0.0,0.0,0.0,0.0,0.0,0.0,0.0,0.0,0.0,0.0,0.0,0.0,0.0,0.0,0.0,0.0,0.0,0.0,0.0,0.0,0.0,0.2,5.5,28.0
16:19:19.000,0.0,0.0,0.0,100.0,3787.2,3582.6,77.6,41.2,11.7,69.7,0.0,0.0,1,0,41.9,0.0,0.0,0.0,0.0,0.0,-0.0,-0.0,-0.0,0.0,0.0,0.0,0.0,0.0,0.0,0.0,0.0,0.0,0.0,0.0,0.0,0.0,0.0,0.0,0.0,0.0,0.0,0.0,0.0,0.0,0.0,0.2,5.5,28.0
16:19:20.000,0.0,0.0,0.0,100.0,3787.2,3582.6,77.6,41.2,11.7,69.7,0.0,0.0,1,0,37.9,0.0,0.0,0.0,0.0,0.0,-0.0,-0.0,-0.0,0.0,0.0,0.0,0.0,0.0,0.0,1.0,0.0,0.0,0.0,0.0,0.0,0.0,0.0,0.0,0.0,0.0,0.0,0.0,0.0,0.0,0.0,0.2,5.5,28.0
16:19:21.000,0.0,0.0,0.2,99.8,3787.2,3582.6,77.6,41.2,11.7,69.7,0.0,0.0,1,0,55.8,0.0,0.0,0.0,0.0,0.0,-0.0,-0.0,-0.0,0.0,0.0,0.0,0.0,0.0,0.0,0.0,0.0,0.0,0.0,0.0,0.0,12.0,0.0,12.0,6.0,0.0,6.0,2.0,0.0,2.0,0.0,0.2,5.5,28.0
16:19:22.000,0.0,0.0,0.0,100.0,3787.2,3582.6,77.6,41.2,11.7,69.7,0.0,0.0,1,0,45.9,0.0,0.0,0.0,0.0,0.0,-0.0,-0.0,-0.0,0.0,0.0,0.0,0.0,0.0,0.0,0.0,0.0,0.0,0.0,0.0,0.0,0.0,0.0,0.0,0.0,0.0,0.0,0.0,0.0,0.0,0.0,0.2,5.5,28.0
16:19:23.000,0.0,0.0,0.0,100.0,3787.2,3582.6,77.6,41.3,11.7,69.7,0.0,0.0,1,0,44.9,0.0,0.0,0.0,0.0,0.0,-0.0,-0.0,-0.0,0.0,0.0,0.0,0.0,0.0,0.0,0.0,0.0,0.0,0.0,0.0,0.0,0.0,0.0,0.0,0.0,0.0,0.0,0.0,0.0,0.0,0.0,0.2,5.5,28.0
16:19:24.000,0.0,0.2,0.0,99.8,3787.2,3582.6,77.6,41.3,11.7,69.7,0.0,0.0,1,0,37.9,0.0,0.0,0.0,0.0,0.0,-0.0,-0.0,-0.0,0.0,0.0,0.0,0.0,0.0,0.0,0.0,0.0,0.0,0.0,0.0,0.0,0.0,0.0,0.0,0.0,0.0,0.0,0.0,0.0,0.0,0.0,0.2,5.5,28.0
16:19:25.000,0.0,0.0,0.0,100.0,3787.2,3582.6,77.6,41.3,11.7,69.7,0.0,0.0,1,0,35.9,0.0,0.0,0.0,0.0,0.0,-0.0,-0.0,-0.0,0.0,0.0,0.0,0.0,0.0,0.0,0.0,0.0,0.0,0.0,0.0,0.0,0.0,0.0,0.0,0.0,0.0,0.0,0.0,0.0,0.0,0.0,0.2,5.5,28.0
16:19:26.000,0.0,0.0,0.0,100.0,3787.2,3582.6,77.6,41.3,11.7,69.7,0.0,0.0,1,0,55.8,0.0,0.0,0.0,0.0,0.0,-0.0,-0.0,-0.0,0.0,0.0,0.0,0.0,0.0,0.0,0.0,0.0,0.0,0.0,0.0,0.0,12.0,0.0,12.0,6.0,0.0,6.0,2.0,0.0,2.0,0.0,0.2,5.5,28.0
16:19:27.000,0.0,0.0,0.0,100.0,3787.2,3582.6,77.6,41.3,11.7,69.7,0.0,0.0,1,0,45.9,0.0,0.0,0.0,0.0,0.0,-0.0,-0.0,-0.0,0.0,0.0,0.0,0.0,0.0,0.0,0.0,0.0,0.0,0.0,0.0,0.0,0.0,0.0,0.0,0.0,0.0,0.0,0.0,0.0,0.0,0.0,0.2,5.5,28.0
16:19:28.000,0.2,0.0,0.0,99.8,3787.2,3582.6,77.6,41.3,11.7,69.7,0.0,0.0,1,0,35.9,0.0,0.0,0.0,0.0,0.0,-0.0,-0.0,-0.0,0.0,0.0,0.0,0.0,0.0,0.0,0.0,0.0,0.0,0.0,0.0,0.0,0.0,0.0,0.0,0.0,0.0,0.0,0.0,0.0,0.0,0.0,0.2,5.5,28.0
16:19:29.000,0.0,0.0,0.0,100.0,3787.2,3582.6,77.6,41.3,11.7,69.7,0.0,0.0,1,0,34.9,0.0,0.0,0.0,0.0,0.0,-0.0,-0.0,-0.0,0.0,0.0,0.0,0.0,0.0,0.0,0.0,0.0,0.0,0.0,0.0,0.0,0.0,0.0,0.0,0.0,0.0,0.0,0.0,0.0,0.0,0.0,0.2,5.5,28.0
16:19:30.000,0.0,0.2,0.0,99.8,3787.2,3582.6,77.6,41.3,11.7,69.7,0.0,0.0,1,0,47.9,0.0,0.0,0.0,0.0,0.0,-0.0,-0.0,-0.0,0.0,0.0,0.0,0.0,0.0,0.0,0.0,0.0,0.0,0.0,0.0,0.0,24.0,0.0,24.0,24.0,0.0,24.0,1.0,0.0,1.0,0.0,0.2,5.5,28.0
16:19:31.000,0.0,0.0,0.2,99.8,3787.2,3582.6,77.6,41.3,11.7,69.7,0.0,0.0,1,0,61.9,0.0,0.0,0.0,0.0,0.0,-0.0,-0.0,-0.0,0.0,0.0,0.0,0.0,0.0,0.0,1.0,0.0,1.0,0.0,0.0,0.0,23.9,0.0,23.9,12.0,0.0,12.0,2.0,0.0,2.0,0.0,0.2,5.5,28.0
16:19:32.000,0.0,0.0,0.0,100.0,3787.2,3582.6,77.6,41.3,11.7,69.7,0.0,0.0,1,0,40.9,0.0,0.0,0.0,0.0,0.0,-0.0,-0.0,-0.0,0.0,0.0,0.0,0.0,0.0,0.0,0.0,0.0,0.0,0.0,0.0,0.0,0.0,0.0,0.0,0.0,0.0,0.0,0.0,0.0,0.0,0.0,0.2,5.5,28.0
16:19:33.000,0.0,0.0,0.0,100.0,3787.2,3582.6,77.6,41.3,11.7,69.7,0.0,0.0,1,0,48.9,0.0,0.0,0.0,0.0,0.0,-0.0,-0.0,-0.0,0.0,0.0,0.0,0.0,0.0,0.0,0.0,0.0,0.0,0.0,0.0,0.0,0.0,0.0,0.0,0.0,0.0,0.0,0.0,0.0,0.0,0.0,0.2,5.5,28.0
16:19:34.000,0.0,0.0,0.0,100.0,3787.2,3582.6,77.6,41.3,11.7,69.7,0.0,0.0,1,0,35.9,0.0,0.0,0.0,0.0,0.0,-0.0,-0.0,-0.0,0.0,0.0,0.0,0.0,0.0,0.0,0.0,0.0,0.0,0.0,0.0,0.0,0.0,0.0,0.0,0.0,0.0,0.0,0.0,0.0,0.0,0.0,0.2,5.5,28.0
16:19:35.000,0.0,0.0,0.0,100.0,3787.2,3582.6,77.6,41.3,11.7,69.7,0.0,0.0,1,0,93.8,1.0,0.0,0.0,0.0,0.0,-0.0,-0.0,-0.0,0.0,0.0,0.0,0.0,0.0,0.0,0.0,0.0,1.0,0.0,0.0,0.0,20.0,0.0,20.0,6.7,0.0,6.7,3.0,0.0,3.0,0.0,0.2,5.5,28.0
16:19:36.000,0.0,0.0,0.0,100.0,3787.2,3582.6,77.6,41.3,11.7,69.7,0.0,0.0,1,0,46.9,0.0,0.0,0.0,0.0,0.0,-0.0,-0.0,-0.0,0.0,0.0,0.0,0.0,0.0,0.0,0.0,0.0,0.0,0.0,0.0,0.0,0.0,0.0,0.0,0.0,0.0,0.0,0.0,0.0,0.0,0.0,0.2,5.5,28.0
16:19:37.000,0.0,0.2,0.0,99.8,3787.2,3582.6,77.6,41.3,11.7,69.7,0.0,0.0,1,0,38.9,0.0,0.0,0.0,0.0,0.0,-0.0,-0.0,-0.0,0.0,0.0,0.0,0.0,0.0,0.0,0.0,0.0,0.0,0.0,0.0,0.0,0.0,0.0,0.0,0.0,0.0,0.0,0.0,0.0,0.0,0.0,0.2,5.5,28.0
16:19:38.000,0.0,0.0,0.0,100.0,3787.2,3582.6,77.6,41.3,11.7,69.7,0.0,0.0,1,0,142.7,0.0,0.0,0.0,0.0,0.1,-0.0,-0.0,-0.1,0.0,0.0,2.0,0.0,0.0,1.0,0.0,0.0,0.0,0.0,0.0,0.0,0.0,0.0,0.0,0.0,0.0,0.0,0.0,0.0,0.0,0.0,0.2,5.5,28.0
16:19:39.000,0.0,0.0,0.0,100.0,3787.2,3582.6,77.6,41.3,11.7,69.7,0.0,0.0,1,0,41.9,0.0,0.0,0.0,0.0,0.0,-0.0,-0.0,-0.0,0.0,0.0,0.0,0.0,0.0,0.0,0.0,0.0,0.0,0.0,0.0,0.0,0.0,0.0,0.0,0.0,0.0,0.0,0.0,0.0,0.0,0.0,0.2,5.5,28.0
16:19:40.000,0.0,0.0,0.0,100.0,3787.2,3582.6,77.6,41.3,11.7,69.7,0.0,0.0,1,0,38.9,0.0,0.0,0.0,0.0,0.0,-0.0,-0.0,-0.0,0.0,0.0,0.0,0.0,0.0,0.0,1.0,0.0,0.0,0.0,0.0,0.0,0.0,0.0,0.0,0.0,0.0,0.0,0.0,0.0,0.0,0.0,0.2,5.5,28.0
16:19:41.000,0.2,0.0,0.2,99.5,3787.2,3582.6,77.6,41.3,11.7,69.7,0.0,0.0,1,0,62.7,0.0,0.0,0.0,0.0,0.0,-0.0,-0.0,-0.0,0.0,0.0,0.0,0.0,0.0,0.0,0.0,0.0,0.0,0.0,0.0,0.0,11.9,0.0,11.9,6.0,0.0,6.0,2.0,0.0,2.0,0.0,0.2,5.5,28.0
16:19:42.000,0.0,0.0,0.0,100.0,3787.2,3582.6,77.6,41.3,11.7,69.7,0.0,0.0,1,0,34.9,0.0,0.0,0.0,0.0,0.0,-0.0,-0.0,-0.0,0.0,0.0,0.0,0.0,0.0,0.0,0.0,0.0,0.0,0.0,0.0,0.0,0.0,0.0,0.0,0.0,0.0,0.0,0.0,0.0,0.0,0.0,0.2,5.5,28.0
16:19:43.000,0.0,0.2,0.0,99.8,3787.2,3582.6,77.6,41.3,11.7,69.7,0.0,0.0,1,0,54.9,0.0,0.0,0.0,0.0,0.0,-0.0,-0.0,-0.0,0.0,0.0,0.0,0.0,0.0,0.0,0.0,0.0,0.0,0.0,0.0,0.0,0.0,0.0,0.0,0.0,0.0,0.0,0.0,0.0,0.0,0.0,0.2,5.5,28.0
16:19:44.000,0.0,0.0,0.0,100.0,3787.2,3582.6,77.6,41.3,11.7,69.7,0.0,0.0,1,0,31.9,0.0,0.0,0.0,0.0,0.0,-0.0,-0.0,-0.0,0.0,0.0,0.0,0.0,0.0,0.0,0.0,0.0,0.0,0.0,0.0,0.0,0.0,0.0,0.0,0.0,0.0,0.0,0.0,0.0,0.0,0.0,0.2,5.5,28.0
16:19:45.000,0.0,0.0,0.0,100.0,3787.2,3582.6,77.6,41.3,11.7,69.7,0.0,0.0,1,0,37.9,0.0,0.0,0.0,0.0,0.0,-0.0,-0.0,-0.0,0.0,0.0,0.0,0.0,0.0,0.0,0.0,0.0,0.0,0.0,0.0,0.0,0.0,0.0,0.0,0.0,0.0,0.0,0.0,0.0,0.0,0.0,0.2,5.5,28.0
16:19:46.000,0.0,0.0,0.0,100.0,3787.2,3582.6,77.6,41.3,11.7,69.7,0.0,0.0,1,0,58.8,0.0,0.0,0.0,0.0,0.0,-0.0,-0.0,-0.0,0.0,0.0,0.0,0.0,0.0,0.0,1.0,0.0,1.0,0.0,0.0,0.0,12.0,0.0,12.0,6.0,0.0,6.0,2.0,0.0,2.0,0.0,0.2,5.5,28.0
16:19:47.000,0.0,0.0,0.0,100.0,3787.2,3582.6,77.6,41.3,11.7,69.7,0.0,0.0,1,0,55.9,0.0,0.0,0.0,0.0,0.0,-0.0,-0.0,-0.0,0.0,0.0,0.0,0.0,0.0,0.0,0.0,0.0,0.0,0.0,0.0,0.0,0.0,0.0,0.0,0.0,0.0,0.0,0.0,0.0,0.0,0.0,0.2,5.5,28.0
16:19:48.000,0.0,0.0,0.0,100.0,3787.2,3582.6,77.6,41.3,11.7,69.7,0.0,0.0,1,0,35.9,0.0,0.0,0.0,0.0,0.0,-0.0,-0.0,-0.0,0.0,0.0,0.0,0.0,0.0,0.0,0.0,0.0,0.0,0.0,0.0,0.0,0.0,0.0,0.0,0.0,0.0,0.0,0.0,0.0,0.0,0.0,0.2,5.5,28.0
16:19:49.000,0.0,0.0,0.0,100.0,3787.2,3582.6,77.6,41.3,11.7,69.7,0.0,0.0,1,0,36.9,0.0,0.0,0.0,0.0,0.0,-0.0,-0.0,-0.0,0.0,0.0,0.0,0.0,0.0,0.0,0.0,0.0,0.0,0.0,0.0,0.0,0.0,0.0,0.0,0.0,0.0,0.0,0.0,0.0,0.0,0.0,0.2,5.5,28.0
16:19:50.000,0.0,0.2,0.0,99.8,3787.2,3582.6,77.6,41.3,11.7,69.7,0.0,0.0,1,0,31.9,0.0,0.0,0.0,0.0,0.0,-0.0,-0.0,-0.0,0.0,0.0,0.0,0.0,0.0,0.0,0.0,0.0,0.0,0.0,0.0,0.0,0.0,0.0,0.0,0.0,0.0,0.0,0.0,0.0,0.0,0.0,0.2,5.5,28.0
16:19:51.000,0.0,0.0,0.2,99.8,3787.2,3582.6,77.6,41.3,11.7,69.7,0.0,0.0,1,0,72.8,0.0,0.0,0.0,0.0,0.0,-0.0,-0.0,-0.0,0.0,0.0,0.0,0.0,0.0,0.0,0.0,0.0,0.0,0.0,0.0,0.0,12.0,0.0,12.0,6.0,0.0,6.0,2.0,0.0,2.0,0.0,0.2,5.5,28.0
16:19:52.000,0.0,0.0,0.0,100.0,3787.2,3582.6,77.6,41.3,11.7,69.7,0.0,0.0,1,0,37.9,0.0,0.0,0.0,0.0,0.0,-0.0,-0.0,-0.0,0.0,0.0,0.0,0.0,0.0,0.0,0.0,0.0,0.0,0.0,0.0,0.0,0.0,0.0,0.0,0.0,0.0,0.0,0.0,0.0,0.0,0.0,0.2,5.5,28.0
16:19:53.000,0.0,0.0,0.0,100.0,3787.2,3582.6,77.6,41.3,11.7,69.7,0.0,0.0,1,0,48.9,0.0,0.0,0.0,0.0,0.0,-0.0,-0.0,-0.0,0.0,0.0,0.0,0.0,0.0,0.0,0.0,0.0,0.0,0.0,0.0,0.0,0.0,0.0,0.0,0.0,0.0,0.0,0.0,0.0,0.0,0.0,0.2,5.5,28.0
16:19:54.000,0.0,0.0,0.0,100.0,3787.2,3582.6,77.6,41.3,11.7,69.7,0.0,0.0,1,0,43.9,0.0,0.0,0.0,0.0,0.0,-0.0,-0.0,-0.0,0.0,0.0,0.0,0.0,0.0,0.0,0.0,0.0,0.0,0.0,0.0,0.0,0.0,0.0,0.0,0.0,0.0,0.0,0.0,0.0,0.0,0.0,0.2,5.5,28.0
16:19:55.000,0.0,0.0,0.0,100.0,3787.2,3582.6,77.6,41.3,11.7,69.7,0.0,0.0,1,0,44.9,0.0,0.0,0.0,0.0,0.0,-0.0,-0.0,-0.0,0.0,0.0,0.0,0.0,0.0,0.0,0.0,0.0,0.0,0.0,0.0,0.0,0.0,0.0,0.0,0.0,0.0,0.0,0.0,0.0,0.0,0.0,0.2,5.5,28.0
16:19:57.000,0.0,0.0,0.0,100.0,3787.2,3582.6,77.6,41.3,11.7,69.7,0.0,0.0,1,0,66.8,0.0,0.0,0.0,0.0,0.0,-0.0,-0.0,-0.0,0.0,0.0,0.0,0.0,0.0,0.0,0.0,0.0,1.0,0.0,0.0,0.0,15.9,0.0,15.9,8.0,0.0,8.0,2.0,0.0,2.0,0.0,0.2,5.5,28.0
16:19:58.000,0.0,0.0,0.0,100.0,3787.2,3582.6,77.6,41.3,11.7,69.7,0.0,0.0,1,0,37.9,0.0,0.0,0.0,0.0,0.0,-0.0,-0.0,-0.0,0.0,0.0,0.0,0.0,0.0,0.0,0.0,0.0,0.0,0.0,0.0,0.0,0.0,0.0,0.0,0.0,0.0,0.0,0.0,0.0,0.0,0.0,0.2,5.5,28.0
16:19:59.000,0.0,0.0,0.0,100.0,3787.2,3582.6,77.6,41.3,11.7,69.7,0.0,0.0,1,0,38.9,0.0,0.0,0.0,0.0,0.0,-0.0,-0.0,-0.0,0.0,0.0,0.0,0.0,0.0,0.0,0.0,0.0,0.0,0.0,0.0,0.0,0.0,0.0,0.0,0.0,0.0,0.0,0.0,0.0,0.0,0.0,0.2,5.5,28.0
16:20:00.000,0.0,0.0,0.0,100.0,3787.2,3582.6,77.6,41.3,11.7,69.7,0.0,0.0,1,0,33.9,0.0,0.0,0.0,0.0,0.0,-0.0,-0.0,-0.0,0.0,0.0,0.0,0.0,0.0,0.0,0.0,0.0,0.0,0.0,0.0,0.0,0.0,0.0,0.0,0.0,0.0,0.0,0.0,0.0,0.0,0.0,0.2,5.5,28.0
16:20:01.000,0.0,0.2,0.0,99.8,3787.2,3582.6,77.6,41.3,11.7,69.7,0.0,0.0,1,0,36.9,0.0,0.0,0.0,0.0,0.0,-0.0,-0.0,-0.0,0.0,0.0,0.0,0.0,0.0,0.0,0.0,0.0,0.0,0.0,0.0,0.0,0.0,0.0,0.0,0.0,0.0,0.0,0.0,0.0,0.0,0.0,0.2,5.5,28.0
16:20:02.000,0.0,0.0,0.2,99.8,3787.2,3582.6,77.6,41.3,11.7,69.7,0.0,0.0,1,0,100.7,0.0,0.0,0.0,0.0,0.0,-0.0,-0.0,-0.0,0.0,0.0,0.0,0.0,0.0,0.0,1.0,0.0,0.0,0.0,0.0,0.0,55.8,0.0,55.8,7.0,0.0,7.0,8.0,0.0,8.0,0.0,0.2,5.5,28.0
16:20:03.000,0.0,0.2,0.0,99.8,3787.2,3582.6,77.6,41.3,11.7,69.7,0.0,0.0,1,0,256.4,0.0,0.0,0.0,0.0,0.3,-0.0,-0.0,-0.3,0.0,0.0,6.0,0.0,0.0,6.0,0.0,0.0,0.0,0.0,0.0,0.0,0.0,0.0,0.0,0.0,0.0,0.0,0.0,0.0,0.0,0.0,0.2,5.5,28.0
16:20:04.000,0.0,0.0,0.0,100.0,3787.2,3582.6,77.6,41.3,11.7,69.7,0.0,0.0,1,0,92.8,0.0,0.0,0.0,0.0,0.1,-0.0,-0.0,-0.1,0.0,0.0,1.0,0.0,0.0,1.0,0.0,0.0,0.0,0.0,0.0,0.0,0.0,0.0,0.0,0.0,0.0,0.0,0.0,0.0,0.0,0.0,0.2,5.5,28.0
16:20:05.000,0.0,0.0,0.0,100.0,3787.2,3582.6,77.6,41.3,11.7,69.7,0.0,0.0,1,0,106.8,0.0,0.0,0.0,0.0,0.1,-0.0,-0.0,-0.1,0.0,0.0,2.0,0.0,0.0,2.0,0.0,0.0,0.0,0.0,0.0,0.0,0.0,0.0,0.0,0.0,0.0,0.0,0.0,0.0,0.0,0.0,0.2,5.5,28.0
16:20:06.000,0.0,0.2,0.0,99.8,3787.2,3582.6,77.6,41.3,11.7,69.7,0.0,0.0,1,0,71.8,0.0,0.0,0.0,0.0,0.1,-0.0,-0.0,-0.1,0.0,0.0,1.0,0.0,0.0,1.0,0.0,0.0,0.0,0.0,0.0,0.0,0.0,0.0,0.0,0.0,0.0,0.0,0.0,0.0,0.0,0.0,0.2,5.5,28.0
16:20:07.000,0.0,0.0,0.5,99.5,3787.2,3582.6,77.6,41.3,11.7,69.7,0.0,0.0,1,0,92.4,0.0,0.0,0.0,0.0,0.1,-0.0,-0.0,-0.1,0.0,0.0,1.0,0.0,0.0,1.0,1.0,0.0,1.0,0.0,0.0,0.0,23.9,0.0,23.9,12.0,0.0,12.0,2.0,0.0,2.0,0.0,0.2,5.5,28.0
16:20:08.000,0.0,0.0,0.0,100.0,3787.2,3582.6,77.6,41.3,11.7,69.7,0.0,0.0,1,0,230.5,0.0,0.0,0.0,0.0,0.2,-0.0,-0.0,-0.3,0.0,0.0,5.0,0.0,0.0,5.0,0.0,0.0,0.0,0.0,0.0,0.0,0.0,0.0,0.0,0.0,0.0,0.0,0.0,0.0,0.0,0.0,0.2,5.5,28.0
16:20:09.000,0.0,0.0,0.0,100.0,3787.2,3582.6,77.6,41.3,11.7,69.7,0.0,0.0,1,0,80.8,0.0,0.0,0.0,0.0,0.1,-0.0,-0.0,-0.1,0.0,0.0,1.0,0.0,0.0,1.0,0.0,0.0,0.0,0.0,0.0,0.0,0.0,0.0,0.0,0.0,0.0,0.0,0.0,0.0,0.0,0.0,0.2,5.5,28.0
16:20:10.000,0.2,0.0,0.0,99.8,3787.2,3582.6,77.6,41.3,11.7,69.7,0.0,0.0,1,0,37.9,0.0,0.0,0.0,0.0,0.0,-0.0,-0.0,-0.0,0.0,0.0,0.0,0.0,0.0,0.0,0.0,0.0,0.0,0.0,0.0,0.0,0.0,0.0,0.0,0.0,0.0,0.0,0.0,0.0,0.0,0.0,0.2,5.5,28.0
16:20:11.000,0.0,0.0,0.0,100.0,3787.2,3582.6,77.6,41.3,11.7,69.7,0.0,0.0,1,0,35.9,0.0,0.0,0.0,0.0,0.0,-0.0,-0.0,-0.0,0.0,0.0,0.0,0.0,0.0,0.0,0.0,0.0,0.0,0.0,0.0,0.0,0.0,0.0,0.0,0.0,0.0,0.0,0.0,0.0,0.0,0.0,0.2,5.5,28.0
16:20:12.000,0.0,0.0,0.0,100.0,3787.2,3582.6,77.6,41.3,11.8,69.7,0.0,0.0,1,0,188.4,0.0,0.0,0.0,0.0,1.0,-0.0,-0.0,-1.0,0.0,0.0,18.9,0.0,0.0,18.9,0.0,0.0,0.0,0.0,0.0,0.0,12.0,0.0,12.0,6.0,0.0,6.0,2.0,0.0,2.0,0.0,0.2,5.5,28.0
16:20:13.000,0.0,0.0,0.0,100.0,3787.2,3582.6,77.6,41.3,11.8,69.7,0.0,0.0,1,0,36.9,0.0,0.0,0.0,0.0,0.0,-0.0,-0.0,-0.0,0.0,0.0,0.0,0.0,0.0,0.0,0.0,0.0,0.0,0.0,0.0,0.0,0.0,0.0,0.0,0.0,0.0,0.0,0.0,0.0,0.0,0.0,0.2,5.5,28.0
16:20:14.000,0.0,0.0,0.0,100.0,3787.2,3582.6,77.6,41.3,11.8,69.7,0.0,0.0,1,0,37.9,0.0,0.0,0.0,0.0,0.0,-0.0,-0.0,-0.0,0.0,0.0,0.0,0.0,0.0,0.0,0.0,0.0,0.0,0.0,0.0,0.0,0.0,0.0,0.0,0.0,0.0,0.0,0.0,0.0,0.0,0.0,0.2,5.5,28.0
16:20:15.000,0.0,0.2,0.0,99.8,3787.2,3582.6,77.6,41.3,11.8,69.7,0.0,0.0,1,0,41.9,0.0,0.0,0.0,0.0,0.0,-0.0,-0.0,-0.0,0.0,0.0,0.0,0.0,0.0,0.0,0.0,0.0,0.0,0.0,0.0,0.0,0.0,0.0,0.0,0.0,0.0,0.0,0.0,0.0,0.0,0.0,0.2,5.5,28.0
16:20:16.000,0.0,0.0,0.0,100.0,3787.2,3582.6,77.6,41.3,11.8,69.7,0.0,0.0,1,0,41.9,0.0,0.0,0.0,0.0,0.0,-0.0,-0.0,-0.0,0.0,0.0,0.0,0.0,0.0,0.0,0.0,0.0,1.0,0.0,0.0,0.0,0.0,0.0,0.0,0.0,0.0,0.0,0.0,0.0,0.0,0.0,0.2,5.5,28.0
16:20:17.000,0.2,0.0,0.0,99.8,3787.2,3582.6,77.6,41.3,11.8,69.7,0.0,0.0,1,0,59.8,0.0,0.0,0.0,0.0,0.0,-0.0,-0.0,-0.0,0.0,0.0,0.0,0.0,0.0,0.0,0.0,0.0,0.0,0.0,0.0,0.0,12.0,0.0,12.0,6.0,0.0,6.0,2.0,0.0,2.0,0.0,0.2,5.5,28.0
16:20:18.000,0.0,0.0,0.0,100.0,3787.2,3582.6,77.6,41.3,11.8,69.7,0.0,0.0,1,0,35.9,0.0,0.0,0.0,0.0,0.0,-0.0,-0.0,-0.0,0.0,0.0,0.0,0.0,0.0,0.0,0.0,0.0,0.0,0.0,0.0,0.0,0.0,0.0,0.0,0.0,0.0,0.0,0.0,0.0,0.0,0.0,0.2,5.5,28.0
16:20:19.000,0.0,0.0,0.0,100.0,3787.2,3582.6,77.6,41.3,11.8,69.7,0.0,0.0,1,0,33.9,0.0,0.0,0.0,0.0,0.0,-0.0,-0.0,-0.0,0.0,0.0,0.0,0.0,0.0,0.0,0.0,0.0,0.0,0.0,0.0,0.0,0.0,0.0,0.0,0.0,0.0,0.0,0.0,0.0,0.0,0.0,0.2,5.5,28.0
16:20:20.000,0.0,0.0,0.0,100.0,3787.2,3582.6,77.6,41.3,11.8,69.7,0.0,0.0,1,0,44.9,0.0,0.0,0.0,0.0,0.0,-0.0,-0.0,-0.0,0.0,0.0,0.0,0.0,0.0,0.0,0.0,0.0,0.0,0.0,0.0,0.0,0.0,0.0,0.0,0.0,0.0,0.0,0.0,0.0,0.0,0.0,0.2,5.5,28.0
16:20:21.000,0.0,0.0,0.0,100.0,3787.2,3582.6,77.6,41.3,11.8,69.7,0.0,0.0,1,0,46.9,0.0,0.0,0.0,0.0,0.0,-0.0,-0.0,-0.0,0.0,0.0,0.0,0.0,0.0,0.0,1.0,0.0,0.0,0.0,0.0,0.0,0.0,0.0,0.0,0.0,0.0,0.0,0.0,0.0,0.0,0.0,0.2,5.5,28.0
16:20:22.000,0.0,0.2,0.2,99.5,3787.2,3582.6,77.6,41.3,11.8,69.7,0.0,0.0,1,0,55.8,0.0,0.0,0.0,0.0,0.0,-0.0,-0.0,-0.0,0.0,0.0,0.0,0.0,0.0,0.0,0.0,0.0,0.0,0.0,0.0,0.0,12.0,0.0,12.0,6.0,0.0,6.0,2.0,0.0,2.0,0.0,0.2,5.5,28.0
16:20:23.000,0.0,0.0,0.0,100.0,3787.2,3582.6,77.6,41.3,11.8,69.7,0.0,0.0,1,0,40.9,0.0,0.0,0.0,0.0,0.0,-0.0,-0.0,-0.0,0.0,0.0,0.0,0.0,0.0,0.0,0.0,0.0,0.0,0.0,0.0,0.0,0.0,0.0,0.0,0.0,0.0,0.0,0.0,0.0,0.0,0.0,0.2,5.5,28.0
16:20:24.000,0.0,0.0,0.0,100.0,3787.2,3582.6,77.6,41.3,11.8,69.7,0.0,0.0,1,0,41.9,0.0,0.0,0.0,0.0,0.0,-0.0,-0.0,-0.0,0.0,0.0,0.0,0.0,0.0,0.0,0.0,0.0,0.0,0.0,0.0,0.0,0.0,0.0,0.0,0.0,0.0,0.0,0.0,0.0,0.0,0.0,0.2,5.5,28.0
16:20:25.000,0.0,0.0,0.0,100.0,3787.2,3582.6,77.6,41.3,11.8,69.7,0.0,0.0,1,0,49.9,0.0,0.0,0.0,0.0,0.0,-0.0,-0.0,-0.0,0.0,0.0,0.0,0.0,0.0,0.0,0.0,0.0,0.0,0.0,0.0,0.0,0.0,0.0,0.0,0.0,0.0,0.0,0.0,0.0,0.0,0.0,0.2,5.5,28.0
16:20:26.000,0.0,0.0,0.0,100.0,3787.2,3582.6,77.6,41.4,11.8,69.7,0.0,0.0,1,0,39.9,0.0,0.0,0.0,0.0,0.0,-0.0,-0.0,-0.0,0.0,0.0,0.0,0.0,0.0,0.0,0.0,0.0,0.0,0.0,0.0,0.0,0.0,0.0,0.0,0.0,0.0,0.0,0.0,0.0,0.0,0.0,0.2,5.5,28.0
16:20:27.000,0.0,0.0,0.0,100.0,3787.2,3582.6,77.6,41.4,11.8,69.7,0.0,0.0,1,0,59.8,0.0,0.0,0.0,0.0,0.0,-0.0,-0.0,-0.0,0.0,0.0,0.0,0.0,0.0,0.0,0.0,0.0,0.0,0.0,0.0,0.0,12.0,0.0,12.0,6.0,0.0,6.0,2.0,0.0,2.0,0.0,0.2,5.5,28.0
16:20:28.000,0.0,0.0,0.0,100.0,3787.2,3582.6,77.6,41.4,11.8,69.7,0.0,0.0,1,0,43.9,0.0,0.0,0.0,0.0,0.0,-0.0,-0.0,-0.0,0.0,0.0,0.0,0.0,0.0,0.0,0.0,0.0,0.0,0.0,0.0,0.0,0.0,0.0,0.0,0.0,0.0,0.0,0.0,0.0,0.0,0.0,0.2,5.5,28.0
16:20:29.000,0.0,0.2,0.0,99.8,3787.2,3582.6,77.6,41.4,11.8,69.7,0.0,0.0,1,0,34.9,0.0,0.0,0.0,0.0,0.0,-0.0,-0.0,-0.0,0.0,0.0,0.0,0.0,0.0,0.0,0.0,0.0,0.0,0.0,0.0,0.0,0.0,0.0,0.0,0.0,0.0,0.0,0.0,0.0,0.0,0.0,0.2,5.5,28.0
16:20:30.000,0.0,0.0,0.0,100.0,3787.2,3582.6,77.6,41.4,11.8,69.7,0.0,0.0,1,0,37.9,0.0,0.0,0.0,0.0,0.0,-0.0,-0.0,-0.0,0.0,0.0,0.0,0.0,0.0,0.0,0.0,0.0,0.0,0.0,0.0,0.0,0.0,0.0,0.0,0.0,0.0,0.0,0.0,0.0,0.0,0.0,0.2,5.5,28.0
16:20:31.000,0.2,0.0,0.0,99.8,3787.2,3582.6,77.6,41.4,11.8,69.7,0.0,0.0,1,0,33.9,0.0,0.0,0.0,0.0,0.0,-0.0,-0.0,-0.0,0.0,0.0,0.0,0.0,0.0,0.0,0.0,0.0,0.0,0.0,0.0,0.0,0.0,0.0,0.0,0.0,0.0,0.0,0.0,0.0,0.0,0.0,0.2,5.5,28.0
16:20:32.000,0.0,0.0,0.2,99.8,3787.2,3582.6,77.6,41.4,11.8,69.7,0.0,0.0,1,0,67.8,0.0,0.0,0.0,0.0,0.0,-0.0,-0.0,-0.0,0.0,0.0,0.0,0.0,0.0,0.0,1.0,0.0,1.0,0.0,0.0,0.0,12.0,0.0,12.0,6.0,0.0,6.0,2.0,0.0,2.0,0.0,0.2,5.5,28.0
16:20:33.000,0.0,0.0,0.0,100.0,3787.2,3582.6,77.6,41.4,11.8,69.7,0.0,0.0,1,0,43.9,0.0,0.0,0.0,0.0,0.0,-0.0,-0.0,-0.0,0.0,0.0,0.0,0.0,0.0,0.0,0.0,0.0,0.0,0.0,0.0,0.0,24.0,0.0,24.0,24.0,0.0,24.0,1.0,0.0,1.0,0.0,0.2,5.5,28.0
16:20:34.000,0.0,0.0,0.0,100.0,3787.2,3582.6,77.6,41.4,11.8,69.7,0.0,0.0,1,0,35.9,0.0,0.0,0.0,0.0,0.0,-0.0,-0.0,-0.0,0.0,0.0,0.0,0.0,0.0,0.0,0.0,0.0,0.0,0.0,0.0,0.0,0.0,0.0,0.0,0.0,0.0,0.0,0.0,0.0,0.0,0.0,0.2,5.5,28.0
16:20:35.000,0.0,0.0,0.0,100.0,3787.2,3582.6,77.6,41.4,11.8,69.7,0.0,0.0,1,0,49.9,0.0,0.0,0.0,0.0,0.0,-0.0,-0.0,-0.0,0.0,0.0,0.0,0.0,0.0,0.0,0.0,0.0,0.0,0.0,0.0,0.0,0.0,0.0,0.0,0.0,0.0,0.0,0.0,0.0,0.0,0.0,0.2,5.5,28.0
16:20:36.000,0.2,0.0,0.0,99.8,3787.2,3582.6,77.6,41.4,11.8,69.7,0.0,0.0,1,0,41.9,0.0,0.0,0.0,0.0,0.0,-0.0,-0.0,-0.0,0.0,0.0,0.0,0.0,0.0,0.0,0.0,0.0,0.0,0.0,0.0,0.0,0.0,0.0,0.0,0.0,0.0,0.0,0.0,0.0,0.0,0.0,0.2,5.5,28.0
16:20:37.000,0.0,0.0,0.0,100.0,3787.2,3582.6,77.6,41.4,11.8,69.7,0.0,0.0,1,0,71.7,0.0,0.0,0.0,0.0,0.0,-0.0,-0.0,-0.0,0.0,0.0,0.0,0.0,0.0,0.0,1.0,0.0,1.0,0.0,0.0,0.0,35.9,0.0,35.9,7.2,0.0,7.2,5.0,0.0,5.0,0.0,0.2,5.5,28.0
16:20:38.000,0.0,0.0,0.0,100.0,3787.2,3582.6,77.6,41.4,11.8,69.7,0.0,0.0,1,0,38.9,0.0,0.0,0.0,0.0,0.0,-0.0,-0.0,-0.0,0.0,0.0,0.0,0.0,0.0,0.0,0.0,0.0,0.0,0.0,0.0,0.0,0.0,0.0,0.0,0.0,0.0,0.0,0.0,0.0,0.0,0.0,0.2,5.5,28.0
16:20:39.000,0.0,0.0,0.0,100.0,3787.2,3582.6,77.6,41.4,11.8,69.7,0.0,0.0,1,0,36.9,0.0,0.0,0.0,0.0,0.0,-0.0,-0.0,-0.0,0.0,0.0,0.0,0.0,0.0,0.0,0.0,0.0,0.0,0.0,0.0,0.0,0.0,0.0,0.0,0.0,0.0,0.0,0.0,0.0,0.0,0.0,0.2,5.5,28.0
16:20:40.000,0.0,0.0,0.0,100.0,3787.2,3582.6,77.6,41.4,11.8,69.7,0.0,0.0,1,0,46.9,0.0,0.0,0.0,0.0,0.0,-0.0,-0.0,-0.0,0.0,0.0,0.0,0.0,0.0,0.0,0.0,0.0,0.0,0.0,0.0,0.0,0.0,0.0,0.0,0.0,0.0,0.0,0.0,0.0,0.0,0.0,0.2,5.5,28.0
16:20:41.000,0.0,0.0,0.0,100.0,3787.2,3582.6,77.6,41.4,11.8,69.7,0.0,0.0,1,0,36.9,0.0,0.0,0.0,0.0,0.0,-0.0,-0.0,-0.0,0.0,0.0,0.0,0.0,0.0,0.0,0.0,0.0,0.0,0.0,0.0,0.0,0.0,0.0,0.0,0.0,0.0,0.0,0.0,0.0,0.0,0.0,0.2,5.5,28.0
16:20:42.000,0.0,0.0,0.2,99.8,3787.2,3582.6,77.6,41.4,11.8,69.7,0.0,0.0,1,0,53.8,0.0,0.0,0.0,0.0,0.0,-0.0,-0.0,-0.0,0.0,0.0,0.0,0.0,0.0,0.0,0.0,0.0,0.0,0.0,0.0,0.0,12.0,0.0,12.0,6.0,0.0,6.0,2.0,0.0,2.0,0.0,0.2,5.5,28.0
16:20:43.000,0.0,0.0,0.0,100.0,3787.2,3582.6,77.6,41.4,11.8,69.7,0.0,0.0,1,0,36.9,0.0,0.0,0.0,0.0,0.0,-0.0,-0.0,-0.0,0.0,0.0,0.0,0.0,0.0,0.0,0.0,0.0,0.0,0.0,0.0,0.0,0.0,0.0,0.0,0.0,0.0,0.0,0.0,0.0,0.0,0.0,0.2,5.5,28.0
16:20:44.000,0.0,0.2,0.0,99.8,3787.2,3582.6,77.6,41.4,11.8,69.7,0.0,0.0,1,0,46.9,0.0,0.0,0.0,0.0,0.0,-0.0,-0.0,-0.0,0.0,0.0,0.0,0.0,0.0,0.0,0.0,0.0,0.0,0.0,0.0,0.0,0.0,0.0,0.0,0.0,0.0,0.0,0.0,0.0,0.0,0.0,0.2,5.5,28.0
16:20:45.000,0.0,0.0,0.0,100.0,3787.2,3582.6,77.6,41.4,11.8,69.7,0.0,0.0,1,0,47.9,0.0,0.0,0.0,0.0,0.0,-0.0,-0.0,-0.0,0.0,0.0,0.0,0.0,0.0,0.0,0.0,0.0,0.0,0.0,0.0,0.0,0.0,0.0,0.0,0.0,0.0,0.0,0.0,0.0,0.0,0.0,0.2,5.5,28.0
16:20:46.000,0.0,0.0,0.0,100.0,3787.2,3582.6,77.6,41.4,11.8,69.7,0.0,0.0,1,0,31.9,0.0,0.0,0.0,0.0,0.0,-0.0,-0.0,-0.0,0.0,0.0,0.0,0.0,0.0,0.0,0.0,0.0,0.0,0.0,0.0,0.0,0.0,0.0,0.0,0.0,0.0,0.0,0.0,0.0,0.0,0.0,0.2,5.5,28.0
16:20:47.000,0.0,0.0,0.0,100.0,3787.2,3582.6,77.6,41.4,11.8,69.7,0.0,0.0,1,0,59.8,0.0,0.0,0.0,0.0,0.0,-0.0,-0.0,-0.0,0.0,0.0,0.0,0.0,0.0,0.0,1.0,0.0,1.0,0.0,0.0,0.0,12.0,0.0,12.0,6.0,0.0,6.0,2.0,0.0,2.0,0.0,0.2,5.5,28.0
16:20:48.000,0.0,0.0,0.0,100.0,3787.2,3582.6,77.6,41.4,11.8,69.7,0.0,0.0,1,0,29.9,0.0,0.0,0.0,0.0,0.0,-0.0,-0.0,-0.0,0.0,0.0,0.0,0.0,0.0,0.0,0.0,0.0,0.0,0.0,0.0,0.0,0.0,0.0,0.0,0.0,0.0,0.0,0.0,0.0,0.0,0.0,0.2,5.5,28.0
16:20:49.000,0.0,0.0,0.0,100.0,3787.2,3582.6,77.6,41.4,11.8,69.7,0.0,0.0,1,0,41.9,0.0,0.0,0.0,0.0,0.0,-0.0,-0.0,-0.0,0.0,0.0,0.0,0.0,0.0,0.0,0.0,0.0,0.0,0.0,0.0,0.0,0.0,0.0,0.0,0.0,0.0,0.0,0.0,0.0,0.0,0.0,0.2,5.5,28.0
16:20:50.000,0.0,0.0,0.0,100.0,3787.2,3582.6,77.6,41.4,11.8,69.7,0.0,0.0,1,0,33.9,0.0,0.0,0.0,0.0,0.0,-0.0,-0.0,-0.0,0.0,0.0,0.0,0.0,0.0,0.0,0.0,0.0,0.0,0.0,0.0,0.0,0.0,0.0,0.0,0.0,0.0,0.0,0.0,0.0,0.0,0.0,0.2,5.5,28.0
16:20:51.000,0.0,0.2,0.0,99.8,3787.2,3582.6,77.6,41.4,11.8,69.7,0.0,0.0,1,0,41.9,0.0,0.0,0.0,0.0,0.0,-0.0,-0.0,-0.0,0.0,0.0,0.0,0.0,0.0,0.0,0.0,0.0,0.0,0.0,0.0,0.0,0.0,0.0,0.0,0.0,0.0,0.0,0.0,0.0,0.0,0.0,0.2,5.5,28.0
16:20:52.000,0.0,0.0,0.2,99.8,3787.2,3582.6,77.6,41.4,11.8,69.7,0.0,0.0,1,0,57.8,0.0,0.0,0.0,0.0,0.0,-0.0,-0.0,-0.0,0.0,0.0,0.0,0.0,0.0,0.0,0.0,0.0,0.0,0.0,0.0,0.0,12.0,0.0,12.0,6.0,0.0,6.0,2.0,0.0,2.0,0.0,0.2,5.5,28.0
16:20:53.000,0.0,0.0,0.0,100.0,3787.2,3582.6,77.6,41.4,11.8,69.7,0.0,0.0,1,0,34.9,0.0,0.0,0.0,0.0,0.0,-0.0,-0.0,-0.0,0.0,0.0,0.0,0.0,0.0,0.0,0.0,0.0,0.0,0.0,0.0,0.0,0.0,0.0,0.0,0.0,0.0,0.0,0.0,0.0,0.0,0.0,0.2,5.5,28.0
16:20:54.000,0.0,0.0,0.0,100.0,3787.2,3582.6,77.6,41.4,11.8,69.7,0.0,0.0,1,0,39.9,0.0,0.0,0.0,0.0,0.0,-0.0,-0.0,-0.0,0.0,0.0,0.0,0.0,0.0,0.0,0.0,0.0,0.0,0.0,0.0,0.0,0.0,0.0,0.0,0.0,0.0,0.0,0.0,0.0,0.0,0.0,0.2,5.5,28.0
16:20:55.000,0.2,0.0,0.0,99.8,3787.2,3582.6,77.6,41.4,11.8,69.7,0.0,0.0,1,0,47.9,0.0,0.0,0.0,0.0,0.0,-0.0,-0.0,-0.0,0.0,0.0,0.0,0.0,0.0,0.0,0.0,0.0,0.0,0.0,0.0,0.0,0.0,0.0,0.0,0.0,0.0,0.0,0.0,0.0,0.0,0.0,0.2,5.5,28.0
16:20:56.000,0.0,0.0,0.0,100.0,3787.2,3582.6,77.6,41.4,11.8,69.7,0.0,0.0,1,0,37.9,0.0,0.0,0.0,0.0,0.0,-0.0,-0.0,-0.0,0.0,0.0,0.0,0.0,0.0,0.0,0.0,0.0,0.0,0.0,0.0,0.0,0.0,0.0,0.0,0.0,0.0,0.0,0.0,0.0,0.0,0.0,0.2,5.5,28.0
16:20:57.000,0.0,0.0,0.2,99.8,3787.2,3582.6,77.6,41.4,11.8,69.7,0.0,0.0,1,0,54.7,0.0,0.0,0.0,0.0,0.0,-0.0,-0.0,-0.0,0.0,0.0,0.0,0.0,0.0,0.0,0.0,0.0,1.0,0.0,0.0,0.0,11.9,0.0,11.9,6.0,0.0,6.0,2.0,0.0,2.0,0.0,0.2,5.5,28.0
16:20:58.000,0.0,0.0,0.0,100.0,3787.2,3582.6,77.6,41.4,11.8,69.7,0.0,0.0,1,0,34.9,0.0,0.0,0.0,0.0,0.0,-0.0,-0.0,-0.0,0.0,0.0,0.0,0.0,0.0,0.0,0.0,0.0,0.0,0.0,0.0,0.0,0.0,0.0,0.0,0.0,0.0,0.0,0.0,0.0,0.0,0.0,0.2,5.5,28.0
16:20:59.000,0.2,0.0,0.0,99.8,3787.2,3582.6,77.6,41.4,11.8,69.7,0.0,0.0,1,0,44.9,0.0,0.0,0.0,0.0,0.0,-0.0,-0.0,-0.0,0.0,0.0,0.0,0.0,0.0,0.0,0.0,0.0,0.0,0.0,0.0,0.0,0.0,0.0,0.0,0.0,0.0,0.0,0.0,0.0,0.0,0.0,0.2,5.5,28.0
16:21:00.000,0.0,0.0,0.0,100.0,3787.2,3582.6,77.6,41.4,11.8,69.7,0.0,0.0,1,0,33.9,0.0,0.0,0.0,0.0,0.0,-0.0,-0.0,-0.0,0.0,0.0,0.0,0.0,0.0,0.0,0.0,0.0,0.0,0.0,0.0,0.0,0.0,0.0,0.0,0.0,0.0,0.0,0.0,0.0,0.0,0.0,0.2,5.5,28.0
16:21:01.000,0.0,0.0,0.0,100.0,3787.2,3582.4,77.6,41.4,11.8,69.7,0.0,0.0,1,0,35.9,0.0,0.0,0.0,0.0,0.0,-0.0,-0.0,-0.0,0.0,0.0,0.0,0.0,0.0,0.0,0.0,0.0,0.0,0.0,0.0,0.0,0.0,0.0,0.0,0.0,0.0,0.0,0.0,0.0,0.0,0.0,0.2,5.5,28.0
16:21:02.000,0.0,0.0,0.0,100.0,3787.2,3582.4,77.6,41.4,11.8,69.7,0.0,0.0,1,0,59.8,0.0,0.0,0.0,0.0,0.0,-0.0,-0.0,-0.0,0.0,0.0,0.0,0.0,0.0,0.0,1.0,0.0,0.0,0.0,0.0,0.0,12.0,0.0,12.0,6.0,0.0,6.0,2.0,0.0,2.0,0.0,0.2,5.5,28.0
16:21:03.000,0.0,0.0,0.0,100.0,3787.2,3582.4,77.6,41.4,11.8,69.7,0.0,0.0,1,0,41.9,0.0,0.0,0.0,0.0,0.0,-0.0,-0.0,-0.0,0.0,0.0,0.0,0.0,0.0,0.0,0.0,0.0,0.0,0.0,0.0,0.0,0.0,0.0,0.0,0.0,0.0,0.0,0.0,0.0,0.0,0.0,0.2,5.5,28.0
16:21:04.000,0.0,0.2,0.0,99.8,3787.2,3582.4,77.6,41.4,11.8,69.7,0.0,0.0,1,0,57.9,0.0,0.0,0.0,0.0,0.0,-0.0,-0.0,-0.0,0.0,0.0,0.0,0.0,0.0,0.0,0.0,0.0,0.0,0.0,0.0,0.0,27.9,0.0,27.9,28.0,0.0,28.0,1.0,0.0,1.0,0.0,0.2,5.5,28.0
16:21:05.000,0.0,0.0,0.0,100.0,3787.2,3582.4,77.6,41.4,11.8,69.8,0.0,0.0,1,0,44.9,0.0,0.0,0.0,0.0,0.0,-0.0,-0.0,-0.0,0.0,0.0,0.0,0.0,0.0,0.0,0.0,0.0,0.0,0.0,0.0,0.0,0.0,0.0,0.0,0.0,0.0,0.0,0.0,0.0,0.0,0.0,0.2,5.5,28.0
16:21:06.000,0.0,0.0,0.0,100.0,3787.2,3582.4,77.6,41.4,11.8,69.8,0.0,0.0,1,0,37.9,0.0,0.0,0.0,0.0,0.0,-0.0,-0.0,-0.0,0.0,0.0,0.0,0.0,0.0,0.0,0.0,0.0,0.0,0.0,0.0,0.0,0.0,0.0,0.0,0.0,0.0,0.0,0.0,0.0,0.0,0.0,0.2,5.5,28.0
16:21:07.000,0.0,0.0,0.2,99.8,3787.2,3582.4,77.6,41.4,11.8,69.8,0.0,0.0,1,0,68.7,0.0,0.0,0.0,0.0,0.0,-0.0,-0.0,-0.0,0.0,0.0,0.0,0.0,0.0,0.0,0.0,0.0,0.0,0.0,0.0,0.0,27.9,0.0,27.9,14.0,0.0,14.0,2.0,0.0,2.0,0.0,0.2,5.5,28.0
16:21:08.000,0.0,0.0,0.0,100.0,3787.2,3582.4,77.6,41.4,11.8,69.8,0.0,0.0,1,0,38.9,0.0,0.0,0.0,0.0,0.0,-0.0,-0.0,-0.0,0.0,0.0,0.0,0.0,0.0,0.0,0.0,0.0,0.0,0.0,0.0,0.0,0.0,0.0,0.0,0.0,0.0,0.0,0.0,0.0,0.0,0.0,0.2,5.5,28.0
16:21:09.000,0.0,0.0,0.0,100.0,3787.2,3582.4,77.6,41.4,11.8,69.8,0.0,0.0,1,0,47.9,0.0,0.0,0.0,0.0,0.0,-0.0,-0.0,-0.0,0.0,0.0,0.0,0.0,0.0,0.0,0.0,0.0,0.0,0.0,0.0,0.0,0.0,0.0,0.0,0.0,0.0,0.0,0.0,0.0,0.0,0.0,0.2,5.5,28.0
16:21:10.000,0.0,0.0,0.0,100.0,3787.2,3582.4,77.6,41.4,11.8,69.8,0.0,0.0,1,0,70.9,1.0,0.0,0.0,0.0,0.0,-0.0,-0.0,-0.0,0.0,0.0,0.0,0.0,0.0,0.0,0.0,0.0,0.0,0.0,0.0,0.0,0.0,0.0,0.0,0.0,0.0,0.0,0.0,0.0,0.0,0.0,0.2,5.5,28.0
16:21:11.000,0.0,0.0,0.0,100.0,3787.2,3582.4,77.6,41.4,11.8,69.8,0.0,0.0,1,0,60.9,0.0,0.0,0.0,0.0,0.0,-0.0,-0.0,-0.0,0.0,0.0,0.0,0.0,0.0,0.0,0.0,0.0,0.0,0.0,0.0,0.0,0.0,0.0,0.0,0.0,0.0,0.0,0.0,0.0,0.0,0.0,0.2,5.5,28.0
16:21:12.000,0.0,0.0,0.0,100.0,3787.2,3582.4,77.6,41.4,11.8,69.8,0.0,0.0,1,0,66.8,0.0,0.0,0.0,0.0,0.0,-0.0,-0.0,-0.0,0.0,0.0,0.0,0.0,0.0,0.0,1.0,0.0,1.0,0.0,0.0,0.0,12.0,0.0,12.0,6.0,0.0,6.0,2.0,0.0,2.0,0.0,0.2,5.5,28.0
16:21:13.000,0.0,0.0,0.0,100.0,3787.2,3582.4,77.6,41.4,11.8,69.8,0.0,0.0,1,0,35.9,0.0,0.0,0.0,0.0,0.0,-0.0,-0.0,-0.0,0.0,0.0,0.0,0.0,0.0,0.0,0.0,0.0,0.0,0.0,0.0,0.0,0.0,0.0,0.0,0.0,0.0,0.0,0.0,0.0,0.0,0.0,0.2,5.5,28.0
16:21:14.000,0.0,0.0,0.0,100.0,3787.2,3582.4,77.6,41.4,11.8,69.8,0.0,0.0,1,0,63.9,1.0,0.0,0.0,0.0,0.0,-0.0,-0.0,-0.0,0.0,0.0,0.0,0.0,0.0,0.0,0.0,0.0,0.0,0.0,0.0,0.0,0.0,0.0,0.0,0.0,0.0,0.0,0.0,0.0,0.0,0.0,0.2,5.5,28.0
16:21:15.000,0.0,0.0,0.0,100.0,3787.2,3582.4,77.6,41.4,11.8,69.8,0.0,0.0,1,0,60.9,0.0,0.0,0.0,0.0,0.0,-0.0,-0.0,-0.0,0.0,0.0,0.0,0.0,0.0,0.0,0.0,0.0,0.0,0.0,0.0,0.0,0.0,0.0,0.0,0.0,0.0,0.0,0.0,0.0,0.0,0.0,0.2,5.5,28.0
16:21:16.000,0.0,0.2,0.0,99.8,3787.2,3582.4,77.6,41.4,11.8,69.8,0.0,0.0,1,0,65.9,0.0,0.0,0.0,0.0,0.0,-0.0,-0.0,-0.0,0.0,0.0,0.0,0.0,0.0,0.0,0.0,0.0,0.0,0.0,0.0,0.0,0.0,0.0,0.0,0.0,0.0,0.0,0.0,0.0,0.0,0.0,0.2,5.5,28.0
16:21:17.000,0.0,0.0,0.2,99.8,3787.2,3582.4,77.6,41.4,11.9,69.8,0.0,0.0,1,0,58.8,0.0,0.0,0.0,0.0,0.0,-0.0,-0.0,-0.0,0.0,0.0,0.0,0.0,0.0,0.0,0.0,0.0,1.0,0.0,0.0,0.0,12.0,0.0,12.0,6.0,0.0,6.0,2.0,0.0,2.0,0.0,0.2,5.5,28.0
16:21:18.000,0.0,0.0,0.0,100.0,3787.2,3582.4,77.6,41.4,11.9,69.8,0.0,0.0,1,0,40.9,0.0,0.0,0.0,0.0,0.0,-0.0,-0.0,-0.0,0.0,0.0,0.0,0.0,0.0,0.0,0.0,0.0,0.0,0.0,0.0,0.0,0.0,0.0,0.0,0.0,0.0,0.0,0.0,0.0,0.0,0.0,0.2,5.5,28.0
16:21:19.000,0.2,0.0,0.0,99.8,3787.2,3582.4,77.6,41.4,11.9,69.8,0.0,0.0,1,0,82.8,0.0,0.0,0.0,0.0,0.0,-0.0,-0.0,-0.0,0.0,0.0,0.0,0.0,0.0,0.0,1.0,0.0,0.0,0.0,0.0,0.0,20.0,0.0,20.0,6.7,0.0,6.7,3.0,0.0,3.0,0.0,0.2,5.5,28.0
16:21:20.000,0.0,0.0,0.0,100.0,3787.2,3582.4,77.6,41.4,11.9,69.8,0.0,0.0,1,0,31.9,0.0,0.0,0.0,0.0,0.0,-0.0,-0.0,-0.0,0.0,0.0,0.0,0.0,0.0,0.0,0.0,0.0,0.0,0.0,0.0,0.0,0.0,0.0,0.0,0.0,0.0,0.0,0.0,0.0,0.0,0.0,0.2,5.5,28.0
16:21:21.000,0.0,0.2,0.0,99.8,3787.2,3582.4,77.6,41.4,11.9,69.8,0.0,0.0,1,0,38.9,0.0,0.0,0.0,0.0,0.0,-0.0,-0.0,-0.0,0.0,0.0,0.0,0.0,0.0,0.0,0.0,0.0,0.0,0.0,0.0,0.0,0.0,0.0,0.0,0.0,0.0,0.0,0.0,0.0,0.0,0.0,0.2,5.5,28.0
16:21:22.000,0.0,0.0,0.0,100.0,3787.2,3582.4,77.6,41.4,11.9,69.8,0.0,0.0,1,0,45.9,0.0,0.0,0.0,0.0,0.0,-0.0,-0.0,-0.0,0.0,0.0,0.0,0.0,0.0,0.0,0.0,0.0,0.0,0.0,0.0,0.0,0.0,0.0,0.0,0.0,0.0,0.0,0.0,0.0,0.0,0.0,0.2,5.5,28.0
16:21:23.000,0.0,0.0,0.0,100.0,3787.2,3582.4,77.6,41.4,11.9,69.8,0.0,0.0,1,0,41.9,0.0,0.0,0.0,0.0,0.0,-0.0,-0.0,-0.0,0.0,0.0,0.0,0.0,0.0,0.0,0.0,0.0,0.0,0.0,0.0,0.0,0.0,0.0,0.0,0.0,0.0,0.0,0.0,0.0,0.0,0.0,0.2,5.5,28.0
16:21:24.000,0.2,0.0,0.5,99.3,3787.2,3582.4,77.6,41.4,11.9,69.8,0.0,0.0,1,0,171.6,1.0,0.0,0.0,0.0,0.0,-0.0,-0.0,-0.0,0.0,0.0,0.0,0.0,0.0,0.0,2.0,0.0,2.0,0.0,0.0,0.0,143.7,0.0,143.7,7.6,0.0,7.6,19.0,0.0,19.0,0.0,0.2,5.5,28.0
16:21:25.000,0.0,0.0,0.0,100.0,3787.2,3582.4,77.6,41.4,11.9,69.8,0.0,0.0,1,0,45.9,0.0,0.0,0.0,0.0,0.0,-0.0,-0.0,-0.0,0.0,0.0,0.0,0.0,0.0,0.0,0.0,0.0,0.0,0.0,0.0,0.0,0.0,0.0,0.0,0.0,0.0,0.0,0.0,0.0,0.0,0.0,0.2,5.5,28.0
16:21:26.000,0.0,0.0,0.0,100.0,3787.2,3582.4,77.6,41.5,11.9,69.8,0.0,0.0,1,0,62.9,0.0,0.0,0.0,0.0,0.0,-0.0,-0.0,-0.0,0.0,0.0,0.0,0.0,0.0,0.0,0.0,0.0,0.0,0.0,0.0,0.0,0.0,0.0,0.0,0.0,0.0,0.0,0.0,0.0,0.0,0.0,0.2,5.5,28.0
16:21:27.000,0.0,0.0,0.0,100.0,3787.2,3582.4,77.6,41.5,11.9,69.8,0.0,0.0,1,0,45.9,0.0,0.0,0.0,0.0,0.0,-0.0,-0.0,-0.0,0.0,0.0,0.0,0.0,0.0,0.0,0.0,0.0,0.0,0.0,0.0,0.0,0.0,0.0,0.0,0.0,0.0,0.0,0.0,0.0,0.0,0.0,0.2,5.5,28.0
16:21:28.000,0.0,0.2,0.0,99.8,3787.2,3582.4,77.6,41.5,11.9,69.8,0.0,0.0,1,0,31.9,0.0,0.0,0.0,0.0,0.0,-0.0,-0.0,-0.0,0.0,0.0,0.0,0.0,0.0,0.0,0.0,0.0,0.0,0.0,0.0,0.0,0.0,0.0,0.0,0.0,0.0,0.0,0.0,0.0,0.0,0.0,0.2,5.5,28.0
16:21:29.000,0.0,0.0,0.0,100.0,3787.2,3582.4,77.6,41.5,11.9,69.8,0.0,0.0,1,0,35.9,0.0,0.0,0.0,0.0,0.0,-0.0,-0.0,-0.0,0.0,0.0,0.0,0.0,0.0,0.0,1.0,0.0,1.0,0.0,0.0,0.0,0.0,0.0,0.0,0.0,0.0,0.0,0.0,0.0,0.0,0.0,0.2,5.5,28.0
16:21:30.000,0.0,0.0,0.0,100.0,3787.2,3582.4,77.7,41.5,11.9,69.8,0.0,0.0,1,0,62.8,0.0,0.0,0.0,0.0,0.0,-0.0,-0.0,-0.0,0.0,0.0,0.0,0.0,0.0,0.0,0.0,0.0,0.0,0.0,0.0,0.0,12.0,0.0,12.0,6.0,0.0,6.0,2.0,0.0,2.0,0.0,0.2,5.5,28.0
16:21:31.000,0.0,0.2,0.0,99.8,3787.2,3582.4,77.7,41.5,11.9,69.8,0.0,0.0,1,0,46.9,0.0,0.0,0.0,0.0,0.0,-0.0,-0.0,-0.0,0.0,0.0,0.0,0.0,0.0,0.0,0.0,0.0,0.0,0.0,0.0,0.0,0.0,0.0,0.0,0.0,0.0,0.0,0.0,0.0,0.0,0.0,0.2,5.5,28.0
16:21:32.000,0.0,0.0,0.0,100.0,3787.2,3582.4,77.7,41.5,11.9,69.8,0.0,0.0,1,0,43.9,0.0,0.0,0.0,0.0,0.0,-0.0,-0.0,-0.0,0.0,0.0,0.0,0.0,0.0,0.0,0.0,0.0,0.0,0.0,0.0,0.0,0.0,0.0,0.0,0.0,0.0,0.0,0.0,0.0,0.0,0.0,0.2,5.5,28.0
16:21:33.000,0.0,0.0,0.0,100.0,3787.2,3582.4,77.7,41.5,11.9,69.8,0.0,0.0,1,0,34.9,0.0,0.0,0.0,0.0,0.0,-0.0,-0.0,-0.0,0.0,0.0,0.0,0.0,0.0,0.0,0.0,0.0,0.0,0.0,0.0,0.0,0.0,0.0,0.0,0.0,0.0,0.0,0.0,0.0,0.0,0.0,0.2,5.5,28.0
16:21:34.000,0.0,0.0,0.0,100.0,3787.2,3582.4,77.7,41.5,11.9,69.8,0.0,0.0,1,0,42.9,0.0,0.0,0.0,0.0,0.0,-0.0,-0.0,-0.0,0.0,0.0,0.0,0.0,0.0,0.0,0.0,0.0,0.0,0.0,0.0,0.0,0.0,0.0,0.0,0.0,0.0,0.0,0.0,0.0,0.0,0.0,0.2,5.5,28.0
16:21:35.000,0.0,0.0,0.2,99.8,3787.2,3582.4,77.7,41.5,11.9,69.8,0.0,0.0,1,0,67.8,0.0,0.0,0.0,0.0,0.0,-0.0,-0.0,-0.0,0.0,0.0,0.0,0.0,0.0,0.0,0.0,0.0,1.0,0.0,0.0,0.0,43.9,0.0,43.9,14.7,0.0,14.7,3.0,0.0,3.0,0.0,0.2,5.5,28.0
16:21:36.000,0.0,0.2,0.0,99.8,3787.2,3582.4,77.7,41.5,11.9,69.8,0.0,0.0,1,0,49.9,0.0,0.0,0.0,0.0,0.0,-0.0,-0.0,-0.0,0.0,0.0,0.0,0.0,0.0,0.0,0.0,0.0,0.0,0.0,0.0,0.0,0.0,0.0,0.0,0.0,0.0,0.0,0.0,0.0,0.0,0.0,0.2,5.5,28.0
16:21:37.000,0.0,0.0,0.2,99.8,3787.2,3582.4,77.7,41.5,11.9,69.8,0.0,0.0,1,0,151.7,1.0,0.0,0.0,0.0,0.0,-0.0,-0.0,-0.0,0.0,0.0,0.0,0.0,0.0,0.0,3.0,0.0,2.0,0.0,0.0,0.0,115.8,0.0,115.8,6.1,0.0,6.1,19.0,0.0,19.0,0.0,0.2,5.5,28.0
16:21:38.000,0.0,0.0,0.0,100.0,3787.2,3582.4,77.7,41.5,11.9,69.8,0.0,0.0,1,0,38.9,0.0,0.0,0.0,0.0,0.0,-0.0,-0.0,-0.0,0.0,0.0,0.0,0.0,0.0,0.0,0.0,0.0,0.0,0.0,0.0,0.0,0.0,0.0,0.0,0.0,0.0,0.0,0.0,0.0,0.0,0.0,0.2,5.5,28.0
16:21:39.000,0.0,0.0,0.0,100.0,3787.2,3582.4,77.7,41.5,11.9,69.8,0.0,0.0,1,0,40.9,0.0,0.0,0.0,0.0,0.0,-0.0,-0.0,-0.0,0.0,0.0,0.0,0.0,0.0,0.0,1.0,0.0,1.0,0.0,0.0,0.0,0.0,0.0,0.0,0.0,0.0,0.0,0.0,0.0,0.0,0.0,0.2,5.5,28.0
16:21:40.000,0.0,0.2,0.2,99.5,3787.2,3582.4,77.7,41.5,11.9,69.8,0.0,0.0,1,0,59.8,0.0,0.0,0.0,0.0,0.0,-0.0,-0.0,-0.0,0.0,0.0,0.0,0.0,0.0,0.0,0.0,0.0,0.0,0.0,0.0,0.0,23.9,0.0,23.9,12.0,0.0,12.0,2.0,0.0,2.0,0.0,0.2,5.5,28.0
16:21:41.000,0.0,0.0,0.0,100.0,3787.2,3582.4,77.7,41.5,11.9,69.8,0.0,0.0,1,0,34.9,0.0,0.0,0.0,0.0,0.0,-0.0,-0.0,-0.0,0.0,0.0,0.0,0.0,0.0,0.0,0.0,0.0,0.0,0.0,0.0,0.0,0.0,0.0,0.0,0.0,0.0,0.0,0.0,0.0,0.0,0.0,0.2,5.5,28.0
16:21:42.000,0.0,0.0,0.0,100.0,3787.2,3582.4,77.7,41.5,11.9,69.8,0.0,0.0,1,0,30.9,0.0,0.0,0.0,0.0,0.0,-0.0,-0.0,-0.0,0.0,0.0,0.0,0.0,0.0,0.0,0.0,0.0,0.0,0.0,0.0,0.0,0.0,0.0,0.0,0.0,0.0,0.0,0.0,0.0,0.0,0.0,0.2,5.5,28.0
16:21:43.000,0.0,0.0,0.0,100.0,3787.2,3582.4,77.7,41.5,11.9,69.8,0.0,0.0,1,0,148.7,0.0,0.0,0.0,0.0,0.1,-0.0,-0.0,-0.1,0.0,0.0,2.0,0.0,0.0,1.0,0.0,0.0,0.0,0.0,0.0,0.0,0.0,0.0,0.0,0.0,0.0,0.0,0.0,0.0,0.0,0.0,0.2,5.5,28.0
16:21:44.000,0.0,0.0,0.0,100.0,3787.2,3582.4,77.7,41.5,11.9,69.8,0.0,0.0,1,0,33.9,0.0,0.0,0.0,0.0,0.0,-0.0,-0.0,-0.0,0.0,0.0,0.0,0.0,0.0,0.0,0.0,0.0,0.0,0.0,0.0,0.0,0.0,0.0,0.0,0.0,0.0,0.0,0.0,0.0,0.0,0.0,0.2,5.5,28.0
16:21:45.000,0.0,0.2,0.0,99.8,3787.2,3582.4,77.7,41.5,11.9,69.8,0.0,0.0,1,0,57.8,0.0,0.0,0.0,0.0,0.0,-0.0,-0.0,-0.0,0.0,0.0,0.0,0.0,0.0,0.0,0.0,0.0,0.0,0.0,0.0,0.0,12.0,0.0,12.0,6.0,0.0,6.0,2.0,0.0,2.0,0.0,0.2,5.5,28.0
16:21:46.000,0.0,0.0,0.0,100.0,3787.2,3582.4,77.7,41.5,11.9,69.8,0.0,0.0,1,0,42.9,0.0,0.0,0.0,0.0,0.0,-0.0,-0.0,-0.0,0.0,0.0,0.0,0.0,0.0,0.0,0.0,0.0,0.0,0.0,0.0,0.0,0.0,0.0,0.0,0.0,0.0,0.0,0.0,0.0,0.0,0.0,0.2,5.5,28.0
16:21:47.000,0.0,0.0,0.0,100.0,3787.2,3582.4,77.7,41.5,11.9,69.8,0.0,0.0,1,0,44.9,0.0,0.0,0.0,0.0,0.0,-0.0,-0.0,-0.0,0.0,0.0,0.0,0.0,0.0,0.0,0.0,0.0,0.0,0.0,0.0,0.0,0.0,0.0,0.0,0.0,0.0,0.0,0.0,0.0,0.0,0.0,0.2,5.5,28.0
16:21:48.000,0.0,0.2,0.0,99.8,3787.2,3582.4,77.7,41.5,11.9,69.8,0.0,0.0,1,0,32.9,0.0,0.0,0.0,0.0,0.0,-0.0,-0.0,-0.0,0.0,0.0,0.0,0.0,0.0,0.0,0.0,0.0,0.0,0.0,0.0,0.0,0.0,0.0,0.0,0.0,0.0,0.0,0.0,0.0,0.0,0.0,0.2,5.5,28.0
16:21:49.000,0.0,0.0,0.0,100.0,3787.2,3582.4,77.7,41.5,11.9,69.8,0.0,0.0,1,0,43.9,0.0,0.0,0.0,0.0,0.0,-0.0,-0.0,-0.0,0.0,0.0,0.0,0.0,0.0,0.0,0.0,0.0,1.0,0.0,0.0,0.0,0.0,0.0,0.0,0.0,0.0,0.0,0.0,0.0,0.0,0.0,0.2,5.5,28.0
16:21:50.000,0.0,0.0,0.2,99.8,3787.2,3582.4,77.7,41.5,11.9,69.8,0.0,0.0,1,0,59.8,0.0,0.0,0.0,0.0,0.0,-0.0,-0.0,-0.0,0.0,0.0,0.0,0.0,0.0,0.0,1.0,0.0,0.0,0.0,0.0,0.0,15.9,0.0,15.9,8.0,0.0,8.0,2.0,0.0,2.0,0.0,0.2,5.5,28.0
16:21:51.000,0.0,0.0,0.0,100.0,3787.2,3582.4,77.7,41.5,11.9,69.8,0.0,0.0,1,0,47.9,0.0,0.0,0.0,0.0,0.0,-0.0,-0.0,-0.0,0.0,0.0,0.0,0.0,0.0,0.0,0.0,0.0,0.0,0.0,0.0,0.0,0.0,0.0,0.0,0.0,0.0,0.0,0.0,0.0,0.0,0.0,0.2,5.5,28.0
16:21:52.000,0.0,0.0,0.0,100.0,3787.2,3582.4,77.7,41.5,11.9,69.8,0.0,0.0,1,0,38.9,0.0,0.0,0.0,0.0,0.0,-0.0,-0.0,-0.0,0.0,0.0,0.0,0.0,0.0,0.0,0.0,0.0,0.0,0.0,0.0,0.0,0.0,0.0,0.0,0.0,0.0,0.0,0.0,0.0,0.0,0.0,0.2,5.5,28.0
16:21:53.000,0.0,0.0,0.0,100.0,3787.2,3582.4,77.7,41.5,11.9,69.8,0.0,0.0,1,0,37.9,0.0,0.0,0.0,0.0,0.0,-0.0,-0.0,-0.0,0.0,0.0,0.0,0.0,0.0,0.0,0.0,0.0,0.0,0.0,0.0,0.0,0.0,0.0,0.0,0.0,0.0,0.0,0.0,0.0,0.0,0.0,0.2,5.5,28.0
16:21:54.000,0.0,0.0,0.0,100.0,3787.2,3582.4,77.7,41.5,11.9,69.8,0.0,0.0,1,0,37.9,0.0,0.0,0.0,0.0,0.0,-0.0,-0.0,-0.0,0.0,0.0,0.0,0.0,0.0,0.0,0.0,0.0,0.0,0.0,0.0,0.0,0.0,0.0,0.0,0.0,0.0,0.0,0.0,0.0,0.0,0.0,0.2,5.5,28.0
16:21:55.000,0.0,0.2,0.2,99.5,3787.2,3582.4,77.7,41.5,11.9,69.8,0.0,0.0,1,0,65.8,0.0,0.0,0.0,0.0,0.0,-0.0,-0.0,-0.0,0.0,0.0,0.0,0.0,0.0,0.0,0.0,0.0,0.0,0.0,0.0,0.0,27.9,0.0,27.9,14.0,0.0,14.0,2.0,0.0,2.0,0.0,0.2,5.5,28.0
16:21:56.000,0.0,0.0,0.0,100.0,3787.2,3582.4,77.7,41.5,11.9,69.8,0.0,0.0,1,0,40.9,0.0,0.0,0.0,0.0,0.0,-0.0,-0.0,-0.0,0.0,0.0,0.0,0.0,0.0,0.0,0.0,0.0,0.0,0.0,0.0,0.0,0.0,0.0,0.0,0.0,0.0,0.0,0.0,0.0,0.0,0.0,0.2,5.5,28.0
16:21:57.000,0.0,0.0,0.0,100.0,3787.2,3582.4,77.7,41.5,11.9,69.8,0.0,0.0,1,0,49.9,0.0,0.0,0.0,0.0,0.0,-0.0,-0.0,-0.0,0.0,0.0,0.0,0.0,0.0,0.0,0.0,0.0,0.0,0.0,0.0,0.0,0.0,0.0,0.0,0.0,0.0,0.0,0.0,0.0,0.0,0.0,0.2,5.5,28.0
16:21:58.000,0.0,0.2,0.0,99.8,3787.2,3582.4,77.7,41.5,11.9,69.8,0.0,0.0,1,0,36.9,0.0,0.0,0.0,0.0,0.0,-0.0,-0.0,-0.0,0.0,0.0,0.0,0.0,0.0,0.0,0.0,0.0,0.0,0.0,0.0,0.0,0.0,0.0,0.0,0.0,0.0,0.0,0.0,0.0,0.0,0.0,0.2,5.5,28.0
16:21:59.000,0.0,0.0,0.0,100.0,3787.2,3582.4,77.7,41.5,11.9,69.8,0.0,0.0,1,0,55.9,0.0,0.0,0.0,0.0,0.0,-0.0,-0.0,-0.0,0.0,0.0,0.0,0.0,0.0,0.0,1.0,0.0,1.0,0.0,0.0,0.0,8.0,0.0,8.0,4.0,0.0,4.0,2.0,0.0,2.0,0.0,0.2,5.5,28.0
16:22:00.000,0.0,0.0,0.0,100.0,3787.2,3582.4,77.7,41.5,11.9,69.8,0.0,0.0,1,0,63.8,0.0,0.0,0.0,0.0,0.0,-0.0,-0.0,-0.0,0.0,0.0,0.0,0.0,0.0,0.0,0.0,0.0,0.0,0.0,0.0,0.0,12.0,0.0,12.0,6.0,0.0,6.0,2.0,0.0,2.0,0.0,0.2,5.5,28.0
16:22:01.000,0.0,0.0,0.0,100.0,3787.2,3582.4,77.7,41.5,11.9,69.8,0.0,0.0,1,0,37.9,0.0,0.0,0.0,0.0,0.0,-0.0,-0.0,-0.0,0.0,0.0,0.0,0.0,0.0,0.0,0.0,0.0,0.0,0.0,0.0,0.0,0.0,0.0,0.0,0.0,0.0,0.0,0.0,0.0,0.0,0.0,0.2,5.5,28.0
16:22:02.000,0.0,0.0,0.0,100.0,3787.2,3582.4,77.7,41.5,11.9,69.8,0.0,0.0,1,0,39.9,0.0,0.0,0.0,0.0,0.0,-0.0,-0.0,-0.0,0.0,0.0,0.0,0.0,0.0,0.0,0.0,0.0,0.0,0.0,0.0,0.0,0.0,0.0,0.0,0.0,0.0,0.0,0.0,0.0,0.0,0.0,0.2,5.5,28.0
16:22:03.000,0.0,0.2,0.0,99.8,3787.2,3582.4,77.7,41.5,11.9,69.8,0.0,0.0,1,0,43.9,0.0,0.0,0.0,0.0,0.0,-0.0,-0.0,-0.0,0.0,0.0,0.0,0.0,0.0,0.0,0.0,0.0,0.0,0.0,0.0,0.0,0.0,0.0,0.0,0.0,0.0,0.0,0.0,0.0,0.0,0.0,0.2,5.5,28.0
16:22:04.000,0.0,0.0,0.0,100.0,3787.2,3582.4,77.7,41.5,11.9,69.8,0.0,0.0,1,0,37.9,0.0,0.0,0.0,0.0,0.0,-0.0,-0.0,-0.0,0.0,0.0,0.0,0.0,0.0,0.0,0.0,0.0,0.0,0.0,0.0,0.0,0.0,0.0,0.0,0.0,0.0,0.0,0.0,0.0,0.0,0.0,0.2,5.5,28.0
16:22:05.000,0.0,0.0,0.2,99.8,3787.2,3582.4,77.7,41.5,11.9,69.8,0.0,0.0,1,0,57.8,0.0,0.0,0.0,0.0,0.0,-0.0,-0.0,-0.0,0.0,0.0,0.0,0.0,0.0,0.0,0.0,0.0,0.0,0.0,0.0,0.0,12.0,0.0,12.0,6.0,0.0,6.0,2.0,0.0,2.0,0.0,0.2,5.5,28.0
16:22:06.000,0.0,0.0,0.0,100.0,3787.2,3582.4,77.7,41.5,11.9,69.8,0.0,0.0,1,0,49.9,0.0,0.0,0.0,0.0,0.0,-0.0,-0.0,-0.0,0.0,0.0,0.0,0.0,0.0,0.0,0.0,0.0,0.0,0.0,0.0,0.0,24.0,0.0,24.0,24.0,0.0,24.0,1.0,0.0,1.0,0.0,0.2,5.5,28.0
16:22:07.000,0.0,0.2,0.0,99.8,3787.2,3582.4,77.7,41.5,11.9,69.8,0.0,0.0,1,0,65.9,0.0,0.0,0.0,0.0,0.0,-0.0,-0.0,-0.0,0.0,0.0,0.0,0.0,0.0,0.0,0.0,0.0,0.0,0.0,0.0,0.0,0.0,0.0,0.0,0.0,0.0,0.0,0.0,0.0,0.0,0.0,0.2,5.5,28.0
16:22:08.000,0.2,0.0,0.0,99.8,3787.2,3582.4,77.7,41.5,11.9,69.8,0.0,0.0,1,0,29.9,0.0,0.0,0.0,0.0,0.0,-0.0,-0.0,-0.0,0.0,0.0,0.0,0.0,0.0,0.0,0.0,0.0,0.0,0.0,0.0,0.0,0.0,0.0,0.0,0.0,0.0,0.0,0.0,0.0,0.0,0.0,0.2,5.5,28.0
16:22:09.000,0.0,0.0,0.0,100.0,3787.2,3582.4,77.7,41.5,11.9,69.8,0.0,0.0,1,0,31.9,0.0,0.0,0.0,0.0,0.0,-0.0,-0.0,-0.0,0.0,0.0,0.0,0.0,0.0,0.0,0.0,0.0,1.0,0.0,0.0,0.0,0.0,0.0,0.0,0.0,0.0,0.0,0.0,0.0,0.0,0.0,0.2,5.5,28.0
16:22:10.000,0.0,0.0,0.2,99.8,3787.2,3582.4,77.7,41.5,11.9,69.8,0.0,0.0,1,0,94.4,0.0,0.0,0.0,0.0,0.0,-0.0,-0.0,-0.0,0.0,0.0,0.0,0.0,0.0,0.0,2.0,0.0,1.0,0.0,0.0,0.0,59.6,0.0,59.6,7.5,0.0,7.5,7.9,0.0,7.9,0.0,0.2,5.5,28.0
16:22:11.000,0.0,0.0,0.0,100.0,3787.2,3582.4,77.7,41.5,11.9,69.8,0.0,0.0,1,0,47.9,0.0,0.0,0.0,0.0,0.0,-0.0,-0.0,-0.0,0.0,0.0,0.0,0.0,0.0,0.0,0.0,0.0,0.0,0.0,0.0,0.0,0.0,0.0,0.0,0.0,0.0,0.0,0.0,0.0,0.0,0.0,0.2,5.5,28.0
16:22:12.000,0.0,0.0,0.0,100.0,3787.2,3582.4,77.7,41.5,11.9,69.8,0.0,0.0,1,0,39.9,0.0,0.0,0.0,0.0,0.0,-0.0,-0.0,-0.0,0.0,0.0,0.0,0.0,0.0,0.0,0.0,0.0,0.0,0.0,0.0,0.0,0.0,0.0,0.0,0.0,0.0,0.0,0.0,0.0,0.0,0.0,0.2,5.5,28.0
16:22:13.000,0.0,0.0,0.0,100.0,3787.2,3582.4,77.7,41.5,11.9,69.8,0.0,0.0,1,0,33.9,0.0,0.0,0.0,0.0,0.0,-0.0,-0.0,-0.0,0.0,0.0,0.0,0.0,0.0,0.0,0.0,0.0,0.0,0.0,0.0,0.0,0.0,0.0,0.0,0.0,0.0,0.0,0.0,0.0,0.0,0.0,0.2,5.5,28.0
16:22:14.000,0.0,0.2,0.0,99.8,3787.2,3582.4,77.7,41.5,11.9,69.8,0.0,0.0,1,0,53.9,0.0,0.0,0.0,0.0,0.0,-0.0,-0.0,-0.0,0.0,0.0,0.0,0.0,0.0,0.0,0.0,0.0,0.0,0.0,0.0,0.0,0.0,0.0,0.0,0.0,0.0,0.0,0.0,0.0,0.0,0.0,0.2,5.5,28.0
16:22:15.000,0.0,0.0,0.2,99.8,3787.2,3582.4,77.7,41.5,11.9,69.8,0.0,0.0,1,0,65.8,0.0,0.0,0.0,0.0,0.0,-0.0,-0.0,-0.0,0.0,0.0,0.0,0.0,0.0,0.0,0.0,0.0,0.0,0.0,0.0,0.0,23.9,0.0,23.9,12.0,0.0,12.0,2.0,0.0,2.0,0.0,0.2,5.5,28.0
16:22:16.000,0.0,0.0,0.0,100.0,3787.2,3582.4,77.7,41.5,11.9,69.8,0.0,0.0,1,0,48.9,0.0,0.0,0.0,0.0,0.0,-0.0,-0.0,-0.0,0.0,0.0,0.0,0.0,0.0,0.0,0.0,0.0,0.0,0.0,0.0,0.0,0.0,0.0,0.0,0.0,0.0,0.0,0.0,0.0,0.0,0.0,0.2,5.5,28.0
16:22:17.000,0.0,0.2,0.0,99.8,3787.2,3582.4,77.7,41.5,11.9,69.8,0.0,0.0,1,0,48.9,0.0,0.0,0.0,0.0,0.0,-0.0,-0.0,-0.0,0.0,0.0,0.0,0.0,0.0,0.0,0.0,0.0,0.0,0.0,0.0,0.0,0.0,0.0,0.0,0.0,0.0,0.0,0.0,0.0,0.0,0.0,0.2,5.5,28.0
16:22:18.000,0.0,0.0,0.0,100.0,3787.2,3582.4,77.7,41.5,11.9,69.8,0.0,0.0,1,0,33.9,0.0,0.0,0.0,0.0,0.0,-0.0,-0.0,-0.0,0.0,0.0,0.0,0.0,0.0,0.0,0.0,0.0,0.0,0.0,0.0,0.0,0.0,0.0,0.0,0.0,0.0,0.0,0.0,0.0,0.0,0.0,0.2,5.5,28.0
16:22:19.000,0.0,0.0,0.0,100.0,3787.2,3582.4,77.7,41.5,11.9,69.8,0.0,0.0,1,0,44.9,0.0,0.0,0.0,0.0,0.0,-0.0,-0.0,-0.0,0.0,0.0,0.0,0.0,0.0,0.0,0.0,0.0,0.0,0.0,0.0,0.0,0.0,0.0,0.0,0.0,0.0,0.0,0.0,0.0,0.0,0.0,0.2,5.5,28.0
16:22:20.000,0.3,0.3,0.5,99.0,3787.2,3581.9,77.7,41.5,12.0,69.8,0.0,0.0,1,0,253.2,7.0,0.0,0.0,0.0,0.0,-0.0,-0.0,-0.0,0.0,0.0,0.0,0.0,0.0,0.0,4.0,0.0,4.0,0.0,0.0,0.0,167.4,0.0,167.4,6.7,0.0,6.7,24.9,0.0,24.9,0.0,0.2,5.5,28.0
16:22:21.000,0.0,0.0,0.0,100.0,3787.2,3581.9,77.7,41.5,12.0,69.8,0.0,0.0,1,0,38.9,0.0,0.0,0.0,0.0,0.0,-0.0,-0.0,-0.0,0.0,0.0,0.0,0.0,0.0,0.0,0.0,0.0,0.0,0.0,0.0,0.0,0.0,0.0,0.0,0.0,0.0,0.0,0.0,0.0,0.0,0.0,0.2,5.5,28.0
16:22:22.000,0.0,0.2,0.0,99.8,3787.2,3581.9,77.7,41.5,12.0,69.8,0.0,0.0,1,0,45.9,0.0,0.0,0.0,0.0,0.0,-0.0,-0.0,-0.0,0.0,0.0,0.0,0.0,0.0,0.0,0.0,0.0,0.0,0.0,0.0,0.0,0.0,0.0,0.0,0.0,0.0,0.0,0.0,0.0,0.0,0.0,0.2,5.5,28.0
16:22:23.000,0.0,0.0,0.0,100.0,3787.2,3581.9,77.7,41.5,12.0,69.8,0.0,0.0,1,0,31.9,0.0,0.0,0.0,0.0,0.0,-0.0,-0.0,-0.0,0.0,0.0,0.0,0.0,0.0,0.0,0.0,0.0,0.0,0.0,0.0,0.0,0.0,0.0,0.0,0.0,0.0,0.0,0.0,0.0,0.0,0.0,0.2,5.5,28.0
16:22:24.000,0.0,0.0,0.0,100.0,3787.2,3581.9,77.7,41.5,12.0,69.8,0.0,0.0,1,0,36.9,0.0,0.0,0.0,0.0,0.0,-0.0,-0.0,-0.0,0.0,0.0,0.0,0.0,0.0,0.0,0.0,0.0,0.0,0.0,0.0,0.0,0.0,0.0,0.0,0.0,0.0,0.0,0.0,0.0,0.0,0.0,0.2,5.5,28.0
16:22:25.000,0.0,0.0,0.2,99.8,3787.2,3581.9,77.7,41.5,12.0,69.8,0.0,0.0,1,0,55.8,0.0,0.0,0.0,0.0,0.0,-0.0,-0.0,-0.0,0.0,0.0,0.0,0.0,0.0,0.0,0.0,0.0,0.0,0.0,0.0,0.0,19.9,0.0,19.9,10.0,0.0,10.0,2.0,0.0,2.0,0.0,0.2,5.5,28.0
16:22:26.000,0.0,0.0,0.0,100.0,3787.2,3581.9,77.7,41.5,12.0,69.8,0.0,0.0,1,0,38.9,0.0,0.0,0.0,0.0,0.0,-0.0,-0.0,-0.0,0.0,0.0,0.0,0.0,0.0,0.0,0.0,0.0,0.0,0.0,0.0,0.0,0.0,0.0,0.0,0.0,0.0,0.0,0.0,0.0,0.0,0.0,0.2,5.5,28.0
16:22:27.000,0.0,0.0,0.0,100.0,3787.2,3581.9,77.7,41.5,12.0,69.8,0.0,0.0,1,0,51.9,0.0,0.0,0.0,0.0,0.0,-0.0,-0.0,-0.0,0.0,0.0,0.0,0.0,0.0,0.0,0.0,0.0,0.0,0.0,0.0,0.0,0.0,0.0,0.0,0.0,0.0,0.0,0.0,0.0,0.0,0.0,0.2,5.5,28.0
16:22:28.000,0.0,0.0,0.0,100.0,3787.2,3581.9,77.7,41.5,12.0,69.8,0.0,0.0,1,0,31.9,0.0,0.0,0.0,0.0,0.0,-0.0,-0.0,-0.0,0.0,0.0,0.0,0.0,0.0,0.0,0.0,0.0,0.0,0.0,0.0,0.0,0.0,0.0,0.0,0.0,0.0,0.0,0.0,0.0,0.0,0.0,0.2,5.5,28.0
16:22:29.000,0.0,0.2,0.0,99.8,3787.2,3581.9,77.7,41.5,12.0,69.8,0.0,0.0,1,0,37.9,0.0,0.0,0.0,0.0,0.0,-0.0,-0.0,-0.0,0.0,0.0,0.0,0.0,0.0,0.0,0.0,0.0,0.0,0.0,0.0,0.0,0.0,0.0,0.0,0.0,0.0,0.0,0.0,0.0,0.0,0.0,0.2,5.5,28.0
16:22:30.000,0.0,0.0,0.0,100.0,3787.2,3581.9,77.7,41.5,12.0,69.8,0.0,0.0,1,0,56.8,0.0,0.0,0.0,0.0,0.0,-0.0,-0.0,-0.0,0.0,0.0,0.0,0.0,0.0,0.0,0.0,0.0,1.0,0.0,0.0,0.0,12.0,0.0,12.0,6.0,0.0,6.0,2.0,0.0,2.0,0.0,0.2,5.5,28.0
16:22:31.000,0.0,0.0,0.0,100.0,3787.2,3581.9,77.7,41.5,12.0,69.8,0.0,0.0,1,0,58.9,0.0,0.0,0.0,0.0,0.0,-0.0,-0.0,-0.0,0.0,0.0,0.0,0.0,0.0,0.0,0.0,0.0,0.0,0.0,0.0,0.0,0.0,0.0,0.0,0.0,0.0,0.0,0.0,0.0,0.0,0.0,0.2,5.5,28.0
16:22:32.000,0.0,0.0,0.0,100.0,3787.2,3581.9,77.7,41.5,12.0,69.8,0.0,0.0,1,0,35.9,0.0,0.0,0.0,0.0,0.0,-0.0,-0.0,-0.0,0.0,0.0,0.0,0.0,0.0,0.0,0.0,0.0,0.0,0.0,0.0,0.0,0.0,0.0,0.0,0.0,0.0,0.0,0.0,0.0,0.0,0.0,0.2,5.5,28.0
