Timestamp,CPU Usage User (%),CPU Usage System (%),CPU Usage Wait (%),CPU Usage Idle (%),Memory Total (Mo),Memory Free (Mo),Memory Cached (Mo),Memory Active (Mo),Memory Buffers (Mo),Memory Inactive (Mo),Swap Total (Mo),Swap Free (Mo),Processes Runnable,Processes Blocked,Process Switches,Process Forks,Process Execs,Network lo Received (Ko/s),Network eth0 Received (Ko/s),Network wlan0 Received (Ko/s),Network lo Sent (Ko/s),Network eth0 Sent (Ko/s),Network wlan0 Sent (Ko/s),Network Packet lo Received,Network Packet eth0 Received,Network Packet wlan0 Received,Network Packet lo Sent,Network Packet eth0 Sent,Network Packet wlan0 Sent,Disk mmcblk1 Usage (%),Disk mmcblk1p1 Usage (%),Disk mmcblk1p2 Usage (%),Disk mmcblk1 Read (Ko/s),Disk mmcblk1p1 Read (Ko/s),Disk mmcblk1p2 Read (Ko/s),Disk mmcblk1 Write (Ko/s),Disk mmcblk1p1 Write (Ko/s),Disk mmcblk1p2 Write (Ko/s),Disk mmcblk1 Block Size (Ko),Disk mmcblk1p1 Block Size (Ko),Disk mmcblk1p2 Block Size (Ko),Disk mmcblk1 Transfers,Disk mmcblk1p1 Transfers,Disk mmcblk1p2 Transfers,JFS dev Usage (%),JFS run Usage (%),JFS Usage (%),JFS boot/firmware Usage (%)
15:41:22.000,0.9,2.8,0.0,96.3,3787.2,3502.2,145.2,68.1,13.4,112.8,0.0,0.0,1,0,0.0,0.0,0.0,0.0,0.0,0.0,-0.0,-0.0,-0.0,0.0,0.0,0.0,0.0,0.0,0.0,0.0,0.0,0.0,0.0,0.0,0.0,0.0,0.0,0.0,0.0,0.0,0.0,0.0,0.0,0.0,0.0,0.2,7.7,28.0
15:41:23.000,0.0,0.0,0.0,100.0,3787.2,3502.2,145.2,68.1,13.4,112.8,0.0,0.0,1,0,76.8,0.0,0.0,0.0,0.0,0.1,-0.0,-0.0,-0.0,0.0,0.0,1.0,0.0,0.0,0.0,0.0,0.0,0.0,0.0,0.0,0.0,0.0,0.0,0.0,0.0,0.0,0.0,0.0,0.0,0.0,0.0,0.2,7.7,28.0
15:41:24.000,0.0,0.0,0.0,100.0,3787.2,3502.2,145.2,68.1,13.4,112.8,0.0,0.0,1,0,35.9,0.0,0.0,0.0,0.0,0.0,-0.0,-0.0,-0.0,0.0,0.0,0.0,0.0,0.0,0.0,0.0,0.0,0.0,0.0,0.0,0.0,0.0,0.0,0.0,0.0,0.0,0.0,0.0,0.0,0.0,0.0,0.2,7.7,28.0
15:41:25.000,0.0,0.0,0.0,100.0,3787.2,3502.2,145.2,68.1,13.4,112.8,0.0,0.0,1,0,30.9,0.0,0.0,0.0,0.0,0.0,-0.0,-0.0,-0.0,0.0,0.0,0.0,0.0,0.0,0.0,0.0,0.0,0.0,0.0,0.0,0.0,0.0,0.0,0.0,0.0,0.0,0.0,0.0,0.0,0.0,0.0,0.2,7.7,28.0
15:41:26.000,0.0,0.0,0.0,100.0,3787.2,3502.2,145.2,68.1,13.4,112.8,0.0,0.0,1,0,92.8,0.0,0.0,0.0,0.0,0.0,-0.0,-0.0,-0.0,0.0,0.0,0.0,0.0,0.0,1.0,0.0,0.0,0.0,0.0,0.0,0.0,0.0,0.0,0.0,0.0,0.0,0.0,0.0,0.0,0.0,0.0,0.2,7.7,28.0
15:41:27.000,0.0,0.0,0.2,99.8,3787.2,3502.2,145.2,68.1,13.4,112.8,0.0,0.0,1,0,102.6,0.0,0.0,0.0,0.0,0.0,-0.0,-0.0,-0.0,0.0,0.0,0.0,0.0,0.0,1.0,0.0,0.0,0.0,0.0,0.0,0.0,59.8,0.0,59.8,20.0,0.0,20.0,3.0,0.0,3.0,0.0,0.2,7.7,28.0
15:41:28.000,0.0,0.0,0.0,100.0,3787.2,3502.2,145.2,68.1,13.4,112.8,0.0,0.0,1,0,66.8,0.0,0.0,0.0,0.0,0.0,-0.0,-0.0,-0.0,0.0,0.0,0.0,0.0,0.0,1.0,0.0,0.0,0.0,0.0,0.0,0.0,0.0,0.0,0.0,0.0,0.0,0.0,0.0,0.0,0.0,0.0,0.2,7.7,28.0
15:41:29.000,0.0,0.0,0.0,100.0,3787.2,3502.2,145.2,68.1,13.4,112.8,0.0,0.0,1,0,33.9,0.0,0.0,0.0,0.0,0.0,-0.0,-0.0,-0.0,0.0,0.0,0.0,0.0,0.0,0.0,0.0,0.0,0.0,0.0,0.0,0.0,0.0,0.0,0.0,0.0,0.0,0.0,0.0,0.0,0.0,0.0,0.2,7.7,28.0
15:41:30.000,0.0,0.0,0.0,100.0,3787.2,3502.2,145.2,68.1,13.4,112.8,0.0,0.0,1,0,77.8,0.0,0.0,0.0,0.0,0.1,-0.0,-0.0,-0.0,0.0,0.0,1.0,0.0,0.0,1.0,0.0,0.0,0.0,0.0,0.0,0.0,0.0,0.0,0.0,0.0,0.0,0.0,0.0,0.0,0.0,0.0,0.2,7.7,28.0
15:41:31.000,0.0,0.0,0.0,100.0,3787.2,3502.2,145.2,68.1,13.4,112.8,0.0,0.0,1,0,64.9,0.0,0.0,0.0,0.0,0.0,-0.0,-0.0,-0.0,0.0,0.0,0.0,0.0,0.0,1.0,0.0,0.0,0.0,0.0,0.0,0.0,0.0,0.0,0.0,0.0,0.0,0.0,0.0,0.0,0.0,0.0,0.2,7.7,28.0
15:41:32.000,0.0,0.0,0.2,99.8,3787.2,3502.2,145.2,68.1,13.4,112.8,0.0,0.0,1,0,106.4,0.0,0.0,0.0,0.0,0.1,-0.0,-0.0,-0.0,0.0,0.0,1.0,0.0,0.0,1.0,1.0,0.0,1.0,0.0,0.0,0.0,23.9,0.0,23.9,12.0,0.0,12.0,2.0,0.0,2.0,0.0,0.2,7.7,28.0
15:41:33.000,0.0,0.2,0.0,99.8,3787.2,3502.2,145.2,68.1,13.4,112.8,0.0,0.0,1,0,50.9,0.0,0.0,0.1,0.0,0.0,-0.1,-0.0,-0.0,2.0,0.0,0.0,2.0,0.0,0.0,0.0,0.0,0.0,0.0,0.0,0.0,8.0,0.0,8.0,8.0,0.0,8.0,1.0,0.0,1.0,0.0,0.2,7.7,28.0
15:41:34.000,0.0,0.0,0.0,100.0,3787.2,3502.2,145.2,68.1,13.4,112.8,0.0,0.0,1,0,33.9,0.0,0.0,0.0,0.0,0.0,-0.0,-0.0,-0.0,0.0,0.0,0.0,0.0,0.0,0.0,0.0,0.0,0.0,0.0,0.0,0.0,0.0,0.0,0.0,0.0,0.0,0.0,0.0,0.0,0.0,0.0,0.2,7.7,28.0
15:41:35.000,0.0,0.0,0.0,100.0,3787.2,3502.2,145.2,68.1,13.4,112.8,0.0,0.0,1,0,46.9,0.0,0.0,0.0,0.0,0.0,-0.0,-0.0,-0.0,0.0,0.0,0.0,0.0,0.0,0.0,0.0,0.0,0.0,0.0,0.0,0.0,0.0,0.0,0.0,0.0,0.0,0.0,0.0,0.0,0.0,0.0,0.2,7.7,28.0
15:41:36.000,0.0,0.2,0.0,99.8,3787.2,3502.2,145.2,68.1,13.4,112.8,0.0,0.0,1,0,73.8,0.0,0.0,0.0,0.0,0.1,-0.0,-0.0,-0.0,0.0,0.0,1.0,0.0,0.0,1.0,0.0,0.0,0.0,0.0,0.0,0.0,0.0,0.0,0.0,0.0,0.0,0.0,0.0,0.0,0.0,0.0,0.2,7.7,28.0
15:41:37.000,0.0,0.0,0.0,100.0,3787.2,3502.2,145.2,68.1,13.4,112.8,0.0,0.0,1,0,73.7,0.0,0.0,0.0,0.0,0.0,-0.0,-0.0,-0.0,0.0,0.0,0.0,0.0,0.0,1.0,0.0,0.0,0.0,0.0,0.0,0.0,19.9,0.0,19.9,10.0,0.0,10.0,2.0,0.0,2.0,0.0,0.2,7.7,28.0
15:41:38.000,0.0,0.0,0.0,100.0,3787.2,3502.2,145.2,68.1,13.4,112.8,0.0,0.0,1,0,57.9,0.0,0.0,0.0,0.0,0.0,-0.0,-0.0,-0.0,0.0,0.0,0.0,0.0,0.0,1.0,0.0,0.0,0.0,0.0,0.0,0.0,0.0,0.0,0.0,0.0,0.0,0.0,0.0,0.0,0.0,0.0,0.2,7.7,28.0
15:41:39.000,0.0,0.0,0.0,100.0,3787.2,3502.2,145.2,68.1,13.4,112.8,0.0,0.0,1,0,60.9,0.0,0.0,0.1,0.0,0.0,-0.1,-0.0,-0.0,1.0,0.0,0.0,1.0,0.0,0.0,0.0,0.0,0.0,0.0,0.0,0.0,8.0,0.0,8.0,4.0,0.0,4.0,2.0,0.0,2.0,0.0,0.2,7.7,28.0
15:41:40.000,0.0,0.0,0.0,100.0,3787.2,3502.2,145.2,68.1,13.4,112.8,0.0,0.0,1,0,75.8,0.0,0.0,0.0,0.0,0.0,-0.0,-0.0,-0.0,0.0,0.0,0.0,0.0,0.0,0.0,1.0,0.0,1.0,0.0,0.0,0.0,31.9,0.0,31.9,4.6,0.0,4.6,7.0,0.0,7.0,0.0,0.2,7.7,28.0
15:41:41.000,0.0,0.2,0.0,99.8,3787.2,3502.2,145.2,68.1,13.4,112.8,0.0,0.0,1,0,29.9,0.0,0.0,0.0,0.0,0.0,-0.0,-0.0,-0.0,0.0,0.0,0.0,0.0,0.0,0.0,0.0,0.0,0.0,0.0,0.0,0.0,0.0,0.0,0.0,0.0,0.0,0.0,0.0,0.0,0.0,0.0,0.2,7.7,28.0
15:41:42.000,0.0,0.0,0.2,99.8,3787.2,3502.2,145.2,68.1,13.4,112.8,0.0,0.0,1,0,62.7,0.0,0.0,0.0,0.0,0.0,-0.0,-0.0,-0.0,0.0,0.0,0.0,0.0,0.0,0.0,1.0,0.0,0.0,0.0,0.0,0.0,19.9,0.0,19.9,10.0,0.0,10.0,2.0,0.0,2.0,0.0,0.2,7.7,28.0
15:41:43.000,0.0,0.0,0.0,100.0,3787.2,3502.2,145.2,68.1,13.4,112.8,0.0,0.0,1,0,38.9,0.0,0.0,0.0,0.0,0.0,-0.0,-0.0,-0.0,0.0,0.0,0.0,0.0,0.0,0.0,0.0,0.0,0.0,0.0,0.0,0.0,0.0,0.0,0.0,0.0,0.0,0.0,0.0,0.0,0.0,0.0,0.2,7.7,28.0
15:41:44.000,0.0,0.0,0.0,100.0,3787.2,3502.2,145.2,68.1,13.4,112.8,0.0,0.0,1,0,76.8,0.0,0.0,0.0,0.0,0.1,-0.0,-0.0,-0.0,0.0,0.0,1.0,0.0,0.0,1.0,0.0,0.0,0.0,0.0,0.0,0.0,0.0,0.0,0.0,0.0,0.0,0.0,0.0,0.0,0.0,0.0,0.2,7.7,28.0
15:41:45.000,0.0,0.2,0.0,99.8,3787.2,3502.2,145.2,68.1,13.4,112.8,0.0,0.0,1,0,61.9,0.0,0.0,0.0,0.0,0.0,-0.0,-0.0,-0.0,0.0,0.0,0.0,0.0,0.0,1.0,0.0,0.0,0.0,0.0,0.0,0.0,8.0,0.0,8.0,8.0,0.0,8.0,1.0,0.0,1.0,0.0,0.2,7.7,28.0
15:41:46.000,0.0,0.0,0.0,100.0,3787.2,3502.2,145.2,68.1,13.4,112.8,0.0,0.0,1,0,70.8,0.0,0.0,0.0,0.0,0.0,-0.0,-0.0,-0.0,0.0,0.0,0.0,0.0,0.0,1.0,0.0,0.0,1.0,0.0,0.0,0.0,0.0,0.0,0.0,0.0,0.0,0.0,0.0,0.0,0.0,0.0,0.2,7.7,28.0
15:41:47.000,0.0,0.0,0.2,99.8,3787.2,3502.2,145.2,68.1,13.4,112.8,0.0,0.0,1,0,63.8,0.0,0.0,0.1,0.0,0.0,-0.1,-0.0,-0.0,1.0,0.0,0.0,1.0,0.0,0.0,0.0,0.0,0.0,0.0,0.0,0.0,19.9,0.0,19.9,10.0,0.0,10.0,2.0,0.0,2.0,0.0,0.2,7.7,28.0
15:41:48.000,0.0,0.0,0.0,100.0,3787.2,3502.2,145.2,68.1,13.4,112.8,0.0,0.0,1,0,47.9,0.0,0.0,0.0,0.0,0.0,-0.0,-0.0,-0.0,0.0,0.0,0.0,0.0,0.0,0.0,0.0,0.0,0.0,0.0,0.0,0.0,0.0,0.0,0.0,0.0,0.0,0.0,0.0,0.0,0.0,0.0,0.2,7.7,28.0
15:41:49.000,0.0,0.0,0.0,100.0,3787.2,3502.2,145.2,68.1,13.4,112.8,0.0,0.0,1,0,31.9,0.0,0.0,0.0,0.0,0.0,-0.0,-0.0,-0.0,0.0,0.0,0.0,0.0,0.0,0.0,0.0,0.0,0.0,0.0,0.0,0.0,0.0,0.0,0.0,0.0,0.0,0.0,0.0,0.0,0.0,0.0,0.2,7.7,28.0
15:41:50.000,0.0,0.2,0.0,99.8,3787.2,3502.2,145.2,68.1,13.4,112.8,0.0,0.0,1,0,41.9,0.0,0.0,0.0,0.0,0.0,-0.0,-0.0,-0.0,0.0,0.0,0.0,0.0,0.0,0.0,0.0,0.0,0.0,0.0,0.0,0.0,0.0,0.0,0.0,0.0,0.0,0.0,0.0,0.0,0.0,0.0,0.2,7.7,28.0
15:41:51.000,0.0,0.0,0.0,100.0,3787.2,3502.2,145.2,68.2,13.4,112.8,0.0,0.0,1,0,54.9,0.0,0.0,0.0,0.0,0.0,-0.0,-0.0,-0.0,0.0,0.0,0.0,0.0,0.0,0.0,0.0,0.0,0.0,0.0,0.0,0.0,8.0,0.0,8.0,4.0,0.0,4.0,2.0,0.0,2.0,0.0,0.2,7.7,28.0
15:41:52.000,0.2,0.0,0.0,99.8,3787.2,3502.2,145.2,68.2,13.4,112.8,0.0,0.0,1,0,56.9,0.0,0.0,0.0,0.0,0.0,-0.0,-0.0,-0.0,0.0,0.0,0.0,0.0,0.0,0.0,0.0,0.0,0.0,0.0,0.0,0.0,20.0,0.0,20.0,10.0,0.0,10.0,2.0,0.0,2.0,0.0,0.2,7.7,28.0
15:41:53.000,0.0,0.0,0.0,100.0,3787.2,3502.2,145.2,68.2,13.4,112.8,0.0,0.0,1,0,67.9,0.0,0.0,0.0,0.0,0.1,-0.0,-0.0,-0.0,0.0,0.0,1.0,0.0,0.0,0.0,0.0,0.0,0.0,0.0,0.0,0.0,0.0,0.0,0.0,0.0,0.0,0.0,0.0,0.0,0.0,0.0,0.2,7.7,28.0
15:41:54.000,0.0,0.0,0.0,100.0,3787.2,3502.2,145.2,68.2,13.4,112.8,0.0,0.0,1,0,38.9,0.0,0.0,0.0,0.0,0.0,-0.0,-0.0,-0.0,0.0,0.0,0.0,0.0,0.0,0.0,0.0,0.0,0.0,0.0,0.0,0.0,0.0,0.0,0.0,0.0,0.0,0.0,0.0,0.0,0.0,0.0,0.2,7.7,28.0
15:41:55.000,0.0,0.0,0.0,100.0,3787.2,3502.2,145.2,68.2,13.4,112.8,0.0,0.0,1,0,39.9,0.0,0.0,0.0,0.0,0.0,-0.0,-0.0,-0.0,0.0,0.0,0.0,0.0,0.0,0.0,0.0,0.0,0.0,0.0,0.0,0.0,0.0,0.0,0.0,0.0,0.0,0.0,0.0,0.0,0.0,0.0,0.2,7.7,28.0
15:41:56.000,0.0,0.0,0.0,100.0,3787.2,3502.2,145.2,68.2,13.4,112.8,0.0,0.0,1,0,37.9,0.0,0.0,0.0,0.0,0.0,-0.0,-0.0,-0.0,0.0,0.0,0.0,0.0,0.0,0.0,0.0,0.0,0.0,0.0,0.0,0.0,0.0,0.0,0.0,0.0,0.0,0.0,0.0,0.0,0.0,0.0,0.2,7.7,28.0
15:41:57.000,0.2,0.0,0.0,99.8,3787.2,3502.2,145.2,68.2,13.4,112.8,0.0,0.0,1,0,70.8,0.0,0.0,0.0,0.0,0.0,-0.0,-0.0,-0.0,0.0,0.0,0.0,0.0,0.0,0.0,1.0,0.0,1.0,0.0,0.0,0.0,19.9,0.0,19.9,6.7,0.0,6.7,3.0,0.0,3.0,0.0,0.2,7.7,28.0
15:41:58.000,0.0,0.0,0.0,100.0,3787.2,3502.2,145.2,68.2,13.4,112.8,0.0,0.0,1,0,38.9,0.0,0.0,0.0,0.0,0.0,-0.0,-0.0,-0.0,0.0,0.0,0.0,0.0,0.0,0.0,0.0,0.0,0.0,0.0,0.0,0.0,0.0,0.0,0.0,0.0,0.0,0.0,0.0,0.0,0.0,0.0,0.2,7.7,28.0
15:41:59.000,0.0,0.0,0.0,100.0,3787.2,3502.2,145.2,68.2,13.4,112.8,0.0,0.0,1,0,42.9,0.0,0.0,0.0,0.0,0.0,-0.0,-0.0,-0.0,0.0,0.0,0.0,0.0,0.0,0.0,0.0,0.0,0.0,0.0,0.0,0.0,0.0,0.0,0.0,0.0,0.0,0.0,0.0,0.0,0.0,0.0,0.2,7.7,28.0
15:42:00.000,0.0,0.0,0.0,100.0,3787.2,3502.2,145.2,68.2,13.4,112.8,0.0,0.0,1,0,35.9,0.0,0.0,0.0,0.0,0.0,-0.0,-0.0,-0.0,0.0,0.0,0.0,0.0,0.0,0.0,0.0,0.0,0.0,0.0,0.0,0.0,0.0,0.0,0.0,0.0,0.0,0.0,0.0,0.0,0.0,0.0,0.2,7.7,28.0
15:42:01.000,0.0,0.0,0.0,100.0,3787.2,3502.2,145.2,68.2,13.4,112.8,0.0,0.0,1,0,73.8,0.0,0.0,0.0,0.0,0.1,-0.0,-0.0,-0.0,0.0,0.0,1.0,0.0,0.0,1.0,0.0,0.0,0.0,0.0,0.0,0.0,0.0,0.0,0.0,0.0,0.0,0.0,0.0,0.0,0.0,0.0,0.2,7.7,28.0
15:42:02.000,0.0,0.0,0.5,99.5,3787.2,3502.2,145.2,68.2,13.4,112.8,0.0,0.0,1,0,73.5,0.0,0.0,0.0,0.0,0.0,-0.0,-0.0,-0.0,0.0,0.0,0.0,0.0,0.0,1.0,1.0,0.0,0.0,0.0,0.0,0.0,19.9,0.0,19.9,10.0,0.0,10.0,2.0,0.0,2.0,0.0,0.2,7.7,28.0
15:42:03.000,0.0,0.0,0.0,100.0,3787.2,3502.2,145.2,68.2,13.4,112.8,0.0,0.0,1,0,79.8,0.0,0.0,0.0,0.0,0.0,-0.0,-0.0,-0.0,0.0,0.0,0.0,0.0,0.0,1.0,0.0,0.0,0.0,0.0,0.0,0.0,8.0,0.0,8.0,4.0,0.0,4.0,2.0,0.0,2.0,0.0,0.2,7.7,28.0
15:42:04.000,0.0,0.0,0.0,100.0,3787.2,3502.2,145.2,68.2,13.4,112.8,0.0,0.0,1,0,45.9,0.0,0.0,0.1,0.0,0.0,-0.1,-0.0,-0.0,1.0,0.0,0.0,1.0,0.0,0.0,0.0,0.0,0.0,0.0,0.0,0.0,0.0,0.0,0.0,0.0,0.0,0.0,0.0,0.0,0.0,0.0,0.2,7.7,28.0
15:42:05.000,0.0,0.0,0.0,100.0,3787.2,3502.2,145.2,68.2,13.4,112.8,0.0,0.0,1,0,21.0,0.0,0.0,0.0,0.0,0.0,-0.0,-0.0,-0.0,0.0,0.0,0.0,0.0,0.0,0.0,0.0,0.0,0.0,0.0,0.0,0.0,0.0,0.0,0.0,0.0,0.0,0.0,0.0,0.0,0.0,0.0,0.2,7.7,28.0
15:42:06.000,0.2,0.0,0.0,99.8,3787.2,3502.2,145.2,68.2,13.4,112.8,0.0,0.0,1,0,32.9,0.0,0.0,0.0,0.0,0.0,-0.0,-0.0,-0.0,0.0,0.0,0.0,0.0,0.0,0.0,0.0,0.0,0.0,0.0,0.0,0.0,0.0,0.0,0.0,0.0,0.0,0.0,0.0,0.0,0.0,0.0,0.2,7.7,28.0
15:42:07.000,0.0,0.0,0.0,100.0,3787.2,3502.2,145.2,68.2,13.4,112.8,0.0,0.0,1,0,70.7,0.0,0.0,0.0,0.0,0.0,-0.0,-0.0,-0.0,0.0,0.0,0.0,0.0,0.0,0.0,0.0,0.0,1.0,0.0,0.0,0.0,19.9,0.0,19.9,10.0,0.0,10.0,2.0,0.0,2.0,0.0,0.2,7.7,28.0
15:42:08.000,0.0,0.0,0.0,100.0,3787.2,3502.2,145.2,68.2,13.4,112.8,0.0,0.0,1,0,34.9,0.0,0.0,0.0,0.0,0.0,-0.0,-0.0,-0.0,0.0,0.0,0.0,0.0,0.0,0.0,0.0,0.0,0.0,0.0,0.0,0.0,0.0,0.0,0.0,0.0,0.0,0.0,0.0,0.0,0.0,0.0,0.2,7.7,28.0
15:42:09.000,0.0,0.0,0.0,100.0,3787.2,3502.2,145.2,68.2,13.4,112.8,0.0,0.0,1,0,53.9,0.0,0.0,0.0,0.0,0.0,-0.0,-0.0,-0.0,0.0,0.0,0.0,0.0,0.0,0.0,0.0,0.0,0.0,0.0,0.0,0.0,8.0,0.0,8.0,4.0,0.0,4.0,2.0,0.0,2.0,0.0,0.2,7.7,28.0
15:42:10.000,0.0,0.0,0.0,100.0,3787.2,3502.2,145.2,68.2,13.4,112.8,0.0,0.0,1,0,32.9,0.0,0.0,0.0,0.0,0.0,-0.0,-0.0,-0.0,0.0,0.0,0.0,0.0,0.0,0.0,0.0,0.0,0.0,0.0,0.0,0.0,0.0,0.0,0.0,0.0,0.0,0.0,0.0,0.0,0.0,0.0,0.2,7.7,28.0
15:42:11.000,0.2,0.0,0.0,99.8,3787.2,3502.2,145.2,68.2,13.4,112.8,0.0,0.0,1,0,42.9,0.0,0.0,0.0,0.0,0.0,-0.0,-0.0,-0.0,0.0,0.0,0.0,0.0,0.0,0.0,0.0,0.0,0.0,0.0,0.0,0.0,0.0,0.0,0.0,0.0,0.0,0.0,0.0,0.0,0.0,0.0,0.2,7.7,28.0
15:42:12.000,0.0,0.0,0.2,99.8,3787.2,3502.2,145.2,68.2,13.4,112.8,0.0,0.0,1,0,93.6,0.0,0.0,0.0,0.0,0.0,-0.0,-0.0,-0.0,0.0,0.0,0.0,0.0,0.0,0.0,2.0,0.0,2.0,0.0,0.0,0.0,55.8,0.0,55.8,8.0,0.0,8.0,7.0,0.0,7.0,0.0,0.2,7.7,28.0
15:42:13.000,0.0,0.0,0.0,100.0,3787.2,3502.2,145.2,68.2,13.4,112.8,0.0,0.0,1,0,30.9,0.0,0.0,0.0,0.0,0.0,-0.0,-0.0,-0.0,0.0,0.0,0.0,0.0,0.0,0.0,0.0,0.0,0.0,0.0,0.0,0.0,0.0,0.0,0.0,0.0,0.0,0.0,0.0,0.0,0.0,0.0,0.2,7.7,28.0
15:42:14.000,0.0,0.0,0.0,100.0,3787.2,3502.2,145.2,68.2,13.4,112.8,0.0,0.0,1,0,36.9,0.0,0.0,0.0,0.0,0.0,-0.0,-0.0,-0.0,0.0,0.0,0.0,0.0,0.0,0.0,0.0,0.0,0.0,0.0,0.0,0.0,0.0,0.0,0.0,0.0,0.0,0.0,0.0,0.0,0.0,0.0,0.2,7.7,28.0
15:42:15.000,0.0,0.0,0.0,100.0,3787.2,3502.2,145.2,68.2,13.4,112.8,0.0,0.0,1,0,52.9,0.0,0.0,0.0,0.0,0.0,-0.0,-0.0,-0.0,0.0,0.0,0.0,0.0,0.0,0.0,0.0,0.0,0.0,0.0,0.0,0.0,8.0,0.0,8.0,8.0,0.0,8.0,1.0,0.0,1.0,0.0,0.2,7.7,28.0
15:42:16.000,0.0,0.0,0.0,100.0,3787.2,3502.2,145.2,68.2,13.5,112.8,0.0,0.0,1,0,38.9,0.0,0.0,0.0,0.0,0.0,-0.0,-0.0,-0.0,0.0,0.0,0.0,0.0,0.0,0.0,0.0,0.0,0.0,0.0,0.0,0.0,0.0,0.0,0.0,0.0,0.0,0.0,0.0,0.0,0.0,0.0,0.2,7.7,28.0
15:42:17.000,0.0,0.2,0.0,99.8,3787.2,3502.2,145.2,68.2,13.5,112.8,0.0,0.0,1,0,94.6,1.0,0.0,0.0,0.0,0.0,-0.0,-0.0,-0.0,0.0,0.0,0.0,0.0,0.0,0.0,0.0,0.0,0.0,0.0,0.0,0.0,23.9,0.0,23.9,12.0,0.0,12.0,2.0,0.0,2.0,0.0,0.2,7.7,28.0
15:42:18.000,0.2,0.0,0.0,99.8,3787.2,3502.2,145.2,68.2,13.5,112.8,0.0,0.0,1,0,50.9,0.0,0.0,0.0,0.0,0.0,-0.0,-0.0,-0.0,0.0,0.0,0.0,0.0,0.0,0.0,0.0,0.0,0.0,0.0,0.0,0.0,0.0,0.0,0.0,0.0,0.0,0.0,0.0,0.0,0.0,0.0,0.2,7.7,28.0
15:42:19.000,0.0,0.0,0.0,100.0,3787.2,3502.2,145.2,68.2,13.5,112.8,0.0,0.0,1,0,36.9,0.0,0.0,0.0,0.0,0.0,-0.0,-0.0,-0.0,0.0,0.0,0.0,0.0,0.0,0.0,0.0,0.0,0.0,0.0,0.0,0.0,0.0,0.0,0.0,0.0,0.0,0.0,0.0,0.0,0.0,0.0,0.2,7.7,28.0
15:42:20.000,0.0,0.0,0.0,100.0,3787.2,3502.2,145.2,68.2,13.5,112.8,0.0,0.0,1,0,36.9,0.0,0.0,0.0,0.0,0.0,-0.0,-0.0,-0.0,0.0,0.0,0.0,0.0,0.0,0.0,0.0,0.0,0.0,0.0,0.0,0.0,0.0,0.0,0.0,0.0,0.0,0.0,0.0,0.0,0.0,0.0,0.2,7.7,28.0
15:42:21.000,0.0,0.0,0.0,100.0,3787.2,3502.2,145.2,68.2,13.5,112.8,0.0,0.0,1,0,49.9,0.0,0.0,0.0,0.0,0.0,-0.0,-0.0,-0.0,0.0,0.0,0.0,0.0,0.0,0.0,1.0,0.0,1.0,0.0,0.0,0.0,8.0,0.0,8.0,4.0,0.0,4.0,2.0,0.0,2.0,0.0,0.2,7.7,28.0
15:42:22.000,0.0,0.2,0.2,99.5,3787.2,3502.2,145.2,68.2,13.5,112.8,0.0,0.0,1,0,56.9,0.0,0.0,0.0,0.0,0.0,-0.0,-0.0,-0.0,0.0,0.0,0.0,0.0,0.0,0.0,0.0,0.0,0.0,0.0,0.0,0.0,23.9,0.0,23.9,12.0,0.0,12.0,2.0,0.0,2.0,0.0,0.2,7.7,28.0
15:42:23.000,0.0,0.0,0.0,100.0,3787.2,3502.2,145.2,68.2,13.5,112.8,0.0,0.0,1,0,76.8,0.0,0.0,0.0,0.0,0.1,-0.0,-0.0,-0.0,0.0,0.0,1.0,0.0,0.0,0.0,0.0,0.0,0.0,0.0,0.0,0.0,0.0,0.0,0.0,0.0,0.0,0.0,0.0,0.0,0.0,0.0,0.2,7.7,28.0
15:42:24.000,0.0,0.0,0.0,100.0,3787.2,3502.2,145.2,68.2,13.5,112.8,0.0,0.0,1,0,134.7,0.0,0.0,0.0,0.0,0.1,-0.0,-0.0,-0.1,0.0,0.0,2.0,0.0,0.0,1.0,0.0,0.0,0.0,0.0,0.0,0.0,0.0,0.0,0.0,0.0,0.0,0.0,0.0,0.0,0.0,0.0,0.2,7.7,28.0
15:42:25.000,0.0,0.0,0.0,100.0,3787.2,3502.2,145.2,68.2,13.5,112.8,0.0,0.0,1,0,28.9,0.0,0.0,0.0,0.0,0.0,-0.0,-0.0,-0.0,0.0,0.0,0.0,0.0,0.0,0.0,0.0,0.0,0.0,0.0,0.0,0.0,0.0,0.0,0.0,0.0,0.0,0.0,0.0,0.0,0.0,0.0,0.2,7.7,28.0
15:42:26.000,0.0,0.0,0.0,100.0,3787.2,3502.2,145.2,68.2,13.5,112.8,0.0,0.0,1,0,36.9,0.0,0.0,0.0,0.0,0.0,-0.0,-0.0,-0.0,0.0,0.0,0.0,0.0,0.0,0.0,0.0,0.0,0.0,0.0,0.0,0.0,0.0,0.0,0.0,0.0,0.0,0.0,0.0,0.0,0.0,0.0,0.2,7.7,28.0
15:42:27.000,0.0,0.0,0.0,100.0,3787.2,3502.2,145.2,68.2,13.5,112.8,0.0,0.0,1,0,80.7,0.0,0.0,0.0,0.0,0.0,-0.0,-0.0,-0.0,0.0,0.0,0.0,0.0,0.0,0.0,0.0,0.0,0.0,0.0,0.0,0.0,19.9,0.0,19.9,6.7,0.0,6.7,3.0,0.0,3.0,0.0,0.2,7.7,28.0
15:42:28.000,0.0,0.0,0.0,100.0,3787.2,3502.2,145.2,68.2,13.5,112.8,0.0,0.0,1,0,40.9,0.0,0.0,0.0,0.0,0.0,-0.0,-0.0,-0.0,0.0,0.0,0.0,0.0,0.0,0.0,0.0,0.0,0.0,0.0,0.0,0.0,0.0,0.0,0.0,0.0,0.0,0.0,0.0,0.0,0.0,0.0,0.2,7.7,28.0
15:42:29.000,0.2,0.0,0.0,99.8,3787.2,3502.2,145.2,68.2,13.5,112.8,0.0,0.0,1,0,30.9,0.0,0.0,0.0,0.0,0.0,-0.0,-0.0,-0.0,0.0,0.0,0.0,0.0,0.0,0.0,0.0,0.0,0.0,0.0,0.0,0.0,0.0,0.0,0.0,0.0,0.0,0.0,0.0,0.0,0.0,0.0,0.2,7.7,28.0
15:42:30.000,0.0,0.0,0.0,100.0,3787.2,3502.2,145.2,68.2,13.5,112.8,0.0,0.0,1,0,36.9,0.0,0.0,0.0,0.0,0.0,-0.0,-0.0,-0.0,0.0,0.0,0.0,0.0,0.0,0.0,0.0,0.0,0.0,0.0,0.0,0.0,0.0,0.0,0.0,0.0,0.0,0.0,0.0,0.0,0.0,0.0,0.2,7.7,28.0
15:42:31.000,0.0,0.2,0.0,99.8,3787.2,3502.2,145.2,68.2,13.5,112.8,0.0,0.0,1,0,38.9,0.0,0.0,0.0,0.0,0.0,-0.0,-0.0,-0.0,0.0,0.0,0.0,0.0,0.0,0.0,0.0,0.0,0.0,0.0,0.0,0.0,0.0,0.0,0.0,0.0,0.0,0.0,0.0,0.0,0.0,0.0,0.2,7.7,28.0
15:42:32.000,0.0,0.0,0.5,99.5,3787.2,3502.2,145.2,68.2,13.5,112.8,0.0,0.0,1,0,59.7,0.0,0.0,0.0,0.0,0.0,-0.0,-0.0,-0.0,0.0,0.0,0.0,0.0,0.0,0.0,2.0,0.0,2.0,0.0,0.0,0.0,23.9,0.0,23.9,12.0,0.0,12.0,2.0,0.0,2.0,0.0,0.2,7.7,28.0
15:42:33.000,0.0,0.0,0.0,100.0,3787.2,3502.2,145.2,68.2,13.5,112.8,0.0,0.0,1,0,46.9,0.0,0.0,0.0,0.0,0.0,-0.0,-0.0,-0.0,0.0,0.0,0.0,0.0,0.0,0.0,0.0,0.0,0.0,0.0,0.0,0.0,8.0,0.0,8.0,8.0,0.0,8.0,1.0,0.0,1.0,0.0,0.2,7.7,28.0
15:42:34.000,0.0,0.0,0.0,100.0,3787.2,3502.2,145.2,68.2,13.5,112.8,0.0,0.0,1,0,34.9,0.0,0.0,0.0,0.0,0.0,-0.0,-0.0,-0.0,0.0,0.0,0.0,0.0,0.0,0.0,0.0,0.0,0.0,0.0,0.0,0.0,0.0,0.0,0.0,0.0,0.0,0.0,0.0,0.0,0.0,0.0,0.2,7.7,28.0
15:42:35.000,0.0,0.0,0.0,100.0,3787.2,3502.2,145.2,68.2,13.5,112.8,0.0,0.0,1,0,38.9,0.0,0.0,0.0,0.0,0.0,-0.0,-0.0,-0.0,0.0,0.0,0.0,0.0,0.0,0.0,0.0,0.0,0.0,0.0,0.0,0.0,0.0,0.0,0.0,0.0,0.0,0.0,0.0,0.0,0.0,0.0,0.2,7.7,28.0
15:42:36.000,0.0,0.0,0.0,100.0,3787.2,3502.2,145.2,68.2,13.5,112.8,0.0,0.0,1,0,36.9,0.0,0.0,0.0,0.0,0.0,-0.0,-0.0,-0.0,0.0,0.0,0.0,0.0,0.0,0.0,1.0,0.0,0.0,0.0,0.0,0.0,0.0,0.0,0.0,0.0,0.0,0.0,0.0,0.0,0.0,0.0,0.2,7.7,28.0
15:42:37.000,0.2,0.0,0.2,99.5,3787.2,3502.2,145.2,68.2,13.5,112.8,0.0,0.0,1,0,53.8,0.0,0.0,0.0,0.0,0.0,-0.0,-0.0,-0.0,0.0,0.0,0.0,0.0,0.0,0.0,0.0,0.0,1.0,0.0,0.0,0.0,23.9,0.0,23.9,12.0,0.0,12.0,2.0,0.0,2.0,0.0,0.2,7.7,28.0
15:42:38.000,0.0,0.0,0.0,100.0,3787.2,3502.2,145.2,68.2,13.5,112.8,0.0,0.0,1,0,54.9,0.0,0.0,0.0,0.0,0.0,-0.0,-0.0,-0.0,0.0,0.0,0.0,0.0,0.0,0.0,0.0,0.0,0.0,0.0,0.0,0.0,0.0,0.0,0.0,0.0,0.0,0.0,0.0,0.0,0.0,0.0,0.2,7.7,28.0
15:42:39.000,0.0,0.0,0.0,100.0,3787.2,3502.2,145.2,68.2,13.5,112.8,0.0,0.0,1,0,56.9,0.0,0.0,0.0,0.0,0.0,-0.0,-0.0,-0.0,0.0,0.0,0.0,0.0,0.0,0.0,0.0,0.0,0.0,0.0,0.0,0.0,8.0,0.0,8.0,8.0,0.0,8.0,1.0,0.0,1.0,0.0,0.2,7.7,28.0
15:42:40.000,0.0,0.0,0.0,100.0,3787.2,3502.2,145.2,68.2,13.5,112.8,0.0,0.0,1,0,38.9,0.0,0.0,0.0,0.0,0.0,-0.0,-0.0,-0.0,0.0,0.0,0.0,0.0,0.0,0.0,0.0,0.0,0.0,0.0,0.0,0.0,0.0,0.0,0.0,0.0,0.0,0.0,0.0,0.0,0.0,0.0,0.2,7.7,28.0
15:42:41.000,0.0,0.2,0.0,99.8,3787.2,3502.2,145.2,68.2,13.5,112.8,0.0,0.0,1,0,30.9,0.0,0.0,0.0,0.0,0.0,-0.0,-0.0,-0.0,0.0,0.0,0.0,0.0,0.0,0.0,0.0,0.0,0.0,0.0,0.0,0.0,0.0,0.0,0.0,0.0,0.0,0.0,0.0,0.0,0.0,0.0,0.2,7.7,28.0
15:42:42.000,0.0,0.2,0.0,99.8,3787.2,3502.2,145.2,68.2,13.5,112.8,0.0,0.0,1,0,54.8,0.0,0.0,0.0,0.0,0.0,-0.0,-0.0,-0.0,0.0,0.0,0.0,0.0,0.0,0.0,0.0,0.0,0.0,0.0,0.0,0.0,27.9,0.0,27.9,14.0,0.0,14.0,2.0,0.0,2.0,0.0,0.2,7.7,28.0
15:42:43.000,0.0,0.0,0.0,100.0,3787.2,3502.2,145.2,68.2,13.5,112.8,0.0,0.0,1,0,42.9,0.0,0.0,0.0,0.0,0.0,-0.0,-0.0,-0.0,0.0,0.0,0.0,0.0,0.0,0.0,0.0,0.0,0.0,0.0,0.0,0.0,0.0,0.0,0.0,0.0,0.0,0.0,0.0,0.0,0.0,0.0,0.2,7.7,28.0
15:42:44.000,0.0,0.0,0.0,100.0,3787.2,3502.2,145.2,68.2,13.5,112.8,0.0,0.0,1,0,43.9,0.0,0.0,0.0,0.0,0.0,-0.0,-0.0,-0.0,0.0,0.0,0.0,0.0,0.0,0.0,0.0,0.0,0.0,0.0,0.0,0.0,0.0,0.0,0.0,0.0,0.0,0.0,0.0,0.0,0.0,0.0,0.2,7.7,28.0
15:42:45.000,0.0,0.0,0.0,100.0,3787.2,3502.2,145.2,68.2,13.5,112.8,0.0,0.0,1,0,46.9,0.0,0.0,0.0,0.0,0.0,-0.0,-0.0,-0.0,0.0,0.0,0.0,0.0,0.0,0.0,0.0,0.0,0.0,0.0,0.0,0.0,8.0,0.0,8.0,8.0,0.0,8.0,1.0,0.0,1.0,0.0,0.2,7.7,28.0
15:42:46.000,0.0,0.0,0.0,100.0,3787.2,3502.2,145.2,68.2,13.5,112.8,0.0,0.0,1,0,34.9,0.0,0.0,0.0,0.0,0.0,-0.0,-0.0,-0.0,0.0,0.0,0.0,0.0,0.0,0.0,0.0,0.0,0.0,0.0,0.0,0.0,0.0,0.0,0.0,0.0,0.0,0.0,0.0,0.0,0.0,0.0,0.2,7.7,28.0
15:42:47.000,0.0,0.0,0.2,99.8,3787.2,3502.2,145.2,68.2,13.5,112.8,0.0,0.0,1,0,97.6,0.0,0.0,0.0,0.0,0.0,-0.0,-0.0,-0.0,0.0,0.0,0.0,0.0,0.0,0.0,1.0,0.0,1.0,0.0,0.0,0.0,43.8,0.0,43.8,6.3,0.0,6.3,7.0,0.0,7.0,0.0,0.2,7.7,28.0
15:42:48.000,0.0,0.0,0.0,100.0,3787.2,3502.2,145.2,68.2,13.5,112.8,0.0,0.0,1,0,44.9,0.0,0.0,0.0,0.0,0.0,-0.0,-0.0,-0.0,0.0,0.0,0.0,0.0,0.0,0.0,0.0,0.0,0.0,0.0,0.0,0.0,0.0,0.0,0.0,0.0,0.0,0.0,0.0,0.0,0.0,0.0,0.2,7.7,28.0
15:42:49.000,0.0,0.2,0.0,99.8,3787.2,3502.2,145.2,68.2,13.5,112.8,0.0,0.0,1,0,34.9,0.0,0.0,0.0,0.0,0.0,-0.0,-0.0,-0.0,0.0,0.0,0.0,0.0,0.0,0.0,0.0,0.0,0.0,0.0,0.0,0.0,0.0,0.0,0.0,0.0,0.0,0.0,0.0,0.0,0.0,0.0,0.2,7.7,28.0
15:42:50.000,0.0,0.0,0.0,100.0,3787.2,3502.2,145.2,68.2,13.5,112.8,0.0,0.0,1,0,34.9,0.0,0.0,0.0,0.0,0.0,-0.0,-0.0,-0.0,0.0,0.0,0.0,0.0,0.0,0.0,0.0,0.0,0.0,0.0,0.0,0.0,0.0,0.0,0.0,0.0,0.0,0.0,0.0,0.0,0.0,0.0,0.2,7.7,28.0
15:42:51.000,0.0,0.0,0.0,100.0,3787.2,3502.2,145.2,68.2,13.5,112.8,0.0,0.0,1,0,52.9,0.0,0.0,0.0,0.0,0.0,-0.0,-0.0,-0.0,0.0,0.0,0.0,0.0,0.0,0.0,0.0,0.0,0.0,0.0,0.0,0.0,8.0,0.0,8.0,8.0,0.0,8.0,1.0,0.0,1.0,0.0,0.2,7.7,28.0
15:42:52.000,0.0,0.0,0.0,100.0,3787.2,3502.2,145.2,68.2,13.5,112.8,0.0,0.0,1,0,40.9,0.0,0.0,0.0,0.0,0.0,-0.0,-0.0,-0.0,0.0,0.0,0.0,0.0,0.0,0.0,1.0,0.0,0.0,0.0,0.0,0.0,23.9,0.0,23.9,12.0,0.0,12.0,2.0,0.0,2.0,0.0,0.2,7.7,28.0
15:42:53.000,0.2,0.0,0.0,99.8,3787.2,3502.2,145.2,68.2,13.5,112.8,0.0,0.0,1,0,64.9,0.0,0.0,0.0,0.0,0.1,-0.0,-0.0,-0.0,0.0,0.0,1.0,0.0,0.0,0.0,0.0,0.0,0.0,0.0,0.0,0.0,0.0,0.0,0.0,0.0,0.0,0.0,0.0,0.0,0.0,0.0,0.2,7.7,28.0
15:42:54.000,0.0,0.2,0.2,99.5,3787.2,3502.2,145.2,68.2,13.5,112.8,0.0,0.0,1,0,87.8,1.0,0.0,0.0,0.0,0.0,-0.0,-0.0,-0.0,0.0,0.0,0.0,0.0,0.0,0.0,0.0,0.0,1.0,0.0,0.0,0.0,20.0,0.0,20.0,6.7,0.0,6.7,3.0,0.0,3.0,0.0,0.2,7.7,28.0
15:42:55.000,0.0,0.0,0.0,100.0,3787.2,3502.2,145.2,68.2,13.5,112.8,0.0,0.0,1,0,38.9,0.0,0.0,0.0,0.0,0.0,-0.0,-0.0,-0.0,0.0,0.0,0.0,0.0,0.0,0.0,0.0,0.0,0.0,0.0,0.0,0.0,0.0,0.0,0.0,0.0,0.0,0.0,0.0,0.0,0.0,0.0,0.2,7.7,28.0
15:42:56.000,0.0,0.0,0.0,100.0,3787.2,3502.2,145.2,68.2,13.5,112.8,0.0,0.0,1,0,37.9,0.0,0.0,0.0,0.0,0.0,-0.0,-0.0,-0.0,0.0,0.0,0.0,0.0,0.0,0.0,0.0,0.0,0.0,0.0,0.0,0.0,0.0,0.0,0.0,0.0,0.0,0.0,0.0,0.0,0.0,0.0,0.2,7.7,28.0
15:42:57.000,0.0,0.0,0.0,100.0,3787.2,3502.2,145.2,68.2,13.5,112.8,0.0,0.0,1,0,46.9,0.0,0.0,0.0,0.0,0.0,-0.0,-0.0,-0.0,0.0,0.0,0.0,0.0,0.0,0.0,0.0,0.0,0.0,0.0,0.0,0.0,8.0,0.0,8.0,8.0,0.0,8.0,1.0,0.0,1.0,0.0,0.2,7.7,28.0
15:42:58.000,0.0,0.0,0.0,100.0,3787.2,3502.2,145.2,68.3,13.5,112.8,0.0,0.0,1,0,54.9,0.0,0.0,0.0,0.0,0.0,-0.0,-0.0,-0.0,0.0,0.0,0.0,0.0,0.0,0.0,0.0,0.0,0.0,0.0,0.0,0.0,0.0,0.0,0.0,0.0,0.0,0.0,0.0,0.0,0.0,0.0,0.2,7.7,28.0
15:42:59.000,0.0,0.0,0.0,100.0,3787.2,3502.2,145.2,68.3,13.5,112.8,0.0,0.0,1,0,42.9,0.0,0.0,0.0,0.0,0.0,-0.0,-0.0,-0.0,0.0,0.0,0.0,0.0,0.0,0.0,0.0,0.0,0.0,0.0,0.0,0.0,0.0,0.0,0.0,0.0,0.0,0.0,0.0,0.0,0.0,0.0,0.2,7.7,28.0
15:43:00.000,0.0,0.0,0.2,99.8,3787.2,3502.2,145.3,68.3,13.5,112.8,0.0,0.0,1,0,70.7,0.0,0.0,0.0,0.0,0.0,-0.0,-0.0,-0.0,0.0,0.0,0.0,0.0,0.0,0.0,0.0,0.0,0.0,0.0,0.0,0.0,23.9,0.0,23.9,12.0,0.0,12.0,2.0,0.0,2.0,0.0,0.2,7.7,28.0
15:43:01.000,0.0,0.2,0.0,99.8,3787.2,3502.2,145.3,68.3,13.5,112.8,0.0,0.0,1,0,30.9,0.0,0.0,0.0,0.0,0.0,-0.0,-0.0,-0.0,0.0,0.0,0.0,0.0,0.0,0.0,0.0,0.0,0.0,0.0,0.0,0.0,0.0,0.0,0.0,0.0,0.0,0.0,0.0,0.0,0.0,0.0,0.2,7.7,28.0
15:43:02.000,0.0,0.0,0.0,100.0,3787.2,3502.2,145.3,68.3,13.5,112.8,0.0,0.0,1,0,42.9,0.0,0.0,0.0,0.0,0.0,-0.0,-0.0,-0.0,0.0,0.0,0.0,0.0,0.0,0.0,0.0,0.0,0.0,0.0,0.0,0.0,0.0,0.0,0.0,0.0,0.0,0.0,0.0,0.0,0.0,0.0,0.2,7.7,28.0
15:43:03.000,0.0,0.0,0.0,100.0,3787.2,3502.2,145.3,68.3,13.5,112.8,0.0,0.0,1,0,56.9,0.0,0.0,0.0,0.0,0.0,-0.0,-0.0,-0.0,0.0,0.0,0.0,0.0,0.0,0.0,0.0,0.0,0.0,0.0,0.0,0.0,8.0,0.0,8.0,8.0,0.0,8.0,1.0,0.0,1.0,0.0,0.2,7.7,28.0
15:43:04.000,0.0,0.0,0.0,100.0,3787.2,3502.2,145.2,68.3,13.5,112.8,0.0,0.0,1,0,42.9,0.0,0.0,0.0,0.0,0.0,-0.0,-0.0,-0.0,0.0,0.0,0.0,0.0,0.0,0.0,1.0,0.0,1.0,0.0,0.0,0.0,0.0,0.0,0.0,0.0,0.0,0.0,0.0,0.0,0.0,0.0,0.2,7.7,28.0
15:43:05.000,0.0,0.2,0.0,99.8,3787.2,3502.2,145.3,68.3,13.5,112.8,0.0,0.0,1,0,48.8,0.0,0.0,0.0,0.0,0.0,-0.0,-0.0,-0.0,0.0,0.0,0.0,0.0,0.0,0.0,0.0,0.0,0.0,0.0,0.0,0.0,23.9,0.0,23.9,12.0,0.0,12.0,2.0,0.0,2.0,0.0,0.2,7.7,28.0
15:43:06.000,0.0,0.0,0.0,100.0,3787.2,3502.2,145.3,68.3,13.5,112.8,0.0,0.0,1,0,36.9,0.0,0.0,0.0,0.0,0.0,-0.0,-0.0,-0.0,0.0,0.0,0.0,0.0,0.0,0.0,0.0,0.0,0.0,0.0,0.0,0.0,0.0,0.0,0.0,0.0,0.0,0.0,0.0,0.0,0.0,0.0,0.2,7.7,28.0
15:43:07.000,0.0,0.0,0.0,100.0,3787.2,3502.2,145.3,68.3,13.5,112.8,0.0,0.0,1,0,42.9,0.0,0.0,0.0,0.0,0.0,-0.0,-0.0,-0.0,0.0,0.0,0.0,0.0,0.0,0.0,0.0,0.0,0.0,0.0,0.0,0.0,0.0,0.0,0.0,0.0,0.0,0.0,0.0,0.0,0.0,0.0,0.2,7.7,28.0
15:43:08.000,0.2,0.0,0.0,99.8,3787.2,3502.2,145.3,68.3,13.5,112.8,0.0,0.0,1,0,60.9,0.0,0.0,0.0,0.0,0.0,-0.0,-0.0,-0.0,0.0,0.0,0.0,0.0,0.0,0.0,0.0,0.0,0.0,0.0,0.0,0.0,0.0,0.0,0.0,0.0,0.0,0.0,0.0,0.0,0.0,0.0,0.2,7.7,28.0
15:43:09.000,0.0,0.0,0.0,100.0,3787.2,3502.2,145.3,68.3,13.5,112.8,0.0,0.0,1,0,46.9,0.0,0.0,0.0,0.0,0.0,-0.0,-0.0,-0.0,0.0,0.0,0.0,0.0,0.0,0.0,0.0,0.0,0.0,0.0,0.0,0.0,8.0,0.0,8.0,8.0,0.0,8.0,1.0,0.0,1.0,0.0,0.2,7.7,28.0
15:43:10.000,0.0,0.0,0.2,99.8,3787.2,3502.2,145.3,68.3,13.5,112.8,0.0,0.0,1,0,57.9,0.0,0.0,0.0,0.0,0.0,-0.0,-0.0,-0.0,0.0,0.0,0.0,0.0,0.0,0.0,0.0,0.0,0.0,0.0,0.0,0.0,23.9,0.0,23.9,12.0,0.0,12.0,2.0,0.0,2.0,0.0,0.2,7.7,28.0
15:43:11.000,0.2,0.0,0.0,99.8,3787.2,3502.2,145.3,68.3,13.5,112.8,0.0,0.0,1,0,38.9,0.0,0.0,0.0,0.0,0.0,-0.0,-0.0,-0.0,0.0,0.0,0.0,0.0,0.0,0.0,0.0,0.0,0.0,0.0,0.0,0.0,0.0,0.0,0.0,0.0,0.0,0.0,0.0,0.0,0.0,0.0,0.2,7.7,28.0
15:43:12.000,0.0,0.0,0.0,100.0,3787.2,3502.2,145.3,68.3,13.5,112.8,0.0,0.0,1,0,36.9,0.0,0.0,0.0,0.0,0.0,-0.0,-0.0,-0.0,0.0,0.0,0.0,0.0,0.0,0.0,0.0,0.0,0.0,0.0,0.0,0.0,0.0,0.0,0.0,0.0,0.0,0.0,0.0,0.0,0.0,0.0,0.2,7.7,28.0
15:43:13.000,0.0,0.2,0.0,99.8,3787.2,3502.2,145.3,68.3,13.5,112.8,0.0,0.0,1,0,30.9,0.0,0.0,0.0,0.0,0.0,-0.0,-0.0,-0.0,0.0,0.0,0.0,0.0,0.0,0.0,0.0,0.0,0.0,0.0,0.0,0.0,0.0,0.0,0.0,0.0,0.0,0.0,0.0,0.0,0.0,0.0,0.2,7.7,28.0
15:43:14.000,0.0,0.0,0.0,100.0,3787.2,3502.2,145.3,68.3,13.5,112.8,0.0,0.0,1,0,43.9,0.0,0.0,0.0,0.0,0.0,-0.0,-0.0,-0.0,0.0,0.0,0.0,0.0,0.0,0.0,1.0,0.0,0.0,0.0,0.0,0.0,0.0,0.0,0.0,0.0,0.0,0.0,0.0,0.0,0.0,0.0,0.2,7.7,28.0
15:43:15.000,0.0,0.0,0.0,100.0,3787.2,3502.2,145.3,68.3,13.6,112.8,0.0,0.0,1,0,158.5,1.0,0.0,0.0,0.0,0.1,-0.0,-0.0,-0.0,0.0,0.0,2.0,0.0,0.0,0.0,0.0,0.0,0.0,0.0,0.0,0.0,19.9,0.0,19.9,6.7,0.0,6.7,3.0,0.0,3.0,0.0,0.2,7.7,28.0
15:43:16.000,0.0,0.0,0.0,100.0,3787.2,3502.2,145.3,68.3,13.6,112.8,0.0,0.0,1,0,50.9,0.0,0.0,0.0,0.0,0.0,-0.0,-0.0,-0.0,0.0,0.0,0.0,0.0,0.0,0.0,0.0,0.0,0.0,0.0,0.0,0.0,0.0,0.0,0.0,0.0,0.0,0.0,0.0,0.0,0.0,0.0,0.2,7.7,28.0
15:43:17.000,0.0,0.0,0.0,100.0,3787.2,3502.2,145.3,68.3,13.6,112.8,0.0,0.0,1,0,44.9,0.0,0.0,0.0,0.0,0.0,-0.0,-0.0,-0.0,0.0,0.0,0.0,0.0,0.0,0.0,0.0,0.0,0.0,0.0,0.0,0.0,0.0,0.0,0.0,0.0,0.0,0.0,0.0,0.0,0.0,0.0,0.2,7.7,28.0
15:43:18.000,0.0,0.0,0.0,100.0,3787.2,3502.2,145.3,68.3,13.6,112.8,0.0,0.0,1,0,78.8,0.0,0.0,0.0,0.0,0.1,-0.0,-0.0,-0.0,0.0,0.0,1.0,0.0,0.0,0.0,0.0,0.0,0.0,0.0,0.0,0.0,0.0,0.0,0.0,0.0,0.0,0.0,0.0,0.0,0.0,0.0,0.2,7.7,28.0
15:43:19.000,0.0,0.0,0.0,100.0,3787.2,3502.2,145.3,68.3,13.6,112.8,0.0,0.0,1,0,42.9,0.0,0.0,0.0,0.0,0.0,-0.0,-0.0,-0.0,0.0,0.0,0.0,0.0,0.0,0.0,0.0,0.0,1.0,0.0,0.0,0.0,0.0,0.0,0.0,0.0,0.0,0.0,0.0,0.0,0.0,0.0,0.2,7.7,28.0
15:43:20.000,0.0,0.2,0.2,99.5,3787.2,3502.2,145.3,68.3,13.6,112.8,0.0,0.0,1,0,50.8,0.0,0.0,0.0,0.0,0.0,-0.0,-0.0,-0.0,0.0,0.0,0.0,0.0,0.0,0.0,0.0,0.0,0.0,0.0,0.0,0.0,23.9,0.0,23.9,12.0,0.0,12.0,2.0,0.0,2.0,0.0,0.2,7.7,28.0
15:43:21.000,0.0,0.0,0.0,100.0,3787.2,3502.2,145.3,68.3,13.6,112.8,0.0,0.0,1,0,48.9,0.0,0.0,0.0,0.0,0.0,-0.0,-0.0,-0.0,0.0,0.0,0.0,0.0,0.0,0.0,0.0,0.0,0.0,0.0,0.0,0.0,8.0,0.0,8.0,8.0,0.0,8.0,1.0,0.0,1.0,0.0,0.2,7.7,28.0
15:43:22.000,0.0,0.0,0.0,100.0,3787.2,3502.2,145.3,68.3,13.6,112.8,0.0,0.0,1,0,50.9,0.0,0.0,0.0,0.0,0.0,-0.0,-0.0,-0.0,0.0,0.0,0.0,0.0,0.0,0.0,0.0,0.0,0.0,0.0,0.0,0.0,4.0,0.0,4.0,4.0,0.0,4.0,1.0,0.0,1.0,0.0,0.2,7.7,28.0
15:43:23.000,0.2,0.0,0.0,99.8,3787.2,3502.2,145.3,68.3,13.6,112.8,0.0,0.0,1,0,40.9,0.0,0.0,0.0,0.0,0.0,-0.0,-0.0,-0.0,0.0,0.0,0.0,0.0,0.0,0.0,0.0,0.0,0.0,0.0,0.0,0.0,0.0,0.0,0.0,0.0,0.0,0.0,0.0,0.0,0.0,0.0,0.2,7.7,28.0
15:43:24.000,0.0,0.0,0.0,100.0,3787.2,3502.2,145.3,68.3,13.6,112.8,0.0,0.0,1,0,38.9,0.0,0.0,0.0,0.0,0.0,-0.0,-0.0,-0.0,0.0,0.0,0.0,0.0,0.0,0.0,0.0,0.0,0.0,0.0,0.0,0.0,0.0,0.0,0.0,0.0,0.0,0.0,0.0,0.0,0.0,0.0,0.2,7.7,28.0
15:43:25.000,0.0,0.0,0.0,100.0,3787.2,3502.2,145.3,68.3,13.6,112.8,0.0,0.0,1,0,52.8,0.0,0.0,0.0,0.0,0.0,-0.0,-0.0,-0.0,0.0,0.0,0.0,0.0,0.0,0.0,0.0,0.0,0.0,0.0,0.0,0.0,23.9,0.0,23.9,12.0,0.0,12.0,2.0,0.0,2.0,0.0,0.2,7.7,28.0
15:43:26.000,0.0,0.0,0.0,100.0,3787.2,3502.2,145.3,68.3,13.6,112.8,0.0,0.0,1,0,34.9,0.0,0.0,0.0,0.0,0.0,-0.0,-0.0,-0.0,0.0,0.0,0.0,0.0,0.0,0.0,0.0,0.0,0.0,0.0,0.0,0.0,0.0,0.0,0.0,0.0,0.0,0.0,0.0,0.0,0.0,0.0,0.2,7.7,28.0
15:43:27.000,0.0,0.0,0.0,100.0,3787.2,3502.2,145.3,68.3,13.6,112.8,0.0,0.0,1,0,56.9,0.0,0.0,0.0,0.0,0.0,-0.0,-0.0,-0.0,0.0,0.0,0.0,0.0,0.0,0.0,0.0,0.0,0.0,0.0,0.0,0.0,8.0,0.0,8.0,8.0,0.0,8.0,1.0,0.0,1.0,0.0,0.2,7.7,28.0
15:43:28.000,0.0,0.0,0.0,100.0,3787.2,3502.2,145.3,68.3,13.6,112.8,0.0,0.0,1,0,31.9,0.0,0.0,0.0,0.0,0.0,-0.0,-0.0,-0.0,0.0,0.0,0.0,0.0,0.0,0.0,0.0,0.0,0.0,0.0,0.0,0.0,0.0,0.0,0.0,0.0,0.0,0.0,0.0,0.0,0.0,0.0,0.2,7.7,28.0
15:43:29.000,0.0,0.0,0.0,100.0,3787.2,3502.2,145.3,68.3,13.6,112.9,0.0,0.0,1,0,46.9,0.0,0.0,0.0,0.0,0.0,-0.0,-0.0,-0.0,0.0,0.0,0.0,0.0,0.0,0.0,1.0,0.0,1.0,0.0,0.0,0.0,0.0,0.0,0.0,0.0,0.0,0.0,0.0,0.0,0.0,0.0,0.2,7.7,28.0
15:43:30.000,0.0,0.2,0.2,99.5,3787.2,3502.2,145.3,68.3,13.6,112.9,0.0,0.0,1,0,50.7,0.0,0.0,0.0,0.0,0.0,-0.0,-0.0,-0.0,0.0,0.0,0.0,0.0,0.0,0.0,0.0,0.0,0.0,0.0,0.0,0.0,23.9,0.0,23.9,12.0,0.0,12.0,2.0,0.0,2.0,0.0,0.2,7.7,28.0
15:43:31.000,0.0,0.0,0.0,100.0,3787.2,3502.2,145.3,68.3,13.6,112.9,0.0,0.0,1,0,40.9,0.0,0.0,0.0,0.0,0.0,-0.0,-0.0,-0.0,0.0,0.0,0.0,0.0,0.0,0.0,0.0,0.0,0.0,0.0,0.0,0.0,0.0,0.0,0.0,0.0,0.0,0.0,0.0,0.0,0.0,0.0,0.2,7.7,28.0
15:43:32.000,0.2,0.0,0.0,99.8,3787.2,3502.2,145.3,68.3,13.6,112.9,0.0,0.0,1,0,32.9,0.0,0.0,0.0,0.0,0.0,-0.0,-0.0,-0.0,0.0,0.0,0.0,0.0,0.0,0.0,0.0,0.0,0.0,0.0,0.0,0.0,0.0,0.0,0.0,0.0,0.0,0.0,0.0,0.0,0.0,0.0,0.2,7.7,28.0
15:43:33.000,0.0,0.0,0.0,100.0,3787.2,3502.2,145.3,68.3,13.6,112.9,0.0,0.0,1,0,56.9,0.0,0.0,0.0,0.0,0.0,-0.0,-0.0,-0.0,0.0,0.0,0.0,0.0,0.0,0.0,0.0,0.0,0.0,0.0,0.0,0.0,8.0,0.0,8.0,8.0,0.0,8.0,1.0,0.0,1.0,0.0,0.2,7.7,28.0
15:43:34.000,0.0,0.0,0.0,100.0,3787.2,3502.2,145.3,68.3,13.6,112.9,0.0,0.0,1,0,34.9,0.0,0.0,0.0,0.0,0.0,-0.0,-0.0,-0.0,0.0,0.0,0.0,0.0,0.0,0.0,0.0,0.0,0.0,0.0,0.0,0.0,0.0,0.0,0.0,0.0,0.0,0.0,0.0,0.0,0.0,0.0,0.2,7.7,28.0
15:43:35.000,0.0,0.0,0.2,99.8,3787.2,3502.2,145.3,68.3,13.6,112.9,0.0,0.0,1,0,60.8,0.0,0.0,0.0,0.0,0.0,-0.0,-0.0,-0.0,0.0,0.0,0.0,0.0,0.0,0.0,1.0,0.0,0.0,0.0,0.0,0.0,23.9,0.0,23.9,12.0,0.0,12.0,2.0,0.0,2.0,0.0,0.2,7.7,28.0
15:43:36.000,0.0,0.0,0.0,100.0,3787.2,3502.2,145.3,68.3,13.6,112.9,0.0,0.0,1,0,36.9,0.0,0.0,0.0,0.0,0.0,-0.0,-0.0,-0.0,0.0,0.0,0.0,0.0,0.0,0.0,0.0,0.0,0.0,0.0,0.0,0.0,0.0,0.0,0.0,0.0,0.0,0.0,0.0,0.0,0.0,0.0,0.2,7.7,28.0
15:43:37.000,0.0,0.2,0.0,99.8,3787.2,3502.2,145.3,68.3,13.6,112.9,0.0,0.0,1,0,30.9,0.0,0.0,0.0,0.0,0.0,-0.0,-0.0,-0.0,0.0,0.0,0.0,0.0,0.0,0.0,0.0,0.0,0.0,0.0,0.0,0.0,0.0,0.0,0.0,0.0,0.0,0.0,0.0,0.0,0.0,0.0,0.2,7.7,28.0
15:43:38.000,0.0,0.0,0.0,100.0,3787.2,3502.2,145.3,68.3,13.6,112.9,0.0,0.0,1,0,32.9,0.0,0.0,0.0,0.0,0.0,-0.0,-0.0,-0.0,0.0,0.0,0.0,0.0,0.0,0.0,0.0,0.0,0.0,0.0,0.0,0.0,0.0,0.0,0.0,0.0,0.0,0.0,0.0,0.0,0.0,0.0,0.2,7.7,28.0
15:43:39.000,0.0,0.0,0.0,100.0,3787.2,3502.2,145.3,68.3,13.6,112.9,0.0,0.0,1,0,66.9,0.0,0.0,0.0,0.0,0.0,-0.0,-0.0,-0.0,0.0,0.0,0.0,0.0,0.0,0.0,0.0,0.0,0.0,0.0,0.0,0.0,8.0,0.0,8.0,8.0,0.0,8.0,1.0,0.0,1.0,0.0,0.2,7.7,28.0
15:43:40.000,0.0,0.0,0.0,100.0,3787.2,3502.2,145.3,68.3,13.6,112.9,0.0,0.0,1,0,42.9,0.0,0.0,0.0,0.0,0.0,-0.0,-0.0,-0.0,0.0,0.0,0.0,0.0,0.0,0.0,0.0,0.0,1.0,0.0,0.0,0.0,23.9,0.0,23.9,12.0,0.0,12.0,2.0,0.0,2.0,0.0,0.2,7.7,28.0
15:43:41.000,0.0,0.2,0.0,99.8,3787.2,3502.2,145.3,68.3,13.6,112.9,0.0,0.0,1,0,24.9,0.0,0.0,0.0,0.0,0.0,-0.0,-0.0,-0.0,0.0,0.0,0.0,0.0,0.0,0.0,0.0,0.0,0.0,0.0,0.0,0.0,0.0,0.0,0.0,0.0,0.0,0.0,0.0,0.0,0.0,0.0,0.2,7.7,28.0
15:43:42.000,0.0,0.0,0.0,100.0,3787.2,3502.2,145.3,68.3,13.6,112.9,0.0,0.0,1,0,36.9,0.0,0.0,0.0,0.0,0.0,-0.0,-0.0,-0.0,0.0,0.0,0.0,0.0,0.0,0.0,0.0,0.0,0.0,0.0,0.0,0.0,0.0,0.0,0.0,0.0,0.0,0.0,0.0,0.0,0.0,0.0,0.2,7.7,28.0
15:43:43.000,0.0,0.0,0.0,100.0,3787.2,3502.2,145.3,68.3,13.6,112.9,0.0,0.0,1,0,36.9,0.0,0.0,0.0,0.0,0.0,-0.0,-0.0,-0.0,0.0,0.0,0.0,0.0,0.0,0.0,0.0,0.0,0.0,0.0,0.0,0.0,0.0,0.0,0.0,0.0,0.0,0.0,0.0,0.0,0.0,0.0,0.2,7.7,28.0
15:43:44.000,0.0,0.0,0.0,100.0,3787.2,3502.2,145.3,68.3,13.6,112.9,0.0,0.0,1,0,36.9,0.0,0.0,0.0,0.0,0.0,-0.0,-0.0,-0.0,0.0,0.0,0.0,0.0,0.0,0.0,0.0,0.0,0.0,0.0,0.0,0.0,0.0,0.0,0.0,0.0,0.0,0.0,0.0,0.0,0.0,0.0,0.2,7.7,28.0
15:43:45.000,0.0,0.0,0.2,99.8,3787.2,3502.2,145.3,68.3,13.6,112.9,0.0,0.0,1,0,65.8,0.0,0.0,0.0,0.0,0.0,-0.0,-0.0,-0.0,0.0,0.0,0.0,0.0,0.0,0.0,1.0,0.0,1.0,0.0,0.0,0.0,19.9,0.0,19.9,6.7,0.0,6.7,3.0,0.0,3.0,0.0,0.2,7.7,28.0
15:43:46.000,0.0,0.2,0.0,99.8,3787.2,3502.2,145.3,68.3,13.6,112.9,0.0,0.0,1,0,36.9,0.0,0.0,0.0,0.0,0.0,-0.0,-0.0,-0.0,0.0,0.0,0.0,0.0,0.0,0.0,0.0,0.0,0.0,0.0,0.0,0.0,0.0,0.0,0.0,0.0,0.0,0.0,0.0,0.0,0.0,0.0,0.2,7.7,28.0
15:43:47.000,0.0,0.0,0.0,100.0,3787.2,3502.2,145.3,68.3,13.6,112.9,0.0,0.0,1,0,59.9,0.0,0.0,0.0,0.0,0.0,-0.0,-0.0,-0.0,0.0,0.0,0.0,0.0,0.0,0.0,0.0,0.0,0.0,0.0,0.0,0.0,0.0,0.0,0.0,0.0,0.0,0.0,0.0,0.0,0.0,0.0,0.2,7.7,28.0
15:43:48.000,0.0,0.0,0.0,100.0,3787.2,3502.2,145.3,68.3,13.6,112.9,0.0,0.0,1,0,64.8,0.0,0.0,0.0,0.0,0.1,-0.0,-0.0,-0.0,0.0,0.0,1.0,0.0,0.0,0.0,0.0,0.0,0.0,0.0,0.0,0.0,0.0,0.0,0.0,0.0,0.0,0.0,0.0,0.0,0.0,0.0,0.2,7.7,28.0
15:43:49.000,0.0,0.0,0.0,100.0,3787.2,3502.2,145.3,68.3,13.6,112.9,0.0,0.0,1,0,44.9,0.0,0.0,0.0,0.0,0.0,-0.0,-0.0,-0.0,0.0,0.0,0.0,0.0,0.0,0.0,1.0,0.0,0.0,0.0,0.0,0.0,0.0,0.0,0.0,0.0,0.0,0.0,0.0,0.0,0.0,0.0,0.2,7.7,28.0
15:43:50.000,0.2,0.0,0.0,99.8,3787.2,3502.2,145.3,68.3,13.6,112.9,0.0,0.0,1,0,54.7,0.0,0.0,0.0,0.0,0.0,-0.0,-0.0,-0.0,0.0,0.0,0.0,0.0,0.0,0.0,0.0,0.0,1.0,0.0,0.0,0.0,27.9,0.0,27.9,14.0,0.0,14.0,2.0,0.0,2.0,0.0,0.2,7.7,28.0
15:43:51.000,0.0,0.0,0.0,100.0,3787.2,3502.2,145.3,68.3,13.6,112.9,0.0,0.0,1,0,57.9,0.0,0.0,0.0,0.0,0.0,-0.0,-0.0,-0.0,0.0,0.0,0.0,0.0,0.0,0.0,0.0,0.0,0.0,0.0,0.0,0.0,8.0,0.0,8.0,8.0,0.0,8.0,1.0,0.0,1.0,0.0,0.2,7.7,28.0
15:43:52.000,0.0,0.0,0.0,100.0,3787.2,3502.2,145.3,68.3,13.6,112.9,0.0,0.0,1,0,36.9,0.0,0.0,0.0,0.0,0.0,-0.0,-0.0,-0.0,0.0,0.0,0.0,0.0,0.0,0.0,0.0,0.0,0.0,0.0,0.0,0.0,0.0,0.0,0.0,0.0,0.0,0.0,0.0,0.0,0.0,0.0,0.2,7.7,28.0
15:43:53.000,0.0,0.0,0.0,100.0,3787.2,3502.2,145.3,68.3,13.6,112.9,0.0,0.0,1,0,28.9,0.0,0.0,0.0,0.0,0.0,-0.0,-0.0,-0.0,0.0,0.0,0.0,0.0,0.0,0.0,0.0,0.0,0.0,0.0,0.0,0.0,0.0,0.0,0.0,0.0,0.0,0.0,0.0,0.0,0.0,0.0,0.2,7.7,28.0
15:43:54.000,0.0,0.2,0.0,99.8,3787.2,3502.2,145.3,68.3,13.6,112.9,0.0,0.0,1,0,36.9,0.0,0.0,0.0,0.0,0.0,-0.0,-0.0,-0.0,0.0,0.0,0.0,0.0,0.0,0.0,0.0,0.0,0.0,0.0,0.0,0.0,0.0,0.0,0.0,0.0,0.0,0.0,0.0,0.0,0.0,0.0,0.2,7.7,28.0
15:43:55.000,0.0,0.0,0.2,99.8,3787.2,3502.2,145.3,68.4,13.6,112.9,0.0,0.0,1,0,80.7,0.0,0.0,0.0,0.0,0.0,-0.0,-0.0,-0.0,0.0,0.0,0.0,0.0,0.0,0.0,1.0,0.0,1.0,0.0,0.0,0.0,39.9,0.0,39.9,6.7,0.0,6.7,6.0,0.0,6.0,0.0,0.2,7.7,28.0
15:43:56.000,0.0,0.0,0.0,100.0,3787.2,3502.2,145.3,68.4,13.6,112.9,0.0,0.0,1,0,34.9,0.0,0.0,0.0,0.0,0.0,-0.0,-0.0,-0.0,0.0,0.0,0.0,0.0,0.0,0.0,0.0,0.0,0.0,0.0,0.0,0.0,0.0,0.0,0.0,0.0,0.0,0.0,0.0,0.0,0.0,0.0,0.2,7.7,28.0
15:43:58.000,0.0,0.0,0.0,100.0,3787.2,3502.2,145.3,68.4,13.6,112.9,0.0,0.0,1,0,45.9,0.0,0.0,0.0,0.0,0.0,-0.0,-0.0,-0.0,0.0,0.0,0.0,0.0,0.0,0.0,0.0,0.0,0.0,0.0,0.0,0.0,8.0,0.0,8.0,8.0,0.0,8.0,1.0,0.0,1.0,0.0,0.2,7.7,28.0
15:43:59.000,0.0,0.0,0.0,100.0,3787.2,3502.2,145.3,68.4,13.6,112.9,0.0,0.0,1,0,35.9,0.0,0.0,0.0,0.0,0.0,-0.0,-0.0,-0.0,0.0,0.0,0.0,0.0,0.0,0.0,0.0,0.0,0.0,0.0,0.0,0.0,0.0,0.0,0.0,0.0,0.0,0.0,0.0,0.0,0.0,0.0,0.2,7.7,28.0
15:44:00.000,0.0,0.2,0.0,99.8,3787.2,3502.2,145.3,68.4,13.6,112.9,0.0,0.0,1,0,47.9,0.0,0.0,0.0,0.0,0.0,-0.0,-0.0,-0.0,0.0,0.0,0.0,0.0,0.0,0.0,0.0,0.0,0.0,0.0,0.0,0.0,0.0,0.0,0.0,0.0,0.0,0.0,0.0,0.0,0.0,0.0,0.2,7.7,28.0
15:44:01.000,0.0,0.0,0.2,99.8,3787.2,3502.2,145.3,68.4,13.6,112.9,0.0,0.0,1,0,53.6,0.0,0.0,0.0,0.0,0.0,-0.0,-0.0,-0.0,0.0,0.0,0.0,0.0,0.0,0.0,1.0,0.0,0.0,0.0,0.0,0.0,23.8,0.0,23.8,12.0,0.0,12.0,2.0,0.0,2.0,0.0,0.2,7.7,28.0
15:44:02.000,0.0,0.0,0.0,100.0,3787.2,3502.2,145.3,68.4,13.6,112.9,0.0,0.0,1,0,36.9,0.0,0.0,0.0,0.0,0.0,-0.0,-0.0,-0.0,0.0,0.0,0.0,0.0,0.0,0.0,0.0,0.0,0.0,0.0,0.0,0.0,0.0,0.0,0.0,0.0,0.0,0.0,0.0,0.0,0.0,0.0,0.2,7.7,28.0
15:44:03.000,0.2,0.0,0.0,99.8,3787.2,3502.2,145.3,68.4,13.6,112.9,0.0,0.0,1,0,36.9,0.0,0.0,0.0,0.0,0.0,-0.0,-0.0,-0.0,0.0,0.0,0.0,0.0,0.0,0.0,0.0,0.0,0.0,0.0,0.0,0.0,0.0,0.0,0.0,0.0,0.0,0.0,0.0,0.0,0.0,0.0,0.2,7.7,28.0
15:44:04.000,0.0,0.0,0.0,100.0,3787.2,3502.2,145.3,68.4,13.6,112.9,0.0,0.0,1,0,53.9,0.0,0.0,0.0,0.0,0.0,-0.0,-0.0,-0.0,0.0,0.0,0.0,0.0,0.0,0.0,0.0,0.0,0.0,0.0,0.0,0.0,8.0,0.0,8.0,8.0,0.0,8.0,1.0,0.0,1.0,0.0,0.2,7.7,28.0
15:44:05.000,0.0,0.0,0.0,100.0,3787.2,3502.2,145.3,68.4,13.6,112.9,0.0,0.0,1,0,38.9,0.0,0.0,0.0,0.0,0.0,-0.0,-0.0,-0.0,0.0,0.0,0.0,0.0,0.0,0.0,0.0,0.0,0.0,0.0,0.0,0.0,0.0,0.0,0.0,0.0,0.0,0.0,0.0,0.0,0.0,0.0,0.2,7.7,28.0
15:44:06.000,0.0,0.0,0.2,99.8,3787.2,3502.2,145.3,68.4,13.6,112.9,0.0,0.0,1,0,52.8,0.0,0.0,0.0,0.0,0.0,-0.0,-0.0,-0.0,0.0,0.0,0.0,0.0,0.0,0.0,0.0,0.0,1.0,0.0,0.0,0.0,23.9,0.0,23.9,12.0,0.0,12.0,2.0,0.0,2.0,0.0,0.2,7.7,28.0
15:44:07.000,0.0,0.0,0.0,100.0,3787.2,3502.2,145.3,68.4,13.6,112.9,0.0,0.0,1,0,36.9,0.0,0.0,0.0,0.0,0.0,-0.0,-0.0,-0.0,0.0,0.0,0.0,0.0,0.0,0.0,0.0,0.0,0.0,0.0,0.0,0.0,0.0,0.0,0.0,0.0,0.0,0.0,0.0,0.0,0.0,0.0,0.2,7.7,28.0
15:44:08.000,0.0,0.0,0.0,100.0,3787.2,3502.2,145.3,68.4,13.6,112.9,0.0,0.0,1,0,41.9,0.0,0.0,0.0,0.0,0.0,-0.0,-0.0,-0.0,0.0,0.0,0.0,0.0,0.0,0.0,0.0,0.0,0.0,0.0,0.0,0.0,0.0,0.0,0.0,0.0,0.0,0.0,0.0,0.0,0.0,0.0,0.2,7.7,28.0
15:44:09.000,0.0,0.0,0.0,100.0,3787.2,3502.2,145.3,68.4,13.6,112.9,0.0,0.0,1,0,36.9,0.0,0.0,0.0,0.0,0.0,-0.0,-0.0,-0.0,0.0,0.0,0.0,0.0,0.0,0.0,0.0,0.0,0.0,0.0,0.0,0.0,0.0,0.0,0.0,0.0,0.0,0.0,0.0,0.0,0.0,0.0,0.2,7.7,28.0
15:44:10.000,0.0,0.2,0.0,99.8,3787.2,3502.2,145.3,68.4,13.6,112.9,0.0,0.0,1,0,51.9,0.0,0.0,0.0,0.0,0.0,-0.0,-0.0,-0.0,0.0,0.0,0.0,0.0,0.0,0.0,0.0,0.0,0.0,0.0,0.0,0.0,8.0,0.0,8.0,8.0,0.0,8.0,1.0,0.0,1.0,0.0,0.2,7.7,28.0
15:44:11.000,0.0,0.0,0.0,100.0,3787.2,3502.2,145.3,68.4,13.6,112.9,0.0,0.0,1,0,65.9,0.0,0.0,0.0,0.0,0.0,-0.0,-0.0,-0.0,0.0,0.0,0.0,0.0,0.0,0.0,0.0,0.0,0.0,0.0,0.0,0.0,23.9,0.0,23.9,12.0,0.0,12.0,2.0,0.0,2.0,0.0,0.2,7.7,28.0
15:44:12.000,0.0,0.0,0.0,100.0,3787.2,3502.2,145.3,68.4,13.6,112.9,0.0,0.0,1,0,38.9,0.0,0.0,0.0,0.0,0.0,-0.0,-0.0,-0.0,0.0,0.0,0.0,0.0,0.0,0.0,0.0,0.0,0.0,0.0,0.0,0.0,0.0,0.0,0.0,0.0,0.0,0.0,0.0,0.0,0.0,0.0,0.2,7.7,28.0
15:44:13.000,0.0,0.0,0.0,100.0,3787.2,3502.2,145.3,68.4,13.6,112.9,0.0,0.0,1,0,37.9,0.0,0.0,0.0,0.0,0.0,-0.0,-0.0,-0.0,0.0,0.0,0.0,0.0,0.0,0.0,0.0,0.0,0.0,0.0,0.0,0.0,0.0,0.0,0.0,0.0,0.0,0.0,0.0,0.0,0.0,0.0,0.2,7.7,28.0
15:44:14.000,0.0,0.2,0.0,99.8,3787.2,3502.2,145.3,68.4,13.6,112.9,0.0,0.0,1,0,30.9,0.0,0.0,0.0,0.0,0.0,-0.0,-0.0,-0.0,0.0,0.0,0.0,0.0,0.0,0.0,0.0,0.0,0.0,0.0,0.0,0.0,0.0,0.0,0.0,0.0,0.0,0.0,0.0,0.0,0.0,0.0,0.2,7.7,28.0
15:44:15.000,0.0,0.0,0.0,100.0,3787.2,3502.2,145.3,68.4,13.6,112.9,0.0,0.0,1,0,34.9,0.0,0.0,0.0,0.0,0.0,-0.0,-0.0,-0.0,0.0,0.0,0.0,0.0,0.0,0.0,1.0,0.0,1.0,0.0,0.0,0.0,0.0,0.0,0.0,0.0,0.0,0.0,0.0,0.0,0.0,0.0,0.2,7.7,28.0
15:44:16.000,0.0,0.0,0.2,99.8,3787.2,3502.2,145.3,68.4,13.6,112.9,0.0,0.0,1,0,72.8,0.0,0.0,0.0,0.0,0.0,-0.0,-0.0,-0.0,0.0,0.0,0.0,0.0,0.0,0.0,0.0,0.0,0.0,0.0,0.0,0.0,19.9,0.0,19.9,6.7,0.0,6.7,3.0,0.0,3.0,0.0,0.2,7.7,28.0
15:44:17.000,0.0,0.0,0.0,100.0,3787.2,3502.2,145.3,68.4,13.6,112.9,0.0,0.0,1,0,40.9,0.0,0.0,0.0,0.0,0.0,-0.0,-0.0,-0.0,0.0,0.0,0.0,0.0,0.0,0.0,0.0,0.0,0.0,0.0,0.0,0.0,0.0,0.0,0.0,0.0,0.0,0.0,0.0,0.0,0.0,0.0,0.2,7.7,28.0
15:44:18.000,0.0,0.0,0.0,100.0,3787.2,3502.2,145.3,68.4,13.6,112.9,0.0,0.0,1,0,28.9,0.0,0.0,0.0,0.0,0.0,-0.0,-0.0,-0.0,0.0,0.0,0.0,0.0,0.0,0.0,0.0,0.0,0.0,0.0,0.0,0.0,0.0,0.0,0.0,0.0,0.0,0.0,0.0,0.0,0.0,0.0,0.2,7.7,28.0
15:44:19.000,0.0,0.0,0.0,100.0,3787.2,3502.2,145.3,68.4,13.6,112.9,0.0,0.0,1,0,67.9,0.0,0.0,0.0,0.0,0.1,-0.0,-0.0,-0.0,0.0,0.0,1.0,0.0,0.0,0.0,0.0,0.0,0.0,0.0,0.0,0.0,0.0,0.0,0.0,0.0,0.0,0.0,0.0,0.0,0.0,0.0,0.2,7.7,28.0
15:44:20.000,0.0,0.0,0.0,100.0,3787.2,3502.2,145.3,68.4,13.6,112.9,0.0,0.0,1,0,39.9,0.0,0.0,0.0,0.0,0.0,-0.0,-0.0,-0.0,0.0,0.0,0.0,0.0,0.0,0.0,1.0,0.0,0.0,0.0,0.0,0.0,0.0,0.0,0.0,0.0,0.0,0.0,0.0,0.0,0.0,0.0,0.2,7.7,28.0
15:44:21.000,0.0,0.2,0.0,99.8,3787.2,3502.2,145.3,68.4,13.7,112.9,0.0,0.0,1,0,60.8,0.0,0.0,0.0,0.0,0.0,-0.0,-0.0,-0.0,0.0,0.0,0.0,0.0,0.0,0.0,0.0,0.0,0.0,0.0,0.0,0.0,23.9,0.0,23.9,12.0,0.0,12.0,2.0,0.0,2.0,0.0,0.2,7.7,28.0
15:44:22.000,0.0,0.0,0.0,100.0,3787.2,3502.2,145.3,68.4,13.7,112.9,0.0,0.0,1,0,44.9,0.0,0.0,0.0,0.0,0.0,-0.0,-0.0,-0.0,0.0,0.0,0.0,0.0,0.0,0.0,0.0,0.0,0.0,0.0,0.0,0.0,8.0,0.0,8.0,8.0,0.0,8.0,1.0,0.0,1.0,0.0,0.2,7.7,28.0
15:44:23.000,0.0,0.0,0.0,100.0,3787.2,3502.2,145.3,68.4,13.7,112.9,0.0,0.0,1,0,32.9,0.0,0.0,0.0,0.0,0.0,-0.0,-0.0,-0.0,0.0,0.0,0.0,0.0,0.0,0.0,0.0,0.0,0.0,0.0,0.0,0.0,0.0,0.0,0.0,0.0,0.0,0.0,0.0,0.0,0.0,0.0,0.2,7.7,28.0
15:44:24.000,0.0,0.2,0.0,99.8,3787.2,3502.2,145.3,68.4,13.7,112.9,0.0,0.0,1,0,36.9,0.0,0.0,0.0,0.0,0.0,-0.0,-0.0,-0.0,0.0,0.0,0.0,0.0,0.0,0.0,0.0,0.0,0.0,0.0,0.0,0.0,0.0,0.0,0.0,0.0,0.0,0.0,0.0,0.0,0.0,0.0,0.2,7.7,28.0
15:44:25.000,0.0,0.0,0.0,100.0,3787.2,3502.2,145.3,68.4,13.7,112.9,0.0,0.0,1,0,36.9,0.0,0.0,0.0,0.0,0.0,-0.0,-0.0,-0.0,0.0,0.0,0.0,0.0,0.0,0.0,0.0,0.0,1.0,0.0,0.0,0.0,0.0,0.0,0.0,0.0,0.0,0.0,0.0,0.0,0.0,0.0,0.2,7.7,28.0
15:44:26.000,0.2,0.0,0.2,99.5,3787.2,3502.2,145.3,68.4,13.7,112.9,0.0,0.0,1,0,50.8,0.0,0.0,0.0,0.0,0.0,-0.0,-0.0,-0.0,0.0,0.0,0.0,0.0,0.0,0.0,0.0,0.0,0.0,0.0,0.0,0.0,23.9,0.0,23.9,12.0,0.0,12.0,2.0,0.0,2.0,0.0,0.2,7.7,28.0
15:44:27.000,0.0,0.0,0.0,100.0,3787.2,3502.2,145.3,68.4,13.7,112.9,0.0,0.0,1,0,38.9,0.0,0.0,0.0,0.0,0.0,-0.0,-0.0,-0.0,0.0,0.0,0.0,0.0,0.0,0.0,0.0,0.0,0.0,0.0,0.0,0.0,0.0,0.0,0.0,0.0,0.0,0.0,0.0,0.0,0.0,0.0,0.2,7.7,28.0
15:44:28.000,0.0,0.0,0.0,100.0,3787.2,3502.2,145.3,68.4,13.7,112.9,0.0,0.0,1,0,45.9,0.0,0.0,0.0,0.0,0.0,-0.0,-0.0,-0.0,0.0,0.0,0.0,0.0,0.0,0.0,0.0,0.0,0.0,0.0,0.0,0.0,8.0,0.0,8.0,8.0,0.0,8.0,1.0,0.0,1.0,0.0,0.2,7.7,28.0
15:44:29.000,0.0,0.0,0.0,100.0,3787.2,3502.2,145.3,68.4,13.7,112.9,0.0,0.0,1,0,32.9,0.0,0.0,0.0,0.0,0.0,-0.0,-0.0,-0.0,0.0,0.0,0.0,0.0,0.0,0.0,0.0,0.0,0.0,0.0,0.0,0.0,0.0,0.0,0.0,0.0,0.0,0.0,0.0,0.0,0.0,0.0,0.2,7.7,28.0
15:44:30.000,0.0,0.0,0.0,100.0,3787.2,3502.2,145.3,68.4,13.7,112.9,0.0,0.0,1,0,138.7,0.0,0.0,0.0,0.0,0.1,-0.0,-0.0,-0.1,0.0,0.0,2.0,0.0,0.0,1.0,1.0,0.0,1.0,0.0,0.0,0.0,20.0,0.0,20.0,20.0,0.0,20.0,1.0,0.0,1.0,0.0,0.2,7.7,28.0
15:44:31.000,0.0,0.0,0.2,99.8,3787.2,3502.2,145.3,68.4,13.7,112.9,0.0,0.0,1,0,82.5,0.0,0.0,0.0,0.0,0.0,-0.0,-0.0,-0.0,0.0,0.0,0.0,0.0,0.0,0.0,0.0,0.0,0.0,0.0,0.0,0.0,15.9,0.0,15.9,4.0,0.0,4.0,4.0,0.0,4.0,0.0,0.2,7.7,28.0
15:44:32.000,0.0,0.0,0.0,100.0,3787.2,3502.2,145.3,68.4,13.7,112.9,0.0,0.0,1,0,42.9,0.0,0.0,0.0,0.0,0.0,-0.0,-0.0,-0.0,0.0,0.0,0.0,0.0,0.0,0.0,0.0,0.0,0.0,0.0,0.0,0.0,0.0,0.0,0.0,0.0,0.0,0.0,0.0,0.0,0.0,0.0,0.2,7.7,28.0
15:44:33.000,0.2,0.0,0.0,99.8,3787.2,3502.2,145.3,68.4,13.7,112.9,0.0,0.0,1,0,43.9,0.0,0.0,0.0,0.0,0.0,-0.0,-0.0,-0.0,0.0,0.0,0.0,0.0,0.0,0.0,0.0,0.0,0.0,0.0,0.0,0.0,8.0,0.0,8.0,8.0,0.0,8.0,1.0,0.0,1.0,0.0,0.2,7.7,28.0
15:44:34.000,0.0,0.0,0.0,100.0,3787.2,3502.2,145.3,68.4,13.7,112.9,0.0,0.0,1,0,36.9,0.0,0.0,0.0,0.0,0.0,-0.0,-0.0,-0.0,0.0,0.0,0.0,0.0,0.0,0.0,0.0,0.0,0.0,0.0,0.0,0.0,0.0,0.0,0.0,0.0,0.0,0.0,0.0,0.0,0.0,0.0,0.2,7.7,28.0
15:44:35.000,0.0,0.2,0.0,99.8,3787.2,3502.2,145.3,68.4,13.7,112.9,0.0,0.0,1,0,34.9,0.0,0.0,0.0,0.0,0.0,-0.0,-0.0,-0.0,0.0,0.0,0.0,0.0,0.0,0.0,0.0,0.0,0.0,0.0,0.0,0.0,0.0,0.0,0.0,0.0,0.0,0.0,0.0,0.0,0.0,0.0,0.2,7.7,28.0
15:44:36.000,0.0,0.0,0.0,100.0,3787.2,3502.2,145.3,68.4,13.7,112.9,0.0,0.0,1,0,58.8,0.0,0.0,0.0,0.0,0.0,-0.0,-0.0,-0.0,0.0,0.0,0.0,0.0,0.0,0.0,1.0,0.0,0.0,0.0,0.0,0.0,23.9,0.0,23.9,12.0,0.0,12.0,2.0,0.0,2.0,0.0,0.2,7.7,28.0
15:44:37.000,0.0,0.0,0.0,100.0,3787.2,3502.2,145.3,68.4,13.7,112.9,0.0,0.0,1,0,34.9,0.0,0.0,0.0,0.0,0.0,-0.0,-0.0,-0.0,0.0,0.0,0.0,0.0,0.0,0.0,0.0,0.0,0.0,0.0,0.0,0.0,0.0,0.0,0.0,0.0,0.0,0.0,0.0,0.0,0.0,0.0,0.2,7.7,28.0
15:44:38.000,0.0,0.0,0.0,100.0,3787.2,3502.2,145.3,68.4,13.7,112.9,0.0,0.0,1,0,32.9,0.0,0.0,0.0,0.0,0.0,-0.0,-0.0,-0.0,0.0,0.0,0.0,0.0,0.0,0.0,0.0,0.0,0.0,0.0,0.0,0.0,0.0,0.0,0.0,0.0,0.0,0.0,0.0,0.0,0.0,0.0,0.2,7.7,28.0
15:44:39.000,0.0,0.0,0.0,100.0,3787.2,3502.2,145.3,68.4,13.7,112.9,0.0,0.0,1,0,46.9,0.0,0.0,0.0,0.0,0.0,-0.0,-0.0,-0.0,0.0,0.0,0.0,0.0,0.0,0.0,0.0,0.0,0.0,0.0,0.0,0.0,8.0,0.0,8.0,8.0,0.0,8.0,1.0,0.0,1.0,0.0,0.2,7.7,28.0
15:44:40.000,0.0,0.0,0.0,100.0,3787.2,3502.2,145.3,68.4,13.7,112.9,0.0,0.0,1,0,38.9,0.0,0.0,0.0,0.0,0.0,-0.0,-0.0,-0.0,0.0,0.0,0.0,0.0,0.0,0.0,0.0,0.0,0.0,0.0,0.0,0.0,0.0,0.0,0.0,0.0,0.0,0.0,0.0,0.0,0.0,0.0,0.2,7.7,28.0
15:44:41.000,0.0,0.0,0.2,99.8,3787.2,3502.2,145.3,68.4,13.7,112.9,0.0,0.0,1,0,63.8,0.0,0.0,0.0,0.0,0.0,-0.0,-0.0,-0.0,0.0,0.0,0.0,0.0,0.0,0.0,0.0,0.0,1.0,0.0,0.0,0.0,23.9,0.0,23.9,12.0,0.0,12.0,2.0,0.0,2.0,0.0,0.2,7.7,28.0
15:44:42.000,14.0,2.5,0.0,83.5,3787.2,3476.1,145.3,68.4,13.7,139.2,0.0,0.0,2,0,285.3,1.0,0.0,0.0,0.0,0.0,-0.0,-0.0,-0.0,0.0,0.0,0.0,0.0,0.0,1.0,0.0,0.0,0.0,0.0,0.0,0.0,0.0,0.0,0.0,0.0,0.0,0.0,0.0,0.0,0.0,0.0,0.2,7.7,28.0
15:44:43.000,13.3,28.3,0.0,58.3,3787.2,3474.9,145.3,68.5,13.7,142.5,0.0,0.0,2,0,53552.8,4.0,0.0,0.0,0.0,0.0,-0.0,-0.0,-0.1,0.0,0.0,0.0,0.0,0.0,2.0,0.0,0.0,0.0,0.0,0.0,0.0,0.0,0.0,0.0,0.0,0.0,0.0,0.0,0.0,0.0,0.0,0.2,7.7,28.0
15:44:44.000,10.7,32.1,0.0,57.2,3787.2,3474.9,145.3,68.5,13.7,142.5,0.0,0.0,2,0,51275.0,0.0,0.0,0.0,0.0,0.0,-0.0,-0.0,-0.1,0.0,0.0,0.0,0.0,0.0,2.0,0.0,0.0,0.0,0.0,0.0,0.0,0.0,0.0,0.0,0.0,0.0,0.0,0.0,0.0,0.0,0.0,0.2,7.7,28.0
15:44:45.000,13.2,30.9,0.0,55.9,3787.2,3474.9,145.3,68.5,13.7,142.5,0.0,0.0,5,0,51974.8,0.0,0.0,0.4,0.0,0.0,-0.4,-0.0,-0.1,1.0,0.0,0.0,1.0,0.0,2.0,1.0,0.0,1.0,0.0,0.0,0.0,31.9,0.0,31.9,16.0,0.0,16.0,2.0,0.0,2.0,0.0,0.2,7.7,28.0
15:44:46.000,13.6,29.8,0.0,56.5,3787.2,3474.9,145.3,68.5,13.7,142.5,0.0,0.0,3,0,51051.8,0.0,0.0,51.4,0.0,0.0,-51.4,-0.0,-0.1,91.4,0.0,0.0,91.4,0.0,2.0,0.0,0.0,0.0,0.0,0.0,0.0,4.0,0.0,4.0,4.0,0.0,4.0,1.0,0.0,1.0,0.0,0.2,7.7,28.0
15:44:47.000,13.5,29.1,0.0,57.3,3787.2,3474.9,145.3,68.5,13.7,142.5,0.0,0.0,2,0,50887.6,0.0,0.0,0.0,0.0,0.0,-0.0,-0.0,-0.1,0.0,0.0,0.0,0.0,0.0,2.0,0.0,0.0,0.0,0.0,0.0,0.0,0.0,0.0,0.0,0.0,0.0,0.0,0.0,0.0,0.0,0.0,0.2,7.7,28.0
15:44:48.000,12.6,30.9,0.0,56.6,3787.2,3474.9,145.3,68.5,13.7,142.5,0.0,0.0,4,0,51489.3,0.0,0.0,0.4,0.0,0.0,-0.4,-0.0,-0.1,1.0,0.0,0.0,1.0,0.0,2.0,0.0,0.0,0.0,0.0,0.0,0.0,0.0,0.0,0.0,0.0,0.0,0.0,0.0,0.0,0.0,0.0,0.2,7.7,28.0
15:44:49.000,12.0,30.9,0.0,57.0,3787.2,3474.9,145.3,68.5,13.7,142.5,0.0,0.0,3,0,50924.8,0.0,0.0,0.6,0.0,0.1,-0.6,-0.0,-0.1,1.0,0.0,1.0,1.0,0.0,2.0,0.0,0.0,0.0,0.0,0.0,0.0,0.0,0.0,0.0,0.0,0.0,0.0,0.0,0.0,0.0,0.0,0.2,7.7,28.0
15:44:50.000,11.3,31.2,0.0,57.5,3787.2,3474.9,145.3,68.5,13.7,142.5,0.0,0.0,4,0,51147.6,0.0,0.0,0.0,0.0,0.0,-0.0,-0.0,-0.1,0.0,0.0,0.0,0.0,0.0,2.0,0.0,0.0,0.0,0.0,0.0,0.0,0.0,0.0,0.0,0.0,0.0,0.0,0.0,0.0,0.0,0.0,0.2,7.7,28.0
15:44:51.000,13.4,30.2,0.0,56.4,3787.2,3474.9,145.3,68.5,13.7,142.5,0.0,0.0,3,0,50614.6,0.0,0.0,0.4,0.0,0.0,-0.4,-0.0,-0.1,1.0,0.0,0.0,1.0,0.0,2.0,0.0,0.0,0.0,0.0,0.0,0.0,19.9,0.0,19.9,6.7,0.0,6.7,3.0,0.0,3.0,0.0,0.2,7.7,28.0
15:44:52.000,13.6,28.7,0.0,57.7,3787.2,3474.9,145.3,68.5,13.7,142.5,0.0,0.0,3,0,50313.3,0.0,0.0,39.3,0.0,0.0,-39.3,-0.0,-0.0,69.8,0.0,0.0,69.8,0.0,1.0,0.0,0.0,0.0,0.0,0.0,0.0,0.0,0.0,0.0,0.0,0.0,0.0,0.0,0.0,0.0,0.0,0.2,7.7,28.0
15:44:53.000,12.7,30.1,0.0,57.2,3787.2,3474.9,145.3,68.5,13.7,142.5,0.0,0.0,4,0,50353.9,0.0,0.0,0.0,0.0,0.0,-0.0,-0.0,-0.1,0.0,0.0,0.0,0.0,0.0,2.0,0.0,0.0,0.0,0.0,0.0,0.0,0.0,0.0,0.0,0.0,0.0,0.0,0.0,0.0,0.0,0.0,0.2,7.7,28.0
15:44:54.000,13.1,30.4,0.0,56.5,3787.2,3474.9,145.3,68.5,13.7,142.5,0.0,0.0,2,0,50417.4,0.0,0.0,0.0,0.0,0.0,-0.0,-0.0,-0.1,0.0,0.0,0.0,0.0,0.0,2.0,0.0,0.0,0.0,0.0,0.0,0.0,0.0,0.0,0.0,0.0,0.0,0.0,0.0,0.0,0.0,0.0,0.2,7.7,28.0
15:44:55.000,13.6,29.7,0.0,56.7,3787.2,3474.9,145.3,68.5,13.7,142.5,0.0,0.0,3,0,49869.8,0.0,0.0,2.7,0.0,0.0,-2.7,-0.0,-0.1,5.0,0.0,0.0,5.0,0.0,2.0,1.0,0.0,0.0,0.0,0.0,0.0,0.0,0.0,0.0,0.0,0.0,0.0,0.0,0.0,0.0,0.0,0.2,7.7,28.0
15:44:56.000,13.7,28.5,0.3,57.6,3787.2,3474.9,145.3,68.5,13.7,142.5,0.0,0.0,2,0,50784.2,0.0,0.0,0.0,0.0,0.0,-0.0,-0.0,-0.1,0.0,0.0,0.0,0.0,0.0,2.0,0.0,0.0,0.0,0.0,0.0,0.0,23.9,0.0,23.9,12.0,0.0,12.0,2.0,0.0,2.0,0.0,0.2,7.7,28.0
15:44:57.000,13.6,30.1,0.0,56.2,3787.2,3474.7,145.3,68.5,13.7,142.5,0.0,0.0,2,0,50585.1,0.0,0.0,0.0,0.0,0.0,-0.0,-0.0,-0.1,0.0,0.0,0.0,0.0,0.0,2.0,0.0,0.0,0.0,0.0,0.0,0.0,8.0,0.0,8.0,8.0,0.0,8.0,1.0,0.0,1.0,0.0,0.2,7.7,28.0
15:44:58.000,14.0,28.5,0.0,57.6,3787.2,3474.7,145.3,68.5,13.7,142.5,0.0,0.0,2,0,50564.7,0.0,0.0,1.0,0.0,0.0,-1.0,-0.0,-0.1,2.0,0.0,0.0,2.0,0.0,2.0,0.0,0.0,0.0,0.0,0.0,0.0,0.0,0.0,0.0,0.0,0.0,0.0,0.0,0.0,0.0,0.0,0.2,7.7,28.0
15:44:59.000,12.1,30.6,0.0,57.2,3787.2,3474.7,145.3,68.5,13.7,142.5,0.0,0.0,4,0,50628.3,0.0,0.0,0.0,0.0,0.0,-0.0,-0.0,-0.1,0.0,0.0,0.0,0.0,0.0,2.0,0.0,0.0,0.0,0.0,0.0,0.0,0.0,0.0,0.0,0.0,0.0,0.0,0.0,0.0,0.0,0.0,0.2,7.7,28.0
15:45:00.000,12.5,31.2,0.0,56.2,3787.2,3474.7,145.3,68.5,13.7,142.5,0.0,0.0,3,0,50662.7,0.0,0.0,0.0,0.0,0.0,-0.0,-0.0,-0.1,0.0,0.0,0.0,0.0,0.0,2.0,0.0,0.0,0.0,0.0,0.0,0.0,0.0,0.0,0.0,0.0,0.0,0.0,0.0,0.0,0.0,0.0,0.2,7.7,28.0
15:45:01.000,14.1,29.0,0.0,56.9,3787.2,3474.7,145.3,68.5,13.7,142.5,0.0,0.0,4,0,50532.0,0.0,0.0,4.3,0.0,0.0,-4.3,-0.0,-0.1,8.0,0.0,0.0,8.0,0.0,2.0,0.0,0.0,1.0,0.0,0.0,0.0,27.9,0.0,27.9,14.0,0.0,14.0,2.0,0.0,2.0,0.0,0.2,7.7,28.0
15:45:02.000,12.1,31.1,0.0,56.8,3787.2,3480.7,145.3,68.5,13.7,142.5,0.0,0.0,4,0,50307.2,0.0,0.0,0.0,0.0,0.0,-0.0,-0.0,-0.1,0.0,0.0,0.0,0.0,0.0,2.0,0.0,0.0,0.0,0.0,0.0,0.0,0.0,0.0,0.0,0.0,0.0,0.0,0.0,0.0,0.0,0.0,0.2,7.7,28.0
15:45:03.000,12.9,29.2,0.0,57.9,3787.2,3480.5,145.3,68.5,13.7,142.5,0.0,0.0,2,0,50545.5,0.0,0.0,0.0,0.0,0.0,-0.0,-0.0,-0.1,0.0,0.0,0.0,0.0,0.0,2.0,0.0,0.0,0.0,0.0,0.0,0.0,8.0,0.0,8.0,8.0,0.0,8.0,1.0,0.0,1.0,0.0,0.2,7.7,28.0
15:45:04.000,11.2,31.6,0.0,57.2,3787.2,3480.3,145.3,68.5,13.7,142.5,0.0,0.0,2,0,50372.5,0.0,0.0,1.0,0.0,0.0,-1.0,-0.0,-0.1,2.0,0.0,0.0,2.0,0.0,2.0,0.0,0.0,0.0,0.0,0.0,0.0,0.0,0.0,0.0,0.0,0.0,0.0,0.0,0.0,0.0,0.0,0.2,7.7,28.0
15:45:05.000,15.9,26.6,0.0,57.5,3787.2,3480.3,145.3,68.5,13.7,142.5,0.0,0.0,4,0,50283.3,0.0,0.0,0.0,0.0,0.0,-0.0,-0.0,-0.1,0.0,0.0,0.0,0.0,0.0,2.0,0.0,0.0,0.0,0.0,0.0,0.0,0.0,0.0,0.0,0.0,0.0,0.0,0.0,0.0,0.0,0.0,0.2,7.7,28.0
15:45:06.000,12.9,30.3,0.0,56.9,3787.2,3480.3,145.3,68.5,13.7,142.5,0.0,0.0,2,0,50645.2,0.0,0.0,0.0,0.0,0.0,-0.0,-0.0,-0.1,0.0,0.0,0.0,0.0,0.0,2.0,1.0,0.0,1.0,0.0,0.0,0.0,43.8,0.0,43.8,6.3,0.0,6.3,7.0,0.0,7.0,0.0,0.2,7.7,28.0
15:45:07.000,10.8,33.0,0.0,56.2,3787.2,3480.3,145.3,68.5,13.7,142.5,0.0,0.0,2,0,50768.1,0.0,0.0,1.0,0.0,0.0,-1.0,-0.0,-0.1,2.0,0.0,0.0,2.0,0.0,2.0,0.0,0.0,0.0,0.0,0.0,0.0,0.0,0.0,0.0,0.0,0.0,0.0,0.0,0.0,0.0,0.0,0.2,7.7,28.0
15:45:08.000,13.6,30.0,0.0,56.4,3787.2,3480.1,145.3,68.5,13.7,142.5,0.0,0.0,4,0,50620.2,0.0,0.0,0.0,0.0,0.0,-0.0,-0.0,-0.1,0.0,0.0,0.0,0.0,0.0,2.0,0.0,0.0,0.0,0.0,0.0,0.0,0.0,0.0,0.0,0.0,0.0,0.0,0.0,0.0,0.0,0.0,0.2,7.7,28.0
15:45:09.000,11.4,32.1,0.0,56.5,3787.2,3480.1,145.3,68.5,13.7,142.5,0.0,0.0,2,0,50169.1,0.0,0.0,0.0,0.0,0.0,-0.0,-0.0,-0.1,0.0,0.0,0.0,0.0,0.0,2.0,0.0,0.0,0.0,0.0,0.0,0.0,8.0,0.0,8.0,8.0,0.0,8.0,1.0,0.0,1.0,0.0,0.2,7.7,28.0
15:45:10.000,11.7,31.7,0.0,56.6,3787.2,3480.1,145.3,68.5,13.7,142.5,0.0,0.0,3,0,50647.1,0.0,0.0,1.0,0.0,0.0,-1.0,-0.0,-0.1,2.0,0.0,0.0,2.0,0.0,2.0,0.0,0.0,0.0,0.0,0.0,0.0,0.0,0.0,0.0,0.0,0.0,0.0,0.0,0.0,0.0,0.0,0.2,7.7,28.0
15:45:11.000,13.2,30.1,0.0,56.7,3787.2,3480.1,145.3,68.5,13.7,142.5,0.0,0.0,2,0,50556.7,0.0,0.0,0.0,0.0,0.0,-0.0,-0.0,-0.1,0.0,0.0,0.0,0.0,0.0,2.0,0.0,0.0,0.0,0.0,0.0,0.0,23.9,0.0,23.9,12.0,0.0,12.0,2.0,0.0,2.0,0.0,0.2,7.7,28.0
15:45:12.000,11.7,31.6,0.0,56.7,3787.2,3480.1,145.3,68.5,13.7,142.5,0.0,0.0,4,0,50749.2,0.0,0.0,0.0,0.0,0.0,-0.0,-0.0,-0.1,0.0,0.0,0.0,0.0,0.0,2.0,0.0,0.0,0.0,0.0,0.0,0.0,0.0,0.0,0.0,0.0,0.0,0.0,0.0,0.0,0.0,0.0,0.2,7.7,28.0
15:45:13.000,13.2,29.6,0.0,57.2,3787.2,3480.1,145.3,68.5,13.7,142.5,0.0,0.0,2,0,49873.8,0.0,0.0,1.0,0.0,0.0,-1.0,-0.0,-0.1,2.0,0.0,0.0,2.0,0.0,2.0,0.0,0.0,0.0,0.0,0.0,0.0,0.0,0.0,0.0,0.0,0.0,0.0,0.0,0.0,0.0,0.0,0.2,7.7,28.0
15:45:14.000,12.1,32.0,0.0,55.9,3787.2,3480.1,145.3,68.5,13.7,142.5,0.0,0.0,3,0,50421.1,0.0,0.0,0.0,0.0,0.0,-0.0,-0.0,-0.1,0.0,0.0,0.0,0.0,0.0,2.0,0.0,0.0,0.0,0.0,0.0,0.0,0.0,0.0,0.0,0.0,0.0,0.0,0.0,0.0,0.0,0.0,0.2,7.7,28.0
15:45:15.000,14.5,28.0,0.0,57.5,3787.2,3479.8,145.3,68.5,13.7,142.5,0.0,0.0,3,0,50495.7,0.0,0.0,0.0,0.0,0.0,-0.0,-0.0,-0.1,0.0,0.0,0.0,0.0,0.0,2.0,1.0,0.0,0.0,0.0,0.0,0.0,8.0,0.0,8.0,8.0,0.0,8.0,1.0,0.0,1.0,0.0,0.2,7.7,28.0
15:45:16.000,12.7,28.7,0.3,58.3,3787.2,3479.8,145.3,68.5,13.7,142.5,0.0,0.0,2,0,50612.8,0.0,0.0,34.1,0.0,0.0,-34.1,-0.0,-0.1,60.8,0.0,0.0,60.8,0.0,2.0,2.0,0.0,3.0,0.0,0.0,0.0,23.9,0.0,23.9,12.0,0.0,12.0,2.0,0.0,2.0,0.0,0.2,7.7,28.0
15:45:17.000,13.5,29.5,0.0,57.0,3787.2,3479.8,145.3,68.5,13.7,142.5,0.0,0.0,3,0,50303.8,0.0,0.0,0.0,0.0,0.0,-0.0,-0.0,-0.1,0.0,0.0,0.0,0.0,0.0,2.0,0.0,0.0,0.0,0.0,0.0,0.0,0.0,0.0,0.0,0.0,0.0,0.0,0.0,0.0,0.0,0.0,0.2,7.7,28.0
15:45:18.000,12.1,31.0,0.0,56.9,3787.2,3479.8,145.3,68.5,13.7,142.5,0.0,0.0,4,0,50593.6,0.0,0.0,0.0,0.0,0.0,-0.0,-0.0,-0.1,0.0,0.0,0.0,0.0,0.0,2.0,0.0,0.0,0.0,0.0,0.0,0.0,0.0,0.0,0.0,0.0,0.0,0.0,0.0,0.0,0.0,0.0,0.2,7.7,28.0
15:45:19.000,11.0,32.0,0.0,57.1,3787.2,3479.6,145.3,68.5,13.7,142.5,0.0,0.0,3,0,50688.5,0.0,0.0,1.0,0.0,0.1,-1.0,-0.0,-0.1,2.0,0.0,1.0,2.0,0.0,2.0,0.0,0.0,0.0,0.0,0.0,0.0,0.0,0.0,0.0,0.0,0.0,0.0,0.0,0.0,0.0,0.0,0.2,7.7,28.0
15:45:20.000,11.2,32.9,0.0,55.9,3787.2,3479.6,145.3,68.5,13.7,142.5,0.0,0.0,3,0,50288.3,0.0,0.0,0.0,0.0,0.0,-0.0,-0.0,-0.1,0.0,0.0,0.0,0.0,0.0,2.0,0.0,0.0,0.0,0.0,0.0,0.0,0.0,0.0,0.0,0.0,0.0,0.0,0.0,0.0,0.0,0.0,0.2,7.7,28.0
15:45:21.000,11.9,31.6,0.3,56.2,3787.2,3479.6,145.3,68.5,13.7,142.5,0.0,0.0,3,0,50586.3,0.0,0.0,0.0,0.0,0.0,-0.0,-0.0,-0.1,0.0,0.0,0.0,0.0,0.0,2.0,0.0,0.0,0.0,0.0,0.0,0.0,19.9,0.0,19.9,6.7,0.0,6.7,3.0,0.0,3.0,0.0,0.2,7.7,28.0
15:45:22.000,13.4,30.3,0.0,56.3,3787.2,3471.2,145.3,68.5,13.7,143.2,0.0,0.0,4,0,50326.9,0.0,0.0,52.0,0.0,0.0,-52.0,-0.0,-0.1,92.8,0.0,0.0,92.8,0.0,2.0,0.0,0.0,0.0,0.0,0.0,0.0,0.0,0.0,0.0,0.0,0.0,0.0,0.0,0.0,0.0,0.0,0.2,7.7,28.0
15:45:23.000,13.2,29.9,0.0,56.9,3787.2,3471.2,145.3,68.5,13.7,143.2,0.0,0.0,3,0,50682.2,0.0,0.0,0.0,0.0,0.0,-0.0,-0.0,-0.1,0.0,0.0,0.0,0.0,0.0,2.0,0.0,0.0,0.0,0.0,0.0,0.0,0.0,0.0,0.0,0.0,0.0,0.0,0.0,0.0,0.0,0.0,0.2,7.7,28.0
15:45:24.000,11.4,30.9,0.0,57.7,3787.2,3471.2,145.4,68.5,13.7,143.2,0.0,0.0,3,0,50450.4,0.0,0.0,0.0,0.0,0.0,-0.0,-0.0,-0.1,0.0,0.0,0.0,0.0,0.0,2.0,0.0,0.0,0.0,0.0,0.0,0.0,0.0,0.0,0.0,0.0,0.0,0.0,0.0,0.0,0.0,0.0,0.2,7.7,28.0
15:45:25.000,13.6,30.5,0.0,55.9,3787.2,3471.2,145.3,68.5,13.8,143.2,0.0,0.0,3,0,50482.3,0.0,0.0,0.4,0.0,0.0,-0.4,-0.0,-0.0,1.0,0.0,0.0,1.0,0.0,1.0,0.0,0.0,0.0,0.0,0.0,0.0,0.0,0.0,0.0,0.0,0.0,0.0,0.0,0.0,0.0,0.0,0.2,7.7,28.0
15:45:26.000,13.3,29.5,0.0,57.2,3787.2,3471.2,145.4,68.5,13.8,143.2,0.0,0.0,3,0,50821.0,0.0,0.0,1.1,0.0,0.0,-1.1,-0.0,-0.1,2.0,0.0,0.0,2.0,0.0,2.0,1.0,0.0,1.0,0.0,0.0,0.0,23.9,0.0,23.9,12.0,0.0,12.0,2.0,0.0,2.0,0.0,0.2,7.7,28.0
15:45:27.000,12.4,31.4,0.0,56.2,3787.2,3471.2,145.4,68.5,13.8,143.2,0.0,0.0,2,0,50623.6,0.0,0.0,0.0,0.0,0.0,-0.0,-0.0,-0.1,0.0,0.0,0.0,0.0,0.0,2.0,0.0,0.0,0.0,0.0,0.0,0.0,8.0,0.0,8.0,8.0,0.0,8.0,1.0,0.0,1.0,0.0,0.2,7.7,28.0
15:45:28.000,10.3,33.1,0.0,56.6,3787.2,3471.2,145.4,68.5,13.8,143.2,0.0,0.0,2,0,50449.0,0.0,0.0,0.4,0.0,0.0,-0.4,-0.0,-0.1,1.0,0.0,0.0,1.0,0.0,2.0,0.0,0.0,0.0,0.0,0.0,0.0,0.0,0.0,0.0,0.0,0.0,0.0,0.0,0.0,0.0,0.0,0.2,7.7,28.0
15:45:29.000,12.4,30.3,0.0,57.2,3787.2,3471.2,145.4,68.5,13.8,143.2,0.0,0.0,2,0,51047.6,0.0,0.0,0.6,0.0,0.0,-0.6,-0.0,-0.1,1.0,0.0,0.0,1.0,0.0,2.0,0.0,0.0,0.0,0.0,0.0,0.0,0.0,0.0,0.0,0.0,0.0,0.0,0.0,0.0,0.0,0.0,0.2,7.7,28.0
15:45:30.000,11.2,32.1,0.0,56.7,3787.2,3471.2,145.4,68.5,13.8,143.2,0.0,0.0,4,0,50778.2,0.0,0.0,0.0,0.0,0.0,-0.0,-0.0,-0.1,0.0,0.0,0.0,0.0,0.0,2.0,0.0,0.0,0.0,0.0,0.0,0.0,19.9,0.0,19.9,20.0,0.0,20.0,1.0,0.0,1.0,0.0,0.2,7.7,28.0
15:45:31.000,13.2,30.1,0.0,56.7,3787.2,3471.2,145.4,68.5,13.8,143.2,0.0,0.0,3,0,50831.7,0.0,0.0,0.4,0.0,0.0,-0.4,-0.0,-0.1,1.0,0.0,0.0,1.0,0.0,2.0,1.0,0.0,0.0,0.0,0.0,0.0,4.0,0.0,4.0,4.0,0.0,4.0,1.0,0.0,1.0,0.0,0.2,7.7,28.0
15:45:32.000,13.7,28.3,0.0,58.0,3787.2,3471.2,145.4,68.5,13.8,143.2,0.0,0.0,4,0,50657.6,0.0,0.0,0.6,0.0,0.0,-0.6,-0.0,-0.1,1.0,0.0,0.0,1.0,0.0,2.0,0.0,0.0,0.0,0.0,0.0,0.0,0.0,0.0,0.0,0.0,0.0,0.0,0.0,0.0,0.0,0.0,0.2,7.7,28.0
15:45:33.000,11.2,32.7,0.0,56.2,3787.2,3471.2,145.4,68.5,13.8,143.2,0.0,0.0,3,0,51095.0,0.0,0.0,0.0,0.0,0.0,-0.0,-0.0,-0.1,0.0,0.0,0.0,0.0,0.0,2.0,0.0,0.0,0.0,0.0,0.0,0.0,8.0,0.0,8.0,8.0,0.0,8.0,1.0,0.0,1.0,0.0,0.2,7.7,28.0
15:45:34.000,12.1,32.0,0.0,55.9,3787.2,3471.2,145.4,68.5,13.8,143.2,0.0,0.0,4,0,50253.7,0.0,0.0,0.4,0.0,0.0,-0.4,-0.0,-0.1,1.0,0.0,0.0,1.0,0.0,2.0,0.0,0.0,0.0,0.0,0.0,0.0,0.0,0.0,0.0,0.0,0.0,0.0,0.0,0.0,0.0,0.0,0.2,7.7,28.0
15:45:35.000,12.2,31.2,0.0,56.5,3787.2,3471.2,145.4,68.5,13.8,143.2,0.0,0.0,3,0,50645.4,0.0,0.0,4.5,0.0,0.0,-4.5,-0.0,-0.1,8.0,0.0,0.0,8.0,0.0,2.0,0.0,0.0,1.0,0.0,0.0,0.0,23.9,0.0,23.9,12.0,0.0,12.0,2.0,0.0,2.0,0.0,0.2,7.7,28.0
15:45:36.000,13.3,29.4,0.0,57.3,3787.2,3471.2,145.4,68.5,13.8,143.2,0.0,0.0,3,0,50716.3,0.0,0.0,0.0,0.0,0.0,-0.0,-0.0,-0.1,0.0,0.0,0.0,0.0,0.0,2.0,0.0,0.0,0.0,0.0,0.0,0.0,0.0,0.0,0.0,0.0,0.0,0.0,0.0,0.0,0.0,0.0,0.2,7.7,28.0
15:45:37.000,12.7,30.3,0.0,57.1,3787.2,3471.2,145.4,68.5,13.8,143.2,0.0,0.0,2,0,50333.0,0.0,0.0,0.4,0.0,0.0,-0.4,-0.0,-0.1,1.0,0.0,0.0,1.0,0.0,2.0,0.0,0.0,0.0,0.0,0.0,0.0,0.0,0.0,0.0,0.0,0.0,0.0,0.0,0.0,0.0,0.0,0.2,7.7,28.0
15:45:38.000,12.5,32.2,0.0,55.3,3787.2,3471.2,145.4,68.5,13.8,143.2,0.0,0.0,3,0,50375.5,0.0,0.0,46.0,0.0,0.0,-46.0,-0.0,-0.1,81.8,0.0,0.0,81.8,0.0,2.0,0.0,0.0,0.0,0.0,0.0,0.0,0.0,0.0,0.0,0.0,0.0,0.0,0.0,0.0,0.0,0.0,0.2,7.7,28.0
15:45:39.000,12.4,30.3,0.0,57.2,3787.2,3471.2,145.4,68.5,13.8,143.2,0.0,0.0,3,0,50605.7,0.0,0.0,0.0,0.0,0.0,-0.0,-0.0,-0.1,0.0,0.0,0.0,0.0,0.0,2.0,0.0,0.0,0.0,0.0,0.0,0.0,8.0,0.0,8.0,8.0,0.0,8.0,1.0,0.0,1.0,0.0,0.2,7.7,28.0
15:45:40.000,14.3,30.0,0.0,55.7,3787.2,3471.2,145.4,68.5,13.8,143.2,0.0,0.0,3,0,50421.1,0.0,0.0,0.4,0.0,0.0,-0.4,-0.0,-0.1,1.0,0.0,0.0,1.0,0.0,2.0,0.0,0.0,0.0,0.0,0.0,0.0,0.0,0.0,0.0,0.0,0.0,0.0,0.0,0.0,0.0,0.0,0.2,7.7,28.0
15:45:41.000,13.2,30.1,0.0,56.7,3787.2,3471.2,145.4,68.5,13.8,143.2,0.0,0.0,2,0,51935.0,1.0,0.0,0.6,0.0,0.0,-0.6,-0.0,-0.0,1.0,0.0,0.0,1.0,0.0,1.0,1.0,0.0,1.0,0.0,0.0,0.0,35.9,0.0,35.9,7.2,0.0,7.2,5.0,0.0,5.0,0.0,0.2,7.7,28.0
15:45:42.000,12.6,30.5,0.0,56.9,3787.2,3471.2,145.4,68.5,13.8,143.2,0.0,0.0,3,0,50641.8,0.0,0.0,0.0,0.0,0.0,-0.0,-0.0,-0.1,0.0,0.0,0.0,0.0,0.0,2.0,0.0,0.0,0.0,0.0,0.0,0.0,0.0,0.0,0.0,0.0,0.0,0.0,0.0,0.0,0.0,0.0,0.2,7.7,28.0
15:45:43.000,15.2,27.6,0.0,57.2,3787.2,3471.2,145.4,68.5,13.8,143.2,0.0,0.0,2,0,50517.1,0.0,0.0,0.0,0.0,0.0,-0.0,-0.0,-0.1,0.0,0.0,0.0,0.0,0.0,2.0,0.0,0.0,0.0,0.0,0.0,0.0,0.0,0.0,0.0,0.0,0.0,0.0,0.0,0.0,0.0,0.0,0.2,7.7,28.0
15:45:44.000,12.8,29.9,0.0,57.4,3787.2,3471.2,145.4,68.5,13.8,143.2,0.0,0.0,2,0,50797.5,0.0,0.0,1.0,0.0,0.0,-1.0,-0.0,-0.1,2.0,0.0,0.0,2.0,0.0,2.0,0.0,0.0,0.0,0.0,0.0,0.0,0.0,0.0,0.0,0.0,0.0,0.0,0.0,0.0,0.0,0.0,0.2,7.7,28.0
15:45:45.000,14.0,29.4,0.0,56.6,3787.2,3471.2,145.4,68.5,13.8,143.2,0.0,0.0,4,0,50584.8,0.0,0.0,0.0,0.0,0.0,-0.0,-0.0,-0.1,0.0,0.0,0.0,0.0,0.0,2.0,0.0,0.0,0.0,0.0,0.0,0.0,8.0,0.0,8.0,8.0,0.0,8.0,1.0,0.0,1.0,0.0,0.2,7.7,28.0
15:45:46.000,13.0,30.5,0.3,56.2,3787.2,3471.2,145.4,68.5,13.8,143.2,0.0,0.0,2,0,50431.8,0.0,0.0,0.0,0.0,0.0,-0.0,-0.0,-0.1,0.0,0.0,0.0,0.0,0.0,2.0,1.0,0.0,0.0,0.0,0.0,0.0,23.9,0.0,23.9,12.0,0.0,12.0,2.0,0.0,2.0,0.0,0.2,7.7,28.0
15:45:47.000,11.6,32.3,0.0,56.1,3787.2,3471.2,145.4,68.5,13.8,143.2,0.0,0.0,4,0,50855.3,0.0,0.0,52.0,0.0,0.0,-52.0,-0.0,-0.1,92.8,0.0,0.0,92.8,0.0,2.0,0.0,0.0,0.0,0.0,0.0,0.0,0.0,0.0,0.0,0.0,0.0,0.0,0.0,0.0,0.0,0.0,0.2,7.7,28.0
15:45:48.000,14.0,29.7,0.0,56.3,3787.2,3471.2,145.4,68.5,13.8,143.2,0.0,0.0,2,0,50946.3,0.0,0.0,0.0,0.0,0.0,-0.0,-0.0,-0.1,0.0,0.0,0.0,0.0,0.0,2.0,0.0,0.0,0.0,0.0,0.0,0.0,0.0,0.0,0.0,0.0,0.0,0.0,0.0,0.0,0.0,0.0,0.2,7.7,28.0
15:45:49.000,14.7,28.2,0.0,57.1,3787.2,3471.0,145.4,68.5,13.8,143.2,0.0,0.0,3,0,50815.4,0.0,0.0,0.0,0.0,0.1,-0.0,-0.0,-0.1,0.0,0.0,1.0,0.0,0.0,2.0,0.0,0.0,0.0,0.0,0.0,0.0,0.0,0.0,0.0,0.0,0.0,0.0,0.0,0.0,0.0,0.0,0.2,7.7,28.0
15:45:50.000,12.0,31.6,0.0,56.4,3787.2,3471.0,145.4,68.5,13.8,143.2,0.0,0.0,5,0,51102.2,0.0,0.0,1.0,0.0,0.0,-1.0,-0.0,-0.1,2.0,0.0,0.0,2.0,0.0,2.0,0.0,0.0,0.0,0.0,0.0,0.0,0.0,0.0,0.0,0.0,0.0,0.0,0.0,0.0,0.0,0.0,0.2,7.7,28.0
15:45:51.000,13.0,29.9,0.0,57.1,3787.2,3471.0,145.4,68.6,13.8,143.2,0.0,0.0,4,0,51128.9,0.0,0.0,0.0,0.0,0.0,-0.0,-0.0,-0.1,0.0,0.0,0.0,0.0,0.0,2.0,0.0,0.0,1.0,0.0,0.0,0.0,19.9,0.0,19.9,6.7,0.0,6.7,3.0,0.0,3.0,0.0,0.2,7.7,28.0
15:45:52.000,11.8,31.3,0.0,56.9,3787.2,3470.7,145.4,68.6,13.8,143.2,0.0,0.0,3,0,50879.6,0.0,0.0,0.0,0.0,0.0,-0.0,-0.0,-0.1,0.0,0.0,0.0,0.0,0.0,2.0,0.0,0.0,0.0,0.0,0.0,0.0,0.0,0.0,0.0,0.0,0.0,0.0,0.0,0.0,0.0,0.0,0.2,7.7,28.0
15:45:53.000,12.7,29.8,0.0,57.5,3787.2,3470.7,145.4,68.6,13.8,143.2,0.0,0.0,2,0,50649.3,0.0,0.0,28.5,0.0,0.0,-28.5,-0.0,-0.1,50.9,0.0,0.0,50.9,0.0,2.0,0.0,0.0,0.0,0.0,0.0,0.0,0.0,0.0,0.0,0.0,0.0,0.0,0.0,0.0,0.0,0.0,0.2,7.7,28.0
15:45:54.000,13.3,30.3,0.0,56.4,3787.2,3470.7,145.4,68.6,13.8,143.2,0.0,0.0,3,0,50540.1,0.0,0.0,0.0,0.0,0.0,-0.0,-0.0,-0.1,0.0,0.0,0.0,0.0,0.0,2.0,0.0,0.0,0.0,0.0,0.0,0.0,0.0,0.0,0.0,0.0,0.0,0.0,0.0,0.0,0.0,0.0,0.2,7.7,28.0
15:45:55.000,14.2,29.7,0.0,56.1,3787.2,3470.7,145.4,68.6,13.8,143.2,0.0,0.0,3,0,50633.3,0.0,0.0,0.0,0.0,0.0,-0.0,-0.0,-0.1,0.0,0.0,0.0,0.0,0.0,2.0,0.0,0.0,0.0,0.0,0.0,0.0,0.0,0.0,0.0,0.0,0.0,0.0,0.0,0.0,0.0,0.0,0.2,7.7,28.0
15:45:56.000,12.9,30.6,0.0,56.6,3787.2,3470.7,145.4,68.6,13.8,143.2,0.0,0.0,2,0,50843.9,0.0,0.0,1.0,0.0,0.0,-1.0,-0.0,-0.1,2.0,0.0,0.0,2.0,0.0,2.0,1.0,0.0,1.0,0.0,0.0,0.0,23.9,0.0,23.9,12.0,0.0,12.0,2.0,0.0,2.0,0.0,0.2,7.7,28.0
15:45:57.000,12.4,30.5,0.0,57.1,3787.2,3470.7,145.4,68.6,13.8,143.2,0.0,0.0,2,0,50805.5,0.0,0.0,0.0,0.0,0.0,-0.0,-0.0,-0.1,0.0,0.0,0.0,0.0,0.0,2.0,0.0,0.0,0.0,0.0,0.0,0.0,8.0,0.0,8.0,8.0,0.0,8.0,1.0,0.0,1.0,0.0,0.2,7.7,28.0
15:45:58.000,11.7,29.9,0.0,58.4,3787.2,3470.7,145.4,68.6,13.8,143.2,0.0,0.0,3,0,50709.8,0.0,0.0,0.0,0.0,0.0,-0.0,-0.0,-0.1,0.0,0.0,0.0,0.0,0.0,2.0,0.0,0.0,0.0,0.0,0.0,0.0,0.0,0.0,0.0,0.0,0.0,0.0,0.0,0.0,0.0,0.0,0.2,7.7,28.0
15:45:59.000,12.5,31.5,0.0,56.0,3787.2,3470.7,145.4,68.6,13.8,143.2,0.0,0.0,2,0,51343.0,0.0,0.0,1.0,0.0,0.0,-1.0,-0.0,-0.1,2.0,0.0,0.0,2.0,0.0,2.0,0.0,0.0,0.0,0.0,0.0,0.0,0.0,0.0,0.0,0.0,0.0,0.0,0.0,0.0,0.0,0.0,0.2,7.7,28.0
15:46:00.000,14.7,28.2,0.0,57.2,3787.2,3470.7,145.4,68.6,13.8,143.2,0.0,0.0,5,0,50413.2,0.0,0.0,0.0,0.0,0.0,-0.0,-0.0,-0.1,0.0,0.0,0.0,0.0,0.0,2.0,0.0,0.0,0.0,0.0,0.0,0.0,0.0,0.0,0.0,0.0,0.0,0.0,0.0,0.0,0.0,0.0,0.2,7.7,28.0
15:46:01.000,11.9,31.8,0.0,56.2,3787.2,3470.7,145.4,68.6,13.8,143.2,0.0,0.0,2,0,50769.5,0.0,0.0,0.0,0.0,0.0,-0.0,-0.0,-0.1,0.0,0.0,0.0,0.0,0.0,2.0,0.0,0.0,0.0,0.0,0.0,0.0,23.9,0.0,23.9,12.0,0.0,12.0,2.0,0.0,2.0,0.0,0.2,7.7,28.0
15:46:02.000,12.0,31.4,0.0,56.6,3787.2,3470.7,145.4,68.6,13.8,143.2,0.0,0.0,3,0,50748.3,0.0,0.0,1.5,0.0,0.0,-1.5,-0.0,-0.1,3.0,0.0,0.0,3.0,0.0,2.0,0.0,0.0,0.0,0.0,0.0,0.0,0.0,0.0,0.0,0.0,0.0,0.0,0.0,0.0,0.0,0.0,0.2,7.7,28.0
15:46:03.000,12.9,29.9,0.0,57.2,3787.2,3470.7,145.4,68.6,13.8,143.2,0.0,0.0,2,0,50491.0,0.0,0.0,0.0,0.0,0.0,-0.0,-0.0,-0.1,0.0,0.0,0.0,0.0,0.0,2.0,0.0,0.0,0.0,0.0,0.0,0.0,8.0,0.0,8.0,8.0,0.0,8.0,1.0,0.0,1.0,0.0,0.2,7.7,28.0
15:46:04.000,13.5,29.8,0.0,56.7,3787.2,3470.7,145.4,68.6,13.8,143.2,0.0,0.0,3,0,50588.5,0.0,0.0,0.0,0.0,0.0,-0.0,-0.0,-0.1,0.0,0.0,0.0,0.0,0.0,2.0,0.0,0.0,0.0,0.0,0.0,0.0,0.0,0.0,0.0,0.0,0.0,0.0,0.0,0.0,0.0,0.0,0.2,7.7,28.0
15:46:05.000,14.5,27.9,0.0,57.6,3787.2,3470.7,145.4,68.6,13.8,143.2,0.0,0.0,2,0,51032.1,0.0,0.0,1.5,0.0,0.0,-1.5,-0.0,-0.1,3.0,0.0,0.0,3.0,0.0,2.0,0.0,0.0,0.0,0.0,0.0,0.0,0.0,0.0,0.0,0.0,0.0,0.0,0.0,0.0,0.0,0.0,0.2,7.7,28.0
15:46:06.000,12.6,30.6,0.0,56.9,3787.2,3470.7,145.4,68.6,13.8,143.2,0.0,0.0,2,0,50785.2,0.0,0.0,0.0,0.0,0.0,-0.0,-0.0,-0.1,0.0,0.0,0.0,0.0,0.0,2.0,1.0,0.0,0.0,0.0,0.0,0.0,23.8,0.0,23.8,12.0,0.0,12.0,2.0,0.0,2.0,0.0,0.2,7.7,28.0
15:46:07.000,13.0,30.9,0.0,56.1,3787.2,3470.7,145.4,68.6,13.8,143.2,0.0,0.0,3,0,50665.7,0.0,0.0,0.0,0.0,0.0,-0.0,-0.0,-0.1,0.0,0.0,0.0,0.0,0.0,2.0,0.0,0.0,0.0,0.0,0.0,0.0,0.0,0.0,0.0,0.0,0.0,0.0,0.0,0.0,0.0,0.0,0.2,7.7,28.0
15:46:08.000,12.6,29.5,0.0,57.9,3787.2,3470.7,145.4,68.6,13.8,143.2,0.0,0.0,4,0,51038.7,0.0,0.0,1.0,0.0,0.0,-1.0,-0.0,-0.1,2.0,0.0,0.0,2.0,0.0,2.0,0.0,0.0,0.0,0.0,0.0,0.0,0.0,0.0,0.0,0.0,0.0,0.0,0.0,0.0,0.0,0.0,0.2,7.7,28.0
15:46:09.000,12.8,29.7,0.0,57.6,3787.2,3470.7,145.4,68.6,13.8,143.2,0.0,0.0,3,0,50960.2,0.0,0.0,0.0,0.0,0.0,-0.0,-0.0,-0.1,0.0,0.0,0.0,0.0,0.0,2.0,0.0,0.0,0.0,0.0,0.0,0.0,8.0,0.0,8.0,8.0,0.0,8.0,1.0,0.0,1.0,0.0,0.2,7.7,28.0
15:46:10.000,12.0,30.9,0.3,56.7,3787.2,3470.7,145.4,68.6,13.8,143.2,0.0,0.0,4,0,50684.8,0.0,0.0,0.0,0.0,0.0,-0.0,-0.0,-0.1,0.0,0.0,0.0,0.0,0.0,2.0,0.0,0.0,1.0,0.0,0.0,0.0,27.9,0.0,27.9,14.0,0.0,14.0,2.0,0.0,2.0,0.0,0.2,7.7,28.0
15:46:11.000,12.8,29.4,0.0,57.7,3787.2,3470.7,145.4,68.6,13.8,143.2,0.0,0.0,2,0,50540.4,0.0,0.0,48.1,0.0,0.0,-48.1,-0.0,-0.1,85.8,0.0,0.0,85.8,0.0,2.0,0.0,0.0,0.0,0.0,0.0,0.0,0.0,0.0,0.0,0.0,0.0,0.0,0.0,0.0,0.0,0.0,0.2,7.7,28.0
15:46:12.000,11.9,30.7,0.0,57.4,3787.2,3470.7,145.4,68.6,13.8,143.2,0.0,0.0,2,0,50527.7,0.0,0.0,0.0,0.0,0.0,-0.0,-0.0,-0.1,0.0,0.0,0.0,0.0,0.0,2.0,0.0,0.0,0.0,0.0,0.0,0.0,0.0,0.0,0.0,0.0,0.0,0.0,0.0,0.0,0.0,0.0,0.2,7.7,28.0
15:46:13.000,12.9,30.4,0.0,56.7,3787.2,3470.7,145.4,68.6,13.8,143.2,0.0,0.0,3,0,50548.9,0.0,0.0,0.0,0.0,0.0,-0.0,-0.0,-0.1,0.0,0.0,0.0,0.0,0.0,2.0,0.0,0.0,0.0,0.0,0.0,0.0,0.0,0.0,0.0,0.0,0.0,0.0,0.0,0.0,0.0,0.0,0.2,7.7,28.0
15:46:14.000,12.9,29.9,0.0,57.2,3787.2,3470.7,145.4,68.6,13.8,143.2,0.0,0.0,3,0,50455.0,0.0,0.0,0.4,0.0,0.0,-0.4,-0.0,-0.0,1.0,0.0,0.0,1.0,0.0,1.0,0.0,0.0,0.0,0.0,0.0,0.0,0.0,0.0,0.0,0.0,0.0,0.0,0.0,0.0,0.0,0.0,0.2,7.7,28.0
15:46:15.000,12.3,30.9,0.0,56.7,3787.2,3470.7,145.4,68.6,13.8,143.2,0.0,0.0,2,0,50919.0,0.0,0.0,0.6,0.0,0.0,-0.6,-0.0,-0.1,1.0,0.0,0.0,1.0,0.0,2.0,0.0,0.0,0.0,0.0,0.0,0.0,8.0,0.0,8.0,8.0,0.0,8.0,1.0,0.0,1.0,0.0,0.2,7.7,28.0
15:46:16.000,13.4,30.0,0.0,56.6,3787.2,3470.7,145.4,68.6,13.8,143.2,0.0,0.0,3,0,50601.1,0.0,0.0,0.0,0.0,0.0,-0.0,-0.0,-0.1,0.0,0.0,0.0,0.0,0.0,2.0,1.0,0.0,1.0,0.0,0.0,0.0,39.9,0.0,39.9,6.7,0.0,6.7,6.0,0.0,6.0,0.0,0.2,7.7,28.0
15:46:17.000,12.6,30.5,0.0,56.9,3787.2,3470.7,145.4,68.6,13.8,143.2,0.0,0.0,3,0,51022.1,0.0,0.0,0.4,0.0,0.0,-0.4,-0.0,-0.1,1.0,0.0,0.0,1.0,0.0,2.0,0.0,0.0,0.0,0.0,0.0,0.0,0.0,0.0,0.0,0.0,0.0,0.0,0.0,0.0,0.0,0.0,0.2,7.7,28.0
15:46:18.000,12.7,31.5,0.0,55.8,3787.2,3470.7,145.4,68.6,13.8,143.2,0.0,0.0,2,0,50692.7,0.0,0.0,0.6,0.0,0.0,-0.6,-0.0,-0.1,1.0,0.0,0.0,1.0,0.0,2.0,0.0,0.0,0.0,0.0,0.0,0.0,0.0,0.0,0.0,0.0,0.0,0.0,0.0,0.0,0.0,0.0,0.2,7.7,28.0
15:46:19.000,14.7,28.2,0.0,57.1,3787.2,3470.7,145.4,68.6,13.8,143.2,0.0,0.0,2,0,51146.7,0.0,0.0,0.0,0.0,0.1,-0.0,-0.0,-0.5,0.0,0.0,2.0,0.0,0.0,3.0,0.0,0.0,0.0,0.0,0.0,0.0,0.0,0.0,0.0,0.0,0.0,0.0,0.0,0.0,0.0,0.0,0.2,7.7,28.0
15:46:20.000,13.6,29.0,0.0,57.4,3787.2,3470.7,145.4,68.6,13.8,143.2,0.0,0.0,2,0,50498.2,0.0,0.0,0.0,0.0,0.0,-0.0,-0.0,-0.0,0.0,0.0,0.0,0.0,0.0,1.0,0.0,0.0,0.0,0.0,0.0,0.0,0.0,0.0,0.0,0.0,0.0,0.0,0.0,0.0,0.0,0.0,0.2,7.7,28.0
15:46:21.000,14.2,28.3,0.0,57.5,3787.2,3470.7,145.4,68.6,13.8,143.2,0.0,0.0,3,0,50938.6,0.0,0.0,0.6,0.0,0.0,-0.6,-0.0,-0.4,1.0,0.0,0.0,1.0,0.0,2.0,0.0,0.0,0.0,0.0,0.0,0.0,19.9,0.0,19.9,6.7,0.0,6.7,3.0,0.0,3.0,0.0,0.2,7.7,28.0
15:46:22.000,14.3,29.1,0.0,56.6,3787.2,3470.7,145.4,68.6,13.8,143.2,0.0,0.0,5,0,50126.8,0.0,0.0,0.0,0.0,0.0,-0.0,-0.0,-0.0,0.0,0.0,0.0,0.0,0.0,1.0,0.0,0.0,0.0,0.0,0.0,0.0,0.0,0.0,0.0,0.0,0.0,0.0,0.0,0.0,0.0,0.0,0.2,7.7,28.0
15:46:23.000,14.5,28.0,0.0,57.5,3787.2,3470.7,145.4,68.6,13.8,143.2,0.0,0.0,6,0,50286.0,0.0,0.0,0.0,0.0,0.0,-0.0,-0.0,-0.0,0.0,0.0,0.0,0.0,0.0,1.0,0.0,0.0,0.0,0.0,0.0,0.0,0.0,0.0,0.0,0.0,0.0,0.0,0.0,0.0,0.0,0.0,0.2,7.7,28.0
15:46:24.000,12.5,31.0,0.0,56.5,3787.2,3470.7,145.4,68.6,13.8,143.2,0.0,0.0,2,0,50342.5,0.0,0.0,48.3,0.0,0.0,-48.3,-0.0,-0.0,85.8,0.0,0.0,85.8,0.0,1.0,0.0,0.0,0.0,0.0,0.0,0.0,0.0,0.0,0.0,0.0,0.0,0.0,0.0,0.0,0.0,0.0,0.2,7.7,28.0
15:46:25.000,13.6,30.5,0.0,55.9,3787.2,3470.7,145.4,68.6,13.8,143.2,0.0,0.0,4,0,50553.0,0.0,0.0,0.0,0.0,0.0,-0.0,-0.0,-0.0,0.0,0.0,0.0,0.0,0.0,1.0,0.0,0.0,0.0,0.0,0.0,0.0,0.0,0.0,0.0,0.0,0.0,0.0,0.0,0.0,0.0,0.0,0.2,7.7,28.0
15:46:26.000,12.8,30.5,0.0,56.7,3787.2,3470.7,145.4,68.6,13.8,143.2,0.0,0.0,3,0,50518.5,0.0,0.0,0.0,0.0,0.0,-0.0,-0.0,-0.0,0.0,0.0,0.0,0.0,0.0,1.0,1.0,0.0,0.0,0.0,0.0,0.0,23.9,0.0,23.9,12.0,0.0,12.0,2.0,0.0,2.0,0.0,0.2,7.7,28.0
15:46:27.000,13.7,28.6,0.0,57.7,3787.2,3470.7,145.4,68.6,13.8,143.2,0.0,0.0,4,0,50741.7,0.0,0.0,1.1,0.0,0.0,-1.1,-0.0,-0.0,2.0,0.0,0.0,2.0,0.0,1.0,0.0,0.0,0.0,0.0,0.0,0.0,8.0,0.0,8.0,8.0,0.0,8.0,1.0,0.0,1.0,0.0,0.2,7.7,28.0
15:46:28.000,12.1,30.8,0.0,57.1,3787.2,3470.7,145.4,68.6,13.8,143.2,0.0,0.0,2,0,51008.8,0.0,0.0,0.0,0.0,0.0,-0.0,-0.0,-0.4,0.0,0.0,0.0,0.0,0.0,2.0,0.0,0.0,0.0,0.0,0.0,0.0,0.0,0.0,0.0,0.0,0.0,0.0,0.0,0.0,0.0,0.0,0.2,7.7,28.0
15:46:29.000,14.0,28.1,0.0,57.9,3787.2,3470.7,145.4,68.6,13.8,143.2,0.0,0.0,3,0,50660.3,0.0,0.0,0.0,0.0,0.0,-0.0,-0.0,-0.0,0.0,0.0,0.0,0.0,0.0,1.0,0.0,0.0,0.0,0.0,0.0,0.0,0.0,0.0,0.0,0.0,0.0,0.0,0.0,0.0,0.0,0.0,0.2,7.7,28.0
15:46:30.000,12.2,31.2,0.0,56.5,3787.2,3470.7,145.4,68.6,13.9,143.2,0.0,0.0,3,0,50505.0,0.0,0.0,0.6,0.0,0.0,-0.6,-0.0,-0.0,1.0,0.0,0.0,1.0,0.0,1.0,0.0,0.0,0.0,0.0,0.0,0.0,0.0,0.0,0.0,0.0,0.0,0.0,0.0,0.0,0.0,0.0,0.2,7.7,28.0
15:46:31.000,11.8,32.4,0.0,55.8,3787.2,3470.7,145.4,68.6,13.9,143.2,0.0,0.0,3,0,50524.6,0.0,0.0,0.0,0.0,0.0,-0.0,-0.0,-0.0,0.0,0.0,0.0,0.0,0.0,1.0,0.0,0.0,1.0,0.0,0.0,0.0,23.9,0.0,23.9,12.0,0.0,12.0,2.0,0.0,2.0,0.0,0.2,7.7,28.0
15:46:32.000,12.3,30.9,0.0,56.7,3787.2,3470.7,145.4,68.6,13.9,143.2,0.0,0.0,2,0,50408.9,0.0,0.0,0.0,0.0,0.0,-0.0,-0.0,-0.0,0.0,0.0,0.0,0.0,0.0,1.0,0.0,0.0,0.0,0.0,0.0,0.0,0.0,0.0,0.0,0.0,0.0,0.0,0.0,0.0,0.0,0.0,0.2,7.7,28.0
15:46:33.000,15.3,28.8,0.0,55.9,3787.2,3470.7,145.4,68.6,13.9,143.2,0.0,0.0,2,0,50905.8,0.0,0.0,3.4,0.0,0.0,-3.4,-0.0,-0.0,6.0,0.0,0.0,6.0,0.0,1.0,0.0,0.0,0.0,0.0,0.0,0.0,8.0,0.0,8.0,8.0,0.0,8.0,1.0,0.0,1.0,0.0,0.2,7.7,28.0
15:46:34.000,13.1,30.2,0.0,56.7,3787.2,3470.7,145.4,68.6,13.9,143.2,0.0,0.0,3,0,50557.1,0.0,0.0,0.0,0.0,0.1,-0.0,-0.0,-0.1,0.0,0.0,2.0,0.0,0.0,2.0,0.0,0.0,0.0,0.0,0.0,0.0,0.0,0.0,0.0,0.0,0.0,0.0,0.0,0.0,0.0,0.0,0.2,7.7,28.0
15:46:35.000,12.6,30.4,0.0,57.0,3787.2,3470.5,145.4,68.6,13.9,143.2,0.0,0.0,3,0,50142.1,0.0,0.0,0.0,0.0,0.0,-0.0,-0.0,-0.0,0.0,0.0,0.0,0.0,0.0,1.0,0.0,0.0,0.0,0.0,0.0,0.0,23.9,0.0,23.9,12.0,0.0,12.0,2.0,0.0,2.0,0.0,0.2,7.7,28.0
15:46:36.000,12.6,30.1,0.3,57.0,3787.2,3470.5,145.4,68.6,13.9,143.2,0.0,0.0,3,0,50542.3,0.0,0.0,49.1,0.0,0.0,-49.1,-0.0,-0.0,87.3,0.0,0.0,87.3,0.0,1.0,0.0,0.0,0.0,0.0,0.0,0.0,0.0,0.0,0.0,0.0,0.0,0.0,0.0,0.0,0.0,0.0,0.2,7.7,28.0
15:46:37.000,14.1,29.0,0.0,56.9,3787.2,3470.5,145.4,68.6,13.9,143.2,0.0,0.0,2,0,50614.7,0.0,0.0,0.0,0.0,0.0,-0.0,-0.0,-0.0,0.0,0.0,0.0,0.0,0.0,1.0,0.0,0.0,0.0,0.0,0.0,0.0,0.0,0.0,0.0,0.0,0.0,0.0,0.0,0.0,0.0,0.0,0.2,7.7,28.0
15:46:38.000,13.1,30.1,0.0,56.8,3787.2,3470.5,145.4,68.6,13.9,143.2,0.0,0.0,2,0,50051.7,0.0,0.0,0.0,0.0,0.0,-0.0,-0.0,-0.0,0.0,0.0,0.0,0.0,0.0,1.0,0.0,0.0,0.0,0.0,0.0,0.0,0.0,0.0,0.0,0.0,0.0,0.0,0.0,0.0,0.0,0.0,0.2,7.7,28.0
15:46:39.000,12.3,31.3,0.0,56.4,3787.2,3470.5,145.4,68.6,13.9,143.2,0.0,0.0,3,0,50893.9,0.0,0.0,34.8,0.0,0.0,-34.8,-0.0,-0.0,61.8,0.0,0.0,61.8,0.0,1.0,0.0,0.0,0.0,0.0,0.0,0.0,8.0,0.0,8.0,8.0,0.0,8.0,1.0,0.0,1.0,0.0,0.2,7.7,28.0
15:46:40.000,12.6,30.4,0.0,57.0,3787.2,3470.5,145.4,68.6,13.9,143.2,0.0,0.0,2,0,50351.1,0.0,0.0,0.0,0.0,0.0,-0.0,-0.0,-0.0,0.0,0.0,0.0,0.0,0.0,1.0,1.0,0.0,1.0,0.0,0.0,0.0,23.9,0.0,23.9,12.0,0.0,12.0,2.0,0.0,2.0,0.0,0.2,7.7,28.0
15:46:41.000,14.6,28.7,0.0,56.7,3787.2,3470.5,145.4,68.6,13.9,143.2,0.0,0.0,2,0,51117.2,0.0,0.0,0.0,0.0,0.0,-0.0,-0.0,-0.4,0.0,0.0,0.0,0.0,0.0,2.0,0.0,0.0,0.0,0.0,0.0,0.0,0.0,0.0,0.0,0.0,0.0,0.0,0.0,0.0,0.0,0.0,0.2,7.7,28.0
15:46:42.000,12.7,30.9,0.0,56.4,3787.2,3470.5,145.4,68.6,13.9,143.2,0.0,0.0,2,0,50255.6,0.0,0.0,28.1,0.0,0.0,-28.1,-0.0,-0.0,49.9,0.0,0.0,49.9,0.0,1.0,0.0,0.0,0.0,0.0,0.0,0.0,0.0,0.0,0.0,0.0,0.0,0.0,0.0,0.0,0.0,0.0,0.2,7.7,28.0
15:46:43.000,13.1,30.5,0.0,56.4,3787.2,3470.3,145.4,68.6,13.9,143.2,0.0,0.0,2,0,50480.3,0.0,0.0,0.0,0.0,0.0,-0.0,-0.0,-0.0,0.0,0.0,0.0,0.0,0.0,1.0,0.0,0.0,0.0,0.0,0.0,0.0,0.0,0.0,0.0,0.0,0.0,0.0,0.0,0.0,0.0,0.0,0.2,7.7,28.0
15:46:44.000,12.5,31.0,0.0,56.5,3787.2,3470.3,145.4,68.6,13.9,143.2,0.0,0.0,4,0,50392.9,0.0,0.0,0.0,0.0,0.0,-0.0,-0.0,-0.0,0.0,0.0,0.0,0.0,0.0,1.0,0.0,0.0,0.0,0.0,0.0,0.0,0.0,0.0,0.0,0.0,0.0,0.0,0.0,0.0,0.0,0.0,0.2,7.7,28.0
15:46:45.000,11.0,32.0,0.0,57.1,3787.2,3470.3,145.4,68.6,13.9,143.2,0.0,0.0,2,0,50766.0,0.0,0.0,0.6,0.0,0.0,-0.6,-0.0,-0.0,1.0,0.0,0.0,1.0,0.0,1.0,0.0,0.0,0.0,0.0,0.0,0.0,8.0,0.0,8.0,8.0,0.0,8.0,1.0,0.0,1.0,0.0,0.2,7.7,28.0
15:46:46.000,13.2,29.8,0.0,57.0,3787.2,3470.3,145.4,68.6,13.9,143.2,0.0,0.0,2,0,50484.7,0.0,0.0,0.0,0.0,0.0,-0.0,-0.0,-0.0,0.0,0.0,0.0,0.0,0.0,1.0,0.0,0.0,0.0,0.0,0.0,0.0,23.9,0.0,23.9,12.0,0.0,12.0,2.0,0.0,2.0,0.0,0.2,7.7,28.0
15:46:47.000,12.0,31.6,0.0,56.4,3787.2,3470.3,145.4,68.6,13.9,143.2,0.0,0.0,2,0,50608.1,0.0,0.0,0.0,0.0,0.0,-0.0,-0.0,-0.0,0.0,0.0,0.0,0.0,0.0,1.0,0.0,0.0,0.0,0.0,0.0,0.0,0.0,0.0,0.0,0.0,0.0,0.0,0.0,0.0,0.0,0.0,0.2,7.7,28.0
15:46:48.000,13.1,33.5,0.0,53.4,3787.2,3469.8,145.4,68.7,13.9,143.4,0.0,0.0,3,0,57831.1,3.0,0.0,0.6,0.0,0.1,-0.6,-0.0,-0.0,1.0,0.0,1.0,1.0,0.0,1.0,1.0,0.0,1.0,4.0,0.0,4.0,23.9,0.0,23.9,7.0,0.0,7.0,4.0,0.0,4.0,0.0,0.2,7.7,28.0
15:46:49.000,13.0,29.8,0.0,57.2,3787.2,3469.8,145.4,68.7,13.9,143.4,0.0,0.0,2,0,50767.1,0.0,0.0,0.0,0.0,0.0,-0.0,-0.0,-0.0,0.0,0.0,0.0,0.0,0.0,1.0,0.0,0.0,0.0,0.0,0.0,0.0,0.0,0.0,0.0,0.0,0.0,0.0,0.0,0.0,0.0,0.0,0.2,7.7,28.0
15:46:50.000,11.7,31.6,0.0,56.7,3787.2,3469.8,145.4,68.7,13.9,143.4,0.0,0.0,2,0,50328.8,0.0,0.0,0.0,0.0,0.0,-0.0,-0.0,-0.0,0.0,0.0,0.0,0.0,0.0,1.0,0.0,0.0,0.0,0.0,0.0,0.0,0.0,0.0,0.0,0.0,0.0,0.0,0.0,0.0,0.0,0.0,0.2,7.7,28.0
15:46:51.000,14.4,28.7,0.0,56.9,3787.2,3469.8,145.4,68.7,13.9,143.4,0.0,0.0,3,0,50650.6,0.0,0.0,0.6,0.0,0.0,-0.6,-0.0,-0.0,1.0,0.0,0.0,1.0,0.0,1.0,1.0,0.0,1.0,0.0,0.0,0.0,8.0,0.0,8.0,8.0,0.0,8.0,1.0,0.0,1.0,0.0,0.2,7.7,28.0
15:46:52.000,12.9,28.4,0.0,58.7,3787.2,3469.8,145.4,68.7,13.9,143.4,0.0,0.0,2,0,50188.7,0.0,0.0,0.0,0.0,0.0,-0.0,-0.0,-0.0,0.0,0.0,0.0,0.0,0.0,1.0,0.0,0.0,0.0,0.0,0.0,0.0,0.0,0.0,0.0,0.0,0.0,0.0,0.0,0.0,0.0,0.0,0.2,7.7,28.0
15:46:53.000,15.1,27.8,0.6,56.5,3787.2,3469.8,145.4,68.7,13.9,143.4,0.0,0.0,3,0,53519.0,1.0,0.0,0.0,0.0,0.0,-0.0,-0.0,-0.0,0.0,0.0,0.0,0.0,0.0,1.0,3.0,0.0,3.0,0.0,0.0,0.0,179.5,0.0,179.5,9.0,0.0,9.0,19.9,0.0,19.9,0.0,0.2,7.7,28.0
15:46:54.000,14.4,28.4,0.0,57.2,3787.2,3469.8,145.4,68.7,13.9,143.4,0.0,0.0,3,0,50303.2,0.0,0.0,1.1,0.0,0.0,-1.1,-0.0,-0.0,2.0,0.0,0.0,2.0,0.0,1.0,0.0,0.0,0.0,0.0,0.0,0.0,0.0,0.0,0.0,0.0,0.0,0.0,0.0,0.0,0.0,0.0,0.2,7.7,28.0
15:46:55.000,10.8,32.8,0.0,56.4,3787.2,3469.8,145.4,68.7,13.9,143.4,0.0,0.0,2,0,50236.6,0.0,0.0,0.0,0.0,0.0,-0.0,-0.0,-0.0,0.0,0.0,0.0,0.0,0.0,1.0,0.0,0.0,0.0,0.0,0.0,0.0,0.0,0.0,0.0,0.0,0.0,0.0,0.0,0.0,0.0,0.0,0.2,7.7,28.0
15:46:56.000,10.7,31.8,0.0,57.5,3787.2,3469.8,145.4,68.7,13.9,143.4,0.0,0.0,2,0,50219.3,0.0,0.0,0.0,0.0,0.0,-0.0,-0.0,-0.0,0.0,0.0,0.0,0.0,0.0,1.0,2.0,0.0,1.0,0.0,0.0,0.0,59.8,0.0,59.8,4.3,0.0,4.3,14.0,0.0,14.0,0.0,0.2,7.7,28.0
15:46:57.000,12.7,31.4,0.0,55.9,3787.2,3469.8,145.4,68.7,13.9,143.4,0.0,0.0,3,0,50656.1,0.0,0.0,1.7,0.0,0.0,-1.7,-0.0,-0.0,3.0,0.0,0.0,3.0,0.0,1.0,0.0,0.0,0.0,0.0,0.0,0.0,8.0,0.0,8.0,8.0,0.0,8.0,1.0,0.0,1.0,0.0,0.2,7.7,28.0
15:46:58.000,12.6,30.7,0.0,56.7,3787.2,3469.8,145.4,68.7,13.9,143.4,0.0,0.0,2,0,50589.4,0.0,0.0,0.0,0.0,0.0,-0.0,-0.0,-0.0,0.0,0.0,0.0,0.0,0.0,1.0,0.0,0.0,1.0,0.0,0.0,0.0,27.9,0.0,27.9,14.0,0.0,14.0,2.0,0.0,2.0,0.0,0.2,7.7,28.0
15:46:59.000,12.9,30.3,0.0,56.9,3787.2,3469.8,145.4,68.7,13.9,143.4,0.0,0.0,2,0,50143.7,0.0,0.0,0.0,0.0,0.0,-0.0,-0.0,-0.0,0.0,0.0,0.0,0.0,0.0,1.0,0.0,0.0,0.0,0.0,0.0,0.0,0.0,0.0,0.0,0.0,0.0,0.0,0.0,0.0,0.0,0.0,0.2,7.7,28.0
15:47:00.000,12.1,30.6,0.0,57.2,3787.2,3469.8,145.4,68.7,13.9,143.4,0.0,0.0,3,0,50587.0,0.0,0.0,0.6,0.0,0.0,-0.6,-0.0,-0.0,1.0,0.0,0.0,1.0,0.0,1.0,0.0,0.0,0.0,0.0,0.0,0.0,0.0,0.0,0.0,0.0,0.0,0.0,0.0,0.0,0.0,0.0,0.2,7.7,28.0
15:47:01.000,11.0,31.8,0.0,57.2,3787.2,3469.8,145.4,68.7,13.9,143.4,0.0,0.0,3,0,50685.3,0.0,0.0,0.0,0.0,0.0,-0.0,-0.0,-0.0,0.0,0.0,0.0,0.0,0.0,1.0,0.0,0.0,0.0,0.0,0.0,0.0,0.0,0.0,0.0,0.0,0.0,0.0,0.0,0.0,0.0,0.0,0.2,7.7,28.0
15:47:02.000,12.9,30.2,0.0,56.9,3787.2,3469.8,145.4,68.7,13.9,143.4,0.0,0.0,2,0,50307.2,0.0,0.0,0.0,0.0,0.0,-0.0,-0.0,-0.0,0.0,0.0,0.0,0.0,0.0,0.0,0.0,0.0,0.0,0.0,0.0,0.0,0.0,0.0,0.0,0.0,0.0,0.0,0.0,0.0,0.0,0.0,0.2,7.7,28.0
15:47:03.000,13.9,28.9,0.0,57.2,3787.2,3469.8,145.4,68.7,13.9,143.4,0.0,0.0,2,0,50675.3,0.0,0.0,0.0,0.0,0.0,-0.0,-0.0,-0.0,0.0,0.0,0.0,0.0,0.0,1.0,0.0,0.0,0.0,0.0,0.0,0.0,8.0,0.0,8.0,8.0,0.0,8.0,1.0,0.0,1.0,0.0,0.2,7.7,28.0
15:47:04.000,13.7,29.7,0.0,56.6,3787.2,3469.8,145.4,68.7,13.9,143.4,0.0,0.0,2,0,50682.3,0.0,0.0,0.6,0.0,0.0,-0.6,-0.0,-0.0,1.0,0.0,0.0,1.0,0.0,1.0,1.0,0.0,1.0,0.0,0.0,0.0,39.9,0.0,39.9,6.7,0.0,6.7,6.0,0.0,6.0,0.0,0.2,7.7,28.0
15:47:05.000,11.4,31.7,0.0,56.9,3787.2,3469.8,145.4,68.7,13.9,143.4,0.0,0.0,2,0,50436.4,0.0,0.0,0.0,0.0,0.0,-0.0,-0.0,-0.0,0.0,0.0,0.0,0.0,0.0,1.0,0.0,0.0,0.0,0.0,0.0,0.0,0.0,0.0,0.0,0.0,0.0,0.0,0.0,0.0,0.0,0.0,0.2,7.7,28.0
15:47:06.000,13.8,28.8,0.0,57.3,3787.2,3469.8,145.4,68.7,13.9,143.4,0.0,0.0,3,0,50341.0,0.0,0.0,0.0,0.0,0.0,-0.0,-0.0,-0.0,0.0,0.0,0.0,0.0,0.0,1.0,0.0,0.0,0.0,0.0,0.0,0.0,0.0,0.0,0.0,0.0,0.0,0.0,0.0,0.0,0.0,0.0,0.2,7.7,28.0
15:47:07.000,13.9,28.9,0.0,57.2,3787.2,3469.8,145.4,68.7,13.9,143.4,0.0,0.0,2,0,50551.4,0.0,0.0,51.6,0.0,0.0,-51.6,-0.0,-0.0,91.7,0.0,0.0,91.7,0.0,1.0,0.0,0.0,0.0,0.0,0.0,0.0,0.0,0.0,0.0,0.0,0.0,0.0,0.0,0.0,0.0,0.0,0.2,7.7,28.0
15:47:08.000,13.6,29.5,0.0,56.9,3787.2,3469.8,145.4,68.7,13.9,143.4,0.0,0.0,4,0,51406.9,0.0,0.0,0.0,0.0,0.0,-0.0,-0.0,-0.0,0.0,0.0,0.0,0.0,0.0,1.0,0.0,0.0,0.0,0.0,0.0,0.0,0.0,0.0,0.0,0.0,0.0,0.0,0.0,0.0,0.0,0.0,0.2,7.7,28.0
15:47:09.000,13.9,29.3,0.3,56.5,3787.2,3469.8,145.4,68.7,13.9,143.4,0.0,0.0,2,0,50628.1,0.0,0.0,0.0,0.0,0.0,-0.0,-0.0,-0.0,0.0,0.0,0.0,0.0,0.0,1.0,0.0,0.0,0.0,0.0,0.0,0.0,27.9,0.0,27.9,9.3,0.0,9.3,3.0,0.0,3.0,0.0,0.2,7.7,28.0
15:47:10.000,10.9,32.2,0.0,56.9,3787.2,3469.8,145.4,68.7,13.9,143.4,0.0,0.0,3,0,50862.3,0.0,0.0,0.6,0.0,0.0,-0.6,-0.0,-0.4,1.0,0.0,0.0,1.0,0.0,2.0,0.0,0.0,0.0,0.0,0.0,0.0,0.0,0.0,0.0,0.0,0.0,0.0,0.0,0.0,0.0,0.0,0.2,7.7,28.0
15:47:11.000,12.5,31.1,0.0,56.4,3787.2,3469.8,145.4,68.7,13.9,143.4,0.0,0.0,3,0,50535.1,0.0,0.0,0.0,0.0,0.0,-0.0,-0.0,-0.0,0.0,0.0,0.0,0.0,0.0,1.0,0.0,0.0,0.0,0.0,0.0,0.0,0.0,0.0,0.0,0.0,0.0,0.0,0.0,0.0,0.0,0.0,0.2,7.7,28.0
15:47:12.000,11.3,31.2,0.0,57.5,3787.2,3469.8,145.4,68.7,13.9,143.4,0.0,0.0,4,0,50554.5,0.0,0.0,0.0,0.0,0.0,-0.0,-0.0,-0.0,0.0,0.0,0.0,0.0,0.0,1.0,0.0,0.0,0.0,0.0,0.0,0.0,0.0,0.0,0.0,0.0,0.0,0.0,0.0,0.0,0.0,0.0,0.2,7.7,28.0
15:47:13.000,10.7,32.4,1.2,55.8,3787.2,3469.8,145.4,68.7,13.9,143.4,0.0,0.0,3,0,52700.9,1.0,0.0,0.6,0.0,0.0,-0.6,-0.0,-0.0,1.0,0.0,0.0,1.0,0.0,1.0,9.0,0.0,9.0,0.0,0.0,0.0,67.8,0.0,67.8,5.7,0.0,5.7,12.0,0.0,12.0,0.0,0.2,7.7,28.0
15:47:14.000,12.2,31.2,0.0,56.5,3787.2,3469.8,145.4,68.7,13.9,143.4,0.0,0.0,2,0,50579.4,0.0,0.0,0.0,0.0,0.0,-0.0,-0.0,-0.0,0.0,0.0,0.0,0.0,0.0,1.0,2.0,0.0,1.0,0.0,0.0,0.0,51.9,0.0,51.9,7.4,0.0,7.4,7.0,0.0,7.0,0.0,0.2,7.7,28.0
15:47:15.000,12.3,30.9,0.0,56.7,3787.2,3469.8,145.4,68.7,13.9,143.4,0.0,0.0,3,0,50381.4,0.0,0.0,0.0,0.0,0.0,-0.0,-0.0,-0.1,0.0,0.0,0.0,0.0,0.0,2.0,0.0,0.0,0.0,0.0,0.0,0.0,12.0,0.0,12.0,12.0,0.0,12.0,1.0,0.0,1.0,0.0,0.2,7.7,28.0
15:47:16.000,13.7,30.7,0.0,55.6,3787.2,3469.8,145.4,68.7,13.9,143.4,0.0,0.0,2,0,50595.9,0.0,0.0,0.6,0.0,0.0,-0.6,-0.0,-0.1,1.0,0.0,0.0,1.0,0.0,2.0,0.0,0.0,0.0,0.0,0.0,0.0,0.0,0.0,0.0,0.0,0.0,0.0,0.0,0.0,0.0,0.0,0.2,7.7,28.0
15:47:17.000,12.6,30.5,0.0,56.9,3787.2,3469.8,145.4,68.7,13.9,143.4,0.0,0.0,3,0,50822.0,0.0,0.0,0.0,0.0,0.0,-0.0,-0.0,-0.1,0.0,0.0,0.0,0.0,0.0,2.0,0.0,0.0,0.0,0.0,0.0,0.0,0.0,0.0,0.0,0.0,0.0,0.0,0.0,0.0,0.0,0.0,0.2,7.7,28.0
15:47:18.000,13.3,29.5,0.0,57.2,3787.2,3469.8,145.4,68.7,13.9,143.4,0.0,0.0,2,0,51024.6,0.0,0.0,0.0,0.0,0.1,-0.0,-0.0,-0.0,0.0,0.0,1.0,0.0,0.0,1.0,0.0,0.0,0.0,0.0,0.0,0.0,0.0,0.0,0.0,0.0,0.0,0.0,0.0,0.0,0.0,0.0,0.2,7.7,28.0
15:47:19.000,12.8,29.9,0.0,57.3,3787.2,3469.8,145.4,68.7,13.9,143.4,0.0,0.0,3,0,50886.1,0.0,0.0,0.6,0.0,0.0,-0.6,-0.0,-0.0,1.0,0.0,0.0,1.0,0.0,1.0,0.0,0.0,1.0,0.0,0.0,0.0,35.8,0.0,35.8,18.0,0.0,18.0,2.0,0.0,2.0,0.0,0.2,7.7,28.0
15:47:20.000,13.3,29.0,0.0,57.7,3787.2,3469.8,145.4,68.7,13.9,143.4,0.0,0.0,3,0,50648.9,0.0,0.0,0.0,0.0,0.0,-0.0,-0.0,-0.0,0.0,0.0,0.0,0.0,0.0,1.0,0.0,0.0,0.0,0.0,0.0,0.0,0.0,0.0,0.0,0.0,0.0,0.0,0.0,0.0,0.0,0.0,0.2,7.7,28.0
15:47:21.000,14.9,28.4,0.0,56.7,3787.2,3469.8,145.4,68.7,13.9,143.4,0.0,0.0,2,0,51025.2,0.0,0.0,0.0,0.0,0.0,-0.0,-0.0,-0.0,0.0,0.0,0.0,0.0,0.0,1.0,0.0,0.0,0.0,0.0,0.0,0.0,8.0,0.0,8.0,8.0,0.0,8.0,1.0,0.0,1.0,0.0,0.2,7.7,28.0
15:47:22.000,13.6,28.7,0.0,57.7,3787.2,3469.8,145.4,68.7,13.9,143.4,0.0,0.0,3,0,50540.4,0.0,0.0,0.6,0.0,0.0,-0.6,-0.0,-0.0,1.0,0.0,0.0,1.0,0.0,1.0,1.0,0.0,1.0,0.0,0.0,0.0,51.9,0.0,51.9,6.5,0.0,6.5,8.0,0.0,8.0,0.0,0.2,7.7,28.0
15:47:23.000,13.8,29.1,0.0,57.1,3787.2,3469.8,145.4,68.7,13.9,143.4,0.0,0.0,4,0,51080.3,0.0,0.0,0.0,0.0,0.0,-0.0,-0.0,-0.0,0.0,0.0,0.0,0.0,0.0,1.0,0.0,0.0,0.0,0.0,0.0,0.0,0.0,0.0,0.0,0.0,0.0,0.0,0.0,0.0,0.0,0.0,0.2,7.7,28.0
15:47:24.000,10.9,32.6,0.0,56.6,3787.2,3469.8,145.4,68.7,13.9,143.4,0.0,0.0,4,0,50449.4,0.0,0.0,0.0,0.0,0.0,-0.0,-0.0,-0.0,0.0,0.0,0.0,0.0,0.0,1.0,0.0,0.0,0.0,0.0,0.0,0.0,35.9,0.0,35.9,7.2,0.0,7.2,5.0,0.0,5.0,0.0,0.2,7.7,28.0
15:47:25.000,13.5,29.8,0.0,56.7,3787.2,3469.8,145.4,68.7,13.9,143.4,0.0,0.0,3,0,51095.4,0.0,0.0,0.6,0.0,0.0,-0.6,-0.0,-0.0,1.0,0.0,0.0,1.0,0.0,1.0,0.0,0.0,0.0,0.0,0.0,0.0,0.0,0.0,0.0,0.0,0.0,0.0,0.0,0.0,0.0,0.0,0.2,7.7,28.0
15:47:26.000,14.5,28.3,0.0,57.2,3787.2,3469.8,145.4,68.7,13.9,143.4,0.0,0.0,4,0,50654.5,0.0,0.0,0.0,0.0,0.0,-0.0,-0.0,-0.0,0.0,0.0,0.0,0.0,0.0,1.0,0.0,0.0,0.0,0.0,0.0,0.0,0.0,0.0,0.0,0.0,0.0,0.0,0.0,0.0,0.0,0.0,0.2,7.7,28.0
15:47:27.000,14.6,28.7,0.0,56.7,3787.2,3469.8,145.4,68.7,13.9,143.4,0.0,0.0,3,0,50737.2,0.0,0.0,0.0,0.0,0.0,-0.0,-0.0,-0.0,0.0,0.0,0.0,0.0,0.0,1.0,0.0,0.0,0.0,0.0,0.0,0.0,8.0,0.0,8.0,8.0,0.0,8.0,1.0,0.0,1.0,0.0,0.2,7.7,28.0
15:47:28.000,15.2,27.9,0.0,56.9,3787.2,3469.8,145.4,68.7,13.9,143.4,0.0,0.0,3,0,50737.7,0.0,0.0,0.6,0.0,0.0,-0.6,-0.0,-0.0,1.0,0.0,0.0,1.0,0.0,1.0,0.0,0.0,0.0,0.0,0.0,0.0,0.0,0.0,0.0,0.0,0.0,0.0,0.0,0.0,0.0,0.0,0.2,7.7,28.0
15:47:29.000,13.8,28.8,0.3,57.1,3787.2,3469.8,145.4,68.7,14.0,143.4,0.0,0.0,2,0,50356.8,0.0,0.0,0.0,0.0,0.0,-0.0,-0.0,-0.0,0.0,0.0,0.0,0.0,0.0,1.0,2.0,0.0,2.0,0.0,0.0,0.0,51.9,0.0,51.9,7.4,0.0,7.4,7.0,0.0,7.0,0.0,0.2,7.7,28.0
15:47:30.000,11.3,31.2,0.0,57.5,3787.2,3469.8,145.4,68.7,14.0,143.4,0.0,0.0,4,0,50304.5,0.0,0.0,0.0,0.0,0.0,-0.0,-0.0,-0.0,0.0,0.0,0.0,0.0,0.0,1.0,0.0,0.0,0.0,0.0,0.0,0.0,0.0,0.0,0.0,0.0,0.0,0.0,0.0,0.0,0.0,0.0,0.2,7.7,28.0
15:47:31.000,13.3,29.2,0.0,57.5,3787.2,3469.8,145.4,68.7,14.0,143.4,0.0,0.0,2,0,50532.8,0.0,0.0,2.8,0.0,0.0,-2.8,-0.0,-0.0,5.0,0.0,0.0,5.0,0.0,1.0,1.0,0.0,1.0,0.0,0.0,0.0,51.9,0.0,51.9,6.5,0.0,6.5,8.0,0.0,8.0,0.0,0.2,7.7,28.0
15:47:32.000,13.1,30.3,0.0,56.6,3787.2,3469.8,145.4,68.7,14.0,143.4,0.0,0.0,4,0,51343.2,1.0,0.0,0.0,0.0,0.0,-0.0,-0.0,-0.0,0.0,0.0,0.0,0.0,0.0,1.0,0.0,0.0,0.0,0.0,0.0,0.0,0.0,0.0,0.0,0.0,0.0,0.0,0.0,0.0,0.0,0.0,0.2,7.7,28.0
15:47:33.000,13.7,28.4,0.0,57.9,3787.2,3469.8,145.4,68.7,14.0,143.4,0.0,0.0,3,0,51424.7,0.0,0.0,0.0,0.0,0.0,-0.0,-0.0,-0.0,0.0,0.0,0.0,0.0,0.0,1.0,0.0,0.0,1.0,0.0,0.0,0.0,8.0,0.0,8.0,8.0,0.0,8.0,1.0,0.0,1.0,0.0,0.2,7.7,28.0
15:47:34.000,11.9,31.9,0.0,56.2,3787.2,3469.8,145.4,68.7,14.0,143.4,0.0,0.0,2,0,50459.4,0.0,0.0,0.6,0.0,0.0,-0.6,-0.0,-0.0,1.0,0.0,0.0,1.0,0.0,1.0,1.0,0.0,0.0,0.0,0.0,0.0,23.9,0.0,23.9,12.0,0.0,12.0,2.0,0.0,2.0,0.0,0.2,7.7,28.0
15:47:35.000,13.6,29.2,0.0,57.2,3787.2,3469.8,145.4,68.7,14.0,143.4,0.0,0.0,5,0,50483.8,0.0,0.0,0.0,0.0,0.0,-0.0,-0.0,-0.0,0.0,0.0,0.0,0.0,0.0,1.0,0.0,0.0,0.0,0.0,0.0,0.0,0.0,0.0,0.0,0.0,0.0,0.0,0.0,0.0,0.0,0.0,0.2,7.7,28.0
15:47:36.000,13.3,29.4,0.0,57.3,3787.2,3469.8,145.4,68.7,14.0,143.4,0.0,0.0,3,0,50605.7,0.0,0.0,0.0,0.0,0.0,-0.0,-0.0,-0.0,0.0,0.0,0.0,0.0,0.0,1.0,0.0,0.0,0.0,0.0,0.0,0.0,0.0,0.0,0.0,0.0,0.0,0.0,0.0,0.0,0.0,0.0,0.2,7.7,28.0
15:47:37.000,13.9,28.9,0.0,57.2,3787.2,3469.8,145.4,68.7,14.0,143.4,0.0,0.0,2,0,50708.0,0.0,0.0,0.6,0.0,0.0,-0.6,-0.0,-0.0,1.0,0.0,0.0,1.0,0.0,1.0,0.0,0.0,0.0,0.0,0.0,0.0,0.0,0.0,0.0,0.0,0.0,0.0,0.0,0.0,0.0,0.0,0.2,7.7,28.0
15:47:38.000,12.0,31.2,0.0,56.7,3787.2,3469.8,145.4,68.7,14.0,143.4,0.0,0.0,2,0,50585.7,0.0,0.0,0.0,0.0,0.0,-0.0,-0.0,-0.0,0.0,0.0,0.0,0.0,0.0,1.0,0.0,0.0,0.0,0.0,0.0,0.0,0.0,0.0,0.0,0.0,0.0,0.0,0.0,0.0,0.0,0.0,0.2,7.7,28.0
15:47:39.000,13.1,30.2,0.0,56.7,3787.2,3469.8,145.4,68.7,14.0,143.4,0.0,0.0,2,0,50693.9,0.0,0.0,0.0,0.0,0.0,-0.0,-0.0,-0.0,0.0,0.0,0.0,0.0,0.0,1.0,1.0,0.0,1.0,0.0,0.0,0.0,47.8,0.0,47.8,5.3,0.0,5.3,9.0,0.0,9.0,0.0,0.2,7.7,28.0
15:47:40.000,12.9,30.4,0.0,56.7,3787.2,3469.8,145.4,68.7,14.0,143.4,0.0,0.0,3,0,50691.7,0.0,0.0,1.1,0.0,0.0,-1.1,-0.0,-0.0,2.0,0.0,0.0,2.0,0.0,1.0,0.0,0.0,0.0,0.0,0.0,0.0,0.0,0.0,0.0,0.0,0.0,0.0,0.0,0.0,0.0,0.0,0.2,7.7,28.0
15:47:41.000,14.5,28.8,0.0,56.7,3787.2,3469.8,145.4,68.7,14.0,143.4,0.0,0.0,3,0,50668.7,0.0,0.0,0.0,0.0,0.0,-0.0,-0.0,-0.0,0.0,0.0,0.0,0.0,0.0,1.0,2.0,0.0,2.0,0.0,0.0,0.0,55.8,0.0,55.8,8.0,0.0,8.0,7.0,0.0,7.0,0.0,0.2,7.7,28.0
15:47:42.000,14.5,28.6,0.0,56.9,3787.2,3469.8,145.4,68.7,14.0,143.4,0.0,0.0,3,0,50746.9,0.0,0.0,0.0,0.0,0.0,-0.0,-0.0,-0.0,0.0,0.0,0.0,0.0,0.0,1.0,0.0,0.0,0.0,0.0,0.0,0.0,0.0,0.0,0.0,0.0,0.0,0.0,0.0,0.0,0.0,0.0,0.2,7.7,28.0
15:47:43.000,14.3,29.8,0.0,55.9,3787.2,3469.8,145.4,68.7,14.0,143.4,0.0,0.0,3,0,50454.5,0.0,0.0,0.6,0.0,0.0,-0.6,-0.0,-0.0,1.0,0.0,0.0,1.0,0.0,1.0,0.0,0.0,0.0,0.0,0.0,0.0,0.0,0.0,0.0,0.0,0.0,0.0,0.0,0.0,0.0,0.0,0.2,7.7,28.0
15:47:44.000,11.8,31.3,0.0,56.9,3787.2,3469.8,145.4,68.7,14.0,143.4,0.0,0.0,2,0,50964.8,0.0,0.0,0.0,0.0,0.0,-0.0,-0.0,-0.0,0.0,0.0,0.0,0.0,0.0,1.0,0.0,0.0,0.0,0.0,0.0,0.0,23.9,0.0,23.9,12.0,0.0,12.0,2.0,0.0,2.0,0.0,0.2,7.7,28.0
15:47:45.000,12.9,30.2,0.0,56.9,3787.2,3469.8,145.4,68.7,14.0,143.4,0.0,0.0,3,0,50437.6,0.0,0.0,0.0,0.0,0.0,-0.0,-0.0,-0.0,0.0,0.0,0.0,0.0,0.0,1.0,0.0,0.0,0.0,0.0,0.0,0.0,8.0,0.0,8.0,8.0,0.0,8.0,1.0,0.0,1.0,0.0,0.2,7.7,28.0
15:47:46.000,14.1,28.7,0.0,57.2,3787.2,3469.8,145.4,68.7,14.0,143.4,0.0,0.0,4,0,50302.5,0.0,0.0,1.1,0.0,0.0,-1.1,-0.0,-0.0,2.0,0.0,0.0,2.0,0.0,1.0,0.0,0.0,0.0,0.0,0.0,0.0,0.0,0.0,0.0,0.0,0.0,0.0,0.0,0.0,0.0,0.0,0.2,7.7,28.0
15:47:47.000,13.6,28.9,0.0,57.5,3787.2,3469.8,145.4,68.7,14.0,143.4,0.0,0.0,2,0,50595.1,0.0,0.0,0.0,0.0,0.0,-0.0,-0.0,-0.0,0.0,0.0,0.0,0.0,0.0,1.0,0.0,0.0,0.0,0.0,0.0,0.0,0.0,0.0,0.0,0.0,0.0,0.0,0.0,0.0,0.0,0.0,0.2,7.7,28.0
15:47:48.000,13.8,29.1,0.0,57.1,3787.2,3469.8,145.4,68.7,14.0,143.4,0.0,0.0,3,0,50629.7,0.0,0.0,0.0,0.0,0.1,-0.0,-0.0,-0.0,0.0,0.0,1.0,0.0,0.0,1.0,1.0,0.0,1.0,0.0,0.0,0.0,31.9,0.0,31.9,16.0,0.0,16.0,2.0,0.0,2.0,0.0,0.2,7.7,28.0
15:47:49.000,13.9,29.7,0.3,56.1,3787.2,3469.8,145.4,68.8,14.0,143.4,0.0,0.0,4,0,50828.0,0.0,0.0,1.1,0.0,0.0,-1.1,-0.0,-0.0,2.0,0.0,0.0,2.0,0.0,1.0,1.0,0.0,2.0,0.0,0.0,0.0,75.5,0.0,75.5,6.3,0.0,6.3,11.9,0.0,11.9,0.0,0.2,7.7,28.0
15:47:50.000,14.4,28.2,0.0,57.3,3787.2,3469.8,145.4,68.8,14.0,143.4,0.0,0.0,3,0,50626.3,0.0,0.0,0.0,0.0,0.0,-0.0,-0.0,-0.0,0.0,0.0,0.0,0.0,0.0,1.0,0.0,0.0,0.0,0.0,0.0,0.0,0.0,0.0,0.0,0.0,0.0,0.0,0.0,0.0,0.0,0.0,0.2,7.7,28.0
15:47:51.000,14.2,29.6,0.0,56.1,3787.2,3469.8,145.4,68.8,14.0,143.4,0.0,0.0,3,0,51159.3,0.0,0.0,0.0,0.0,0.1,-0.0,-0.0,-0.0,0.0,0.0,1.0,0.0,0.0,0.0,0.0,0.0,0.0,0.0,0.0,0.0,8.0,0.0,8.0,8.0,0.0,8.0,1.0,0.0,1.0,0.0,0.2,7.7,28.0
15:47:52.000,12.9,30.4,0.0,56.7,3787.2,3469.8,145.4,68.8,14.0,143.4,0.0,0.0,3,0,50660.4,0.0,0.0,0.0,0.0,0.0,-0.0,-0.0,-0.0,0.0,0.0,0.0,0.0,0.0,1.0,0.0,0.0,0.0,0.0,0.0,0.0,0.0,0.0,0.0,0.0,0.0,0.0,0.0,0.0,0.0,0.0,0.2,7.7,28.0
15:47:53.000,13.5,29.8,0.0,56.7,3787.2,3469.8,145.4,68.8,14.0,143.4,0.0,0.0,2,0,50644.3,0.0,0.0,0.6,0.0,0.0,-0.6,-0.0,-0.0,1.0,0.0,0.0,1.0,0.0,1.0,0.0,0.0,0.0,0.0,0.0,0.0,0.0,0.0,0.0,0.0,0.0,0.0,0.0,0.0,0.0,0.0,0.2,7.7,28.0
15:47:54.000,12.7,30.3,0.0,57.1,3787.2,3469.8,145.4,68.8,14.0,143.4,0.0,0.0,3,0,50206.3,0.0,0.0,0.0,0.0,0.0,-0.0,-0.0,-0.0,0.0,0.0,0.0,0.0,0.0,1.0,1.0,0.0,0.0,0.0,0.0,0.0,31.9,0.0,31.9,16.0,0.0,16.0,2.0,0.0,2.0,0.0,0.2,7.7,28.0
15:47:55.000,13.6,30.1,0.0,56.2,3787.2,3469.8,145.4,68.8,14.0,143.4,0.0,0.0,4,0,50674.6,0.0,0.0,0.0,0.0,0.0,-0.0,-0.0,-0.0,0.0,0.0,0.0,0.0,0.0,1.0,0.0,0.0,0.0,0.0,0.0,0.0,0.0,0.0,0.0,0.0,0.0,0.0,0.0,0.0,0.0,0.0,0.2,7.7,28.0
15:47:56.000,12.6,30.9,0.0,56.6,3787.2,3469.8,145.4,68.8,14.0,143.4,0.0,0.0,3,0,50847.8,0.0,0.0,1.1,0.0,0.1,-1.1,-0.0,-0.0,2.0,0.0,1.0,2.0,0.0,1.0,1.0,0.0,2.0,0.0,0.0,0.0,55.9,0.0,55.9,6.2,0.0,6.2,9.0,0.0,9.0,0.0,0.2,7.7,28.0
15:47:57.000,12.9,30.4,0.0,56.7,3787.2,3469.8,145.5,68.8,14.0,143.4,0.0,0.0,3,0,50600.6,0.0,0.0,0.0,0.0,0.0,-0.0,-0.0,-0.0,0.0,0.0,0.0,0.0,0.0,1.0,1.0,0.0,0.0,0.0,0.0,0.0,8.0,0.0,8.0,8.0,0.0,8.0,1.0,0.0,1.0,0.0,0.2,7.7,28.0
15:47:58.000,12.3,30.7,0.0,57.0,3787.2,3469.8,145.4,68.8,14.0,143.4,0.0,0.0,4,0,50543.0,0.0,0.0,0.0,0.0,0.0,-0.0,-0.0,-0.0,0.0,0.0,0.0,0.0,0.0,1.0,0.0,0.0,0.0,0.0,0.0,0.0,0.0,0.0,0.0,0.0,0.0,0.0,0.0,0.0,0.0,0.0,0.2,7.7,28.0
15:47:59.000,13.5,29.4,0.0,57.1,3787.2,3469.8,145.5,68.8,14.0,143.4,0.0,0.0,2,0,50890.4,0.0,0.0,0.6,0.0,0.1,-0.6,-0.0,-0.0,1.0,0.0,1.0,1.0,0.0,1.0,1.0,0.0,1.0,0.0,0.0,0.0,43.9,0.0,43.9,6.3,0.0,6.3,7.0,0.0,7.0,0.0,0.2,7.7,28.0
15:48:00.000,14.4,28.7,0.0,56.9,3787.2,3469.8,145.5,68.8,14.0,143.4,0.0,0.0,3,0,50495.3,0.0,0.0,0.0,0.0,0.0,-0.0,-0.0,-0.0,0.0,0.0,0.0,0.0,0.0,1.0,0.0,0.0,0.0,0.0,0.0,0.0,0.0,0.0,0.0,0.0,0.0,0.0,0.0,0.0,0.0,0.0,0.2,7.7,28.0
15:48:01.000,13.4,30.2,0.0,56.4,3787.2,3469.8,145.5,68.8,14.0,143.4,0.0,0.0,3,0,50521.2,0.0,0.0,0.0,0.0,0.0,-0.0,-0.0,-0.0,0.0,0.0,0.0,0.0,0.0,1.0,0.0,0.0,0.0,0.0,0.0,0.0,0.0,0.0,0.0,0.0,0.0,0.0,0.0,0.0,0.0,0.0,0.2,7.7,28.0
15:48:02.000,13.8,17.6,0.0,68.6,3787.2,3496.9,145.4,69.1,14.0,112.5,0.0,0.0,1,0,32524.7,0.0,0.0,3.9,0.0,0.1,-3.9,-0.0,-0.0,7.0,0.0,1.0,7.0,0.0,1.0,0.0,0.0,0.0,0.0,0.0,0.0,0.0,0.0,0.0,0.0,0.0,0.0,0.0,0.0,0.0,0.0,0.2,7.7,28.0
15:48:03.000,0.0,0.0,0.0,100.0,3787.2,3496.9,145.4,69.1,14.0,112.5,0.0,0.0,1,0,76.8,0.0,0.0,0.0,0.0,0.0,-0.0,-0.0,-0.0,0.0,0.0,0.0,0.0,0.0,1.0,0.0,0.0,1.0,0.0,0.0,0.0,8.0,0.0,8.0,8.0,0.0,8.0,1.0,0.0,1.0,0.0,0.2,7.7,28.0
15:48:04.000,0.0,0.2,0.2,99.5,3787.2,3496.9,145.4,69.1,14.0,112.5,0.0,0.0,1,0,67.8,0.0,0.0,0.0,0.0,0.0,-0.0,-0.0,-0.0,0.0,0.0,0.0,0.0,0.0,1.0,0.0,0.0,0.0,0.0,0.0,0.0,23.9,0.0,23.9,12.0,0.0,12.0,2.0,0.0,2.0,0.0,0.2,7.7,28.0
15:48:05.000,0.0,0.0,0.0,100.0,3787.2,3503.6,145.5,69.1,14.0,112.5,0.0,0.0,1,0,100.8,0.0,0.0,32.6,0.0,0.0,-32.6,-0.0,-0.4,57.9,0.0,1.0,57.9,0.0,2.0,0.0,0.0,0.0,0.0,0.0,0.0,0.0,0.0,0.0,0.0,0.0,0.0,0.0,0.0,0.0,0.0,0.2,7.7,28.0
15:48:06.000,0.2,0.0,0.0,99.8,3787.2,3503.6,145.5,69.1,14.0,112.5,0.0,0.0,1,0,31.9,0.0,0.0,0.0,0.0,0.0,-0.0,-0.0,-0.0,0.0,0.0,0.0,0.0,0.0,0.0,0.0,0.0,0.0,0.0,0.0,0.0,0.0,0.0,0.0,0.0,0.0,0.0,0.0,0.0,0.0,0.0,0.2,7.7,28.0
15:48:07.000,0.0,0.0,0.0,100.0,3787.2,3503.7,145.5,69.1,14.0,112.5,0.0,0.0,1,0,58.9,0.0,0.0,0.0,0.0,0.0,-0.0,-0.0,-0.0,0.0,0.0,0.0,0.0,0.0,0.0,0.0,0.0,0.0,0.0,0.0,0.0,0.0,0.0,0.0,0.0,0.0,0.0,0.0,0.0,0.0,0.0,0.2,7.7,28.0
15:48:08.000,0.0,0.5,0.0,99.5,3787.2,3503.2,145.5,69.1,14.0,112.7,0.0,0.0,1,0,114.7,7.0,0.0,0.0,0.0,0.0,-0.0,-0.0,-0.0,0.0,0.0,0.0,0.0,0.0,0.0,1.0,0.0,0.0,0.0,0.0,0.0,0.0,0.0,0.0,0.0,0.0,0.0,0.0,0.0,0.0,0.0,0.2,7.7,28.0
15:48:09.000,0.0,0.0,0.2,99.8,3787.2,3503.2,145.5,69.1,14.0,112.5,0.0,0.0,1,0,103.6,0.0,0.0,0.0,0.0,0.0,-0.0,-0.0,-0.0,0.0,0.0,0.0,0.0,0.0,0.0,1.0,0.0,1.0,0.0,0.0,0.0,43.8,0.0,43.8,6.3,0.0,6.3,7.0,0.0,7.0,0.0,0.2,7.7,28.0
15:48:10.000,0.0,0.2,0.0,99.8,3787.2,3503.2,145.5,69.1,14.0,112.5,0.0,0.0,1,0,33.9,0.0,0.0,0.0,0.0,0.0,-0.0,-0.0,-0.0,0.0,0.0,0.0,0.0,0.0,0.0,0.0,0.0,0.0,0.0,0.0,0.0,0.0,0.0,0.0,0.0,0.0,0.0,0.0,0.0,0.0,0.0,0.2,7.7,28.0
15:48:11.000,0.0,0.0,0.0,100.0,3787.2,3503.2,145.5,69.1,14.0,112.5,0.0,0.0,1,0,52.9,0.0,0.0,0.0,0.0,0.0,-0.0,-0.0,-0.0,0.0,0.0,0.0,0.0,0.0,0.0,0.0,0.0,0.0,0.0,0.0,0.0,0.0,0.0,0.0,0.0,0.0,0.0,0.0,0.0,0.0,0.0,0.2,7.7,28.0
15:48:12.000,0.0,0.0,0.0,100.0,3787.2,3503.2,145.5,69.1,14.0,112.5,0.0,0.0,1,0,109.8,1.0,0.0,0.0,0.0,0.0,-0.0,-0.0,-0.0,0.0,0.0,0.0,0.0,0.0,0.0,0.0,0.0,1.0,0.0,0.0,0.0,79.8,0.0,79.8,6.7,0.0,6.7,12.0,0.0,12.0,0.0,0.2,7.7,28.0
15:48:13.000,0.0,0.0,0.0,100.0,3787.2,3503.2,145.5,69.1,14.0,112.5,0.0,0.0,1,0,33.9,0.0,0.0,0.0,0.0,0.0,-0.0,-0.0,-0.0,0.0,0.0,0.0,0.0,0.0,0.0,1.0,0.0,0.0,0.0,0.0,0.0,0.0,0.0,0.0,0.0,0.0,0.0,0.0,0.0,0.0,0.0,0.2,7.7,28.0
15:48:14.000,0.2,0.0,0.2,99.5,3787.2,3503.2,145.5,69.1,14.0,112.5,0.0,0.0,1,0,52.8,0.0,0.0,0.0,0.0,0.0,-0.0,-0.0,-0.0,0.0,0.0,0.0,0.0,0.0,0.0,0.0,0.0,1.0,0.0,0.0,0.0,27.9,0.0,27.9,14.0,0.0,14.0,2.0,0.0,2.0,0.0,0.2,7.7,28.0
15:48:15.000,0.0,0.2,0.0,99.8,3787.2,3503.2,145.5,69.1,14.0,112.5,0.0,0.0,1,0,45.9,0.0,0.0,0.0,0.0,0.0,-0.0,-0.0,-0.0,0.0,0.0,0.0,0.0,0.0,0.0,0.0,0.0,0.0,0.0,0.0,0.0,0.0,0.0,0.0,0.0,0.0,0.0,0.0,0.0,0.0,0.0,0.2,7.7,28.0
15:48:16.000,0.0,0.0,0.0,100.0,3787.2,3503.2,145.5,69.1,14.0,112.5,0.0,0.0,1,0,41.9,0.0,0.0,0.0,0.0,0.0,-0.0,-0.0,-0.0,0.0,0.0,0.0,0.0,0.0,0.0,0.0,0.0,0.0,0.0,0.0,0.0,0.0,0.0,0.0,0.0,0.0,0.0,0.0,0.0,0.0,0.0,0.2,7.7,28.0
15:48:17.000,0.0,0.0,0.0,100.0,3787.2,3503.2,145.5,69.1,14.0,112.5,0.0,0.0,1,0,38.9,0.0,0.0,0.0,0.0,0.0,-0.0,-0.0,-0.0,0.0,0.0,0.0,0.0,0.0,0.0,0.0,0.0,0.0,0.0,0.0,0.0,0.0,0.0,0.0,0.0,0.0,0.0,0.0,0.0,0.0,0.0,0.2,7.7,28.0
15:48:18.000,0.0,0.0,0.0,100.0,3787.2,3503.2,145.5,69.1,14.0,112.5,0.0,0.0,1,0,31.9,0.0,0.0,0.0,0.0,0.0,-0.0,-0.0,-0.0,0.0,0.0,0.0,0.0,0.0,0.0,1.0,0.0,0.0,0.0,0.0,0.0,0.0,0.0,0.0,0.0,0.0,0.0,0.0,0.0,0.0,0.0,0.2,7.7,28.0
15:48:19.000,0.0,0.2,0.0,99.8,3787.2,3503.2,145.5,69.1,14.0,112.5,0.0,0.0,1,0,84.7,0.0,0.0,0.0,0.0,0.0,-0.0,-0.0,-0.0,0.0,0.0,0.0,0.0,0.0,0.0,0.0,0.0,1.0,0.0,0.0,0.0,27.9,0.0,27.9,4.7,0.0,4.7,6.0,0.0,6.0,0.0,0.2,7.7,28.0
15:48:20.000,0.0,0.0,0.0,100.0,3787.2,3503.2,145.5,69.1,14.0,112.5,0.0,0.0,1,0,38.9,0.0,0.0,0.0,0.0,0.0,-0.0,-0.0,-0.0,0.0,0.0,0.0,0.0,0.0,0.0,0.0,0.0,0.0,0.0,0.0,0.0,0.0,0.0,0.0,0.0,0.0,0.0,0.0,0.0,0.0,0.0,0.2,7.7,28.0
15:48:21.000,0.0,0.0,0.0,100.0,3787.2,3503.2,145.5,69.1,14.0,112.5,0.0,0.0,1,0,33.9,0.0,0.0,0.0,0.0,0.0,-0.0,-0.0,-0.0,0.0,0.0,0.0,0.0,0.0,0.0,0.0,0.0,0.0,0.0,0.0,0.0,0.0,0.0,0.0,0.0,0.0,0.0,0.0,0.0,0.0,0.0,0.2,7.7,28.0
15:48:22.000,0.0,0.0,0.0,100.0,3787.2,3503.2,145.5,69.1,14.0,112.5,0.0,0.0,1,0,33.9,0.0,0.0,0.0,0.0,0.0,-0.0,-0.0,-0.0,0.0,0.0,0.0,0.0,0.0,0.0,0.0,0.0,0.0,0.0,0.0,0.0,0.0,0.0,0.0,0.0,0.0,0.0,0.0,0.0,0.0,0.0,0.2,7.7,28.0
15:48:23.000,0.0,0.0,0.0,100.0,3787.2,3503.2,145.5,69.1,14.0,112.5,0.0,0.0,1,0,43.9,0.0,0.0,0.0,0.0,0.0,-0.0,-0.0,-0.0,0.0,0.0,0.0,0.0,0.0,0.0,1.0,0.0,0.0,0.0,0.0,0.0,0.0,0.0,0.0,0.0,0.0,0.0,0.0,0.0,0.0,0.0,0.2,7.7,28.0
15:48:24.000,0.0,0.2,0.2,99.5,3787.2,3503.2,145.5,69.1,14.0,112.5,0.0,0.0,1,0,50.8,0.0,0.0,0.0,0.0,0.0,-0.0,-0.0,-0.0,0.0,0.0,0.0,0.0,0.0,0.0,0.0,0.0,0.0,0.0,0.0,0.0,12.0,0.0,12.0,6.0,0.0,6.0,2.0,0.0,2.0,0.0,0.2,7.7,28.0
15:48:25.000,0.0,0.0,0.0,100.0,3787.2,3503.2,145.5,69.1,14.0,112.5,0.0,0.0,1,0,37.9,0.0,0.0,0.0,0.0,0.0,-0.0,-0.0,-0.0,0.0,0.0,0.0,0.0,0.0,0.0,0.0,0.0,0.0,0.0,0.0,0.0,0.0,0.0,0.0,0.0,0.0,0.0,0.0,0.0,0.0,0.0,0.2,7.7,28.0
15:48:26.000,0.0,0.0,0.0,100.0,3787.2,3503.2,145.5,69.2,14.0,112.5,0.0,0.0,1,0,42.9,0.0,0.0,0.0,0.0,0.0,-0.0,-0.0,-0.0,0.0,0.0,0.0,0.0,0.0,0.0,0.0,0.0,0.0,0.0,0.0,0.0,0.0,0.0,0.0,0.0,0.0,0.0,0.0,0.0,0.0,0.0,0.2,7.7,28.0
15:48:27.000,0.0,0.2,0.0,99.8,3787.2,3503.2,145.5,69.2,14.0,112.5,0.0,0.0,1,0,43.9,0.0,0.0,0.0,0.0,0.0,-0.0,-0.0,-0.0,0.0,0.0,0.0,0.0,0.0,0.0,0.0,0.0,0.0,0.0,0.0,0.0,0.0,0.0,0.0,0.0,0.0,0.0,0.0,0.0,0.0,0.0,0.2,7.7,28.0
15:48:28.000,0.0,0.0,0.0,100.0,3787.2,3503.2,145.5,69.2,14.0,112.5,0.0,0.0,1,0,49.9,0.0,0.0,0.0,0.0,0.0,-0.0,-0.0,-0.0,0.0,0.0,0.0,0.0,0.0,0.0,0.0,0.0,1.0,0.0,0.0,0.0,0.0,0.0,0.0,0.0,0.0,0.0,0.0,0.0,0.0,0.0,0.2,7.7,28.0
15:48:29.000,0.2,0.0,0.0,99.8,3787.2,3503.2,145.5,69.2,14.0,112.5,0.0,0.0,1,0,44.8,0.0,0.0,0.0,0.0,0.0,-0.0,-0.0,-0.0,0.0,0.0,0.0,0.0,0.0,0.0,0.0,0.0,0.0,0.0,0.0,0.0,15.9,0.0,15.9,8.0,0.0,8.0,2.0,0.0,2.0,0.0,0.2,7.7,28.0
15:48:30.000,0.0,0.0,0.0,100.0,3787.2,3503.2,145.5,69.2,14.0,112.5,0.0,0.0,1,0,34.9,0.0,0.0,0.0,0.0,0.0,-0.0,-0.0,-0.0,0.0,0.0,0.0,0.0,0.0,0.0,0.0,0.0,0.0,0.0,0.0,0.0,0.0,0.0,0.0,0.0,0.0,0.0,0.0,0.0,0.0,0.0,0.2,7.7,28.0
15:48:31.000,0.0,0.0,0.0,100.0,3787.2,3503.2,145.5,69.2,14.0,112.5,0.0,0.0,1,0,41.9,0.0,0.0,0.0,0.0,0.0,-0.0,-0.0,-0.0,0.0,0.0,0.0,0.0,0.0,0.0,0.0,0.0,0.0,0.0,0.0,0.0,0.0,0.0,0.0,0.0,0.0,0.0,0.0,0.0,0.0,0.0,0.2,7.7,28.0
15:48:32.000,0.0,0.0,0.0,100.0,3787.2,3503.2,145.5,69.2,14.0,112.5,0.0,0.0,1,0,62.9,0.0,0.0,0.0,0.0,0.1,-0.0,-0.0,-0.0,0.0,0.0,1.0,0.0,0.0,0.0,0.0,0.0,0.0,0.0,0.0,0.0,0.0,0.0,0.0,0.0,0.0,0.0,0.0,0.0,0.0,0.0,0.2,7.7,28.0
15:48:33.000,0.0,0.0,0.0,100.0,3787.2,3503.2,145.5,69.2,14.1,112.5,0.0,0.0,1,0,39.9,0.0,0.0,0.0,0.0,0.0,-0.0,-0.0,-0.0,0.0,0.0,0.0,0.0,0.0,0.0,1.0,0.0,0.0,0.0,0.0,0.0,0.0,0.0,0.0,0.0,0.0,0.0,0.0,0.0,0.0,0.0,0.2,7.7,28.0
15:48:34.000,0.0,0.2,0.2,99.5,3787.2,3503.2,145.5,69.2,14.1,112.5,0.0,0.0,1,0,54.8,0.0,0.0,0.0,0.0,0.0,-0.0,-0.0,-0.0,0.0,0.0,0.0,0.0,0.0,0.0,0.0,0.0,0.0,0.0,0.0,0.0,15.9,0.0,15.9,5.3,0.0,5.3,3.0,0.0,3.0,0.0,0.2,7.7,28.0
15:48:35.000,0.0,0.0,0.0,100.0,3787.2,3503.2,145.5,69.2,14.1,112.5,0.0,0.0,1,0,52.9,0.0,0.0,0.0,0.0,0.0,-0.0,-0.0,-0.0,0.0,0.0,0.0,0.0,0.0,0.0,0.0,0.0,0.0,0.0,0.0,0.0,0.0,0.0,0.0,0.0,0.0,0.0,0.0,0.0,0.0,0.0,0.2,7.7,28.0
15:48:36.000,0.0,0.0,0.0,100.0,3787.2,3503.2,145.5,69.2,14.1,112.5,0.0,0.0,1,0,39.9,0.0,0.0,0.0,0.0,0.0,-0.0,-0.0,-0.0,0.0,0.0,0.0,0.0,0.0,0.0,0.0,0.0,0.0,0.0,0.0,0.0,0.0,0.0,0.0,0.0,0.0,0.0,0.0,0.0,0.0,0.0,0.2,7.7,28.0
15:48:37.000,0.0,0.2,0.0,99.8,3787.2,3503.2,145.5,69.2,14.1,112.5,0.0,0.0,1,0,33.9,0.0,0.0,0.0,0.0,0.0,-0.0,-0.0,-0.0,0.0,0.0,0.0,0.0,0.0,0.0,0.0,0.0,0.0,0.0,0.0,0.0,0.0,0.0,0.0,0.0,0.0,0.0,0.0,0.0,0.0,0.0,0.2,7.7,28.0
15:48:38.000,0.0,0.0,0.0,100.0,3787.2,3503.2,145.5,69.2,14.1,112.5,0.0,0.0,1,0,34.9,0.0,0.0,0.0,0.0,0.0,-0.0,-0.0,-0.0,0.0,0.0,0.0,0.0,0.0,0.0,0.0,0.0,1.0,0.0,0.0,0.0,0.0,0.0,0.0,0.0,0.0,0.0,0.0,0.0,0.0,0.0,0.2,7.7,28.0
15:48:39.000,0.0,0.0,0.2,99.8,3787.2,3503.2,145.5,69.2,14.1,112.5,0.0,0.0,1,0,133.5,0.0,0.0,0.0,0.0,0.1,-0.0,-0.0,-0.1,0.0,0.0,2.0,0.0,0.0,1.0,0.0,0.0,0.0,0.0,0.0,0.0,12.0,0.0,12.0,6.0,0.0,6.0,2.0,0.0,2.0,0.0,0.2,7.7,28.0
15:48:40.000,0.0,0.0,0.0,100.0,3787.2,3503.2,145.5,69.2,14.1,112.5,0.0,0.0,1,0,40.9,0.0,0.0,0.0,0.0,0.0,-0.0,-0.0,-0.0,0.0,0.0,0.0,0.0,0.0,0.0,1.0,0.0,1.0,0.0,0.0,0.0,23.9,0.0,23.9,24.0,0.0,24.0,1.0,0.0,1.0,0.0,0.2,7.7,28.0
15:48:41.000,0.0,0.0,0.0,100.0,3787.2,3503.2,145.5,69.2,14.1,112.5,0.0,0.0,1,0,39.9,0.0,0.0,0.0,0.0,0.0,-0.0,-0.0,-0.0,0.0,0.0,0.0,0.0,0.0,0.0,0.0,0.0,0.0,0.0,0.0,0.0,0.0,0.0,0.0,0.0,0.0,0.0,0.0,0.0,0.0,0.0,0.2,7.7,28.0
15:48:42.000,0.0,0.0,0.0,100.0,3787.2,3503.2,145.5,69.2,14.1,112.5,0.0,0.0,1,0,29.9,0.0,0.0,0.0,0.0,0.0,-0.0,-0.0,-0.0,0.0,0.0,0.0,0.0,0.0,0.0,0.0,0.0,0.0,0.0,0.0,0.0,0.0,0.0,0.0,0.0,0.0,0.0,0.0,0.0,0.0,0.0,0.2,7.7,28.0
15:48:43.000,0.0,0.0,0.0,100.0,3787.2,3503.2,145.5,69.2,14.1,112.5,0.0,0.0,1,0,46.9,0.0,0.0,0.0,0.0,0.0,-0.0,-0.0,-0.0,0.0,0.0,0.0,0.0,0.0,0.0,1.0,0.0,0.0,0.0,0.0,0.0,0.0,0.0,0.0,0.0,0.0,0.0,0.0,0.0,0.0,0.0,0.2,7.7,28.0
15:48:44.000,0.2,0.2,0.0,99.5,3787.2,3503.2,145.5,69.2,14.1,112.5,0.0,0.0,1,0,48.8,0.0,0.0,0.0,0.0,0.0,-0.0,-0.0,-0.0,0.0,0.0,0.0,0.0,0.0,0.0,0.0,0.0,1.0,0.0,0.0,0.0,23.9,0.0,23.9,12.0,0.0,12.0,2.0,0.0,2.0,0.0,0.2,7.7,28.0
15:48:45.000,0.0,0.0,0.0,100.0,3787.2,3503.2,145.5,69.2,14.1,112.5,0.0,0.0,1,0,39.9,0.0,0.0,0.0,0.0,0.0,-0.0,-0.0,-0.0,0.0,0.0,0.0,0.0,0.0,0.0,0.0,0.0,0.0,0.0,0.0,0.0,0.0,0.0,0.0,0.0,0.0,0.0,0.0,0.0,0.0,0.0,0.2,7.7,28.0
15:48:46.000,0.0,0.0,0.0,100.0,3787.2,3503.2,145.5,69.2,14.1,112.5,0.0,0.0,1,0,38.9,0.0,0.0,0.0,0.0,0.0,-0.0,-0.0,-0.0,0.0,0.0,0.0,0.0,0.0,0.0,0.0,0.0,0.0,0.0,0.0,0.0,0.0,0.0,0.0,0.0,0.0,0.0,0.0,0.0,0.0,0.0,0.2,7.7,28.0
15:48:47.000,0.0,0.0,0.0,100.0,3787.2,3503.2,145.5,69.2,14.1,112.5,0.0,0.0,1,0,42.9,0.0,0.0,0.0,0.0,0.0,-0.0,-0.0,-0.0,0.0,0.0,0.0,0.0,0.0,0.0,0.0,0.0,0.0,0.0,0.0,0.0,0.0,0.0,0.0,0.0,0.0,0.0,0.0,0.0,0.0,0.0,0.2,7.7,28.0
15:48:48.000,0.0,0.0,0.0,100.0,3787.2,3503.2,145.5,69.2,14.1,112.6,0.0,0.0,1,0,44.9,0.0,0.0,0.0,0.0,0.0,-0.0,-0.0,-0.0,0.0,0.0,0.0,0.0,0.0,0.0,0.0,0.0,0.0,0.0,0.0,0.0,0.0,0.0,0.0,0.0,0.0,0.0,0.0,0.0,0.0,0.0,0.2,7.7,28.0
15:48:49.000,0.0,0.2,0.2,99.5,3787.2,3503.2,145.5,69.2,14.1,112.6,0.0,0.0,1,0,64.8,0.0,0.0,0.0,0.0,0.0,-0.0,-0.0,-0.0,0.0,0.0,0.0,0.0,0.0,0.0,1.0,0.0,0.0,0.0,0.0,0.0,23.9,0.0,23.9,4.8,0.0,4.8,5.0,0.0,5.0,0.0,0.2,7.7,28.0
15:48:50.000,0.0,0.0,0.0,100.0,3787.2,3503.2,145.5,69.2,14.1,112.6,0.0,0.0,1,0,38.9,0.0,0.0,0.0,0.0,0.0,-0.0,-0.0,-0.0,0.0,0.0,0.0,0.0,0.0,0.0,0.0,0.0,0.0,0.0,0.0,0.0,0.0,0.0,0.0,0.0,0.0,0.0,0.0,0.0,0.0,0.0,0.2,7.7,28.0
15:48:51.000,0.0,0.0,0.0,100.0,3787.2,3503.2,145.5,69.2,14.1,112.6,0.0,0.0,1,0,48.9,0.0,0.0,0.0,0.0,0.0,-0.0,-0.0,-0.0,0.0,0.0,0.0,0.0,0.0,0.0,0.0,0.0,0.0,0.0,0.0,0.0,0.0,0.0,0.0,0.0,0.0,0.0,0.0,0.0,0.0,0.0,0.2,7.7,28.0
15:48:52.000,0.0,0.0,0.0,100.0,3787.2,3503.2,145.5,69.2,14.1,112.6,0.0,0.0,1,0,28.9,0.0,0.0,0.0,0.0,0.0,-0.0,-0.0,-0.0,0.0,0.0,0.0,0.0,0.0,0.0,0.0,0.0,0.0,0.0,0.0,0.0,0.0,0.0,0.0,0.0,0.0,0.0,0.0,0.0,0.0,0.0,0.2,7.7,28.0
15:48:53.000,0.0,0.0,0.0,100.0,3787.2,3503.2,145.5,69.2,14.1,112.6,0.0,0.0,1,0,38.9,0.0,0.0,0.0,0.0,0.0,-0.0,-0.0,-0.0,0.0,0.0,0.0,0.0,0.0,0.0,0.0,0.0,0.0,0.0,0.0,0.0,0.0,0.0,0.0,0.0,0.0,0.0,0.0,0.0,0.0,0.0,0.2,7.7,28.0
15:48:54.000,0.0,0.0,0.0,100.0,3787.2,3503.2,145.5,69.2,14.1,112.6,0.0,0.0,1,0,55.8,0.0,0.0,0.0,0.0,0.0,-0.0,-0.0,-0.0,0.0,0.0,0.0,0.0,0.0,0.0,0.0,0.0,1.0,0.0,0.0,0.0,12.0,0.0,12.0,6.0,0.0,6.0,2.0,0.0,2.0,0.0,0.2,7.7,28.0
15:48:55.000,0.0,0.0,0.0,100.0,3787.2,3503.2,145.5,69.2,14.1,112.6,0.0,0.0,1,0,42.9,0.0,0.0,0.0,0.0,0.0,-0.0,-0.0,-0.0,0.0,0.0,0.0,0.0,0.0,0.0,0.0,0.0,0.0,0.0,0.0,0.0,0.0,0.0,0.0,0.0,0.0,0.0,0.0,0.0,0.0,0.0,0.2,7.7,28.0
15:48:56.000,0.0,0.2,0.0,99.8,3787.2,3503.2,145.5,69.2,14.1,112.6,0.0,0.0,1,0,47.9,0.0,0.0,0.0,0.0,0.0,-0.0,-0.0,-0.0,0.0,0.0,0.0,0.0,0.0,0.0,0.0,0.0,0.0,0.0,0.0,0.0,0.0,0.0,0.0,0.0,0.0,0.0,0.0,0.0,0.0,0.0,0.2,7.7,28.0
15:48:57.000,0.0,0.0,0.0,100.0,3787.2,3503.2,145.5,69.2,14.1,112.6,0.0,0.0,1,0,59.9,1.0,0.0,0.0,0.0,0.0,-0.0,-0.0,-0.0,0.0,0.0,0.0,0.0,0.0,0.0,0.0,0.0,0.0,0.0,0.0,0.0,0.0,0.0,0.0,0.0,0.0,0.0,0.0,0.0,0.0,0.0,0.2,7.7,28.0
15:48:58.000,0.2,0.0,0.0,99.8,3787.2,3503.2,145.5,69.2,14.1,112.6,0.0,0.0,1,0,47.9,0.0,0.0,0.0,0.0,0.0,-0.0,-0.0,-0.0,0.0,0.0,0.0,0.0,0.0,0.0,0.0,0.0,0.0,0.0,0.0,0.0,0.0,0.0,0.0,0.0,0.0,0.0,0.0,0.0,0.0,0.0,0.2,7.7,28.0
15:48:59.000,0.0,0.0,0.2,99.8,3787.2,3503.2,145.5,69.2,14.1,112.6,0.0,0.0,1,0,157.5,0.0,0.0,0.0,0.0,0.1,-0.0,-0.0,-0.1,0.0,0.0,2.0,0.0,0.0,2.0,1.0,0.0,0.0,0.0,0.0,0.0,12.0,0.0,12.0,6.0,0.0,6.0,2.0,0.0,2.0,0.0,0.2,7.7,28.0
15:49:00.000,0.0,0.0,0.0,100.0,3787.2,3503.2,145.5,69.2,14.1,112.6,0.0,0.0,1,0,32.9,0.0,0.0,0.0,0.0,0.0,-0.0,-0.0,-0.0,0.0,0.0,0.0,0.0,0.0,0.0,0.0,0.0,0.0,0.0,0.0,0.0,0.0,0.0,0.0,0.0,0.0,0.0,0.0,0.0,0.0,0.0,0.2,7.7,28.0
15:49:01.000,0.0,0.0,0.0,100.0,3787.2,3503.2,145.5,69.2,14.1,112.6,0.0,0.0,1,0,46.9,0.0,0.0,0.0,0.0,0.0,-0.0,-0.0,-0.0,0.0,0.0,0.0,0.0,0.0,0.0,0.0,0.0,0.0,0.0,0.0,0.0,0.0,0.0,0.0,0.0,0.0,0.0,0.0,0.0,0.0,0.0,0.2,7.7,28.0
15:49:02.000,0.0,0.0,0.0,100.0,3787.2,3503.2,145.5,69.2,14.1,112.6,0.0,0.0,1,0,68.9,0.0,0.0,0.0,0.0,0.1,-0.0,-0.0,-0.0,0.0,0.0,1.0,0.0,0.0,0.0,0.0,0.0,0.0,0.0,0.0,0.0,0.0,0.0,0.0,0.0,0.0,0.0,0.0,0.0,0.0,0.0,0.2,7.7,28.0
15:49:03.000,0.0,0.2,0.0,99.8,3787.2,3503.2,145.5,69.2,14.1,112.6,0.0,0.0,1,0,40.9,0.0,0.0,0.0,0.0,0.0,-0.0,-0.0,-0.0,0.0,0.0,0.0,0.0,0.0,0.0,0.0,0.0,0.0,0.0,0.0,0.0,0.0,0.0,0.0,0.0,0.0,0.0,0.0,0.0,0.0,0.0,0.2,7.7,28.0
15:49:04.000,0.0,0.0,0.0,100.0,3787.2,3503.2,145.5,69.2,14.1,112.6,0.0,0.0,1,0,55.8,0.0,0.0,0.0,0.0,0.0,-0.0,-0.0,-0.0,0.0,0.0,0.0,0.0,0.0,0.0,0.0,0.0,1.0,0.0,0.0,0.0,15.9,0.0,15.9,8.0,0.0,8.0,2.0,0.0,2.0,0.0,0.2,7.7,28.0
15:49:05.000,0.0,0.0,0.0,100.0,3787.2,3503.2,145.5,69.2,14.1,112.6,0.0,0.0,1,0,34.9,0.0,0.0,0.0,0.0,0.0,-0.0,-0.0,-0.0,0.0,0.0,0.0,0.0,0.0,0.0,0.0,0.0,0.0,0.0,0.0,0.0,0.0,0.0,0.0,0.0,0.0,0.0,0.0,0.0,0.0,0.0,0.2,7.7,28.0
15:49:06.000,0.0,0.0,0.0,100.0,3787.2,3503.2,145.5,69.2,14.1,112.6,0.0,0.0,1,0,36.9,0.0,0.0,0.0,0.0,0.0,-0.0,-0.0,-0.0,0.0,0.0,0.0,0.0,0.0,0.0,0.0,0.0,0.0,0.0,0.0,0.0,0.0,0.0,0.0,0.0,0.0,0.0,0.0,0.0,0.0,0.0,0.2,7.7,28.0
15:49:07.000,0.0,0.0,0.0,100.0,3787.2,3503.2,145.5,69.2,14.1,112.6,0.0,0.0,1,0,50.9,0.0,0.0,0.0,0.0,0.0,-0.0,-0.0,-0.0,0.0,0.0,0.0,0.0,0.0,0.0,0.0,0.0,0.0,0.0,0.0,0.0,0.0,0.0,0.0,0.0,0.0,0.0,0.0,0.0,0.0,0.0,0.2,7.7,28.0
15:49:08.000,0.0,0.0,0.0,100.0,3787.2,3503.2,145.5,69.2,14.1,112.6,0.0,0.0,1,0,30.9,0.0,0.0,0.0,0.0,0.0,-0.0,-0.0,-0.0,0.0,0.0,0.0,0.0,0.0,0.0,0.0,0.0,0.0,0.0,0.0,0.0,0.0,0.0,0.0,0.0,0.0,0.0,0.0,0.0,0.0,0.0,0.2,7.7,28.0
15:49:09.000,0.0,0.2,0.2,99.5,3787.2,3503.2,145.5,69.2,14.1,112.6,0.0,0.0,1,0,67.8,0.0,0.0,0.0,0.0,0.0,-0.0,-0.0,-0.0,0.0,0.0,0.0,0.0,0.0,0.0,0.0,0.0,0.0,0.0,0.0,0.0,15.9,0.0,15.9,5.3,0.0,5.3,3.0,0.0,3.0,0.0,0.2,7.7,28.0
15:49:10.000,0.0,0.0,0.0,100.0,3787.2,3503.2,145.5,69.2,14.1,112.6,0.0,0.0,1,0,30.9,0.0,0.0,0.0,0.0,0.0,-0.0,-0.0,-0.0,0.0,0.0,0.0,0.0,0.0,0.0,0.0,0.0,0.0,0.0,0.0,0.0,0.0,0.0,0.0,0.0,0.0,0.0,0.0,0.0,0.0,0.0,0.2,7.7,28.0
15:49:11.000,0.0,0.0,0.0,100.0,3787.2,3503.2,145.5,69.2,14.1,112.6,0.0,0.0,1,0,49.9,0.0,0.0,0.0,0.0,0.0,-0.0,-0.0,-0.0,0.0,0.0,0.0,0.0,0.0,0.0,0.0,0.0,0.0,0.0,0.0,0.0,23.9,0.0,23.9,24.0,0.0,24.0,1.0,0.0,1.0,0.0,0.2,7.7,28.0
15:49:12.000,0.0,0.0,0.0,100.0,3787.2,3503.2,145.5,69.2,14.1,112.6,0.0,0.0,1,0,33.9,0.0,0.0,0.0,0.0,0.0,-0.0,-0.0,-0.0,0.0,0.0,0.0,0.0,0.0,0.0,0.0,0.0,0.0,0.0,0.0,0.0,0.0,0.0,0.0,0.0,0.0,0.0,0.0,0.0,0.0,0.0,0.2,7.7,28.0
15:49:13.000,0.0,0.2,0.0,99.8,3787.2,3503.2,145.5,69.2,14.1,112.6,0.0,0.0,1,0,30.9,0.0,0.0,0.0,0.0,0.0,-0.0,-0.0,-0.0,0.0,0.0,0.0,0.0,0.0,0.0,0.0,0.0,0.0,0.0,0.0,0.0,0.0,0.0,0.0,0.0,0.0,0.0,0.0,0.0,0.0,0.0,0.2,7.7,28.0
15:49:14.000,0.0,0.0,0.0,100.0,3787.2,3503.2,145.5,69.2,14.1,112.6,0.0,0.0,1,0,53.8,0.0,0.0,0.0,0.0,0.0,-0.0,-0.0,-0.0,0.0,0.0,0.0,0.0,0.0,0.0,0.0,0.0,0.0,0.0,0.0,0.0,23.9,0.0,23.9,12.0,0.0,12.0,2.0,0.0,2.0,0.0,0.2,7.7,28.0
15:49:15.000,0.0,0.0,0.0,100.0,3787.2,3503.2,145.5,69.2,14.1,112.6,0.0,0.0,1,0,43.9,0.0,0.0,0.0,0.0,0.0,-0.0,-0.0,-0.0,0.0,0.0,0.0,0.0,0.0,0.0,0.0,0.0,0.0,0.0,0.0,0.0,0.0,0.0,0.0,0.0,0.0,0.0,0.0,0.0,0.0,0.0,0.2,7.7,28.0
15:49:16.000,0.0,0.0,0.0,100.0,3787.2,3503.2,145.5,69.2,14.1,112.6,0.0,0.0,1,0,30.9,0.0,0.0,0.0,0.0,0.0,-0.0,-0.0,-0.0,0.0,0.0,0.0,0.0,0.0,0.0,0.0,0.0,0.0,0.0,0.0,0.0,0.0,0.0,0.0,0.0,0.0,0.0,0.0,0.0,0.0,0.0,0.2,7.7,28.0
15:49:17.000,0.0,0.0,0.0,100.0,3787.2,3503.2,145.5,69.2,14.1,112.6,0.0,0.0,1,0,26.9,0.0,0.0,0.0,0.0,0.0,-0.0,-0.0,-0.0,0.0,0.0,0.0,0.0,0.0,0.0,0.0,0.0,0.0,0.0,0.0,0.0,0.0,0.0,0.0,0.0,0.0,0.0,0.0,0.0,0.0,0.0,0.2,7.7,28.0
15:49:18.000,0.0,0.0,0.0,100.0,3787.2,3503.2,145.5,69.2,14.1,112.6,0.0,0.0,1,0,23.9,0.0,0.0,0.0,0.0,0.0,-0.0,-0.0,-0.0,0.0,0.0,0.0,0.0,0.0,0.0,0.0,0.0,0.0,0.0,0.0,0.0,0.0,0.0,0.0,0.0,0.0,0.0,0.0,0.0,0.0,0.0,0.2,7.7,28.0
15:49:19.000,0.0,0.2,0.2,99.5,3787.2,3503.2,145.5,69.2,14.1,112.6,0.0,0.0,1,0,85.7,0.0,0.0,0.0,0.0,0.0,-0.0,-0.0,-0.0,0.0,0.0,0.0,0.0,0.0,0.0,1.0,0.0,1.0,0.0,0.0,0.0,23.9,0.0,23.9,4.8,0.0,4.8,5.0,0.0,5.0,0.0,0.2,7.7,28.0
15:49:20.000,0.0,0.0,0.0,100.0,3787.2,3503.2,145.5,69.2,14.1,112.6,0.0,0.0,1,0,26.9,0.0,0.0,0.0,0.0,0.0,-0.0,-0.0,-0.0,0.0,0.0,0.0,0.0,0.0,0.0,0.0,0.0,0.0,0.0,0.0,0.0,0.0,0.0,0.0,0.0,0.0,0.0,0.0,0.0,0.0,0.0,0.2,7.7,28.0
15:49:21.000,0.0,0.0,0.0,100.0,3787.2,3503.2,145.5,69.2,14.1,112.6,0.0,0.0,1,0,38.9,0.0,0.0,0.0,0.0,0.0,-0.0,-0.0,-0.0,0.0,0.0,0.0,0.0,0.0,0.0,0.0,0.0,0.0,0.0,0.0,0.0,0.0,0.0,0.0,0.0,0.0,0.0,0.0,0.0,0.0,0.0,0.2,7.7,28.0
15:49:22.000,0.0,0.0,0.0,100.0,3787.2,3503.2,145.5,69.2,14.1,112.6,0.0,0.0,1,0,29.9,0.0,0.0,0.0,0.0,0.0,-0.0,-0.0,-0.0,0.0,0.0,0.0,0.0,0.0,0.0,0.0,0.0,0.0,0.0,0.0,0.0,0.0,0.0,0.0,0.0,0.0,0.0,0.0,0.0,0.0,0.0,0.2,7.7,28.0
15:49:23.000,0.0,0.2,0.0,99.8,3787.2,3503.2,145.5,69.2,14.1,112.6,0.0,0.0,1,0,42.9,0.0,0.0,0.0,0.0,0.0,-0.0,-0.0,-0.0,0.0,0.0,0.0,0.0,0.0,0.0,0.0,0.0,0.0,0.0,0.0,0.0,0.0,0.0,0.0,0.0,0.0,0.0,0.0,0.0,0.0,0.0,0.2,7.7,28.0
15:49:24.000,0.0,0.0,0.0,100.0,3787.2,3503.2,145.5,69.2,14.1,112.6,0.0,0.0,1,0,51.8,0.0,0.0,0.0,0.0,0.0,-0.0,-0.0,-0.0,0.0,0.0,0.0,0.0,0.0,0.0,1.0,0.0,0.0,0.0,0.0,0.0,12.0,0.0,12.0,6.0,0.0,6.0,2.0,0.0,2.0,0.0,0.2,7.7,28.0
15:49:25.000,0.0,0.0,0.0,100.0,3787.2,3503.2,145.5,69.2,14.1,112.6,0.0,0.0,1,0,38.9,0.0,0.0,0.0,0.0,0.0,-0.0,-0.0,-0.0,0.0,0.0,0.0,0.0,0.0,0.0,0.0,0.0,0.0,0.0,0.0,0.0,0.0,0.0,0.0,0.0,0.0,0.0,0.0,0.0,0.0,0.0,0.2,7.7,28.0
15:49:26.000,0.0,0.0,0.0,100.0,3787.2,3503.2,145.5,69.2,14.1,112.6,0.0,0.0,1,0,28.9,0.0,0.0,0.0,0.0,0.0,-0.0,-0.0,-0.0,0.0,0.0,0.0,0.0,0.0,0.0,0.0,0.0,0.0,0.0,0.0,0.0,0.0,0.0,0.0,0.0,0.0,0.0,0.0,0.0,0.0,0.0,0.2,7.7,28.0
15:49:27.000,0.0,0.0,0.0,100.0,3787.2,3503.2,145.5,69.2,14.1,112.6,0.0,0.0,1,0,53.9,0.0,0.0,0.0,0.0,0.0,-0.0,-0.0,-0.0,0.0,0.0,0.0,0.0,0.0,0.0,0.0,0.0,0.0,0.0,0.0,0.0,0.0,0.0,0.0,0.0,0.0,0.0,0.0,0.0,0.0,0.0,0.2,7.7,28.0
15:49:28.000,0.0,0.2,0.0,99.8,3787.2,3503.2,145.5,69.2,14.1,112.6,0.0,0.0,1,0,28.9,0.0,0.0,0.0,0.0,0.0,-0.0,-0.0,-0.0,0.0,0.0,0.0,0.0,0.0,0.0,0.0,0.0,0.0,0.0,0.0,0.0,0.0,0.0,0.0,0.0,0.0,0.0,0.0,0.0,0.0,0.0,0.2,7.7,28.0
15:49:29.000,0.0,0.0,0.2,99.8,3787.2,3503.2,145.5,69.2,14.1,112.6,0.0,0.0,1,0,57.8,0.0,0.0,0.0,0.0,0.0,-0.0,-0.0,-0.0,0.0,0.0,0.0,0.0,0.0,0.0,0.0,0.0,1.0,0.0,0.0,0.0,12.0,0.0,12.0,6.0,0.0,6.0,2.0,0.0,2.0,0.0,0.2,7.7,28.0
15:49:30.000,0.0,0.0,0.0,100.0,3787.2,3503.2,145.5,69.2,14.1,112.6,0.0,0.0,1,0,31.9,0.0,0.0,0.0,0.0,0.0,-0.0,-0.0,-0.0,0.0,0.0,0.0,0.0,0.0,0.0,0.0,0.0,0.0,0.0,0.0,0.0,0.0,0.0,0.0,0.0,0.0,0.0,0.0,0.0,0.0,0.0,0.2,7.7,28.0
15:49:31.000,0.0,0.0,0.0,100.0,3787.2,3503.2,145.5,69.2,14.1,112.6,0.0,0.0,1,0,42.9,0.0,0.0,0.0,0.0,0.0,-0.0,-0.0,-0.0,0.0,0.0,0.0,0.0,0.0,0.0,0.0,0.0,0.0,0.0,0.0,0.0,0.0,0.0,0.0,0.0,0.0,0.0,0.0,0.0,0.0,0.0,0.2,7.7,28.0
15:49:32.000,0.0,0.0,0.0,100.0,3787.2,3503.2,145.5,69.2,14.1,112.6,0.0,0.0,1,0,62.9,0.0,0.0,0.0,0.0,0.1,-0.0,-0.0,-0.0,0.0,0.0,1.0,0.0,0.0,0.0,0.0,0.0,0.0,0.0,0.0,0.0,0.0,0.0,0.0,0.0,0.0,0.0,0.0,0.0,0.0,0.0,0.2,7.7,28.0
15:49:33.000,0.0,0.2,0.0,99.8,3787.2,3503.2,145.5,69.2,14.1,112.6,0.0,0.0,1,0,34.9,0.0,0.0,0.0,0.0,0.0,-0.0,-0.0,-0.0,0.0,0.0,0.0,0.0,0.0,0.0,0.0,0.0,0.0,0.0,0.0,0.0,0.0,0.0,0.0,0.0,0.0,0.0,0.0,0.0,0.0,0.0,0.2,7.7,28.0
15:49:34.000,0.0,0.0,0.0,100.0,3787.2,3503.2,145.5,69.2,14.1,112.6,0.0,0.0,1,0,47.8,0.0,0.0,0.0,0.0,0.0,-0.0,-0.0,-0.0,0.0,0.0,0.0,0.0,0.0,0.0,0.0,0.0,0.0,0.0,0.0,0.0,12.0,0.0,12.0,6.0,0.0,6.0,2.0,0.0,2.0,0.0,0.2,7.7,28.0
15:49:35.000,0.0,0.0,0.0,100.0,3787.2,3503.2,145.5,69.2,14.1,112.6,0.0,0.0,1,0,44.9,0.0,0.0,0.0,0.0,0.0,-0.0,-0.0,-0.0,0.0,0.0,0.0,0.0,0.0,0.0,0.0,0.0,0.0,0.0,0.0,0.0,0.0,0.0,0.0,0.0,0.0,0.0,0.0,0.0,0.0,0.0,0.2,7.7,28.0
15:49:36.000,0.0,0.0,0.0,100.0,3787.2,3503.2,145.5,69.2,14.1,112.6,0.0,0.0,1,0,27.9,0.0,0.0,0.0,0.0,0.0,-0.0,-0.0,-0.0,0.0,0.0,0.0,0.0,0.0,0.0,0.0,0.0,0.0,0.0,0.0,0.0,0.0,0.0,0.0,0.0,0.0,0.0,0.0,0.0,0.0,0.0,0.2,7.7,28.0
15:49:37.000,0.2,0.0,0.0,99.8,3787.2,3503.2,145.5,69.3,14.1,112.6,0.0,0.0,1,0,42.9,0.0,0.0,0.0,0.0,0.0,-0.0,-0.0,-0.0,0.0,0.0,0.0,0.0,0.0,0.0,0.0,0.0,0.0,0.0,0.0,0.0,0.0,0.0,0.0,0.0,0.0,0.0,0.0,0.0,0.0,0.0,0.2,7.7,28.0
15:49:38.000,0.0,0.0,0.0,100.0,3787.2,3503.2,145.5,69.3,14.2,112.6,0.0,0.0,1,0,28.9,0.0,0.0,0.0,0.0,0.0,-0.0,-0.0,-0.0,0.0,0.0,0.0,0.0,0.0,0.0,0.0,0.0,0.0,0.0,0.0,0.0,0.0,0.0,0.0,0.0,0.0,0.0,0.0,0.0,0.0,0.0,0.2,7.7,28.0
15:49:39.000,0.0,0.0,0.2,99.8,3787.2,3503.2,145.5,69.3,14.2,112.6,0.0,0.0,1,0,63.8,0.0,0.0,0.0,0.0,0.0,-0.0,-0.0,-0.0,0.0,0.0,0.0,0.0,0.0,0.0,1.0,0.0,0.0,0.0,0.0,0.0,12.0,0.0,12.0,6.0,0.0,6.0,2.0,0.0,2.0,0.0,0.2,7.7,28.0
15:49:40.000,0.2,0.0,0.0,99.8,3787.2,3503.2,145.5,69.3,14.2,112.6,0.0,0.0,1,0,28.9,0.0,0.0,0.0,0.0,0.0,-0.0,-0.0,-0.0,0.0,0.0,0.0,0.0,0.0,0.0,0.0,0.0,0.0,0.0,0.0,0.0,0.0,0.0,0.0,0.0,0.0,0.0,0.0,0.0,0.0,0.0,0.2,7.7,28.0
15:49:41.000,0.0,0.0,0.0,100.0,3787.2,3503.2,145.5,69.3,14.2,112.6,0.0,0.0,1,0,34.9,0.0,0.0,0.0,0.0,0.0,-0.0,-0.0,-0.0,0.0,0.0,0.0,0.0,0.0,0.0,0.0,0.0,0.0,0.0,0.0,0.0,0.0,0.0,0.0,0.0,0.0,0.0,0.0,0.0,0.0,0.0,0.2,7.7,28.0
15:49:42.000,0.0,0.0,0.0,100.0,3787.2,3503.2,145.5,69.3,14.2,112.6,0.0,0.0,1,0,44.9,0.0,0.0,0.0,0.0,0.0,-0.0,-0.0,-0.0,0.0,0.0,0.0,0.0,0.0,0.0,0.0,0.0,0.0,0.0,0.0,0.0,24.0,0.0,24.0,24.0,0.0,24.0,1.0,0.0,1.0,0.0,0.2,7.7,28.0
15:49:43.000,0.0,0.0,0.0,100.0,3787.2,3503.2,145.5,69.3,14.2,112.6,0.0,0.0,1,0,40.9,0.0,0.0,0.0,0.0,0.0,-0.0,-0.0,-0.0,0.0,0.0,0.0,0.0,0.0,0.0,0.0,0.0,0.0,0.0,0.0,0.0,0.0,0.0,0.0,0.0,0.0,0.0,0.0,0.0,0.0,0.0,0.2,7.7,28.0
15:49:44.000,0.0,0.0,0.2,99.8,3787.2,3503.2,145.5,69.3,14.2,112.6,0.0,0.0,1,0,51.8,0.0,0.0,0.0,0.0,0.0,-0.0,-0.0,-0.0,0.0,0.0,0.0,0.0,0.0,0.0,0.0,0.0,1.0,0.0,0.0,0.0,23.9,0.0,23.9,12.0,0.0,12.0,2.0,0.0,2.0,0.0,0.2,7.7,28.0
15:49:45.000,0.0,0.0,0.0,100.0,3787.2,3503.2,145.5,69.3,14.2,112.6,0.0,0.0,1,0,36.9,0.0,0.0,0.0,0.0,0.0,-0.0,-0.0,-0.0,0.0,0.0,0.0,0.0,0.0,0.0,0.0,0.0,0.0,0.0,0.0,0.0,0.0,0.0,0.0,0.0,0.0,0.0,0.0,0.0,0.0,0.0,0.2,7.7,28.0
15:49:46.000,0.0,0.0,0.0,100.0,3787.2,3503.2,145.5,69.3,14.2,112.6,0.0,0.0,1,0,31.9,0.0,0.0,0.0,0.0,0.0,-0.0,-0.0,-0.0,0.0,0.0,0.0,0.0,0.0,0.0,0.0,0.0,0.0,0.0,0.0,0.0,0.0,0.0,0.0,0.0,0.0,0.0,0.0,0.0,0.0,0.0,0.2,7.7,28.0
15:49:47.000,0.0,0.0,0.0,100.0,3787.2,3503.2,145.5,69.3,14.2,112.6,0.0,0.0,1,0,48.9,0.0,0.0,0.0,0.0,0.0,-0.0,-0.0,-0.0,0.0,0.0,0.0,0.0,0.0,0.0,0.0,0.0,0.0,0.0,0.0,0.0,0.0,0.0,0.0,0.0,0.0,0.0,0.0,0.0,0.0,0.0,0.2,7.7,28.0
15:49:48.000,0.2,0.0,0.0,99.8,3787.2,3503.2,145.5,69.3,14.2,112.6,0.0,0.0,1,0,39.9,0.0,0.0,0.0,0.0,0.0,-0.0,-0.0,-0.0,0.0,0.0,0.0,0.0,0.0,0.0,0.0,0.0,0.0,0.0,0.0,0.0,0.0,0.0,0.0,0.0,0.0,0.0,0.0,0.0,0.0,0.0,0.2,7.7,28.0
15:49:49.000,0.0,0.0,0.0,100.0,3787.2,3503.2,145.5,69.3,14.2,112.6,0.0,0.0,1,0,73.7,0.0,0.0,0.0,0.0,0.0,-0.0,-0.0,-0.0,0.0,0.0,0.0,0.0,0.0,0.0,1.0,0.0,1.0,0.0,0.0,0.0,23.9,0.0,23.9,4.8,0.0,4.8,5.0,0.0,5.0,0.0,0.2,7.7,28.0
15:49:50.000,0.0,0.0,0.0,100.0,3787.2,3503.2,145.5,69.3,14.2,112.6,0.0,0.0,1,0,30.9,0.0,0.0,0.0,0.0,0.0,-0.0,-0.0,-0.0,0.0,0.0,0.0,0.0,0.0,0.0,0.0,0.0,0.0,0.0,0.0,0.0,0.0,0.0,0.0,0.0,0.0,0.0,0.0,0.0,0.0,0.0,0.2,7.7,28.0
15:49:51.000,0.0,0.0,0.0,100.0,3787.2,3503.2,145.5,69.3,14.2,112.6,0.0,0.0,1,0,46.9,0.0,0.0,0.0,0.0,0.0,-0.0,-0.0,-0.0,0.0,0.0,0.0,0.0,0.0,0.0,0.0,0.0,0.0,0.0,0.0,0.0,0.0,0.0,0.0,0.0,0.0,0.0,0.0,0.0,0.0,0.0,0.2,7.7,28.0
15:49:52.000,0.0,0.0,0.0,100.0,3787.2,3503.2,145.5,69.3,14.2,112.6,0.0,0.0,1,0,28.9,0.0,0.0,0.0,0.0,0.0,-0.0,-0.0,-0.0,0.0,0.0,0.0,0.0,0.0,0.0,0.0,0.0,0.0,0.0,0.0,0.0,0.0,0.0,0.0,0.0,0.0,0.0,0.0,0.0,0.0,0.0,0.2,7.7,28.0
15:49:53.000,0.2,0.0,0.0,99.8,3787.2,3503.2,145.5,69.3,14.2,112.6,0.0,0.0,1,0,109.8,0.0,0.0,0.0,0.0,0.2,-0.0,-0.0,-0.1,0.0,0.0,2.0,0.0,0.0,1.0,0.0,0.0,0.0,0.0,0.0,0.0,0.0,0.0,0.0,0.0,0.0,0.0,0.0,0.0,0.0,0.0,0.2,7.7,28.0
15:49:54.000,0.0,0.0,0.2,99.8,3787.2,3503.2,145.5,69.3,14.2,112.6,0.0,0.0,1,0,47.8,0.0,0.0,0.0,0.0,0.0,-0.0,-0.0,-0.0,0.0,0.0,0.0,0.0,0.0,0.0,0.0,0.0,0.0,0.0,0.0,0.0,12.0,0.0,12.0,6.0,0.0,6.0,2.0,0.0,2.0,0.0,0.2,7.7,28.0
15:49:55.000,0.0,0.0,0.0,100.0,3787.2,3503.2,145.5,69.3,14.2,112.6,0.0,0.0,1,0,158.7,0.0,0.0,0.0,0.0,0.2,-0.0,-0.0,-0.1,0.0,0.0,2.0,0.0,0.0,2.0,0.0,0.0,0.0,0.0,0.0,0.0,0.0,0.0,0.0,0.0,0.0,0.0,0.0,0.0,0.0,0.0,0.2,7.7,28.0
15:49:56.000,0.0,0.0,0.0,100.0,3787.2,3502.9,145.5,69.3,14.2,112.6,0.0,0.0,1,0,86.8,0.0,0.0,0.0,0.0,0.1,-0.0,-0.0,-0.9,0.0,0.0,2.0,0.0,0.0,2.0,0.0,0.0,0.0,0.0,0.0,0.0,0.0,0.0,0.0,0.0,0.0,0.0,0.0,0.0,0.0,0.0,0.2,7.7,28.0
15:49:57.000,0.0,0.0,0.0,100.0,3787.2,3502.9,145.5,69.3,14.2,112.6,0.0,0.0,1,0,40.9,0.0,0.0,0.0,0.0,0.0,-0.0,-0.0,-0.0,0.0,0.0,0.0,0.0,0.0,0.0,0.0,0.0,0.0,0.0,0.0,0.0,0.0,0.0,0.0,0.0,0.0,0.0,0.0,0.0,0.0,0.0,0.2,7.7,28.0
15:49:58.000,0.2,0.0,0.0,99.8,3787.2,3502.9,145.5,69.3,14.2,112.6,0.0,0.0,1,0,36.9,0.0,0.0,0.0,0.0,0.0,-0.0,-0.0,-0.0,0.0,0.0,0.0,0.0,0.0,0.0,0.0,0.0,0.0,0.0,0.0,0.0,0.0,0.0,0.0,0.0,0.0,0.0,0.0,0.0,0.0,0.0,0.2,7.7,28.0
15:49:59.000,0.0,0.2,0.0,99.8,3787.2,3502.9,145.5,69.3,14.2,112.6,0.0,0.0,1,0,273.1,0.0,0.0,0.0,0.0,0.4,-0.0,-0.0,-0.4,0.0,0.0,6.0,0.0,0.0,4.0,1.0,0.0,0.0,0.0,0.0,0.0,12.0,0.0,12.0,6.0,0.0,6.0,2.0,0.0,2.0,0.0,0.2,7.7,28.0
15:50:00.000,0.0,0.0,0.0,100.0,3787.2,3502.9,145.5,69.3,14.2,112.6,0.0,0.0,1,0,88.8,0.0,0.0,0.0,0.0,0.1,-0.0,-0.0,-0.1,0.0,0.0,2.0,0.0,0.0,1.0,0.0,0.0,0.0,0.0,0.0,0.0,0.0,0.0,0.0,0.0,0.0,0.0,0.0,0.0,0.0,0.0,0.2,7.7,28.0
15:50:01.000,0.2,0.0,0.0,99.8,3787.2,3502.9,145.5,69.3,14.2,112.6,0.0,0.0,1,0,42.9,0.0,0.0,0.0,0.0,0.0,-0.0,-0.0,-0.0,0.0,0.0,0.0,0.0,0.0,0.0,0.0,0.0,0.0,0.0,0.0,0.0,0.0,0.0,0.0,0.0,0.0,0.0,0.0,0.0,0.0,0.0,0.2,7.7,28.0
15:50:02.000,0.0,0.0,0.0,100.0,3787.2,3502.9,145.5,69.3,14.2,112.6,0.0,0.0,1,0,58.9,0.0,0.0,0.0,0.0,0.1,-0.0,-0.0,-0.0,0.0,0.0,1.0,0.0,0.0,0.0,0.0,0.0,0.0,0.0,0.0,0.0,0.0,0.0,0.0,0.0,0.0,0.0,0.0,0.0,0.0,0.0,0.2,7.7,28.0
15:50:03.000,0.0,0.0,0.0,100.0,3787.2,3502.9,145.5,69.3,14.2,112.6,0.0,0.0,1,0,53.9,0.0,0.0,0.0,0.0,0.0,-0.0,-0.0,-0.0,0.0,0.0,0.0,0.0,0.0,0.0,0.0,0.0,0.0,0.0,0.0,0.0,0.0,0.0,0.0,0.0,0.0,0.0,0.0,0.0,0.0,0.0,0.2,7.7,28.0
15:50:04.000,0.0,0.0,0.2,99.8,3787.2,3502.9,145.5,69.3,14.2,112.6,0.0,0.0,1,0,33.9,0.0,0.0,0.0,0.0,0.0,-0.0,-0.0,-0.0,0.0,0.0,0.0,0.0,0.0,0.0,0.0,0.0,1.0,0.0,0.0,0.0,12.0,0.0,12.0,6.0,0.0,6.0,2.0,0.0,2.0,0.0,0.2,7.7,28.0
15:50:05.000,0.0,0.2,0.0,99.8,3787.2,3502.9,145.5,69.3,14.2,112.6,0.0,0.0,1,0,33.9,0.0,0.0,0.0,0.0,0.0,-0.0,-0.0,-0.0,0.0,0.0,0.0,0.0,0.0,0.0,0.0,0.0,0.0,0.0,0.0,0.0,0.0,0.0,0.0,0.0,0.0,0.0,0.0,0.0,0.0,0.0,0.2,7.7,28.0
15:50:06.000,0.0,0.0,0.0,100.0,3787.2,3502.9,145.5,69.3,14.2,112.6,0.0,0.0,1,0,28.9,0.0,0.0,0.0,0.0,0.0,-0.0,-0.0,-0.0,0.0,0.0,0.0,0.0,0.0,0.0,0.0,0.0,0.0,0.0,0.0,0.0,0.0,0.0,0.0,0.0,0.0,0.0,0.0,0.0,0.0,0.0,0.2,7.7,28.0
15:50:07.000,0.0,0.0,0.0,100.0,3787.2,3502.9,145.5,69.3,14.2,112.6,0.0,0.0,1,0,48.9,0.0,0.0,0.0,0.0,0.0,-0.0,-0.0,-0.0,0.0,0.0,0.0,0.0,0.0,0.0,0.0,0.0,0.0,0.0,0.0,0.0,0.0,0.0,0.0,0.0,0.0,0.0,0.0,0.0,0.0,0.0,0.2,7.7,28.0
15:50:08.000,0.0,0.0,0.0,100.0,3787.2,3502.9,145.5,69.3,14.2,112.6,0.0,0.0,1,0,43.9,0.0,0.0,0.0,0.0,0.0,-0.0,-0.0,-0.0,0.0,0.0,0.0,0.0,0.0,0.0,0.0,0.0,0.0,0.0,0.0,0.0,0.0,0.0,0.0,0.0,0.0,0.0,0.0,0.0,0.0,0.0,0.2,7.7,28.0
15:50:09.000,0.0,0.0,0.0,100.0,3787.2,3502.9,145.5,69.3,14.2,112.6,0.0,0.0,1,0,53.8,0.0,0.0,0.0,0.0,0.0,-0.0,-0.0,-0.0,0.0,0.0,0.0,0.0,0.0,0.0,0.0,0.0,0.0,0.0,0.0,0.0,15.9,0.0,15.9,8.0,0.0,8.0,2.0,0.0,2.0,0.0,0.2,7.7,28.0
15:50:10.000,0.0,0.0,0.0,100.0,3787.2,3502.9,145.5,69.3,14.2,112.6,0.0,0.0,1,0,34.9,0.0,0.0,0.0,0.0,0.0,-0.0,-0.0,-0.0,0.0,0.0,0.0,0.0,0.0,0.0,0.0,0.0,0.0,0.0,0.0,0.0,0.0,0.0,0.0,0.0,0.0,0.0,0.0,0.0,0.0,0.0,0.2,7.7,28.0
15:50:11.000,0.0,0.2,0.0,99.8,3787.2,3502.9,145.5,69.3,14.2,112.6,0.0,0.0,1,0,44.9,0.0,0.0,0.0,0.0,0.0,-0.0,-0.0,-0.0,0.0,0.0,0.0,0.0,0.0,0.0,0.0,0.0,0.0,0.0,0.0,0.0,0.0,0.0,0.0,0.0,0.0,0.0,0.0,0.0,0.0,0.0,0.2,7.7,28.0
15:50:12.000,0.0,0.0,0.0,100.0,3787.2,3502.9,145.5,69.3,14.2,112.6,0.0,0.0,1,0,30.9,0.0,0.0,0.0,0.0,0.0,-0.0,-0.0,-0.0,0.0,0.0,0.0,0.0,0.0,0.0,0.0,0.0,0.0,0.0,0.0,0.0,0.0,0.0,0.0,0.0,0.0,0.0,0.0,0.0,0.0,0.0,0.2,7.7,28.0
15:50:13.000,0.0,0.0,0.0,100.0,3787.2,3502.9,145.5,69.3,14.2,112.6,0.0,0.0,1,0,54.9,0.0,0.0,0.0,0.0,0.0,-0.0,-0.0,-0.0,0.0,0.0,0.0,0.0,0.0,0.0,0.0,0.0,0.0,0.0,0.0,0.0,24.0,0.0,24.0,24.0,0.0,24.0,1.0,0.0,1.0,0.0,0.2,7.7,28.0
15:50:15.000,0.0,0.0,0.2,99.8,3787.2,3502.9,145.5,69.3,14.2,112.6,0.0,0.0,1,0,71.6,0.0,0.0,0.0,0.0,0.0,-0.0,-0.0,-0.0,0.0,0.0,0.0,0.0,0.0,0.0,1.0,0.0,1.0,0.0,0.0,0.0,39.8,0.0,39.8,6.7,0.0,6.7,6.0,0.0,6.0,0.0,0.2,7.7,28.0
15:50:16.000,0.0,0.2,0.0,99.8,3787.2,3502.9,145.5,69.3,14.2,112.6,0.0,0.0,1,0,46.9,0.0,0.0,0.0,0.0,0.0,-0.0,-0.0,-0.0,0.0,0.0,0.0,0.0,0.0,0.0,0.0,0.0,0.0,0.0,0.0,0.0,0.0,0.0,0.0,0.0,0.0,0.0,0.0,0.0,0.0,0.0,0.2,7.7,28.0
15:50:17.000,0.0,0.0,0.0,100.0,3787.2,3502.9,145.5,69.3,14.2,112.6,0.0,0.0,1,0,30.9,0.0,0.0,0.0,0.0,0.0,-0.0,-0.0,-0.0,0.0,0.0,0.0,0.0,0.0,0.0,0.0,0.0,0.0,0.0,0.0,0.0,0.0,0.0,0.0,0.0,0.0,0.0,0.0,0.0,0.0,0.0,0.2,7.7,28.0
15:50:18.000,0.2,0.0,0.0,99.8,3787.2,3502.9,145.5,69.3,14.2,112.6,0.0,0.0,1,0,36.9,0.0,0.0,0.0,0.0,0.0,-0.0,-0.0,-0.0,0.0,0.0,0.0,0.0,0.0,0.0,0.0,0.0,0.0,0.0,0.0,0.0,0.0,0.0,0.0,0.0,0.0,0.0,0.0,0.0,0.0,0.0,0.2,7.7,28.0
15:50:19.000,0.0,0.0,0.0,100.0,3787.2,3502.9,145.5,69.3,14.2,112.6,0.0,0.0,1,0,40.9,0.0,0.0,0.0,0.0,0.0,-0.0,-0.0,-0.0,0.0,0.0,0.0,0.0,0.0,0.0,0.0,0.0,0.0,0.0,0.0,0.0,0.0,0.0,0.0,0.0,0.0,0.0,0.0,0.0,0.0,0.0,0.2,7.7,28.0
15:50:20.000,0.0,0.0,0.0,100.0,3787.2,3502.9,145.5,69.3,14.2,112.6,0.0,0.0,1,0,63.8,0.0,0.0,0.0,0.0,0.0,-0.0,-0.0,-0.0,0.0,0.0,0.0,0.0,0.0,0.0,0.0,0.0,0.0,0.0,0.0,0.0,12.0,0.0,12.0,6.0,0.0,6.0,2.0,0.0,2.0,0.0,0.2,7.7,28.0
15:50:21.000,0.0,0.0,0.0,100.0,3787.2,3502.9,145.5,69.3,14.2,112.6,0.0,0.0,1,0,32.9,0.0,0.0,0.0,0.0,0.0,-0.0,-0.0,-0.0,0.0,0.0,0.0,0.0,0.0,0.0,0.0,0.0,0.0,0.0,0.0,0.0,0.0,0.0,0.0,0.0,0.0,0.0,0.0,0.0,0.0,0.0,0.2,7.7,28.0
15:50:22.000,0.0,0.0,0.0,100.0,3787.2,3502.9,145.5,69.3,14.2,112.6,0.0,0.0,1,0,34.9,0.0,0.0,0.0,0.0,0.0,-0.0,-0.0,-0.0,0.0,0.0,0.0,0.0,0.0,0.0,0.0,0.0,0.0,0.0,0.0,0.0,0.0,0.0,0.0,0.0,0.0,0.0,0.0,0.0,0.0,0.0,0.2,7.7,28.0
15:50:23.000,0.0,0.2,0.0,99.8,3787.2,3502.9,145.5,69.3,14.2,112.6,0.0,0.0,1,0,28.9,0.0,0.0,0.0,0.0,0.0,-0.0,-0.0,-0.0,0.0,0.0,0.0,0.0,0.0,0.0,0.0,0.0,0.0,0.0,0.0,0.0,0.0,0.0,0.0,0.0,0.0,0.0,0.0,0.0,0.0,0.0,0.2,7.7,28.0
15:50:24.000,0.0,0.0,0.0,100.0,3787.2,3502.9,145.5,69.3,14.2,112.6,0.0,0.0,1,0,43.9,0.0,0.0,0.0,0.0,0.0,-0.0,-0.0,-0.0,0.0,0.0,0.0,0.0,0.0,0.0,1.0,0.0,0.0,0.0,0.0,0.0,0.0,0.0,0.0,0.0,0.0,0.0,0.0,0.0,0.0,0.0,0.2,7.7,28.0
15:50:25.000,0.0,0.0,0.2,99.8,3787.2,3502.9,145.5,69.3,14.2,112.6,0.0,0.0,1,0,51.8,0.0,0.0,0.0,0.0,0.0,-0.0,-0.0,-0.0,0.0,0.0,0.0,0.0,0.0,0.0,0.0,0.0,0.0,0.0,0.0,0.0,12.0,0.0,12.0,6.0,0.0,6.0,2.0,0.0,2.0,0.0,0.2,7.7,28.0
15:50:26.000,0.0,0.0,0.0,100.0,3787.2,3502.9,145.5,69.3,14.2,112.6,0.0,0.0,1,0,38.9,0.0,0.0,0.0,0.0,0.0,-0.0,-0.0,-0.0,0.0,0.0,0.0,0.0,0.0,0.0,0.0,0.0,0.0,0.0,0.0,0.0,0.0,0.0,0.0,0.0,0.0,0.0,0.0,0.0,0.0,0.0,0.2,7.7,28.0
15:50:27.000,0.0,0.0,0.0,100.0,3787.2,3502.9,145.5,69.3,14.2,112.6,0.0,0.0,1,0,30.9,0.0,0.0,0.0,0.0,0.0,-0.0,-0.0,-0.0,0.0,0.0,0.0,0.0,0.0,0.0,0.0,0.0,0.0,0.0,0.0,0.0,0.0,0.0,0.0,0.0,0.0,0.0,0.0,0.0,0.0,0.0,0.2,7.7,28.0
15:50:28.000,0.0,0.0,0.0,100.0,3787.2,3502.9,145.5,69.3,14.2,112.6,0.0,0.0,1,0,56.9,0.0,0.0,0.0,0.0,0.0,-0.0,-0.0,-0.0,0.0,0.0,0.0,0.0,0.0,0.0,0.0,0.0,0.0,0.0,0.0,0.0,0.0,0.0,0.0,0.0,0.0,0.0,0.0,0.0,0.0,0.0,0.2,7.7,28.0
15:50:29.000,0.0,0.2,0.0,99.8,3787.2,3502.9,145.5,69.3,14.2,112.6,0.0,0.0,1,0,37.9,0.0,0.0,0.0,0.0,0.0,-0.0,-0.0,-0.0,0.0,0.0,0.0,0.0,0.0,0.0,0.0,0.0,1.0,0.0,0.0,0.0,0.0,0.0,0.0,0.0,0.0,0.0,0.0,0.0,0.0,0.0,0.2,7.7,28.0
15:50:30.000,0.0,0.0,0.0,100.0,3787.2,3502.9,145.5,69.3,14.2,112.6,0.0,0.0,1,0,65.8,0.0,0.0,0.0,0.0,0.0,-0.0,-0.0,-0.0,0.0,0.0,0.0,0.0,0.0,0.0,0.0,0.0,0.0,0.0,0.0,0.0,12.0,0.0,12.0,6.0,0.0,6.0,2.0,0.0,2.0,0.0,0.2,7.7,28.0
15:50:31.000,0.0,0.0,0.0,100.0,3787.2,3502.9,145.5,69.3,14.2,112.6,0.0,0.0,1,0,28.9,0.0,0.0,0.0,0.0,0.0,-0.0,-0.0,-0.0,0.0,0.0,0.0,0.0,0.0,0.0,0.0,0.0,0.0,0.0,0.0,0.0,0.0,0.0,0.0,0.0,0.0,0.0,0.0,0.0,0.0,0.0,0.2,7.7,28.0
15:50:32.000,0.0,0.0,0.0,100.0,3787.2,3502.9,145.5,69.3,14.2,112.6,0.0,0.0,1,0,45.9,0.0,0.0,0.0,0.0,0.0,-0.0,-0.0,-0.0,0.0,0.0,0.0,0.0,0.0,0.0,0.0,0.0,0.0,0.0,0.0,0.0,0.0,0.0,0.0,0.0,0.0,0.0,0.0,0.0,0.0,0.0,0.2,7.7,28.0
15:50:33.000,0.0,0.0,0.0,100.0,3787.2,3502.9,145.6,69.3,14.2,112.6,0.0,0.0,1,0,63.9,0.0,0.0,0.0,0.0,0.1,-0.0,-0.0,-0.0,0.0,0.0,1.0,0.0,0.0,0.0,0.0,0.0,0.0,0.0,0.0,0.0,0.0,0.0,0.0,0.0,0.0,0.0,0.0,0.0,0.0,0.0,0.2,7.7,28.0
15:50:34.000,0.0,0.0,0.0,100.0,3787.2,3502.9,145.5,69.3,14.2,112.6,0.0,0.0,1,0,36.9,0.0,0.0,0.0,0.0,0.0,-0.0,-0.0,-0.0,0.0,0.0,0.0,0.0,0.0,0.0,0.0,0.0,0.0,0.0,0.0,0.0,0.0,0.0,0.0,0.0,0.0,0.0,0.0,0.0,0.0,0.0,0.2,7.7,28.0
15:50:35.000,0.0,0.2,0.2,99.5,3787.2,3502.9,145.6,69.3,14.2,112.6,0.0,0.0,1,0,53.7,0.0,0.0,0.0,0.0,0.0,-0.0,-0.0,-0.0,0.0,0.0,0.0,0.0,0.0,0.0,1.0,0.0,1.0,0.0,0.0,0.0,11.9,0.0,11.9,6.0,0.0,6.0,2.0,0.0,2.0,0.0,0.2,7.7,28.0
15:50:36.000,0.2,0.0,0.0,99.8,3787.2,3502.9,145.6,69.3,14.2,112.6,0.0,0.0,1,0,48.9,0.0,0.0,0.0,0.0,0.0,-0.0,-0.0,-0.0,0.0,0.0,0.0,0.0,0.0,0.0,0.0,0.0,0.0,0.0,0.0,0.0,0.0,0.0,0.0,0.0,0.0,0.0,0.0,0.0,0.0,0.0,0.2,7.7,28.0
15:50:37.000,0.0,0.0,0.0,100.0,3787.2,3502.9,145.6,69.3,14.2,112.6,0.0,0.0,1,0,28.9,0.0,0.0,0.0,0.0,0.0,-0.0,-0.0,-0.0,0.0,0.0,0.0,0.0,0.0,0.0,0.0,0.0,0.0,0.0,0.0,0.0,0.0,0.0,0.0,0.0,0.0,0.0,0.0,0.0,0.0,0.0,0.2,7.7,28.0
15:50:38.000,0.0,0.0,0.0,100.0,3787.2,3502.9,145.6,69.3,14.2,112.6,0.0,0.0,1,0,34.9,0.0,0.0,0.0,0.0,0.0,-0.0,-0.0,-0.0,0.0,0.0,0.0,0.0,0.0,0.0,0.0,0.0,0.0,0.0,0.0,0.0,0.0,0.0,0.0,0.0,0.0,0.0,0.0,0.0,0.0,0.0,0.2,7.7,28.0
15:50:39.000,0.0,0.0,0.0,100.0,3787.2,3502.9,145.5,69.3,14.2,112.6,0.0,0.0,1,0,33.9,0.0,0.0,0.0,0.0,0.0,-0.0,-0.0,-0.0,0.0,0.0,0.0,0.0,0.0,0.0,0.0,0.0,0.0,0.0,0.0,0.0,0.0,0.0,0.0,0.0,0.0,0.0,0.0,0.0,0.0,0.0,0.2,7.7,28.0
15:50:40.000,0.0,0.0,0.2,99.8,3787.2,3502.9,145.6,69.4,14.2,112.6,0.0,0.0,1,0,75.7,0.0,0.0,0.0,0.0,0.0,-0.0,-0.0,-0.0,0.0,0.0,0.0,0.0,0.0,0.0,0.0,0.0,0.0,0.0,0.0,0.0,12.0,0.0,12.0,6.0,0.0,6.0,2.0,0.0,2.0,0.0,0.2,7.7,28.0
15:50:41.000,0.0,0.0,0.0,100.0,3787.2,3502.9,145.6,69.4,14.2,112.6,0.0,0.0,1,0,28.9,0.0,0.0,0.0,0.0,0.0,-0.0,-0.0,-0.0,0.0,0.0,0.0,0.0,0.0,0.0,0.0,0.0,0.0,0.0,0.0,0.0,0.0,0.0,0.0,0.0,0.0,0.0,0.0,0.0,0.0,0.0,0.2,7.7,28.0
15:50:42.000,0.0,0.0,0.0,100.0,3787.2,3502.9,145.6,69.4,14.2,112.6,0.0,0.0,1,0,37.9,0.0,0.0,0.0,0.0,0.0,-0.0,-0.0,-0.0,0.0,0.0,0.0,0.0,0.0,0.0,0.0,0.0,0.0,0.0,0.0,0.0,0.0,0.0,0.0,0.0,0.0,0.0,0.0,0.0,0.0,0.0,0.2,7.7,28.0
15:50:43.000,0.2,0.0,0.0,99.8,3787.2,3502.9,145.6,69.4,14.2,112.6,0.0,0.0,1,0,28.9,0.0,0.0,0.0,0.0,0.0,-0.0,-0.0,-0.0,0.0,0.0,0.0,0.0,0.0,0.0,0.0,0.0,0.0,0.0,0.0,0.0,0.0,0.0,0.0,0.0,0.0,0.0,0.0,0.0,0.0,0.0,0.2,7.7,28.0
15:50:44.000,0.0,0.0,0.0,100.0,3787.2,3502.9,145.6,69.4,14.3,112.6,0.0,0.0,1,0,42.9,0.0,0.0,0.0,0.0,0.0,-0.0,-0.0,-0.0,0.0,0.0,0.0,0.0,0.0,0.0,0.0,0.0,0.0,0.0,0.0,0.0,0.0,0.0,0.0,0.0,0.0,0.0,0.0,0.0,0.0,0.0,0.2,7.7,28.0
15:50:45.000,0.0,0.0,0.0,100.0,3787.2,3502.9,145.5,69.4,14.3,112.6,0.0,0.0,1,0,98.7,0.0,0.0,0.0,0.0,0.0,-0.0,-0.0,-0.0,0.0,0.0,1.0,0.0,0.0,0.0,0.0,0.0,0.0,0.0,0.0,0.0,39.9,0.0,39.9,13.3,0.0,13.3,3.0,0.0,3.0,0.0,0.2,7.7,28.0
15:50:46.000,0.0,0.2,0.0,99.8,3787.2,3502.9,145.6,69.4,14.3,112.6,0.0,0.0,1,0,38.9,0.0,0.0,0.0,0.0,0.0,-0.0,-0.0,-0.0,0.0,0.0,0.0,0.0,0.0,0.0,0.0,0.0,0.0,0.0,0.0,0.0,0.0,0.0,0.0,0.0,0.0,0.0,0.0,0.0,0.0,0.0,0.2,7.7,28.0
15:50:47.000,0.0,0.0,0.0,100.0,3787.2,3502.9,145.6,69.4,14.3,112.6,0.0,0.0,1,0,30.9,0.0,0.0,0.0,0.0,0.0,-0.0,-0.0,-0.0,0.0,0.0,0.0,0.0,0.0,0.0,0.0,0.0,0.0,0.0,0.0,0.0,0.0,0.0,0.0,0.0,0.0,0.0,0.0,0.0,0.0,0.0,0.2,7.7,28.0
15:50:48.000,0.2,0.0,0.0,99.8,3787.2,3502.9,145.6,69.4,14.3,112.6,0.0,0.0,1,0,51.9,0.0,0.0,0.0,0.0,0.0,-0.0,-0.0,-0.0,0.0,0.0,0.0,0.0,0.0,0.0,0.0,0.0,0.0,0.0,0.0,0.0,0.0,0.0,0.0,0.0,0.0,0.0,0.0,0.0,0.0,0.0,0.2,7.7,28.0
15:50:49.000,0.0,0.0,0.0,100.0,3787.2,3502.9,145.6,69.4,14.3,112.6,0.0,0.0,1,0,30.9,0.0,0.0,0.0,0.0,0.0,-0.0,-0.0,-0.0,0.0,0.0,0.0,0.0,0.0,0.0,1.0,0.0,0.0,0.0,0.0,0.0,0.0,0.0,0.0,0.0,0.0,0.0,0.0,0.0,0.0,0.0,0.2,7.7,28.0
15:50:50.000,0.0,0.0,0.2,99.8,3787.2,3502.9,145.6,69.4,14.3,112.6,0.0,0.0,1,0,59.8,0.0,0.0,0.0,0.0,0.0,-0.0,-0.0,-0.0,0.0,0.0,0.0,0.0,0.0,0.0,0.0,0.0,1.0,0.0,0.0,0.0,23.9,0.0,23.9,12.0,0.0,12.0,2.0,0.0,2.0,0.0,0.2,7.7,28.0
15:50:51.000,0.0,0.0,0.0,100.0,3787.2,3502.9,145.6,69.4,14.3,112.6,0.0,0.0,1,0,39.9,0.0,0.0,0.0,0.0,0.0,-0.0,-0.0,-0.0,0.0,0.0,0.0,0.0,0.0,0.0,0.0,0.0,0.0,0.0,0.0,0.0,0.0,0.0,0.0,0.0,0.0,0.0,0.0,0.0,0.0,0.0,0.2,7.7,28.0
15:50:52.000,0.0,0.0,0.0,100.0,3787.2,3502.9,145.6,69.4,14.3,112.6,0.0,0.0,1,0,41.9,0.0,0.0,0.0,0.0,0.0,-0.0,-0.0,-0.0,0.0,0.0,0.0,0.0,0.0,0.0,0.0,0.0,0.0,0.0,0.0,0.0,0.0,0.0,0.0,0.0,0.0,0.0,0.0,0.0,0.0,0.0,0.2,7.7,28.0
15:50:53.000,0.2,0.0,0.0,99.8,3787.2,3502.9,145.6,69.4,14.3,112.6,0.0,0.0,1,0,17.0,0.0,0.0,0.0,0.0,0.0,-0.0,-0.0,-0.0,0.0,0.0,0.0,0.0,0.0,0.0,0.0,0.0,0.0,0.0,0.0,0.0,0.0,0.0,0.0,0.0,0.0,0.0,0.0,0.0,0.0,0.0,0.2,7.7,28.0
15:50:54.000,0.0,0.0,0.0,100.0,3787.2,3502.9,145.6,69.4,14.3,112.6,0.0,0.0,1,0,28.9,0.0,0.0,0.0,0.0,0.0,-0.0,-0.0,-0.0,0.0,0.0,0.0,0.0,0.0,0.0,0.0,0.0,0.0,0.0,0.0,0.0,0.0,0.0,0.0,0.0,0.0,0.0,0.0,0.0,0.0,0.0,0.2,7.7,28.0
15:50:55.000,0.0,0.0,0.0,100.0,3787.2,3502.9,145.6,69.4,14.3,112.6,0.0,0.0,1,0,68.8,0.0,0.0,0.0,0.0,0.0,-0.0,-0.0,-0.0,0.0,0.0,0.0,0.0,0.0,0.0,1.0,0.0,1.0,0.0,0.0,0.0,23.9,0.0,23.9,4.8,0.0,4.8,5.0,0.0,5.0,0.0,0.2,7.7,28.0
15:50:56.000,0.0,0.0,0.0,100.0,3787.2,3502.9,145.6,69.4,14.3,112.6,0.0,0.0,1,0,45.9,0.0,0.0,0.0,0.0,0.0,-0.0,-0.0,-0.0,0.0,0.0,0.0,0.0,0.0,0.0,0.0,0.0,0.0,0.0,0.0,0.0,0.0,0.0,0.0,0.0,0.0,0.0,0.0,0.0,0.0,0.0,0.2,7.7,28.0
15:50:57.000,0.0,0.0,0.0,100.0,3787.2,3502.9,145.6,69.4,14.3,112.6,0.0,0.0,1,0,32.9,0.0,0.0,0.0,0.0,0.0,-0.0,-0.0,-0.0,0.0,0.0,0.0,0.0,0.0,0.0,0.0,0.0,0.0,0.0,0.0,0.0,0.0,0.0,0.0,0.0,0.0,0.0,0.0,0.0,0.0,0.0,0.2,7.7,28.0
15:50:58.000,0.0,0.2,0.0,99.8,3787.2,3502.9,145.6,69.4,14.3,112.6,0.0,0.0,1,0,46.9,0.0,0.0,0.0,0.0,0.0,-0.0,-0.0,-0.0,0.0,0.0,0.0,0.0,0.0,0.0,0.0,0.0,0.0,0.0,0.0,0.0,0.0,0.0,0.0,0.0,0.0,0.0,0.0,0.0,0.0,0.0,0.2,7.7,28.0
15:50:59.000,0.0,0.0,0.0,100.0,3787.2,3502.9,145.6,69.4,14.3,112.6,0.0,0.0,1,0,34.9,0.0,0.0,0.0,0.0,0.0,-0.0,-0.0,-0.0,0.0,0.0,0.0,0.0,0.0,0.0,0.0,0.0,0.0,0.0,0.0,0.0,0.0,0.0,0.0,0.0,0.0,0.0,0.0,0.0,0.0,0.0,0.2,7.7,28.0
15:51:00.000,0.0,0.0,0.2,99.8,3787.2,3502.9,145.6,69.4,14.3,112.6,0.0,0.0,1,0,72.8,0.0,0.0,0.0,0.0,0.0,-0.0,-0.0,-0.0,0.0,0.0,0.0,0.0,0.0,0.0,0.0,0.0,0.0,0.0,0.0,0.0,12.0,0.0,12.0,6.0,0.0,6.0,2.0,0.0,2.0,0.0,0.2,7.7,28.0
15:51:01.000,0.0,0.0,0.0,100.0,3787.2,3502.9,145.6,69.4,14.3,112.6,0.0,0.0,1,0,34.9,0.0,0.0,0.0,0.0,0.0,-0.0,-0.0,-0.0,0.0,0.0,0.0,0.0,0.0,0.0,0.0,0.0,0.0,0.0,0.0,0.0,0.0,0.0,0.0,0.0,0.0,0.0,0.0,0.0,0.0,0.0,0.2,7.7,28.0
15:51:02.000,0.0,0.0,0.0,100.0,3787.2,3502.9,145.6,69.4,14.3,112.6,0.0,0.0,1,0,38.9,0.0,0.0,0.0,0.0,0.0,-0.0,-0.0,-0.0,0.0,0.0,0.0,0.0,0.0,0.0,0.0,0.0,0.0,0.0,0.0,0.0,0.0,0.0,0.0,0.0,0.0,0.0,0.0,0.0,0.0,0.0,0.2,7.7,28.0
15:51:03.000,0.2,0.0,0.0,99.8,3787.2,3502.9,145.6,69.4,14.3,112.6,0.0,0.0,1,0,62.9,0.0,0.0,0.0,0.0,0.1,-0.0,-0.0,-0.0,0.0,0.0,1.0,0.0,0.0,0.0,0.0,0.0,0.0,0.0,0.0,0.0,0.0,0.0,0.0,0.0,0.0,0.0,0.0,0.0,0.0,0.0,0.2,7.7,28.0
15:51:04.000,0.0,0.0,0.0,100.0,3787.2,3502.9,145.6,69.4,14.3,112.6,0.0,0.0,1,0,44.9,0.0,0.0,0.0,0.0,0.0,-0.0,-0.0,-0.0,0.0,0.0,0.0,0.0,0.0,0.0,1.0,0.0,0.0,0.0,0.0,0.0,0.0,0.0,0.0,0.0,0.0,0.0,0.0,0.0,0.0,0.0,0.2,7.7,28.0
15:51:05.000,0.0,0.2,0.0,99.8,3787.2,3502.9,145.6,69.4,14.3,112.6,0.0,0.0,1,0,47.8,0.0,0.0,0.0,0.0,0.0,-0.0,-0.0,-0.0,0.0,0.0,0.0,0.0,0.0,0.0,0.0,0.0,0.0,0.0,0.0,0.0,12.0,0.0,12.0,6.0,0.0,6.0,2.0,0.0,2.0,0.0,0.2,7.7,28.0
15:51:06.000,0.0,0.0,0.0,100.0,3787.2,3502.9,145.6,69.4,14.3,112.6,0.0,0.0,1,0,41.9,0.0,0.0,0.0,0.0,0.0,-0.0,-0.0,-0.0,0.0,0.0,0.0,0.0,0.0,0.0,0.0,0.0,0.0,0.0,0.0,0.0,0.0,0.0,0.0,0.0,0.0,0.0,0.0,0.0,0.0,0.0,0.2,7.7,28.0
15:51:07.000,0.0,0.0,0.0,100.0,3787.2,3502.9,145.6,69.4,14.3,112.6,0.0,0.0,1,0,26.9,0.0,0.0,0.0,0.0,0.0,-0.0,-0.0,-0.0,0.0,0.0,0.0,0.0,0.0,0.0,0.0,0.0,0.0,0.0,0.0,0.0,0.0,0.0,0.0,0.0,0.0,0.0,0.0,0.0,0.0,0.0,0.2,7.7,28.0
15:51:08.000,0.0,0.0,0.0,100.0,3787.2,3502.9,145.6,69.4,14.3,112.6,0.0,0.0,1,0,44.9,0.0,0.0,0.0,0.0,0.0,-0.0,-0.0,-0.0,0.0,0.0,0.0,0.0,0.0,0.0,0.0,0.0,0.0,0.0,0.0,0.0,0.0,0.0,0.0,0.0,0.0,0.0,0.0,0.0,0.0,0.0,0.2,7.7,28.0
15:51:09.000,0.0,0.0,0.0,100.0,3787.2,3502.9,145.6,69.4,14.3,112.6,0.0,0.0,1,0,30.9,0.0,0.0,0.0,0.0,0.0,-0.0,-0.0,-0.0,0.0,0.0,0.0,0.0,0.0,0.0,0.0,0.0,0.0,0.0,0.0,0.0,0.0,0.0,0.0,0.0,0.0,0.0,0.0,0.0,0.0,0.0,0.2,7.7,28.0
15:51:10.000,0.0,0.0,0.2,99.8,3787.2,3502.9,145.6,69.4,14.3,112.6,0.0,0.0,1,0,64.8,0.0,0.0,0.0,0.0,0.0,-0.0,-0.0,-0.0,0.0,0.0,0.0,0.0,0.0,0.0,0.0,0.0,1.0,0.0,0.0,0.0,12.0,0.0,12.0,6.0,0.0,6.0,2.0,0.0,2.0,0.0,0.2,7.7,28.0
15:51:11.000,0.0,0.0,0.0,100.0,3787.2,3502.9,145.6,69.4,14.3,112.6,0.0,0.0,1,0,30.9,0.0,0.0,0.0,0.0,0.0,-0.0,-0.0,-0.0,0.0,0.0,0.0,0.0,0.0,0.0,0.0,0.0,0.0,0.0,0.0,0.0,0.0,0.0,0.0,0.0,0.0,0.0,0.0,0.0,0.0,0.0,0.2,7.7,28.0
15:51:12.000,0.0,0.0,0.0,100.0,3787.2,3502.9,145.6,69.4,14.3,112.6,0.0,0.0,1,0,43.9,0.0,0.0,0.0,0.0,0.0,-0.0,-0.0,-0.0,0.0,0.0,0.0,0.0,0.0,0.0,0.0,0.0,0.0,0.0,0.0,0.0,0.0,0.0,0.0,0.0,0.0,0.0,0.0,0.0,0.0,0.0,0.2,7.7,28.0
15:51:13.000,0.0,0.0,0.0,100.0,3787.2,3502.9,145.6,69.4,14.3,112.6,0.0,0.0,1,0,28.9,0.0,0.0,0.0,0.0,0.0,-0.0,-0.0,-0.0,0.0,0.0,0.0,0.0,0.0,0.0,0.0,0.0,0.0,0.0,0.0,0.0,0.0,0.0,0.0,0.0,0.0,0.0,0.0,0.0,0.0,0.0,0.2,7.7,28.0
15:51:14.000,0.0,0.0,0.0,100.0,3787.2,3502.9,145.6,69.4,14.3,112.6,0.0,0.0,1,0,38.9,0.0,0.0,0.0,0.0,0.0,-0.0,-0.0,-0.0,0.0,0.0,0.0,0.0,0.0,0.0,0.0,0.0,0.0,0.0,0.0,0.0,0.0,0.0,0.0,0.0,0.0,0.0,0.0,0.0,0.0,0.0,0.2,7.7,28.0
15:51:15.000,0.0,0.0,0.0,100.0,3787.2,3502.9,145.6,69.4,14.3,112.6,0.0,0.0,1,0,49.8,0.0,0.0,0.0,0.0,0.0,-0.0,-0.0,-0.0,0.0,0.0,0.0,0.0,0.0,0.0,1.0,0.0,0.0,0.0,0.0,0.0,12.0,0.0,12.0,6.0,0.0,6.0,2.0,0.0,2.0,0.0,0.2,7.7,28.0
15:51:16.000,0.0,0.2,0.0,99.8,3787.2,3502.9,145.6,69.4,14.3,112.6,0.0,0.0,1,0,57.9,0.0,0.0,0.0,0.0,0.0,-0.0,-0.0,-0.0,0.0,0.0,0.0,0.0,0.0,0.0,0.0,0.0,0.0,0.0,0.0,0.0,23.9,0.0,23.9,24.0,0.0,24.0,1.0,0.0,1.0,0.0,0.2,7.7,28.0
15:51:17.000,0.0,0.0,0.0,100.0,3787.2,3502.9,145.6,69.4,14.3,112.7,0.0,0.0,1,0,32.9,0.0,0.0,0.0,0.0,0.0,-0.0,-0.0,-0.0,0.0,0.0,0.0,0.0,0.0,0.0,0.0,0.0,0.0,0.0,0.0,0.0,0.0,0.0,0.0,0.0,0.0,0.0,0.0,0.0,0.0,0.0,0.2,7.7,28.0
15:51:18.000,0.0,0.0,0.0,100.0,3787.2,3502.9,145.6,69.4,14.3,112.7,0.0,0.0,1,0,44.9,0.0,0.0,0.0,0.0,0.0,-0.0,-0.0,-0.0,0.0,0.0,0.0,0.0,0.0,0.0,0.0,0.0,0.0,0.0,0.0,0.0,0.0,0.0,0.0,0.0,0.0,0.0,0.0,0.0,0.0,0.0,0.2,7.7,28.0
15:51:19.000,0.2,0.0,0.0,99.8,3787.2,3502.9,145.6,69.4,14.3,112.7,0.0,0.0,1,0,28.9,0.0,0.0,0.0,0.0,0.0,-0.0,-0.0,-0.0,0.0,0.0,0.0,0.0,0.0,0.0,0.0,0.0,0.0,0.0,0.0,0.0,0.0,0.0,0.0,0.0,0.0,0.0,0.0,0.0,0.0,0.0,0.2,7.7,28.0
15:51:20.000,0.0,0.0,0.2,99.8,3787.2,3502.9,145.6,69.4,14.3,112.7,0.0,0.0,1,0,71.7,0.0,0.0,0.0,0.0,0.0,-0.0,-0.0,-0.0,0.0,0.0,0.0,0.0,0.0,0.0,0.0,0.0,1.0,0.0,0.0,0.0,27.9,0.0,27.9,14.0,0.0,14.0,2.0,0.0,2.0,0.0,0.2,7.7,28.0
15:51:21.000,0.0,0.0,0.0,100.0,3787.2,3502.9,145.6,69.4,14.3,112.7,0.0,0.0,1,0,32.9,0.0,0.0,0.0,0.0,0.0,-0.0,-0.0,-0.0,0.0,0.0,0.0,0.0,0.0,0.0,0.0,0.0,0.0,0.0,0.0,0.0,0.0,0.0,0.0,0.0,0.0,0.0,0.0,0.0,0.0,0.0,0.2,7.7,28.0
15:51:22.000,0.0,0.0,0.0,100.0,3787.2,3502.9,145.6,69.4,14.3,112.7,0.0,0.0,1,0,39.9,0.0,0.0,0.0,0.0,0.0,-0.0,-0.0,-0.0,0.0,0.0,0.0,0.0,0.0,0.0,0.0,0.0,0.0,0.0,0.0,0.0,0.0,0.0,0.0,0.0,0.0,0.0,0.0,0.0,0.0,0.0,0.2,7.7,28.0
15:51:23.000,0.0,0.2,0.0,99.8,3787.2,3502.9,145.6,69.4,14.3,112.7,0.0,0.0,1,0,34.9,0.0,0.0,0.0,0.0,0.0,-0.0,-0.0,-0.0,0.0,0.0,0.0,0.0,0.0,0.0,0.0,0.0,0.0,0.0,0.0,0.0,0.0,0.0,0.0,0.0,0.0,0.0,0.0,0.0,0.0,0.0,0.2,7.7,28.0
