Timestamp,CPU Temperature (°C),CPU Usage (%),Memory Usage (%),Relative Time (s),Mode,Attack Type,Attack,Host,Measurement,Run
03:32:00.287,44.3,0.0,2.64496,0.0,Idle,Denial of Service,PyFlooder (HTTP),Raspberry Pi 4B 8GB,System,1
03:32:01.475,44.3,0.0,2.64831,1.188,Idle,Denial of Service,PyFlooder (HTTP),Raspberry Pi 4B 8GB,System,1
03:32:02.696,44.8,30.0,2.64821,2.409,Idle,Denial of Service,PyFlooder (HTTP),Raspberry Pi 4B 8GB,System,1
03:32:03.925,44.8,25.0,2.65116,3.638,Idle,Denial of Service,PyFlooder (HTTP),Raspberry Pi 4B 8GB,System,1
03:32:05.163,44.3,33.3,2.65616,4.876,Idle,Denial of Service,PyFlooder (HTTP),Raspberry Pi 4B 8GB,System,1
03:32:06.394,43.8,22.2,2.65241,6.107,Idle,Denial of Service,PyFlooder (HTTP),Raspberry Pi 4B 8GB,System,1
03:32:07.626,43.8,22.2,2.64361,7.339,Idle,Denial of Service,PyFlooder (HTTP),Raspberry Pi 4B 8GB,System,1
03:32:08.860,45.2,30.0,2.63565,8.573,Idle,Denial of Service,PyFlooder (HTTP),Raspberry Pi 4B 8GB,System,1
03:32:10.090,45.2,30.0,2.631,9.803,Idle,Denial of Service,PyFlooder (HTTP),Raspberry Pi 4B 8GB,System,1
03:32:11.331,43.8,22.2,2.64045,11.044,Idle,Denial of Service,PyFlooder (HTTP),Raspberry Pi 4B 8GB,System,1
03:32:12.561,43.3,33.3,2.64361,12.274,Idle,Denial of Service,PyFlooder (HTTP),Raspberry Pi 4B 8GB,System,1
03:32:13.802,43.8,22.2,2.64666,13.515,Idle,Denial of Service,PyFlooder (HTTP),Raspberry Pi 4B 8GB,System,1
03:32:15.037,44.3,22.2,2.6371,14.75,Idle,Denial of Service,PyFlooder (HTTP),Raspberry Pi 4B 8GB,System,1
03:32:16.265,44.3,30.0,2.64786,15.978,Idle,Denial of Service,PyFlooder (HTTP),Raspberry Pi 4B 8GB,System,1
03:32:17.492,43.8,14.3,2.64341,17.205,Idle,Denial of Service,PyFlooder (HTTP),Raspberry Pi 4B 8GB,System,1
03:32:18.720,43.8,25.0,2.64045,18.433,Idle,Denial of Service,PyFlooder (HTTP),Raspberry Pi 4B 8GB,System,1
03:32:19.962,43.3,22.2,2.64331,19.675,Idle,Denial of Service,PyFlooder (HTTP),Raspberry Pi 4B 8GB,System,1
03:32:21.201,42.8,25.0,2.64716,20.914,Idle,Denial of Service,PyFlooder (HTTP),Raspberry Pi 4B 8GB,System,1
03:32:22.428,44.3,22.2,2.65586,22.141,Idle,Denial of Service,PyFlooder (HTTP),Raspberry Pi 4B 8GB,System,1
03:32:23.661,44.3,22.2,2.65161,23.374,Idle,Denial of Service,PyFlooder (HTTP),Raspberry Pi 4B 8GB,System,1
03:32:24.894,44.3,25.0,2.65401,24.607,Idle,Denial of Service,PyFlooder (HTTP),Raspberry Pi 4B 8GB,System,1
03:32:26.127,44.3,37.5,2.65706,25.84,Idle,Denial of Service,PyFlooder (HTTP),Raspberry Pi 4B 8GB,System,1
03:32:27.354,43.8,22.2,2.65706,27.067,Idle,Denial of Service,PyFlooder (HTTP),Raspberry Pi 4B 8GB,System,1
03:32:28.581,44.3,22.2,2.65076,28.294,Idle,Denial of Service,PyFlooder (HTTP),Raspberry Pi 4B 8GB,System,1
03:32:29.810,44.8,22.2,2.65391,29.523,Idle,Denial of Service,PyFlooder (HTTP),Raspberry Pi 4B 8GB,System,1
03:32:31.035,43.8,22.2,2.65836,30.748,Idle,Denial of Service,PyFlooder (HTTP),Raspberry Pi 4B 8GB,System,1
03:32:32.264,43.3,33.3,2.65706,31.977,Idle,Denial of Service,PyFlooder (HTTP),Raspberry Pi 4B 8GB,System,1
03:32:33.498,44.8,25.0,2.64956,33.211,Idle,Denial of Service,PyFlooder (HTTP),Raspberry Pi 4B 8GB,System,1
03:32:34.726,43.3,30.0,2.64956,34.439,Idle,Denial of Service,PyFlooder (HTTP),Raspberry Pi 4B 8GB,System,1
03:32:35.955,43.8,25.0,2.6338,35.668,Idle,Denial of Service,PyFlooder (HTTP),Raspberry Pi 4B 8GB,System,1
03:32:37.182,43.8,22.2,2.63675,36.895,Idle,Denial of Service,PyFlooder (HTTP),Raspberry Pi 4B 8GB,System,1
03:32:38.414,44.3,30.0,2.63795,38.127,Idle,Denial of Service,PyFlooder (HTTP),Raspberry Pi 4B 8GB,System,1
03:32:39.646,43.3,22.2,2.64946,39.359,Idle,Denial of Service,PyFlooder (HTTP),Raspberry Pi 4B 8GB,System,1
03:32:40.874,43.8,30.0,2.64946,40.587,Idle,Denial of Service,PyFlooder (HTTP),Raspberry Pi 4B 8GB,System,1
03:32:42.104,44.3,14.3,2.6352,41.817,Idle,Denial of Service,PyFlooder (HTTP),Raspberry Pi 4B 8GB,System,1
03:32:43.328,43.8,28.6,2.65241,43.041,Idle,Denial of Service,PyFlooder (HTTP),Raspberry Pi 4B 8GB,System,1
03:32:44.561,44.8,28.6,2.65121,44.274,Idle,Denial of Service,PyFlooder (HTTP),Raspberry Pi 4B 8GB,System,1
03:32:45.791,44.3,25.0,2.65121,45.504,Idle,Denial of Service,PyFlooder (HTTP),Raspberry Pi 4B 8GB,System,1
03:32:47.031,44.3,30.0,2.64531,46.744,Idle,Denial of Service,PyFlooder (HTTP),Raspberry Pi 4B 8GB,System,1
03:32:48.264,44.3,22.2,2.65456,47.977,Idle,Denial of Service,PyFlooder (HTTP),Raspberry Pi 4B 8GB,System,1
03:32:49.495,43.8,30.0,2.65566,49.208,Idle,Denial of Service,PyFlooder (HTTP),Raspberry Pi 4B 8GB,System,1
03:32:50.722,43.8,30.0,2.65581,50.435,Idle,Denial of Service,PyFlooder (HTTP),Raspberry Pi 4B 8GB,System,1
03:32:51.950,44.3,25.0,2.65266,51.663,Idle,Denial of Service,PyFlooder (HTTP),Raspberry Pi 4B 8GB,System,1
03:32:53.190,43.3,22.2,2.65241,52.903,Idle,Denial of Service,PyFlooder (HTTP),Raspberry Pi 4B 8GB,System,1
03:32:54.422,45.2,22.2,2.64926,54.135,Idle,Denial of Service,PyFlooder (HTTP),Raspberry Pi 4B 8GB,System,1
03:32:55.649,43.8,25.0,2.64295,55.362,Idle,Denial of Service,PyFlooder (HTTP),Raspberry Pi 4B 8GB,System,1
03:32:56.878,44.3,22.2,2.64601,56.591,Idle,Denial of Service,PyFlooder (HTTP),Raspberry Pi 4B 8GB,System,1
03:32:58.107,44.3,30.0,2.64806,57.82,Idle,Denial of Service,PyFlooder (HTTP),Raspberry Pi 4B 8GB,System,1
03:32:59.335,43.3,22.2,2.65176,59.048,Idle,Denial of Service,PyFlooder (HTTP),Raspberry Pi 4B 8GB,System,1
03:33:00.566,44.3,25.0,2.65676,60.279,Idle,Denial of Service,PyFlooder (HTTP),Raspberry Pi 4B 8GB,System,1
03:33:01.796,44.3,30.0,2.65731,61.509,Idle,Denial of Service,PyFlooder (HTTP),Raspberry Pi 4B 8GB,System,1
03:33:03.026,43.8,30.0,2.65541,62.739,Idle,Denial of Service,PyFlooder (HTTP),Raspberry Pi 4B 8GB,System,1
03:33:04.255,44.3,14.3,2.65111,63.968,Idle,Denial of Service,PyFlooder (HTTP),Raspberry Pi 4B 8GB,System,1
03:33:05.494,44.8,33.3,2.64926,65.207,Idle,Denial of Service,PyFlooder (HTTP),Raspberry Pi 4B 8GB,System,1
03:33:06.738,44.3,22.2,2.65536,66.451,Idle,Denial of Service,PyFlooder (HTTP),Raspberry Pi 4B 8GB,System,1
03:33:07.967,43.3,30.0,2.65296,67.68,Idle,Denial of Service,PyFlooder (HTTP),Raspberry Pi 4B 8GB,System,1
03:33:09.196,44.3,22.2,2.65396,68.909,Idle,Denial of Service,PyFlooder (HTTP),Raspberry Pi 4B 8GB,System,1
03:33:10.424,43.3,30.0,2.64896,70.137,Idle,Denial of Service,PyFlooder (HTTP),Raspberry Pi 4B 8GB,System,1
03:33:11.653,44.3,22.2,2.65526,71.366,Idle,Denial of Service,PyFlooder (HTTP),Raspberry Pi 4B 8GB,System,1
03:33:12.893,44.3,30.0,2.65081,72.606,Idle,Denial of Service,PyFlooder (HTTP),Raspberry Pi 4B 8GB,System,1
03:33:14.134,44.3,22.2,2.65526,73.847,Idle,Denial of Service,PyFlooder (HTTP),Raspberry Pi 4B 8GB,System,1
03:33:15.363,44.3,22.2,2.6228,75.076,Idle,Denial of Service,PyFlooder (HTTP),Raspberry Pi 4B 8GB,System,1
03:33:16.595,43.3,37.5,2.62465,76.308,Idle,Denial of Service,PyFlooder (HTTP),Raspberry Pi 4B 8GB,System,1
03:33:17.836,43.3,22.2,2.6309,77.549,Idle,Denial of Service,PyFlooder (HTTP),Raspberry Pi 4B 8GB,System,1
03:33:19.071,44.3,25.0,2.6222,78.784,Idle,Denial of Service,PyFlooder (HTTP),Raspberry Pi 4B 8GB,System,1
03:33:20.296,43.3,14.3,2.62905,80.009,Idle,Denial of Service,PyFlooder (HTTP),Raspberry Pi 4B 8GB,System,1
03:33:21.526,43.8,33.3,2.6323,81.239,Idle,Denial of Service,PyFlooder (HTTP),Raspberry Pi 4B 8GB,System,1
03:33:22.758,44.3,25.0,2.6323,82.471,Idle,Denial of Service,PyFlooder (HTTP),Raspberry Pi 4B 8GB,System,1
03:33:23.988,44.8,25.0,2.63025,83.701,Idle,Denial of Service,PyFlooder (HTTP),Raspberry Pi 4B 8GB,System,1
03:33:25.221,43.8,22.2,2.6258,84.934,Idle,Denial of Service,PyFlooder (HTTP),Raspberry Pi 4B 8GB,System,1
03:33:26.454,43.8,22.2,2.6371,86.167,Idle,Denial of Service,PyFlooder (HTTP),Raspberry Pi 4B 8GB,System,1
03:33:27.687,43.8,36.4,2.64155,87.4,Idle,Denial of Service,PyFlooder (HTTP),Raspberry Pi 4B 8GB,System,1
03:33:28.915,44.8,22.2,2.6384,88.628,Idle,Denial of Service,PyFlooder (HTTP),Raspberry Pi 4B 8GB,System,1
03:33:30.148,44.3,22.2,2.6383,89.861,Idle,Denial of Service,PyFlooder (HTTP),Raspberry Pi 4B 8GB,System,1
03:33:31.366,43.3,0.0,2.63515,91.079,Idle,Denial of Service,PyFlooder (HTTP),Raspberry Pi 4B 8GB,System,1
03:33:32.595,44.8,25.0,2.63385,92.308,Idle,Denial of Service,PyFlooder (HTTP),Raspberry Pi 4B 8GB,System,1
03:33:33.825,44.8,22.2,2.6369,93.538,Idle,Denial of Service,PyFlooder (HTTP),Raspberry Pi 4B 8GB,System,1
03:33:35.054,44.3,25.0,2.64786,94.767,Idle,Denial of Service,PyFlooder (HTTP),Raspberry Pi 4B 8GB,System,1
03:33:36.294,43.8,22.2,2.64135,96.007,Idle,Denial of Service,PyFlooder (HTTP),Raspberry Pi 4B 8GB,System,1
03:33:37.527,44.8,22.2,2.6282,97.24,Idle,Denial of Service,PyFlooder (HTTP),Raspberry Pi 4B 8GB,System,1
03:33:38.759,43.3,22.2,2.64135,98.472,Idle,Denial of Service,PyFlooder (HTTP),Raspberry Pi 4B 8GB,System,1
03:33:39.993,43.3,22.2,2.64321,99.706,Idle,Denial of Service,PyFlooder (HTTP),Raspberry Pi 4B 8GB,System,1
03:33:41.224,44.3,22.2,2.62515,100.937,Idle,Denial of Service,PyFlooder (HTTP),Raspberry Pi 4B 8GB,System,1
03:33:42.467,44.8,22.2,2.64441,102.18,Idle,Denial of Service,PyFlooder (HTTP),Raspberry Pi 4B 8GB,System,1
03:33:43.697,43.3,12.5,2.64961,103.41,Idle,Denial of Service,PyFlooder (HTTP),Raspberry Pi 4B 8GB,System,1
03:33:44.938,44.3,30.0,2.65386,104.651,Idle,Denial of Service,PyFlooder (HTTP),Raspberry Pi 4B 8GB,System,1
03:33:46.173,43.8,22.2,2.65246,105.886,Idle,Denial of Service,PyFlooder (HTTP),Raspberry Pi 4B 8GB,System,1
03:33:47.401,44.3,30.0,2.65246,107.114,Idle,Denial of Service,PyFlooder (HTTP),Raspberry Pi 4B 8GB,System,1
03:33:48.630,43.8,25.0,2.65246,108.343,Idle,Denial of Service,PyFlooder (HTTP),Raspberry Pi 4B 8GB,System,1
03:33:49.856,44.3,30.0,2.64616,109.569,Idle,Denial of Service,PyFlooder (HTTP),Raspberry Pi 4B 8GB,System,1
03:33:51.090,44.3,33.3,2.64711,110.803,Idle,Denial of Service,PyFlooder (HTTP),Raspberry Pi 4B 8GB,System,1
03:33:52.323,44.3,22.2,2.6244,112.036,Idle,Denial of Service,PyFlooder (HTTP),Raspberry Pi 4B 8GB,System,1
03:33:53.567,44.3,22.2,2.62735,113.28,Idle,Denial of Service,PyFlooder (HTTP),Raspberry Pi 4B 8GB,System,1
03:33:54.798,44.3,22.2,2.6318,114.511,Idle,Denial of Service,PyFlooder (HTTP),Raspberry Pi 4B 8GB,System,1
03:33:56.024,43.3,14.3,2.62235,115.737,Idle,Denial of Service,PyFlooder (HTTP),Raspberry Pi 4B 8GB,System,1
03:33:57.255,43.3,25.0,2.62845,116.968,Idle,Denial of Service,PyFlooder (HTTP),Raspberry Pi 4B 8GB,System,1
03:33:58.496,43.8,25.0,2.63335,118.209,Idle,Denial of Service,PyFlooder (HTTP),Raspberry Pi 4B 8GB,System,1
03:33:59.726,45.2,22.2,2.63465,119.439,Idle,Denial of Service,PyFlooder (HTTP),Raspberry Pi 4B 8GB,System,1
03:34:00.955,44.3,22.2,2.6367,120.668,Idle,Denial of Service,PyFlooder (HTTP),Raspberry Pi 4B 8GB,System,1
03:34:02.182,44.3,30.0,2.65041,121.895,Idle,Denial of Service,PyFlooder (HTTP),Raspberry Pi 4B 8GB,System,1
03:34:03.411,44.3,25.0,2.65226,123.124,Idle,Denial of Service,PyFlooder (HTTP),Raspberry Pi 4B 8GB,System,1
03:34:04.643,44.8,25.0,2.65041,124.356,Idle,Denial of Service,PyFlooder (HTTP),Raspberry Pi 4B 8GB,System,1
03:34:05.871,43.8,22.2,2.64716,125.584,Idle,Denial of Service,PyFlooder (HTTP),Raspberry Pi 4B 8GB,System,1
03:34:07.109,44.3,30.0,2.65551,126.822,Idle,Denial of Service,PyFlooder (HTTP),Raspberry Pi 4B 8GB,System,1
03:34:08.338,44.3,22.2,2.65346,128.051,Idle,Denial of Service,PyFlooder (HTTP),Raspberry Pi 4B 8GB,System,1
03:34:09.563,44.8,14.3,2.65031,129.276,Idle,Denial of Service,PyFlooder (HTTP),Raspberry Pi 4B 8GB,System,1
03:34:10.789,44.8,22.2,2.64596,130.502,Idle,Denial of Service,PyFlooder (HTTP),Raspberry Pi 4B 8GB,System,1
03:34:12.019,44.3,22.2,2.6428,131.732,Idle,Denial of Service,PyFlooder (HTTP),Raspberry Pi 4B 8GB,System,1
03:34:13.253,44.8,22.2,2.6241,132.966,Idle,Denial of Service,PyFlooder (HTTP),Raspberry Pi 4B 8GB,System,1
03:34:14.486,43.3,30.0,2.625,134.199,Idle,Denial of Service,PyFlooder (HTTP),Raspberry Pi 4B 8GB,System,1
03:34:15.714,44.3,22.2,2.63575,135.427,Idle,Denial of Service,PyFlooder (HTTP),Raspberry Pi 4B 8GB,System,1
03:34:16.944,45.2,22.2,2.64696,136.657,Idle,Denial of Service,PyFlooder (HTTP),Raspberry Pi 4B 8GB,System,1
03:34:18.173,44.8,25.0,2.64065,137.886,Idle,Denial of Service,PyFlooder (HTTP),Raspberry Pi 4B 8GB,System,1
03:34:19.402,44.3,22.2,2.64065,139.115,Idle,Denial of Service,PyFlooder (HTTP),Raspberry Pi 4B 8GB,System,1
03:34:20.643,44.8,30.0,2.6375,140.356,Idle,Denial of Service,PyFlooder (HTTP),Raspberry Pi 4B 8GB,System,1
03:34:21.872,44.8,30.0,2.64401,141.585,Idle,Denial of Service,PyFlooder (HTTP),Raspberry Pi 4B 8GB,System,1
03:34:23.098,43.3,30.0,2.64871,142.811,Idle,Denial of Service,PyFlooder (HTTP),Raspberry Pi 4B 8GB,System,1
03:34:24.329,44.3,25.0,2.65761,144.042,Idle,Denial of Service,PyFlooder (HTTP),Raspberry Pi 4B 8GB,System,1
03:34:25.562,43.3,30.0,2.65316,145.275,Idle,Denial of Service,PyFlooder (HTTP),Raspberry Pi 4B 8GB,System,1
03:34:26.792,43.8,30.0,2.65336,146.505,Idle,Denial of Service,PyFlooder (HTTP),Raspberry Pi 4B 8GB,System,1
03:34:28.028,44.3,30.0,2.64391,147.741,Idle,Denial of Service,PyFlooder (HTTP),Raspberry Pi 4B 8GB,System,1
03:34:29.259,44.3,30.0,2.65176,148.972,Idle,Denial of Service,PyFlooder (HTTP),Raspberry Pi 4B 8GB,System,1
03:34:30.486,43.8,25.0,2.64621,150.199,Idle,Denial of Service,PyFlooder (HTTP),Raspberry Pi 4B 8GB,System,1
03:34:31.721,43.8,22.2,2.64326,151.434,Idle,Denial of Service,PyFlooder (HTTP),Raspberry Pi 4B 8GB,System,1
03:34:32.950,44.3,22.2,2.64045,152.663,Idle,Denial of Service,PyFlooder (HTTP),Raspberry Pi 4B 8GB,System,1
03:34:34.184,44.3,22.2,2.63435,153.897,Idle,Denial of Service,PyFlooder (HTTP),Raspberry Pi 4B 8GB,System,1
03:34:35.413,44.8,22.2,2.64351,155.126,Idle,Denial of Service,PyFlooder (HTTP),Raspberry Pi 4B 8GB,System,1
03:34:36.652,44.3,30.0,2.6372,156.365,Idle,Denial of Service,PyFlooder (HTTP),Raspberry Pi 4B 8GB,System,1
03:34:37.883,43.8,30.0,2.639,157.596,Idle,Denial of Service,PyFlooder (HTTP),Raspberry Pi 4B 8GB,System,1
03:34:39.111,45.2,30.0,2.64921,158.824,Idle,Denial of Service,PyFlooder (HTTP),Raspberry Pi 4B 8GB,System,1
03:34:40.350,44.3,22.2,2.65476,160.063,Idle,Denial of Service,PyFlooder (HTTP),Raspberry Pi 4B 8GB,System,1
03:34:41.577,44.8,30.0,2.65616,161.29,Idle,Denial of Service,PyFlooder (HTTP),Raspberry Pi 4B 8GB,System,1
03:34:42.808,44.3,12.5,2.65596,162.521,Idle,Denial of Service,PyFlooder (HTTP),Raspberry Pi 4B 8GB,System,1
03:34:44.041,44.3,30.0,2.65041,163.754,Idle,Denial of Service,PyFlooder (HTTP),Raspberry Pi 4B 8GB,System,1
03:34:45.269,44.3,22.2,2.62625,164.982,Idle,Denial of Service,PyFlooder (HTTP),Raspberry Pi 4B 8GB,System,1
03:34:46.501,44.3,22.2,2.6294,166.214,Idle,Denial of Service,PyFlooder (HTTP),Raspberry Pi 4B 8GB,System,1
03:34:47.730,44.3,22.2,2.62635,167.443,Idle,Denial of Service,PyFlooder (HTTP),Raspberry Pi 4B 8GB,System,1
03:34:48.958,44.8,30.0,2.6406,168.671,Idle,Denial of Service,PyFlooder (HTTP),Raspberry Pi 4B 8GB,System,1
03:34:50.197,43.8,22.2,2.6356,169.91,Idle,Denial of Service,PyFlooder (HTTP),Raspberry Pi 4B 8GB,System,1
03:34:51.424,45.2,22.2,2.63245,171.137,Idle,Denial of Service,PyFlooder (HTTP),Raspberry Pi 4B 8GB,System,1
03:34:52.656,44.3,33.3,2.6419,172.369,Idle,Denial of Service,PyFlooder (HTTP),Raspberry Pi 4B 8GB,System,1
03:34:53.887,44.3,25.0,2.6344,173.6,Idle,Denial of Service,PyFlooder (HTTP),Raspberry Pi 4B 8GB,System,1
03:34:55.119,44.3,25.0,2.64811,174.832,Idle,Denial of Service,PyFlooder (HTTP),Raspberry Pi 4B 8GB,System,1
03:34:56.352,44.3,22.2,2.65016,176.065,Idle,Denial of Service,PyFlooder (HTTP),Raspberry Pi 4B 8GB,System,1
03:34:57.580,45.2,30.0,2.64996,177.293,Idle,Denial of Service,PyFlooder (HTTP),Raspberry Pi 4B 8GB,System,1
03:34:58.805,44.3,22.2,2.65331,178.518,Idle,Denial of Service,PyFlooder (HTTP),Raspberry Pi 4B 8GB,System,1
03:35:00.033,44.3,22.2,2.64741,179.746,Attack,Denial of Service,PyFlooder (HTTP),Raspberry Pi 4B 8GB,System,1
03:35:01.269,44.8,22.2,2.66241,180.982,Attack,Denial of Service,PyFlooder (HTTP),Raspberry Pi 4B 8GB,System,1
03:35:02.461,45.7,50.0,2.65821,182.174,Attack,Denial of Service,PyFlooder (HTTP),Raspberry Pi 4B 8GB,System,1
03:35:03.653,44.8,0.0,2.69277,183.366,Attack,Denial of Service,PyFlooder (HTTP),Raspberry Pi 4B 8GB,System,1
03:35:04.846,46.2,25.0,2.66891,184.559,Attack,Denial of Service,PyFlooder (HTTP),Raspberry Pi 4B 8GB,System,1
03:35:06.038,45.7,40.0,2.68542,185.751,Attack,Denial of Service,PyFlooder (HTTP),Raspberry Pi 4B 8GB,System,1
03:35:07.266,45.2,37.5,2.68937,186.979,Attack,Denial of Service,PyFlooder (HTTP),Raspberry Pi 4B 8GB,System,1
03:35:08.497,46.2,28.6,2.66511,188.21,Attack,Denial of Service,PyFlooder (HTTP),Raspberry Pi 4B 8GB,System,1
03:35:09.719,45.2,14.3,2.68412,189.432,Attack,Denial of Service,PyFlooder (HTTP),Raspberry Pi 4B 8GB,System,1
03:35:10.937,45.2,16.7,2.63045,190.65,Attack,Denial of Service,PyFlooder (HTTP),Raspberry Pi 4B 8GB,System,1
03:35:12.158,45.7,42.9,2.68197,191.871,Attack,Denial of Service,PyFlooder (HTTP),Raspberry Pi 4B 8GB,System,1
03:35:13.377,44.8,33.3,2.66301,193.09,Attack,Denial of Service,PyFlooder (HTTP),Raspberry Pi 4B 8GB,System,1
03:35:14.600,44.8,37.5,2.67422,194.313,Attack,Denial of Service,PyFlooder (HTTP),Raspberry Pi 4B 8GB,System,1
03:35:15.824,44.8,33.4,2.67492,195.537,Attack,Denial of Service,PyFlooder (HTTP),Raspberry Pi 4B 8GB,System,1
03:35:17.053,45.7,44.4,2.69057,196.766,Attack,Denial of Service,PyFlooder (HTTP),Raspberry Pi 4B 8GB,System,1
03:35:18.271,45.7,37.5,2.65081,197.984,Attack,Denial of Service,PyFlooder (HTTP),Raspberry Pi 4B 8GB,System,1
03:35:19.463,46.7,33.3,2.65996,199.176,Attack,Denial of Service,PyFlooder (HTTP),Raspberry Pi 4B 8GB,System,1
03:35:20.652,46.2,33.3,2.66921,200.365,Attack,Denial of Service,PyFlooder (HTTP),Raspberry Pi 4B 8GB,System,1
03:35:21.842,46.2,25.0,2.67201,201.555,Attack,Denial of Service,PyFlooder (HTTP),Raspberry Pi 4B 8GB,System,1
03:35:23.033,47.2,20.0,2.67977,202.746,Attack,Denial of Service,PyFlooder (HTTP),Raspberry Pi 4B 8GB,System,1
03:35:24.252,46.7,42.9,2.69322,203.965,Attack,Denial of Service,PyFlooder (HTTP),Raspberry Pi 4B 8GB,System,1
03:35:25.484,46.2,28.6,2.66151,205.197,Attack,Denial of Service,PyFlooder (HTTP),Raspberry Pi 4B 8GB,System,1
03:35:26.708,45.7,37.5,2.68692,206.421,Attack,Denial of Service,PyFlooder (HTTP),Raspberry Pi 4B 8GB,System,1
03:35:27.937,45.7,37.5,2.66056,207.65,Attack,Denial of Service,PyFlooder (HTTP),Raspberry Pi 4B 8GB,System,1
03:35:29.164,45.7,16.7,2.6176,208.877,Attack,Denial of Service,PyFlooder (HTTP),Raspberry Pi 4B 8GB,System,1
03:35:30.391,46.2,37.5,2.66461,210.104,Attack,Denial of Service,PyFlooder (HTTP),Raspberry Pi 4B 8GB,System,1
03:35:31.610,46.7,42.9,2.69222,211.323,Attack,Denial of Service,PyFlooder (HTTP),Raspberry Pi 4B 8GB,System,1
03:35:32.828,46.2,33.3,2.64446,212.541,Attack,Denial of Service,PyFlooder (HTTP),Raspberry Pi 4B 8GB,System,1
03:35:34.049,45.7,42.9,2.68057,213.762,Attack,Denial of Service,PyFlooder (HTTP),Raspberry Pi 4B 8GB,System,1
03:35:35.270,46.7,42.9,2.67597,214.983,Attack,Denial of Service,PyFlooder (HTTP),Raspberry Pi 4B 8GB,System,1
03:35:36.490,45.7,42.9,2.69507,216.203,Attack,Denial of Service,PyFlooder (HTTP),Raspberry Pi 4B 8GB,System,1
03:35:37.717,46.7,37.5,2.66926,217.43,Attack,Denial of Service,PyFlooder (HTTP),Raspberry Pi 4B 8GB,System,1
03:35:38.946,45.7,37.5,2.69607,218.659,Attack,Denial of Service,PyFlooder (HTTP),Raspberry Pi 4B 8GB,System,1
03:35:40.173,45.7,28.6,2.68657,219.886,Attack,Denial of Service,PyFlooder (HTTP),Raspberry Pi 4B 8GB,System,1
03:35:41.394,45.7,37.5,2.69137,221.107,Attack,Denial of Service,PyFlooder (HTTP),Raspberry Pi 4B 8GB,System,1
03:35:42.616,47.2,28.6,2.66296,222.329,Attack,Denial of Service,PyFlooder (HTTP),Raspberry Pi 4B 8GB,System,1
03:35:43.837,46.2,37.5,2.68607,223.55,Attack,Denial of Service,PyFlooder (HTTP),Raspberry Pi 4B 8GB,System,1
03:35:45.059,46.7,36.4,2.69742,224.772,Attack,Denial of Service,PyFlooder (HTTP),Raspberry Pi 4B 8GB,System,1
03:35:46.251,47.2,40.0,2.69992,225.964,Attack,Denial of Service,PyFlooder (HTTP),Raspberry Pi 4B 8GB,System,1
03:35:47.444,46.7,25.0,2.70488,227.157,Attack,Denial of Service,PyFlooder (HTTP),Raspberry Pi 4B 8GB,System,1
03:35:48.635,47.7,0.0,2.67972,228.348,Attack,Denial of Service,PyFlooder (HTTP),Raspberry Pi 4B 8GB,System,1
03:35:49.825,47.2,33.3,2.68982,229.538,Attack,Denial of Service,PyFlooder (HTTP),Raspberry Pi 4B 8GB,System,1
03:35:51.041,47.7,16.7,2.65431,230.754,Attack,Denial of Service,PyFlooder (HTTP),Raspberry Pi 4B 8GB,System,1
03:35:52.261,46.7,33.3,2.69752,231.974,Attack,Denial of Service,PyFlooder (HTTP),Raspberry Pi 4B 8GB,System,1
03:35:53.483,46.7,37.5,2.67952,233.196,Attack,Denial of Service,PyFlooder (HTTP),Raspberry Pi 4B 8GB,System,1
03:35:54.705,46.2,37.5,2.65496,234.418,Attack,Denial of Service,PyFlooder (HTTP),Raspberry Pi 4B 8GB,System,1
03:35:55.938,47.2,37.5,2.65531,235.651,Attack,Denial of Service,PyFlooder (HTTP),Raspberry Pi 4B 8GB,System,1
03:35:57.172,47.2,40.0,2.65106,236.885,Attack,Denial of Service,PyFlooder (HTTP),Raspberry Pi 4B 8GB,System,1
03:35:58.396,47.2,33.4,2.67371,238.109,Attack,Denial of Service,PyFlooder (HTTP),Raspberry Pi 4B 8GB,System,1
03:35:59.621,46.2,28.6,2.68032,239.334,Attack,Denial of Service,PyFlooder (HTTP),Raspberry Pi 4B 8GB,System,1
03:36:00.841,46.2,33.4,2.70948,240.554,Attack,Denial of Service,PyFlooder (HTTP),Raspberry Pi 4B 8GB,System,1
03:36:02.060,46.7,33.4,2.65626,241.773,Attack,Denial of Service,PyFlooder (HTTP),Raspberry Pi 4B 8GB,System,1
03:36:03.280,47.2,14.3,2.67692,242.993,Attack,Denial of Service,PyFlooder (HTTP),Raspberry Pi 4B 8GB,System,1
03:36:04.503,46.2,28.6,2.69572,244.216,Attack,Denial of Service,PyFlooder (HTTP),Raspberry Pi 4B 8GB,System,1
03:36:05.732,46.2,37.5,2.67116,245.445,Attack,Denial of Service,PyFlooder (HTTP),Raspberry Pi 4B 8GB,System,1
03:36:06.956,47.2,28.6,2.68702,246.669,Attack,Denial of Service,PyFlooder (HTTP),Raspberry Pi 4B 8GB,System,1
03:36:08.184,47.2,28.6,2.67817,247.897,Attack,Denial of Service,PyFlooder (HTTP),Raspberry Pi 4B 8GB,System,1
03:36:09.413,47.2,37.5,2.67867,249.126,Attack,Denial of Service,PyFlooder (HTTP),Raspberry Pi 4B 8GB,System,1
03:36:10.640,47.2,28.6,2.68042,250.353,Attack,Denial of Service,PyFlooder (HTTP),Raspberry Pi 4B 8GB,System,1
03:36:11.864,47.2,16.7,2.68182,251.577,Attack,Denial of Service,PyFlooder (HTTP),Raspberry Pi 4B 8GB,System,1
03:36:13.084,46.2,42.9,2.66476,252.797,Attack,Denial of Service,PyFlooder (HTTP),Raspberry Pi 4B 8GB,System,1
03:36:14.305,46.7,28.6,2.67967,254.018,Attack,Denial of Service,PyFlooder (HTTP),Raspberry Pi 4B 8GB,System,1
03:36:15.527,46.7,28.6,2.68142,255.24,Attack,Denial of Service,PyFlooder (HTTP),Raspberry Pi 4B 8GB,System,1
03:36:16.752,47.2,42.9,2.71113,256.465,Attack,Denial of Service,PyFlooder (HTTP),Raspberry Pi 4B 8GB,System,1
03:36:17.979,46.2,37.5,2.65571,257.692,Attack,Denial of Service,PyFlooder (HTTP),Raspberry Pi 4B 8GB,System,1
03:36:19.208,46.7,37.5,2.67827,258.921,Attack,Denial of Service,PyFlooder (HTTP),Raspberry Pi 4B 8GB,System,1
03:36:20.433,46.7,28.6,2.70287,260.146,Attack,Denial of Service,PyFlooder (HTTP),Raspberry Pi 4B 8GB,System,1
03:36:21.658,46.7,28.6,2.67692,261.371,Attack,Denial of Service,PyFlooder (HTTP),Raspberry Pi 4B 8GB,System,1
03:36:22.875,47.2,33.3,2.66541,262.588,Attack,Denial of Service,PyFlooder (HTTP),Raspberry Pi 4B 8GB,System,1
03:36:24.095,46.2,28.6,2.68717,263.808,Attack,Denial of Service,PyFlooder (HTTP),Raspberry Pi 4B 8GB,System,1
03:36:25.317,47.2,42.9,2.68622,265.03,Attack,Denial of Service,PyFlooder (HTTP),Raspberry Pi 4B 8GB,System,1
03:36:26.540,46.7,33.3,2.68102,266.253,Attack,Denial of Service,PyFlooder (HTTP),Raspberry Pi 4B 8GB,System,1
03:36:27.765,47.2,25.0,2.68062,267.478,Attack,Denial of Service,PyFlooder (HTTP),Raspberry Pi 4B 8GB,System,1
03:36:28.988,46.2,37.5,2.66661,268.701,Attack,Denial of Service,PyFlooder (HTTP),Raspberry Pi 4B 8GB,System,1
03:36:30.218,47.2,16.7,2.68172,269.931,Attack,Denial of Service,PyFlooder (HTTP),Raspberry Pi 4B 8GB,System,1
03:36:31.444,47.7,37.5,2.68637,271.157,Attack,Denial of Service,PyFlooder (HTTP),Raspberry Pi 4B 8GB,System,1
03:36:32.668,46.7,42.9,2.68472,272.381,Attack,Denial of Service,PyFlooder (HTTP),Raspberry Pi 4B 8GB,System,1
03:36:33.890,46.7,16.7,2.68172,273.603,Attack,Denial of Service,PyFlooder (HTTP),Raspberry Pi 4B 8GB,System,1
03:36:35.112,46.7,28.6,2.66671,274.825,Attack,Denial of Service,PyFlooder (HTTP),Raspberry Pi 4B 8GB,System,1
03:36:36.336,47.2,33.4,2.68447,276.049,Attack,Denial of Service,PyFlooder (HTTP),Raspberry Pi 4B 8GB,System,1
03:36:37.559,46.2,28.6,2.66951,277.272,Attack,Denial of Service,PyFlooder (HTTP),Raspberry Pi 4B 8GB,System,1
03:36:38.789,47.7,25.0,2.72128,278.502,Attack,Denial of Service,PyFlooder (HTTP),Raspberry Pi 4B 8GB,System,1
03:36:40.026,47.2,28.6,2.68522,279.739,Attack,Denial of Service,PyFlooder (HTTP),Raspberry Pi 4B 8GB,System,1
03:36:41.258,46.7,22.2,2.68082,280.971,Attack,Denial of Service,PyFlooder (HTTP),Raspberry Pi 4B 8GB,System,1
03:36:42.475,47.7,33.3,2.67772,282.188,Attack,Denial of Service,PyFlooder (HTTP),Raspberry Pi 4B 8GB,System,1
03:36:43.705,47.7,28.6,2.72173,283.418,Attack,Denial of Service,PyFlooder (HTTP),Raspberry Pi 4B 8GB,System,1
03:36:44.923,47.2,37.5,2.70483,284.636,Attack,Denial of Service,PyFlooder (HTTP),Raspberry Pi 4B 8GB,System,1
03:36:46.147,47.7,42.9,2.65301,285.86,Attack,Denial of Service,PyFlooder (HTTP),Raspberry Pi 4B 8GB,System,1
03:36:47.374,47.2,37.5,2.67922,287.087,Attack,Denial of Service,PyFlooder (HTTP),Raspberry Pi 4B 8GB,System,1
03:36:48.595,46.7,25.0,2.66641,288.308,Attack,Denial of Service,PyFlooder (HTTP),Raspberry Pi 4B 8GB,System,1
03:36:49.824,47.2,37.5,2.69097,289.537,Attack,Denial of Service,PyFlooder (HTTP),Raspberry Pi 4B 8GB,System,1
03:36:51.052,47.2,33.4,2.67767,290.765,Attack,Denial of Service,PyFlooder (HTTP),Raspberry Pi 4B 8GB,System,1
03:36:52.278,47.7,42.9,2.67407,291.991,Attack,Denial of Service,PyFlooder (HTTP),Raspberry Pi 4B 8GB,System,1
03:36:53.496,46.7,28.6,2.68207,293.209,Attack,Denial of Service,PyFlooder (HTTP),Raspberry Pi 4B 8GB,System,1
03:36:54.721,47.7,37.5,2.69432,294.434,Attack,Denial of Service,PyFlooder (HTTP),Raspberry Pi 4B 8GB,System,1
03:36:55.943,47.2,42.9,2.66906,295.656,Attack,Denial of Service,PyFlooder (HTTP),Raspberry Pi 4B 8GB,System,1
03:36:57.176,47.7,25.0,2.66956,296.889,Attack,Denial of Service,PyFlooder (HTTP),Raspberry Pi 4B 8GB,System,1
03:36:58.400,47.7,37.5,2.65426,298.113,Attack,Denial of Service,PyFlooder (HTTP),Raspberry Pi 4B 8GB,System,1
03:36:59.628,47.2,37.5,2.64816,299.341,Attack,Denial of Service,PyFlooder (HTTP),Raspberry Pi 4B 8GB,System,1
03:37:00.851,47.2,42.9,2.70122,300.564,Attack,Denial of Service,PyFlooder (HTTP),Raspberry Pi 4B 8GB,System,1
03:37:02.078,48.7,28.6,2.69187,301.791,Attack,Denial of Service,PyFlooder (HTTP),Raspberry Pi 4B 8GB,System,1
03:37:03.301,46.7,33.3,2.66406,303.014,Attack,Denial of Service,PyFlooder (HTTP),Raspberry Pi 4B 8GB,System,1
03:37:04.525,47.2,28.6,2.69207,304.238,Attack,Denial of Service,PyFlooder (HTTP),Raspberry Pi 4B 8GB,System,1
03:37:05.747,48.2,42.9,2.69817,305.46,Attack,Denial of Service,PyFlooder (HTTP),Raspberry Pi 4B 8GB,System,1
03:37:06.975,48.2,28.6,2.66491,306.688,Attack,Denial of Service,PyFlooder (HTTP),Raspberry Pi 4B 8GB,System,1
03:37:08.199,46.7,28.6,2.70182,307.912,Attack,Denial of Service,PyFlooder (HTTP),Raspberry Pi 4B 8GB,System,1
03:37:09.427,47.2,28.6,2.68757,309.14,Attack,Denial of Service,PyFlooder (HTTP),Raspberry Pi 4B 8GB,System,1
03:37:10.657,46.7,37.5,2.64551,310.37,Attack,Denial of Service,PyFlooder (HTTP),Raspberry Pi 4B 8GB,System,1
03:37:11.878,47.7,28.6,2.70022,311.591,Attack,Denial of Service,PyFlooder (HTTP),Raspberry Pi 4B 8GB,System,1
03:37:13.099,47.2,33.4,2.67672,312.812,Attack,Denial of Service,PyFlooder (HTTP),Raspberry Pi 4B 8GB,System,1
03:37:14.321,47.2,37.5,2.70898,314.034,Attack,Denial of Service,PyFlooder (HTTP),Raspberry Pi 4B 8GB,System,1
03:37:15.549,47.2,37.5,2.70608,315.262,Attack,Denial of Service,PyFlooder (HTTP),Raspberry Pi 4B 8GB,System,1
03:37:16.777,46.2,28.6,2.69867,316.49,Attack,Denial of Service,PyFlooder (HTTP),Raspberry Pi 4B 8GB,System,1
03:37:18.007,47.2,44.4,2.67116,317.72,Attack,Denial of Service,PyFlooder (HTTP),Raspberry Pi 4B 8GB,System,1
03:37:19.227,48.7,14.3,2.69132,318.94,Attack,Denial of Service,PyFlooder (HTTP),Raspberry Pi 4B 8GB,System,1
03:37:20.448,47.7,33.3,2.67617,320.161,Attack,Denial of Service,PyFlooder (HTTP),Raspberry Pi 4B 8GB,System,1
03:37:21.669,47.2,28.6,2.66641,321.382,Attack,Denial of Service,PyFlooder (HTTP),Raspberry Pi 4B 8GB,System,1
03:37:22.889,47.7,28.6,2.71178,322.602,Attack,Denial of Service,PyFlooder (HTTP),Raspberry Pi 4B 8GB,System,1
03:37:24.117,48.2,42.9,2.68362,323.83,Attack,Denial of Service,PyFlooder (HTTP),Raspberry Pi 4B 8GB,System,1
03:37:25.340,47.2,42.9,2.67537,325.053,Attack,Denial of Service,PyFlooder (HTTP),Raspberry Pi 4B 8GB,System,1
03:37:26.565,48.2,28.6,2.70197,326.278,Attack,Denial of Service,PyFlooder (HTTP),Raspberry Pi 4B 8GB,System,1
03:37:27.790,47.2,28.6,2.66981,327.503,Attack,Denial of Service,PyFlooder (HTTP),Raspberry Pi 4B 8GB,System,1
03:37:29.015,47.2,16.7,2.67567,328.728,Attack,Denial of Service,PyFlooder (HTTP),Raspberry Pi 4B 8GB,System,1
03:37:30.238,47.7,33.3,2.69072,329.951,Attack,Denial of Service,PyFlooder (HTTP),Raspberry Pi 4B 8GB,System,1
03:37:31.458,47.2,16.7,2.69997,331.171,Attack,Denial of Service,PyFlooder (HTTP),Raspberry Pi 4B 8GB,System,1
03:37:32.679,48.2,42.9,2.66851,332.392,Attack,Denial of Service,PyFlooder (HTTP),Raspberry Pi 4B 8GB,System,1
03:37:33.916,47.2,25.0,2.69417,333.629,Attack,Denial of Service,PyFlooder (HTTP),Raspberry Pi 4B 8GB,System,1
03:37:35.143,46.7,42.9,2.68862,334.856,Attack,Denial of Service,PyFlooder (HTTP),Raspberry Pi 4B 8GB,System,1
03:37:36.367,48.2,25.0,2.70528,336.08,Attack,Denial of Service,PyFlooder (HTTP),Raspberry Pi 4B 8GB,System,1
03:37:37.593,47.2,42.9,2.70843,337.306,Attack,Denial of Service,PyFlooder (HTTP),Raspberry Pi 4B 8GB,System,1
03:37:38.817,47.2,33.3,2.71178,338.53,Attack,Denial of Service,PyFlooder (HTTP),Raspberry Pi 4B 8GB,System,1
03:37:40.044,48.2,33.4,2.68342,339.757,Attack,Denial of Service,PyFlooder (HTTP),Raspberry Pi 4B 8GB,System,1
03:37:41.262,47.7,25.0,2.70963,340.975,Attack,Denial of Service,PyFlooder (HTTP),Raspberry Pi 4B 8GB,System,1
03:37:42.483,48.2,16.7,2.69667,342.196,Attack,Denial of Service,PyFlooder (HTTP),Raspberry Pi 4B 8GB,System,1
03:37:43.710,47.7,44.4,2.67402,343.423,Attack,Denial of Service,PyFlooder (HTTP),Raspberry Pi 4B 8GB,System,1
03:37:44.934,47.7,14.3,2.68257,344.647,Attack,Denial of Service,PyFlooder (HTTP),Raspberry Pi 4B 8GB,System,1
03:37:46.152,47.2,50.0,2.70167,345.865,Attack,Denial of Service,PyFlooder (HTTP),Raspberry Pi 4B 8GB,System,1
03:37:47.376,47.7,37.5,2.70077,347.089,Attack,Denial of Service,PyFlooder (HTTP),Raspberry Pi 4B 8GB,System,1
03:37:48.608,48.7,37.5,2.68217,348.321,Attack,Denial of Service,PyFlooder (HTTP),Raspberry Pi 4B 8GB,System,1
03:37:49.828,47.7,37.5,2.70287,349.541,Attack,Denial of Service,PyFlooder (HTTP),Raspberry Pi 4B 8GB,System,1
03:37:51.045,47.7,37.5,2.69667,350.758,Attack,Denial of Service,PyFlooder (HTTP),Raspberry Pi 4B 8GB,System,1
03:37:52.267,48.2,33.3,2.68802,351.98,Attack,Denial of Service,PyFlooder (HTTP),Raspberry Pi 4B 8GB,System,1
03:37:53.486,47.7,33.4,2.68132,353.199,Attack,Denial of Service,PyFlooder (HTTP),Raspberry Pi 4B 8GB,System,1
03:37:54.712,47.7,37.5,2.70923,354.425,Attack,Denial of Service,PyFlooder (HTTP),Raspberry Pi 4B 8GB,System,1
03:37:55.934,47.7,30.0,2.68907,355.647,Attack,Denial of Service,PyFlooder (HTTP),Raspberry Pi 4B 8GB,System,1
03:37:57.123,48.2,33.3,2.72098,356.836,Attack,Denial of Service,PyFlooder (HTTP),Raspberry Pi 4B 8GB,System,1
03:37:58.312,48.7,33.3,2.67211,358.025,Attack,Denial of Service,PyFlooder (HTTP),Raspberry Pi 4B 8GB,System,1
03:37:59.501,47.7,25.0,2.69867,359.214,Attack,Denial of Service,PyFlooder (HTTP),Raspberry Pi 4B 8GB,System,1
03:38:00.690,49.6,25.0,2.67046,360.403,Attack,Denial of Service,PyFlooder (HTTP),Raspberry Pi 4B 8GB,System,1
03:38:01.916,48.2,42.9,2.67006,361.629,Attack,Denial of Service,PyFlooder (HTTP),Raspberry Pi 4B 8GB,System,1
03:38:03.134,47.7,20.0,2.68692,362.847,Attack,Denial of Service,PyFlooder (HTTP),Raspberry Pi 4B 8GB,System,1
03:38:04.354,47.7,28.6,2.66996,364.067,Attack,Denial of Service,PyFlooder (HTTP),Raspberry Pi 4B 8GB,System,1
03:38:05.576,49.1,28.6,2.67361,365.289,Attack,Denial of Service,PyFlooder (HTTP),Raspberry Pi 4B 8GB,System,1
03:38:06.806,48.2,28.6,2.71128,366.519,Attack,Denial of Service,PyFlooder (HTTP),Raspberry Pi 4B 8GB,System,1
03:38:08.038,49.1,37.5,2.71978,367.751,Attack,Denial of Service,PyFlooder (HTTP),Raspberry Pi 4B 8GB,System,1
03:38:09.272,48.2,42.9,2.68887,368.985,Attack,Denial of Service,PyFlooder (HTTP),Raspberry Pi 4B 8GB,System,1
03:38:10.496,48.2,37.5,2.70322,370.209,Attack,Denial of Service,PyFlooder (HTTP),Raspberry Pi 4B 8GB,System,1
03:38:11.733,48.2,33.3,2.70032,371.446,Attack,Denial of Service,PyFlooder (HTTP),Raspberry Pi 4B 8GB,System,1
03:38:12.963,47.7,37.5,2.68042,372.676,Attack,Denial of Service,PyFlooder (HTTP),Raspberry Pi 4B 8GB,System,1
03:38:14.191,48.7,37.5,2.70042,373.904,Attack,Denial of Service,PyFlooder (HTTP),Raspberry Pi 4B 8GB,System,1
03:38:15.415,48.7,28.6,2.69702,375.128,Attack,Denial of Service,PyFlooder (HTTP),Raspberry Pi 4B 8GB,System,1
03:38:16.638,48.7,33.4,2.69372,376.351,Attack,Denial of Service,PyFlooder (HTTP),Raspberry Pi 4B 8GB,System,1
03:38:17.857,47.7,33.3,2.70187,377.57,Attack,Denial of Service,PyFlooder (HTTP),Raspberry Pi 4B 8GB,System,1
03:38:19.076,48.2,16.7,2.70267,378.789,Attack,Denial of Service,PyFlooder (HTTP),Raspberry Pi 4B 8GB,System,1
03:38:20.297,48.7,28.6,2.71268,380.01,Attack,Denial of Service,PyFlooder (HTTP),Raspberry Pi 4B 8GB,System,1
03:38:21.518,48.7,28.6,2.70643,381.231,Attack,Denial of Service,PyFlooder (HTTP),Raspberry Pi 4B 8GB,System,1
03:38:22.751,47.7,44.4,2.67507,382.464,Attack,Denial of Service,PyFlooder (HTTP),Raspberry Pi 4B 8GB,System,1
03:38:23.974,48.7,37.5,2.68962,383.687,Attack,Denial of Service,PyFlooder (HTTP),Raspberry Pi 4B 8GB,System,1
03:38:25.203,49.1,28.6,2.67962,384.916,Attack,Denial of Service,PyFlooder (HTTP),Raspberry Pi 4B 8GB,System,1
03:38:26.432,48.7,28.6,2.69082,386.145,Attack,Denial of Service,PyFlooder (HTTP),Raspberry Pi 4B 8GB,System,1
03:38:27.663,47.7,42.9,2.70182,387.376,Attack,Denial of Service,PyFlooder (HTTP),Raspberry Pi 4B 8GB,System,1
03:38:28.891,48.7,16.7,2.71708,388.604,Attack,Denial of Service,PyFlooder (HTTP),Raspberry Pi 4B 8GB,System,1
03:38:30.114,49.1,33.3,2.67707,389.827,Attack,Denial of Service,PyFlooder (HTTP),Raspberry Pi 4B 8GB,System,1
03:38:31.335,47.7,25.0,2.68817,391.048,Attack,Denial of Service,PyFlooder (HTTP),Raspberry Pi 4B 8GB,System,1
03:38:32.554,48.7,28.6,2.68717,392.267,Attack,Denial of Service,PyFlooder (HTTP),Raspberry Pi 4B 8GB,System,1
03:38:33.771,48.2,33.3,2.72288,393.484,Attack,Denial of Service,PyFlooder (HTTP),Raspberry Pi 4B 8GB,System,1
03:38:35.000,49.1,37.5,2.68367,394.713,Attack,Denial of Service,PyFlooder (HTTP),Raspberry Pi 4B 8GB,System,1
03:38:36.220,48.2,33.3,2.69097,395.933,Attack,Denial of Service,PyFlooder (HTTP),Raspberry Pi 4B 8GB,System,1
03:38:37.452,48.7,37.5,2.68972,397.165,Attack,Denial of Service,PyFlooder (HTTP),Raspberry Pi 4B 8GB,System,1
03:38:38.671,48.2,36.4,2.69997,398.384,Attack,Denial of Service,PyFlooder (HTTP),Raspberry Pi 4B 8GB,System,1
03:38:39.860,49.1,40.0,2.70037,399.573,Attack,Denial of Service,PyFlooder (HTTP),Raspberry Pi 4B 8GB,System,1
03:38:41.049,48.7,25.0,2.69242,400.762,Attack,Denial of Service,PyFlooder (HTTP),Raspberry Pi 4B 8GB,System,1
03:38:42.238,50.1,25.0,2.68722,401.951,Attack,Denial of Service,PyFlooder (HTTP),Raspberry Pi 4B 8GB,System,1
03:38:43.428,49.1,40.0,2.71388,403.141,Attack,Denial of Service,PyFlooder (HTTP),Raspberry Pi 4B 8GB,System,1
03:38:44.659,49.1,37.5,2.70032,404.372,Attack,Denial of Service,PyFlooder (HTTP),Raspberry Pi 4B 8GB,System,1
03:38:45.883,49.1,42.9,2.70377,405.596,Attack,Denial of Service,PyFlooder (HTTP),Raspberry Pi 4B 8GB,System,1
03:38:47.107,49.1,28.6,2.67692,406.82,Attack,Denial of Service,PyFlooder (HTTP),Raspberry Pi 4B 8GB,System,1
03:38:48.331,48.2,37.5,2.70342,408.044,Attack,Denial of Service,PyFlooder (HTTP),Raspberry Pi 4B 8GB,System,1
03:38:49.550,49.1,33.3,2.68292,409.263,Attack,Denial of Service,PyFlooder (HTTP),Raspberry Pi 4B 8GB,System,1
03:38:50.773,48.2,20.0,2.70342,410.486,Attack,Denial of Service,PyFlooder (HTTP),Raspberry Pi 4B 8GB,System,1
03:38:51.993,48.2,44.4,2.71468,411.706,Attack,Denial of Service,PyFlooder (HTTP),Raspberry Pi 4B 8GB,System,1
03:38:53.212,48.2,33.4,2.70022,412.925,Attack,Denial of Service,PyFlooder (HTTP),Raspberry Pi 4B 8GB,System,1
03:38:54.455,49.1,40.0,2.69142,414.168,Attack,Denial of Service,PyFlooder (HTTP),Raspberry Pi 4B 8GB,System,1
03:38:55.647,50.1,33.3,2.71788,415.36,Attack,Denial of Service,PyFlooder (HTTP),Raspberry Pi 4B 8GB,System,1
03:38:56.839,49.1,0.0,2.71168,416.552,Attack,Denial of Service,PyFlooder (HTTP),Raspberry Pi 4B 8GB,System,1
03:38:58.029,49.1,33.3,2.71248,417.742,Attack,Denial of Service,PyFlooder (HTTP),Raspberry Pi 4B 8GB,System,1
03:38:59.220,48.2,40.0,2.69157,418.933,Attack,Denial of Service,PyFlooder (HTTP),Raspberry Pi 4B 8GB,System,1
03:39:00.441,49.6,28.6,2.71068,420.154,Attack,Denial of Service,PyFlooder (HTTP),Raspberry Pi 4B 8GB,System,1
03:39:01.665,48.7,50.0,2.69217,421.378,Attack,Denial of Service,PyFlooder (HTTP),Raspberry Pi 4B 8GB,System,1
03:39:02.885,49.6,42.9,2.70137,422.598,Attack,Denial of Service,PyFlooder (HTTP),Raspberry Pi 4B 8GB,System,1
03:39:04.109,48.7,28.6,2.71353,423.822,Attack,Denial of Service,PyFlooder (HTTP),Raspberry Pi 4B 8GB,System,1
03:39:05.331,48.2,42.9,2.69607,425.044,Attack,Denial of Service,PyFlooder (HTTP),Raspberry Pi 4B 8GB,System,1
03:39:06.550,48.2,42.9,2.68212,426.263,Attack,Denial of Service,PyFlooder (HTTP),Raspberry Pi 4B 8GB,System,1
03:39:07.770,48.7,16.7,2.71663,427.483,Attack,Denial of Service,PyFlooder (HTTP),Raspberry Pi 4B 8GB,System,1
03:39:08.999,49.1,28.6,2.68732,428.712,Attack,Denial of Service,PyFlooder (HTTP),Raspberry Pi 4B 8GB,System,1
03:39:10.221,49.1,42.9,2.70583,429.934,Attack,Denial of Service,PyFlooder (HTTP),Raspberry Pi 4B 8GB,System,1
03:39:11.447,49.6,50.0,2.71528,431.16,Attack,Denial of Service,PyFlooder (HTTP),Raspberry Pi 4B 8GB,System,1
03:39:12.672,48.7,37.5,2.70568,432.385,Attack,Denial of Service,PyFlooder (HTTP),Raspberry Pi 4B 8GB,System,1
03:39:13.895,48.2,33.4,2.70472,433.608,Attack,Denial of Service,PyFlooder (HTTP),Raspberry Pi 4B 8GB,System,1
03:39:15.115,49.6,33.3,2.72823,434.828,Attack,Denial of Service,PyFlooder (HTTP),Raspberry Pi 4B 8GB,System,1
03:39:16.340,48.7,28.6,2.68367,436.053,Attack,Denial of Service,PyFlooder (HTTP),Raspberry Pi 4B 8GB,System,1
03:39:17.563,47.7,42.9,2.70382,437.276,Attack,Denial of Service,PyFlooder (HTTP),Raspberry Pi 4B 8GB,System,1
03:39:18.781,49.6,16.7,2.69837,438.494,Attack,Denial of Service,PyFlooder (HTTP),Raspberry Pi 4B 8GB,System,1
03:39:20.006,48.7,16.7,2.69757,439.719,Attack,Denial of Service,PyFlooder (HTTP),Raspberry Pi 4B 8GB,System,1
03:39:21.227,48.2,25.0,2.68727,440.94,Attack,Denial of Service,PyFlooder (HTTP),Raspberry Pi 4B 8GB,System,1
03:39:22.446,49.1,42.9,2.68257,442.159,Attack,Denial of Service,PyFlooder (HTTP),Raspberry Pi 4B 8GB,System,1
03:39:23.666,48.7,16.7,2.69632,443.379,Attack,Denial of Service,PyFlooder (HTTP),Raspberry Pi 4B 8GB,System,1
03:39:24.888,48.7,20.0,2.69847,444.601,Attack,Denial of Service,PyFlooder (HTTP),Raspberry Pi 4B 8GB,System,1
03:39:26.111,49.1,28.6,2.69012,445.824,Attack,Denial of Service,PyFlooder (HTTP),Raspberry Pi 4B 8GB,System,1
03:39:27.333,48.7,33.4,2.68157,447.046,Attack,Denial of Service,PyFlooder (HTTP),Raspberry Pi 4B 8GB,System,1
03:39:28.557,48.2,16.7,2.66956,448.27,Attack,Denial of Service,PyFlooder (HTTP),Raspberry Pi 4B 8GB,System,1
03:39:29.791,48.2,28.6,2.67747,449.504,Attack,Denial of Service,PyFlooder (HTTP),Raspberry Pi 4B 8GB,System,1
03:39:31.015,48.2,42.9,2.69352,450.728,Attack,Denial of Service,PyFlooder (HTTP),Raspberry Pi 4B 8GB,System,1
03:39:32.244,48.7,37.5,2.69432,451.957,Attack,Denial of Service,PyFlooder (HTTP),Raspberry Pi 4B 8GB,System,1
03:39:33.467,48.2,33.4,2.72373,453.18,Attack,Denial of Service,PyFlooder (HTTP),Raspberry Pi 4B 8GB,System,1
03:39:34.688,48.2,33.3,2.73674,454.401,Attack,Denial of Service,PyFlooder (HTTP),Raspberry Pi 4B 8GB,System,1
03:39:35.909,48.2,33.3,2.69767,455.622,Attack,Denial of Service,PyFlooder (HTTP),Raspberry Pi 4B 8GB,System,1
03:39:37.130,48.7,28.6,2.68797,456.843,Attack,Denial of Service,PyFlooder (HTTP),Raspberry Pi 4B 8GB,System,1
03:39:38.356,48.7,28.6,2.68672,458.069,Attack,Denial of Service,PyFlooder (HTTP),Raspberry Pi 4B 8GB,System,1
03:39:39.586,49.1,44.4,2.70778,459.299,Attack,Denial of Service,PyFlooder (HTTP),Raspberry Pi 4B 8GB,System,1
03:39:40.814,48.2,42.9,2.74099,460.527,Attack,Denial of Service,PyFlooder (HTTP),Raspberry Pi 4B 8GB,System,1
03:39:42.036,47.7,42.9,2.70217,461.749,Attack,Denial of Service,PyFlooder (HTTP),Raspberry Pi 4B 8GB,System,1
03:39:43.258,48.7,33.4,2.70442,462.971,Attack,Denial of Service,PyFlooder (HTTP),Raspberry Pi 4B 8GB,System,1
03:39:44.477,47.2,37.5,2.70878,464.19,Attack,Denial of Service,PyFlooder (HTTP),Raspberry Pi 4B 8GB,System,1
03:39:45.699,48.2,33.3,2.70247,465.412,Attack,Denial of Service,PyFlooder (HTTP),Raspberry Pi 4B 8GB,System,1
03:39:46.924,48.7,28.6,2.68832,466.637,Attack,Denial of Service,PyFlooder (HTTP),Raspberry Pi 4B 8GB,System,1
03:39:48.157,49.1,33.3,2.66481,467.87,Attack,Denial of Service,PyFlooder (HTTP),Raspberry Pi 4B 8GB,System,1
03:39:49.382,49.1,28.6,2.72538,469.095,Attack,Denial of Service,PyFlooder (HTTP),Raspberry Pi 4B 8GB,System,1
03:39:50.604,47.7,33.4,2.70983,470.317,Attack,Denial of Service,PyFlooder (HTTP),Raspberry Pi 4B 8GB,System,1
03:39:51.827,48.7,25.0,2.71873,471.54,Attack,Denial of Service,PyFlooder (HTTP),Raspberry Pi 4B 8GB,System,1
03:39:53.052,48.7,33.4,2.72003,472.765,Attack,Denial of Service,PyFlooder (HTTP),Raspberry Pi 4B 8GB,System,1
03:39:54.275,48.2,42.9,2.71108,473.988,Attack,Denial of Service,PyFlooder (HTTP),Raspberry Pi 4B 8GB,System,1
03:39:55.508,49.1,55.5,2.71348,475.221,Attack,Denial of Service,PyFlooder (HTTP),Raspberry Pi 4B 8GB,System,1
03:39:56.727,48.7,42.9,2.71358,476.44,Attack,Denial of Service,PyFlooder (HTTP),Raspberry Pi 4B 8GB,System,1
03:39:57.946,47.7,44.4,2.69857,477.659,Attack,Denial of Service,PyFlooder (HTTP),Raspberry Pi 4B 8GB,System,1
03:39:59.167,48.7,50.0,2.69627,478.88,Attack,Denial of Service,PyFlooder (HTTP),Raspberry Pi 4B 8GB,System,1
03:40:00.392,48.7,42.9,2.70938,480.105,Attack,Denial of Service,PyFlooder (HTTP),Raspberry Pi 4B 8GB,System,1
03:40:01.622,49.1,16.7,2.71028,481.335,Attack,Denial of Service,PyFlooder (HTTP),Raspberry Pi 4B 8GB,System,1
03:40:02.851,47.7,37.5,2.68437,482.564,Attack,Denial of Service,PyFlooder (HTTP),Raspberry Pi 4B 8GB,System,1
03:40:04.081,49.1,25.0,2.70277,483.794,Attack,Denial of Service,PyFlooder (HTTP),Raspberry Pi 4B 8GB,System,1
03:40:05.302,49.1,37.5,2.68542,485.015,Attack,Denial of Service,PyFlooder (HTTP),Raspberry Pi 4B 8GB,System,1
03:40:06.526,49.1,28.6,2.71948,486.239,Attack,Denial of Service,PyFlooder (HTTP),Raspberry Pi 4B 8GB,System,1
03:40:07.746,48.2,28.6,2.70773,487.459,Attack,Denial of Service,PyFlooder (HTTP),Raspberry Pi 4B 8GB,System,1
03:40:08.969,48.7,25.0,2.73178,488.682,Attack,Denial of Service,PyFlooder (HTTP),Raspberry Pi 4B 8GB,System,1
03:40:10.192,49.1,20.0,2.71408,489.905,Attack,Denial of Service,PyFlooder (HTTP),Raspberry Pi 4B 8GB,System,1
03:40:11.417,48.7,28.6,2.68997,491.13,Attack,Denial of Service,PyFlooder (HTTP),Raspberry Pi 4B 8GB,System,1
03:40:12.640,48.7,42.9,2.70863,492.353,Attack,Denial of Service,PyFlooder (HTTP),Raspberry Pi 4B 8GB,System,1
03:40:13.866,49.1,37.5,2.67602,493.579,Attack,Denial of Service,PyFlooder (HTTP),Raspberry Pi 4B 8GB,System,1
03:40:15.095,48.7,28.6,2.68852,494.808,Attack,Denial of Service,PyFlooder (HTTP),Raspberry Pi 4B 8GB,System,1
03:40:16.322,48.7,42.9,2.71028,496.035,Attack,Denial of Service,PyFlooder (HTTP),Raspberry Pi 4B 8GB,System,1
03:40:17.546,49.1,28.6,2.69317,497.259,Attack,Denial of Service,PyFlooder (HTTP),Raspberry Pi 4B 8GB,System,1
03:40:18.768,49.6,37.5,2.68922,498.481,Attack,Denial of Service,PyFlooder (HTTP),Raspberry Pi 4B 8GB,System,1
03:40:20.000,49.1,37.5,2.66216,499.713,Attack,Denial of Service,PyFlooder (HTTP),Raspberry Pi 4B 8GB,System,1
03:40:21.221,48.7,33.4,2.68257,500.934,Attack,Denial of Service,PyFlooder (HTTP),Raspberry Pi 4B 8GB,System,1
03:40:22.446,49.1,20.0,2.71598,502.159,Attack,Denial of Service,PyFlooder (HTTP),Raspberry Pi 4B 8GB,System,1
03:40:23.670,48.7,37.5,2.71743,503.383,Attack,Denial of Service,PyFlooder (HTTP),Raspberry Pi 4B 8GB,System,1
03:40:24.897,48.2,25.0,2.71748,504.61,Attack,Denial of Service,PyFlooder (HTTP),Raspberry Pi 4B 8GB,System,1
03:40:26.131,49.1,37.5,2.67697,505.844,Attack,Denial of Service,PyFlooder (HTTP),Raspberry Pi 4B 8GB,System,1
03:40:27.363,47.7,37.5,2.70658,507.076,Attack,Denial of Service,PyFlooder (HTTP),Raspberry Pi 4B 8GB,System,1
03:40:28.595,48.7,37.5,2.70062,508.308,Attack,Denial of Service,PyFlooder (HTTP),Raspberry Pi 4B 8GB,System,1
03:40:29.821,48.7,42.9,2.71653,509.534,Attack,Denial of Service,PyFlooder (HTTP),Raspberry Pi 4B 8GB,System,1
03:40:31.042,49.1,42.9,2.68552,510.755,Attack,Denial of Service,PyFlooder (HTTP),Raspberry Pi 4B 8GB,System,1
03:40:32.268,47.7,37.5,2.69457,511.981,Attack,Denial of Service,PyFlooder (HTTP),Raspberry Pi 4B 8GB,System,1
03:40:33.489,48.7,37.5,2.69142,513.202,Attack,Denial of Service,PyFlooder (HTTP),Raspberry Pi 4B 8GB,System,1
03:40:34.711,48.2,25.0,2.69007,514.424,Attack,Denial of Service,PyFlooder (HTTP),Raspberry Pi 4B 8GB,System,1
03:40:35.931,49.1,37.5,2.69837,515.644,Attack,Denial of Service,PyFlooder (HTTP),Raspberry Pi 4B 8GB,System,1
03:40:37.159,49.1,44.4,2.71708,516.872,Attack,Denial of Service,PyFlooder (HTTP),Raspberry Pi 4B 8GB,System,1
03:40:38.387,49.6,25.0,2.68437,518.1,Attack,Denial of Service,PyFlooder (HTTP),Raspberry Pi 4B 8GB,System,1
03:40:39.614,48.2,42.9,2.70733,519.327,Attack,Denial of Service,PyFlooder (HTTP),Raspberry Pi 4B 8GB,System,1
03:40:40.838,48.7,50.0,2.69382,520.551,Attack,Denial of Service,PyFlooder (HTTP),Raspberry Pi 4B 8GB,System,1
03:40:42.065,48.7,37.5,2.66926,521.778,Attack,Denial of Service,PyFlooder (HTTP),Raspberry Pi 4B 8GB,System,1
03:40:43.283,48.7,28.6,2.72203,522.996,Attack,Denial of Service,PyFlooder (HTTP),Raspberry Pi 4B 8GB,System,1
03:40:44.504,48.7,28.6,2.71548,524.217,Attack,Denial of Service,PyFlooder (HTTP),Raspberry Pi 4B 8GB,System,1
03:40:45.729,48.2,44.4,2.70477,525.442,Attack,Denial of Service,PyFlooder (HTTP),Raspberry Pi 4B 8GB,System,1
03:40:46.961,48.2,25.0,2.71973,526.674,Attack,Denial of Service,PyFlooder (HTTP),Raspberry Pi 4B 8GB,System,1
03:40:48.194,49.6,14.3,2.73318,527.907,Attack,Denial of Service,PyFlooder (HTTP),Raspberry Pi 4B 8GB,System,1
03:40:49.419,49.1,50.0,2.69672,529.132,Attack,Denial of Service,PyFlooder (HTTP),Raspberry Pi 4B 8GB,System,1
03:40:50.646,48.7,37.5,2.72793,530.359,Attack,Denial of Service,PyFlooder (HTTP),Raspberry Pi 4B 8GB,System,1
03:40:51.872,50.1,16.7,2.70978,531.585,Attack,Denial of Service,PyFlooder (HTTP),Raspberry Pi 4B 8GB,System,1
03:40:53.099,48.2,25.0,2.68647,532.812,Attack,Denial of Service,PyFlooder (HTTP),Raspberry Pi 4B 8GB,System,1
03:40:54.324,49.1,37.5,2.70177,534.037,Attack,Denial of Service,PyFlooder (HTTP),Raspberry Pi 4B 8GB,System,1
03:40:55.548,48.2,33.3,2.70998,535.261,Attack,Denial of Service,PyFlooder (HTTP),Raspberry Pi 4B 8GB,System,1
03:40:56.781,48.7,37.5,2.72133,536.494,Attack,Denial of Service,PyFlooder (HTTP),Raspberry Pi 4B 8GB,System,1
03:40:58.009,49.1,16.7,2.72793,537.722,Attack,Denial of Service,PyFlooder (HTTP),Raspberry Pi 4B 8GB,System,1
03:40:59.230,48.7,37.5,2.70247,538.943,Attack,Denial of Service,PyFlooder (HTTP),Raspberry Pi 4B 8GB,System,1
03:41:00.455,48.7,37.5,2.69417,540.168,Attack,Denial of Service,PyFlooder (HTTP),Raspberry Pi 4B 8GB,System,1
03:41:01.679,48.7,33.3,2.70563,541.392,Attack,Denial of Service,PyFlooder (HTTP),Raspberry Pi 4B 8GB,System,1
03:41:02.897,49.1,42.9,2.70267,542.61,Attack,Denial of Service,PyFlooder (HTTP),Raspberry Pi 4B 8GB,System,1
03:41:04.119,49.6,16.7,2.70422,543.832,Attack,Denial of Service,PyFlooder (HTTP),Raspberry Pi 4B 8GB,System,1
03:41:05.348,48.7,37.5,2.71753,545.061,Attack,Denial of Service,PyFlooder (HTTP),Raspberry Pi 4B 8GB,System,1
03:41:06.576,47.7,44.4,2.72158,546.289,Attack,Denial of Service,PyFlooder (HTTP),Raspberry Pi 4B 8GB,System,1
03:41:07.800,49.1,37.5,2.71418,547.513,Attack,Denial of Service,PyFlooder (HTTP),Raspberry Pi 4B 8GB,System,1
03:41:09.031,48.2,25.0,2.73879,548.744,Attack,Denial of Service,PyFlooder (HTTP),Raspberry Pi 4B 8GB,System,1
03:41:10.257,48.2,28.6,2.72053,549.97,Attack,Denial of Service,PyFlooder (HTTP),Raspberry Pi 4B 8GB,System,1
03:41:11.483,48.7,37.5,2.71173,551.196,Attack,Denial of Service,PyFlooder (HTTP),Raspberry Pi 4B 8GB,System,1
03:41:12.704,49.6,37.5,2.71083,552.417,Attack,Denial of Service,PyFlooder (HTTP),Raspberry Pi 4B 8GB,System,1
03:41:13.924,48.7,28.6,2.70713,553.637,Attack,Denial of Service,PyFlooder (HTTP),Raspberry Pi 4B 8GB,System,1
03:41:15.147,48.7,37.5,2.71313,554.86,Attack,Denial of Service,PyFlooder (HTTP),Raspberry Pi 4B 8GB,System,1
03:41:16.371,49.1,37.5,2.69657,556.084,Attack,Denial of Service,PyFlooder (HTTP),Raspberry Pi 4B 8GB,System,1
03:41:17.609,49.1,25.0,2.71503,557.322,Attack,Denial of Service,PyFlooder (HTTP),Raspberry Pi 4B 8GB,System,1
03:41:18.838,48.2,37.5,2.69512,558.551,Attack,Denial of Service,PyFlooder (HTTP),Raspberry Pi 4B 8GB,System,1
03:41:20.066,49.1,25.0,2.69992,559.779,Attack,Denial of Service,PyFlooder (HTTP),Raspberry Pi 4B 8GB,System,1
03:41:21.288,49.1,33.3,2.70332,561.001,Attack,Denial of Service,PyFlooder (HTTP),Raspberry Pi 4B 8GB,System,1
03:41:22.512,48.7,50.0,2.70272,562.225,Attack,Denial of Service,PyFlooder (HTTP),Raspberry Pi 4B 8GB,System,1
03:41:23.734,48.7,37.5,2.71738,563.447,Attack,Denial of Service,PyFlooder (HTTP),Raspberry Pi 4B 8GB,System,1
03:41:24.957,49.1,37.5,2.72608,564.67,Attack,Denial of Service,PyFlooder (HTTP),Raspberry Pi 4B 8GB,System,1
03:41:26.180,49.6,42.9,2.70377,565.893,Attack,Denial of Service,PyFlooder (HTTP),Raspberry Pi 4B 8GB,System,1
03:41:27.407,49.6,44.4,2.67196,567.12,Attack,Denial of Service,PyFlooder (HTTP),Raspberry Pi 4B 8GB,System,1
03:41:28.642,49.1,44.4,2.69037,568.355,Attack,Denial of Service,PyFlooder (HTTP),Raspberry Pi 4B 8GB,System,1
03:41:29.875,49.1,28.6,2.72563,569.588,Attack,Denial of Service,PyFlooder (HTTP),Raspberry Pi 4B 8GB,System,1
03:41:31.106,49.1,28.6,2.70623,570.819,Attack,Denial of Service,PyFlooder (HTTP),Raspberry Pi 4B 8GB,System,1
03:41:32.342,49.1,33.3,2.71518,572.055,Attack,Denial of Service,PyFlooder (HTTP),Raspberry Pi 4B 8GB,System,1
03:41:33.562,48.2,33.4,2.70743,573.275,Attack,Denial of Service,PyFlooder (HTTP),Raspberry Pi 4B 8GB,System,1
03:41:34.785,49.1,33.3,2.73999,574.498,Attack,Denial of Service,PyFlooder (HTTP),Raspberry Pi 4B 8GB,System,1
03:41:36.009,49.1,16.7,2.69642,575.722,Attack,Denial of Service,PyFlooder (HTTP),Raspberry Pi 4B 8GB,System,1
03:41:37.233,49.6,37.5,2.72658,576.946,Attack,Denial of Service,PyFlooder (HTTP),Raspberry Pi 4B 8GB,System,1
03:41:38.461,49.1,25.0,2.72843,578.174,Attack,Denial of Service,PyFlooder (HTTP),Raspberry Pi 4B 8GB,System,1
03:41:39.693,49.1,28.6,2.72373,579.406,Attack,Denial of Service,PyFlooder (HTTP),Raspberry Pi 4B 8GB,System,1
03:41:40.917,49.1,42.9,2.72573,580.63,Attack,Denial of Service,PyFlooder (HTTP),Raspberry Pi 4B 8GB,System,1
03:41:42.151,49.6,28.6,2.69582,581.864,Attack,Denial of Service,PyFlooder (HTTP),Raspberry Pi 4B 8GB,System,1
03:41:43.387,48.7,30.0,2.70252,583.1,Attack,Denial of Service,PyFlooder (HTTP),Raspberry Pi 4B 8GB,System,1
03:41:44.608,49.1,37.5,2.70377,584.321,Attack,Denial of Service,PyFlooder (HTTP),Raspberry Pi 4B 8GB,System,1
03:41:45.831,49.6,28.6,2.69912,585.544,Attack,Denial of Service,PyFlooder (HTTP),Raspberry Pi 4B 8GB,System,1
03:41:47.060,49.1,33.3,2.73523,586.773,Attack,Denial of Service,PyFlooder (HTTP),Raspberry Pi 4B 8GB,System,1
03:41:48.291,50.1,37.5,2.68537,588.004,Attack,Denial of Service,PyFlooder (HTTP),Raspberry Pi 4B 8GB,System,1
03:41:49.524,49.1,16.7,2.71458,589.237,Attack,Denial of Service,PyFlooder (HTTP),Raspberry Pi 4B 8GB,System,1
03:41:50.749,49.1,50.0,2.69477,590.462,Attack,Denial of Service,PyFlooder (HTTP),Raspberry Pi 4B 8GB,System,1
03:41:51.978,48.7,42.9,2.71223,591.691,Attack,Denial of Service,PyFlooder (HTTP),Raspberry Pi 4B 8GB,System,1
03:41:53.207,48.7,37.5,2.70222,592.92,Attack,Denial of Service,PyFlooder (HTTP),Raspberry Pi 4B 8GB,System,1
03:41:54.439,48.7,28.6,2.71673,594.152,Attack,Denial of Service,PyFlooder (HTTP),Raspberry Pi 4B 8GB,System,1
03:41:55.662,49.1,37.5,2.70307,595.375,Attack,Denial of Service,PyFlooder (HTTP),Raspberry Pi 4B 8GB,System,1
03:41:56.885,49.6,42.9,2.72328,596.598,Attack,Denial of Service,PyFlooder (HTTP),Raspberry Pi 4B 8GB,System,1
03:41:58.104,49.1,42.9,2.71338,597.817,Attack,Denial of Service,PyFlooder (HTTP),Raspberry Pi 4B 8GB,System,1
03:41:59.325,49.1,33.4,2.71128,599.038,Attack,Denial of Service,PyFlooder (HTTP),Raspberry Pi 4B 8GB,System,1
03:42:00.547,48.7,37.5,2.71283,600.26,Attack,Denial of Service,PyFlooder (HTTP),Raspberry Pi 4B 8GB,System,1
03:42:01.775,48.7,37.5,2.68777,601.488,Attack,Denial of Service,PyFlooder (HTTP),Raspberry Pi 4B 8GB,System,1
03:42:02.999,49.1,42.9,2.72433,602.712,Attack,Denial of Service,PyFlooder (HTTP),Raspberry Pi 4B 8GB,System,1
03:42:04.222,49.1,16.7,2.71138,603.935,Attack,Denial of Service,PyFlooder (HTTP),Raspberry Pi 4B 8GB,System,1
03:42:05.443,49.6,25.0,2.72458,605.156,Attack,Denial of Service,PyFlooder (HTTP),Raspberry Pi 4B 8GB,System,1
03:42:06.670,49.1,37.5,2.72633,606.383,Attack,Denial of Service,PyFlooder (HTTP),Raspberry Pi 4B 8GB,System,1
03:42:07.895,50.1,28.6,2.70778,607.608,Attack,Denial of Service,PyFlooder (HTTP),Raspberry Pi 4B 8GB,System,1
03:42:09.129,49.6,28.6,2.70658,608.842,Attack,Denial of Service,PyFlooder (HTTP),Raspberry Pi 4B 8GB,System,1
03:42:10.358,49.1,25.0,2.71463,610.071,Attack,Denial of Service,PyFlooder (HTTP),Raspberry Pi 4B 8GB,System,1
03:42:11.592,49.6,28.6,2.69742,611.305,Attack,Denial of Service,PyFlooder (HTTP),Raspberry Pi 4B 8GB,System,1
03:42:12.815,50.1,28.6,2.70548,612.528,Attack,Denial of Service,PyFlooder (HTTP),Raspberry Pi 4B 8GB,System,1
03:42:14.039,49.1,20.0,2.74184,613.752,Attack,Denial of Service,PyFlooder (HTTP),Raspberry Pi 4B 8GB,System,1
03:42:15.259,49.1,33.4,2.72858,614.972,Attack,Denial of Service,PyFlooder (HTTP),Raspberry Pi 4B 8GB,System,1
03:42:16.477,48.7,16.7,2.74459,616.19,Attack,Denial of Service,PyFlooder (HTTP),Raspberry Pi 4B 8GB,System,1
03:42:17.700,48.2,33.3,2.70157,617.413,Attack,Denial of Service,PyFlooder (HTTP),Raspberry Pi 4B 8GB,System,1
03:42:18.928,49.6,25.0,2.70503,618.641,Attack,Denial of Service,PyFlooder (HTTP),Raspberry Pi 4B 8GB,System,1
03:42:20.147,50.1,33.4,2.72858,619.86,Attack,Denial of Service,PyFlooder (HTTP),Raspberry Pi 4B 8GB,System,1
03:42:21.377,49.1,28.6,2.69657,621.09,Attack,Denial of Service,PyFlooder (HTTP),Raspberry Pi 4B 8GB,System,1
03:42:22.604,49.1,28.6,2.67351,622.317,Attack,Denial of Service,PyFlooder (HTTP),Raspberry Pi 4B 8GB,System,1
03:42:23.834,49.1,37.5,2.70087,623.547,Attack,Denial of Service,PyFlooder (HTTP),Raspberry Pi 4B 8GB,System,1
03:42:25.062,49.1,28.6,2.71358,624.775,Attack,Denial of Service,PyFlooder (HTTP),Raspberry Pi 4B 8GB,System,1
03:42:26.288,48.7,42.9,2.71103,626.001,Attack,Denial of Service,PyFlooder (HTTP),Raspberry Pi 4B 8GB,System,1
03:42:27.511,48.7,42.9,2.70723,627.224,Attack,Denial of Service,PyFlooder (HTTP),Raspberry Pi 4B 8GB,System,1
03:42:28.731,49.6,25.0,2.72193,628.444,Attack,Denial of Service,PyFlooder (HTTP),Raspberry Pi 4B 8GB,System,1
03:42:29.950,48.7,16.7,2.69912,629.663,Attack,Denial of Service,PyFlooder (HTTP),Raspberry Pi 4B 8GB,System,1
03:42:31.195,48.7,30.0,2.70372,630.908,Attack,Denial of Service,PyFlooder (HTTP),Raspberry Pi 4B 8GB,System,1
03:42:32.419,48.7,33.4,2.70027,632.132,Attack,Denial of Service,PyFlooder (HTTP),Raspberry Pi 4B 8GB,System,1
03:42:33.651,50.1,33.4,2.73208,633.364,Attack,Denial of Service,PyFlooder (HTTP),Raspberry Pi 4B 8GB,System,1
03:42:34.873,50.1,16.7,2.71273,634.586,Attack,Denial of Service,PyFlooder (HTTP),Raspberry Pi 4B 8GB,System,1
03:42:36.094,49.1,16.7,2.71028,635.807,Attack,Denial of Service,PyFlooder (HTTP),Raspberry Pi 4B 8GB,System,1
03:42:37.316,49.1,37.5,2.72723,637.029,Attack,Denial of Service,PyFlooder (HTTP),Raspberry Pi 4B 8GB,System,1
03:42:38.539,49.6,28.6,2.72453,638.252,Attack,Denial of Service,PyFlooder (HTTP),Raspberry Pi 4B 8GB,System,1
03:42:39.760,49.6,33.4,2.70377,639.473,Attack,Denial of Service,PyFlooder (HTTP),Raspberry Pi 4B 8GB,System,1
03:42:40.987,49.1,28.6,2.72438,640.7,Attack,Denial of Service,PyFlooder (HTTP),Raspberry Pi 4B 8GB,System,1
03:42:42.215,48.7,42.9,2.69682,641.928,Attack,Denial of Service,PyFlooder (HTTP),Raspberry Pi 4B 8GB,System,1
03:42:43.446,49.6,44.4,2.72198,643.159,Attack,Denial of Service,PyFlooder (HTTP),Raspberry Pi 4B 8GB,System,1
03:42:44.679,48.7,44.4,2.69297,644.392,Attack,Denial of Service,PyFlooder (HTTP),Raspberry Pi 4B 8GB,System,1
03:42:45.906,49.6,14.3,2.71218,645.619,Attack,Denial of Service,PyFlooder (HTTP),Raspberry Pi 4B 8GB,System,1
03:42:47.129,49.1,33.3,2.71603,646.842,Attack,Denial of Service,PyFlooder (HTTP),Raspberry Pi 4B 8GB,System,1
03:42:48.351,49.1,28.6,2.71483,648.064,Attack,Denial of Service,PyFlooder (HTTP),Raspberry Pi 4B 8GB,System,1
03:42:49.574,49.1,25.0,2.69542,649.287,Attack,Denial of Service,PyFlooder (HTTP),Raspberry Pi 4B 8GB,System,1
03:42:50.799,49.1,33.4,2.71663,650.512,Attack,Denial of Service,PyFlooder (HTTP),Raspberry Pi 4B 8GB,System,1
03:42:52.029,49.1,37.5,2.74659,651.742,Attack,Denial of Service,PyFlooder (HTTP),Raspberry Pi 4B 8GB,System,1
03:42:53.255,48.7,28.6,2.68852,652.968,Attack,Denial of Service,PyFlooder (HTTP),Raspberry Pi 4B 8GB,System,1
03:42:54.488,49.1,55.5,2.72608,654.201,Attack,Denial of Service,PyFlooder (HTTP),Raspberry Pi 4B 8GB,System,1
03:42:55.712,49.1,33.4,2.71893,655.425,Attack,Denial of Service,PyFlooder (HTTP),Raspberry Pi 4B 8GB,System,1
03:42:56.936,48.7,25.0,2.73233,656.649,Attack,Denial of Service,PyFlooder (HTTP),Raspberry Pi 4B 8GB,System,1
03:42:58.157,49.6,42.9,2.74079,657.87,Attack,Denial of Service,PyFlooder (HTTP),Raspberry Pi 4B 8GB,System,1
03:42:59.381,49.1,28.6,2.72138,659.094,Attack,Denial of Service,PyFlooder (HTTP),Raspberry Pi 4B 8GB,System,1
03:43:00.601,48.7,33.4,2.74414,660.314,Attack,Denial of Service,PyFlooder (HTTP),Raspberry Pi 4B 8GB,System,1
03:43:01.827,49.6,14.3,2.74384,661.54,Attack,Denial of Service,PyFlooder (HTTP),Raspberry Pi 4B 8GB,System,1
03:43:03.055,49.1,37.5,2.69977,662.768,Attack,Denial of Service,PyFlooder (HTTP),Raspberry Pi 4B 8GB,System,1
03:43:04.288,49.6,28.6,2.72928,664.001,Attack,Denial of Service,PyFlooder (HTTP),Raspberry Pi 4B 8GB,System,1
03:43:05.517,48.7,50.0,2.69147,665.23,Attack,Denial of Service,PyFlooder (HTTP),Raspberry Pi 4B 8GB,System,1
03:43:06.745,48.7,33.3,2.70362,666.458,Attack,Denial of Service,PyFlooder (HTTP),Raspberry Pi 4B 8GB,System,1
03:43:07.972,49.6,28.6,2.70427,667.685,Attack,Denial of Service,PyFlooder (HTTP),Raspberry Pi 4B 8GB,System,1
03:43:09.195,48.7,37.5,2.68067,668.908,Attack,Denial of Service,PyFlooder (HTTP),Raspberry Pi 4B 8GB,System,1
03:43:10.417,49.6,42.9,2.70477,670.13,Attack,Denial of Service,PyFlooder (HTTP),Raspberry Pi 4B 8GB,System,1
03:43:11.638,49.1,28.6,2.72133,671.351,Attack,Denial of Service,PyFlooder (HTTP),Raspberry Pi 4B 8GB,System,1
03:43:12.864,50.1,37.5,2.71673,672.577,Attack,Denial of Service,PyFlooder (HTTP),Raspberry Pi 4B 8GB,System,1
03:43:14.092,50.1,37.5,2.72568,673.805,Attack,Denial of Service,PyFlooder (HTTP),Raspberry Pi 4B 8GB,System,1
03:43:15.318,50.6,28.6,2.72458,675.031,Attack,Denial of Service,PyFlooder (HTTP),Raspberry Pi 4B 8GB,System,1
03:43:16.540,48.7,28.6,2.72893,676.253,Attack,Denial of Service,PyFlooder (HTTP),Raspberry Pi 4B 8GB,System,1
03:43:17.767,49.6,33.3,2.72448,677.48,Attack,Denial of Service,PyFlooder (HTTP),Raspberry Pi 4B 8GB,System,1
03:43:18.997,49.1,25.0,2.73128,678.71,Attack,Denial of Service,PyFlooder (HTTP),Raspberry Pi 4B 8GB,System,1
03:43:20.220,49.6,28.6,2.71803,679.933,Attack,Denial of Service,PyFlooder (HTTP),Raspberry Pi 4B 8GB,System,1
03:43:21.443,49.1,37.5,2.74314,681.156,Attack,Denial of Service,PyFlooder (HTTP),Raspberry Pi 4B 8GB,System,1
03:43:22.670,48.7,25.0,2.74279,682.383,Attack,Denial of Service,PyFlooder (HTTP),Raspberry Pi 4B 8GB,System,1
03:43:23.895,48.7,37.5,2.69767,683.608,Attack,Denial of Service,PyFlooder (HTTP),Raspberry Pi 4B 8GB,System,1
03:43:25.118,49.1,33.4,2.74029,684.831,Attack,Denial of Service,PyFlooder (HTTP),Raspberry Pi 4B 8GB,System,1
03:43:26.336,50.1,25.0,2.74434,686.049,Attack,Denial of Service,PyFlooder (HTTP),Raspberry Pi 4B 8GB,System,1
03:43:27.558,49.6,28.6,2.71758,687.271,Attack,Denial of Service,PyFlooder (HTTP),Raspberry Pi 4B 8GB,System,1
03:43:28.779,49.6,37.5,2.72388,688.492,Attack,Denial of Service,PyFlooder (HTTP),Raspberry Pi 4B 8GB,System,1
03:43:29.999,49.1,28.6,2.72018,689.712,Attack,Denial of Service,PyFlooder (HTTP),Raspberry Pi 4B 8GB,System,1
03:43:31.233,49.1,37.5,2.71893,690.946,Attack,Denial of Service,PyFlooder (HTTP),Raspberry Pi 4B 8GB,System,1
03:43:32.458,48.7,42.9,2.69427,692.171,Attack,Denial of Service,PyFlooder (HTTP),Raspberry Pi 4B 8GB,System,1
03:43:33.681,48.7,37.5,2.71668,693.394,Attack,Denial of Service,PyFlooder (HTTP),Raspberry Pi 4B 8GB,System,1
03:43:34.913,49.1,28.6,2.72083,694.626,Attack,Denial of Service,PyFlooder (HTTP),Raspberry Pi 4B 8GB,System,1
03:43:36.145,49.1,28.6,2.71233,695.858,Attack,Denial of Service,PyFlooder (HTTP),Raspberry Pi 4B 8GB,System,1
03:43:37.369,50.1,28.6,2.71628,697.082,Attack,Denial of Service,PyFlooder (HTTP),Raspberry Pi 4B 8GB,System,1
03:43:38.588,49.1,28.6,2.71793,698.301,Attack,Denial of Service,PyFlooder (HTTP),Raspberry Pi 4B 8GB,System,1
03:43:39.811,49.1,25.0,2.69287,699.524,Attack,Denial of Service,PyFlooder (HTTP),Raspberry Pi 4B 8GB,System,1
03:43:41.037,49.1,44.4,2.69907,700.75,Attack,Denial of Service,PyFlooder (HTTP),Raspberry Pi 4B 8GB,System,1
03:43:42.246,50.1,50.0,2.75119,701.959,Attack,Denial of Service,PyFlooder (HTTP),Raspberry Pi 4B 8GB,System,1
03:43:43.441,50.1,33.4,2.76119,703.154,Attack,Denial of Service,PyFlooder (HTTP),Raspberry Pi 4B 8GB,System,1
03:43:44.634,50.6,50.0,2.75264,704.347,Attack,Denial of Service,PyFlooder (HTTP),Raspberry Pi 4B 8GB,System,1
03:43:45.824,51.1,25.0,2.73934,705.537,Attack,Denial of Service,PyFlooder (HTTP),Raspberry Pi 4B 8GB,System,1
03:43:47.014,50.6,50.0,2.72608,706.727,Attack,Denial of Service,PyFlooder (HTTP),Raspberry Pi 4B 8GB,System,1
03:43:48.232,51.1,16.7,2.72688,707.945,Attack,Denial of Service,PyFlooder (HTTP),Raspberry Pi 4B 8GB,System,1
03:43:49.458,49.6,37.5,2.72643,709.171,Attack,Denial of Service,PyFlooder (HTTP),Raspberry Pi 4B 8GB,System,1
03:43:50.677,50.1,37.5,2.70187,710.39,Attack,Denial of Service,PyFlooder (HTTP),Raspberry Pi 4B 8GB,System,1
03:43:51.909,50.1,30.0,2.73233,711.622,Attack,Denial of Service,PyFlooder (HTTP),Raspberry Pi 4B 8GB,System,1
03:43:53.137,49.6,33.4,2.74409,712.85,Attack,Denial of Service,PyFlooder (HTTP),Raspberry Pi 4B 8GB,System,1
03:43:54.372,50.1,40.0,2.73168,714.085,Attack,Denial of Service,PyFlooder (HTTP),Raspberry Pi 4B 8GB,System,1
03:43:55.600,50.1,37.5,2.73498,715.313,Attack,Denial of Service,PyFlooder (HTTP),Raspberry Pi 4B 8GB,System,1
03:43:56.823,50.1,28.6,2.71243,716.536,Attack,Denial of Service,PyFlooder (HTTP),Raspberry Pi 4B 8GB,System,1
03:43:58.050,50.1,25.0,2.71718,717.763,Attack,Denial of Service,PyFlooder (HTTP),Raspberry Pi 4B 8GB,System,1
03:43:59.274,49.6,44.4,2.74114,718.987,Attack,Denial of Service,PyFlooder (HTTP),Raspberry Pi 4B 8GB,System,1
03:44:00.495,49.6,42.9,2.71178,720.208,Attack,Denial of Service,PyFlooder (HTTP),Raspberry Pi 4B 8GB,System,1
03:44:01.720,51.1,37.5,2.71248,721.433,Attack,Denial of Service,PyFlooder (HTTP),Raspberry Pi 4B 8GB,System,1
03:44:02.941,50.1,28.6,2.72993,722.654,Attack,Denial of Service,PyFlooder (HTTP),Raspberry Pi 4B 8GB,System,1
03:44:04.169,50.1,37.5,2.69012,723.882,Attack,Denial of Service,PyFlooder (HTTP),Raspberry Pi 4B 8GB,System,1
03:44:05.396,49.6,33.4,2.73563,725.109,Attack,Denial of Service,PyFlooder (HTTP),Raspberry Pi 4B 8GB,System,1
03:44:06.626,50.6,40.0,2.73388,726.339,Attack,Denial of Service,PyFlooder (HTTP),Raspberry Pi 4B 8GB,System,1
03:44:07.853,50.1,28.6,2.73303,727.566,Attack,Denial of Service,PyFlooder (HTTP),Raspberry Pi 4B 8GB,System,1
03:44:09.081,49.1,37.5,2.72488,728.794,Attack,Denial of Service,PyFlooder (HTTP),Raspberry Pi 4B 8GB,System,1
03:44:10.308,49.6,28.6,2.69437,730.021,Attack,Denial of Service,PyFlooder (HTTP),Raspberry Pi 4B 8GB,System,1
03:44:11.531,49.6,37.5,2.72063,731.244,Attack,Denial of Service,PyFlooder (HTTP),Raspberry Pi 4B 8GB,System,1
03:44:12.751,49.1,28.6,2.71688,732.464,Attack,Denial of Service,PyFlooder (HTTP),Raspberry Pi 4B 8GB,System,1
03:44:13.975,49.6,28.6,2.72433,733.688,Attack,Denial of Service,PyFlooder (HTTP),Raspberry Pi 4B 8GB,System,1
03:44:15.197,49.6,28.6,2.74574,734.91,Attack,Denial of Service,PyFlooder (HTTP),Raspberry Pi 4B 8GB,System,1
03:44:16.424,49.1,44.4,2.72848,736.137,Attack,Denial of Service,PyFlooder (HTTP),Raspberry Pi 4B 8GB,System,1
03:44:17.657,50.6,44.4,2.75364,737.37,Attack,Denial of Service,PyFlooder (HTTP),Raspberry Pi 4B 8GB,System,1
03:44:18.889,50.1,28.6,2.74499,738.602,Attack,Denial of Service,PyFlooder (HTTP),Raspberry Pi 4B 8GB,System,1
03:44:20.115,49.1,37.5,2.74309,739.828,Attack,Denial of Service,PyFlooder (HTTP),Raspberry Pi 4B 8GB,System,1
03:44:21.338,49.6,37.5,2.72623,741.051,Attack,Denial of Service,PyFlooder (HTTP),Raspberry Pi 4B 8GB,System,1
03:44:22.563,50.1,44.4,2.75524,742.276,Attack,Denial of Service,PyFlooder (HTTP),Raspberry Pi 4B 8GB,System,1
03:44:23.795,50.1,37.5,2.73423,743.508,Attack,Denial of Service,PyFlooder (HTTP),Raspberry Pi 4B 8GB,System,1
03:44:25.026,49.1,33.3,2.71968,744.739,Attack,Denial of Service,PyFlooder (HTTP),Raspberry Pi 4B 8GB,System,1
03:44:26.256,49.6,33.3,2.71753,745.969,Attack,Denial of Service,PyFlooder (HTTP),Raspberry Pi 4B 8GB,System,1
03:44:27.480,49.1,33.4,2.71943,747.193,Attack,Denial of Service,PyFlooder (HTTP),Raspberry Pi 4B 8GB,System,1
03:44:28.706,49.6,33.4,2.70147,748.419,Attack,Denial of Service,PyFlooder (HTTP),Raspberry Pi 4B 8GB,System,1
03:44:29.932,49.6,25.0,2.74564,749.645,Attack,Denial of Service,PyFlooder (HTTP),Raspberry Pi 4B 8GB,System,1
03:44:31.159,49.1,44.4,2.73669,750.872,Attack,Denial of Service,PyFlooder (HTTP),Raspberry Pi 4B 8GB,System,1
03:44:32.388,49.6,37.5,2.74624,752.101,Attack,Denial of Service,PyFlooder (HTTP),Raspberry Pi 4B 8GB,System,1
03:44:33.620,49.6,37.5,2.74874,753.333,Attack,Denial of Service,PyFlooder (HTTP),Raspberry Pi 4B 8GB,System,1
03:44:34.853,49.1,37.5,2.73764,754.566,Attack,Denial of Service,PyFlooder (HTTP),Raspberry Pi 4B 8GB,System,1
03:44:36.079,50.1,28.6,2.71783,755.792,Attack,Denial of Service,PyFlooder (HTTP),Raspberry Pi 4B 8GB,System,1
03:44:37.300,49.1,37.5,2.73438,757.013,Attack,Denial of Service,PyFlooder (HTTP),Raspberry Pi 4B 8GB,System,1
03:44:38.521,49.6,37.5,2.73038,758.234,Attack,Denial of Service,PyFlooder (HTTP),Raspberry Pi 4B 8GB,System,1
03:44:39.752,49.6,37.5,2.72318,759.465,Attack,Denial of Service,PyFlooder (HTTP),Raspberry Pi 4B 8GB,System,1
03:44:40.982,49.1,55.5,2.72128,760.695,Attack,Denial of Service,PyFlooder (HTTP),Raspberry Pi 4B 8GB,System,1
03:44:42.210,49.6,37.5,2.72883,761.923,Attack,Denial of Service,PyFlooder (HTTP),Raspberry Pi 4B 8GB,System,1
03:44:43.434,49.6,33.3,2.72658,763.147,Attack,Denial of Service,PyFlooder (HTTP),Raspberry Pi 4B 8GB,System,1
03:44:44.657,49.6,28.6,2.73363,764.37,Attack,Denial of Service,PyFlooder (HTTP),Raspberry Pi 4B 8GB,System,1
03:44:45.877,49.6,33.3,2.74729,765.59,Attack,Denial of Service,PyFlooder (HTTP),Raspberry Pi 4B 8GB,System,1
03:44:47.100,49.6,37.5,2.73463,766.813,Attack,Denial of Service,PyFlooder (HTTP),Raspberry Pi 4B 8GB,System,1
03:44:48.320,49.6,42.9,2.73148,768.033,Attack,Denial of Service,PyFlooder (HTTP),Raspberry Pi 4B 8GB,System,1
03:44:49.548,49.1,28.6,2.74109,769.261,Attack,Denial of Service,PyFlooder (HTTP),Raspberry Pi 4B 8GB,System,1
03:44:50.775,49.1,25.0,2.72523,770.488,Attack,Denial of Service,PyFlooder (HTTP),Raspberry Pi 4B 8GB,System,1
03:44:52.008,49.1,25.0,2.74369,771.721,Attack,Denial of Service,PyFlooder (HTTP),Raspberry Pi 4B 8GB,System,1
03:44:53.236,50.1,33.3,2.69852,772.949,Attack,Denial of Service,PyFlooder (HTTP),Raspberry Pi 4B 8GB,System,1
03:44:54.460,49.6,42.9,2.71763,774.173,Attack,Denial of Service,PyFlooder (HTTP),Raspberry Pi 4B 8GB,System,1
03:44:55.681,50.1,33.4,2.75484,775.394,Attack,Denial of Service,PyFlooder (HTTP),Raspberry Pi 4B 8GB,System,1
03:44:56.905,48.7,44.4,2.73398,776.618,Attack,Denial of Service,PyFlooder (HTTP),Raspberry Pi 4B 8GB,System,1
03:44:58.128,49.6,37.5,2.73408,777.841,Attack,Denial of Service,PyFlooder (HTTP),Raspberry Pi 4B 8GB,System,1
03:44:59.354,49.1,37.5,2.70623,779.067,Attack,Denial of Service,PyFlooder (HTTP),Raspberry Pi 4B 8GB,System,1
03:45:00.576,48.7,16.7,2.72913,780.289,Attack,Denial of Service,PyFlooder (HTTP),Raspberry Pi 4B 8GB,System,1
03:45:01.805,49.6,25.0,2.72733,781.518,Attack,Denial of Service,PyFlooder (HTTP),Raspberry Pi 4B 8GB,System,1
03:45:03.023,50.1,33.4,2.71573,782.736,Attack,Denial of Service,PyFlooder (HTTP),Raspberry Pi 4B 8GB,System,1
03:45:04.256,50.6,44.4,2.71083,783.969,Attack,Denial of Service,PyFlooder (HTTP),Raspberry Pi 4B 8GB,System,1
03:45:05.475,49.1,57.2,2.74264,785.188,Attack,Denial of Service,PyFlooder (HTTP),Raspberry Pi 4B 8GB,System,1
03:45:06.697,50.1,28.6,2.75094,786.41,Attack,Denial of Service,PyFlooder (HTTP),Raspberry Pi 4B 8GB,System,1
03:45:07.922,50.1,50.0,2.74039,787.635,Attack,Denial of Service,PyFlooder (HTTP),Raspberry Pi 4B 8GB,System,1
03:45:09.145,51.1,25.0,2.71918,788.858,Attack,Denial of Service,PyFlooder (HTTP),Raspberry Pi 4B 8GB,System,1
03:45:10.373,49.1,28.6,2.71753,790.086,Attack,Denial of Service,PyFlooder (HTTP),Raspberry Pi 4B 8GB,System,1
03:45:11.596,49.6,42.9,2.70968,791.309,Attack,Denial of Service,PyFlooder (HTTP),Raspberry Pi 4B 8GB,System,1
03:45:12.823,49.6,14.3,2.72398,792.536,Attack,Denial of Service,PyFlooder (HTTP),Raspberry Pi 4B 8GB,System,1
03:45:14.046,50.6,28.6,2.73503,793.759,Attack,Denial of Service,PyFlooder (HTTP),Raspberry Pi 4B 8GB,System,1
03:45:15.266,50.1,16.7,2.74984,794.979,Attack,Denial of Service,PyFlooder (HTTP),Raspberry Pi 4B 8GB,System,1
03:45:16.492,49.1,22.2,2.71358,796.205,Attack,Denial of Service,PyFlooder (HTTP),Raspberry Pi 4B 8GB,System,1
03:45:17.712,49.6,50.0,2.73343,797.425,Attack,Denial of Service,PyFlooder (HTTP),Raspberry Pi 4B 8GB,System,1
03:45:18.940,49.1,25.0,2.73278,798.653,Attack,Denial of Service,PyFlooder (HTTP),Raspberry Pi 4B 8GB,System,1
03:45:20.161,49.1,50.0,2.69857,799.874,Attack,Denial of Service,PyFlooder (HTTP),Raspberry Pi 4B 8GB,System,1
03:45:21.387,49.6,37.5,2.71473,801.1,Attack,Denial of Service,PyFlooder (HTTP),Raspberry Pi 4B 8GB,System,1
03:45:22.611,50.1,42.9,2.72703,802.324,Attack,Denial of Service,PyFlooder (HTTP),Raspberry Pi 4B 8GB,System,1
03:45:23.829,50.1,20.0,2.71918,803.542,Attack,Denial of Service,PyFlooder (HTTP),Raspberry Pi 4B 8GB,System,1
03:45:25.048,49.6,42.9,2.72653,804.761,Attack,Denial of Service,PyFlooder (HTTP),Raspberry Pi 4B 8GB,System,1
03:45:26.269,49.6,37.5,2.73118,805.982,Attack,Denial of Service,PyFlooder (HTTP),Raspberry Pi 4B 8GB,System,1
03:45:27.500,48.7,37.5,2.74279,807.213,Attack,Denial of Service,PyFlooder (HTTP),Raspberry Pi 4B 8GB,System,1
03:45:28.725,49.1,20.0,2.68547,808.438,Attack,Denial of Service,PyFlooder (HTTP),Raspberry Pi 4B 8GB,System,1
03:45:29.954,49.1,28.6,2.74544,809.667,Attack,Denial of Service,PyFlooder (HTTP),Raspberry Pi 4B 8GB,System,1
03:45:31.176,49.1,50.0,2.74089,810.889,Attack,Denial of Service,PyFlooder (HTTP),Raspberry Pi 4B 8GB,System,1
03:45:32.403,50.1,50.0,2.74539,812.116,Attack,Denial of Service,PyFlooder (HTTP),Raspberry Pi 4B 8GB,System,1
03:45:33.631,50.6,44.4,2.74369,813.344,Attack,Denial of Service,PyFlooder (HTTP),Raspberry Pi 4B 8GB,System,1
03:45:34.851,49.1,33.4,2.75189,814.564,Attack,Denial of Service,PyFlooder (HTTP),Raspberry Pi 4B 8GB,System,1
03:45:36.067,50.1,28.6,2.73704,815.78,Attack,Denial of Service,PyFlooder (HTTP),Raspberry Pi 4B 8GB,System,1
03:45:37.289,50.6,16.7,2.72283,817.002,Attack,Denial of Service,PyFlooder (HTTP),Raspberry Pi 4B 8GB,System,1
03:45:38.516,49.6,36.4,2.75219,818.229,Attack,Denial of Service,PyFlooder (HTTP),Raspberry Pi 4B 8GB,System,1
03:45:39.750,49.6,37.5,2.72778,819.463,Attack,Denial of Service,PyFlooder (HTTP),Raspberry Pi 4B 8GB,System,1
03:45:40.977,49.6,25.0,2.73238,820.69,Attack,Denial of Service,PyFlooder (HTTP),Raspberry Pi 4B 8GB,System,1
03:45:42.207,49.6,50.0,2.73348,821.92,Attack,Denial of Service,PyFlooder (HTTP),Raspberry Pi 4B 8GB,System,1
03:45:43.439,49.1,37.5,2.72698,823.152,Attack,Denial of Service,PyFlooder (HTTP),Raspberry Pi 4B 8GB,System,1
03:45:44.662,50.1,42.9,2.71378,824.375,Attack,Denial of Service,PyFlooder (HTTP),Raspberry Pi 4B 8GB,System,1
03:45:45.885,50.1,25.0,2.73634,825.598,Attack,Denial of Service,PyFlooder (HTTP),Raspberry Pi 4B 8GB,System,1
03:45:47.102,49.6,28.6,2.71883,826.815,Attack,Denial of Service,PyFlooder (HTTP),Raspberry Pi 4B 8GB,System,1
03:45:48.322,50.1,42.9,2.73543,828.035,Attack,Denial of Service,PyFlooder (HTTP),Raspberry Pi 4B 8GB,System,1
03:45:49.545,50.1,37.5,2.73213,829.258,Attack,Denial of Service,PyFlooder (HTTP),Raspberry Pi 4B 8GB,System,1
03:45:50.769,50.1,37.5,2.71713,830.482,Attack,Denial of Service,PyFlooder (HTTP),Raspberry Pi 4B 8GB,System,1
03:45:51.991,49.6,20.0,2.73639,831.704,Attack,Denial of Service,PyFlooder (HTTP),Raspberry Pi 4B 8GB,System,1
03:45:53.217,49.6,16.7,2.75679,832.93,Attack,Denial of Service,PyFlooder (HTTP),Raspberry Pi 4B 8GB,System,1
03:45:54.445,49.6,30.0,2.72938,834.158,Attack,Denial of Service,PyFlooder (HTTP),Raspberry Pi 4B 8GB,System,1
03:45:55.669,49.6,28.6,2.76024,835.382,Attack,Denial of Service,PyFlooder (HTTP),Raspberry Pi 4B 8GB,System,1
03:45:56.897,48.7,42.9,2.74774,836.61,Attack,Denial of Service,PyFlooder (HTTP),Raspberry Pi 4B 8GB,System,1
03:45:58.118,50.1,37.5,2.71978,837.831,Attack,Denial of Service,PyFlooder (HTTP),Raspberry Pi 4B 8GB,System,1
03:45:59.338,50.1,42.9,2.74984,839.051,Attack,Denial of Service,PyFlooder (HTTP),Raspberry Pi 4B 8GB,System,1
03:46:00.556,49.6,42.9,2.75689,840.269,Attack,Denial of Service,PyFlooder (HTTP),Raspberry Pi 4B 8GB,System,1
03:46:01.791,49.6,28.6,2.74264,841.504,Attack,Denial of Service,PyFlooder (HTTP),Raspberry Pi 4B 8GB,System,1
03:46:03.009,49.1,33.4,2.74594,842.722,Attack,Denial of Service,PyFlooder (HTTP),Raspberry Pi 4B 8GB,System,1
03:46:04.233,49.1,16.7,2.71548,843.946,Attack,Denial of Service,PyFlooder (HTTP),Raspberry Pi 4B 8GB,System,1
03:46:05.456,50.1,33.3,2.70202,845.169,Attack,Denial of Service,PyFlooder (HTTP),Raspberry Pi 4B 8GB,System,1
03:46:06.682,49.6,28.6,2.72393,846.395,Attack,Denial of Service,PyFlooder (HTTP),Raspberry Pi 4B 8GB,System,1
03:46:07.907,49.6,33.3,2.73398,847.62,Attack,Denial of Service,PyFlooder (HTTP),Raspberry Pi 4B 8GB,System,1
03:46:09.131,49.6,37.5,2.72143,848.844,Attack,Denial of Service,PyFlooder (HTTP),Raspberry Pi 4B 8GB,System,1
03:46:10.354,50.1,28.6,2.71308,850.067,Attack,Denial of Service,PyFlooder (HTTP),Raspberry Pi 4B 8GB,System,1
03:46:11.576,49.1,55.5,2.71133,851.289,Attack,Denial of Service,PyFlooder (HTTP),Raspberry Pi 4B 8GB,System,1
03:46:12.797,49.1,42.9,2.70868,852.51,Attack,Denial of Service,PyFlooder (HTTP),Raspberry Pi 4B 8GB,System,1
03:46:14.020,49.6,25.0,2.72458,853.733,Attack,Denial of Service,PyFlooder (HTTP),Raspberry Pi 4B 8GB,System,1
03:46:15.247,49.6,27.3,2.74529,854.96,Attack,Denial of Service,PyFlooder (HTTP),Raspberry Pi 4B 8GB,System,1
03:46:16.436,50.6,50.0,2.73879,856.149,Attack,Denial of Service,PyFlooder (HTTP),Raspberry Pi 4B 8GB,System,1
03:46:17.626,51.1,33.3,2.77605,857.339,Attack,Denial of Service,PyFlooder (HTTP),Raspberry Pi 4B 8GB,System,1
03:46:18.815,51.6,25.0,2.72778,858.528,Attack,Denial of Service,PyFlooder (HTTP),Raspberry Pi 4B 8GB,System,1
03:46:20.005,50.6,33.3,2.75044,859.718,Attack,Denial of Service,PyFlooder (HTTP),Raspberry Pi 4B 8GB,System,1
03:46:21.225,50.6,37.5,2.74329,860.938,Attack,Denial of Service,PyFlooder (HTTP),Raspberry Pi 4B 8GB,System,1
03:46:22.448,49.6,25.0,2.72043,862.161,Attack,Denial of Service,PyFlooder (HTTP),Raspberry Pi 4B 8GB,System,1
03:46:23.685,49.6,22.2,2.73333,863.398,Attack,Denial of Service,PyFlooder (HTTP),Raspberry Pi 4B 8GB,System,1
03:46:24.913,50.6,40.0,2.76009,864.626,Attack,Denial of Service,PyFlooder (HTTP),Raspberry Pi 4B 8GB,System,1
03:46:26.137,50.6,20.0,2.73949,865.85,Attack,Denial of Service,PyFlooder (HTTP),Raspberry Pi 4B 8GB,System,1
03:46:27.362,51.1,28.6,2.72128,867.075,Attack,Denial of Service,PyFlooder (HTTP),Raspberry Pi 4B 8GB,System,1
03:46:28.587,50.1,37.5,2.7707,868.3,Attack,Denial of Service,PyFlooder (HTTP),Raspberry Pi 4B 8GB,System,1
03:46:29.807,49.6,42.9,2.76109,869.52,Attack,Denial of Service,PyFlooder (HTTP),Raspberry Pi 4B 8GB,System,1
03:46:31.031,50.1,33.3,2.76324,870.744,Attack,Denial of Service,PyFlooder (HTTP),Raspberry Pi 4B 8GB,System,1
03:46:32.253,50.6,28.6,2.73083,871.966,Attack,Denial of Service,PyFlooder (HTTP),Raspberry Pi 4B 8GB,System,1
03:46:33.489,49.6,40.0,2.71043,873.202,Attack,Denial of Service,PyFlooder (HTTP),Raspberry Pi 4B 8GB,System,1
03:46:34.710,49.1,33.3,2.74459,874.423,Attack,Denial of Service,PyFlooder (HTTP),Raspberry Pi 4B 8GB,System,1
03:46:35.932,50.1,50.0,2.73443,875.645,Attack,Denial of Service,PyFlooder (HTTP),Raspberry Pi 4B 8GB,System,1
03:46:37.162,50.1,37.5,2.73158,876.875,Attack,Denial of Service,PyFlooder (HTTP),Raspberry Pi 4B 8GB,System,1
03:46:38.382,50.1,28.6,2.74214,878.095,Attack,Denial of Service,PyFlooder (HTTP),Raspberry Pi 4B 8GB,System,1
03:46:39.601,49.6,42.9,2.74814,879.314,Attack,Denial of Service,PyFlooder (HTTP),Raspberry Pi 4B 8GB,System,1
03:46:40.824,49.6,44.4,2.70893,880.537,Attack,Denial of Service,PyFlooder (HTTP),Raspberry Pi 4B 8GB,System,1
03:46:42.044,49.6,28.6,2.74249,881.757,Attack,Denial of Service,PyFlooder (HTTP),Raspberry Pi 4B 8GB,System,1
03:46:43.269,50.1,33.3,2.74769,882.982,Attack,Denial of Service,PyFlooder (HTTP),Raspberry Pi 4B 8GB,System,1
03:46:44.492,50.6,42.9,2.74834,884.205,Attack,Denial of Service,PyFlooder (HTTP),Raspberry Pi 4B 8GB,System,1
03:46:45.722,49.6,28.6,2.72883,885.435,Attack,Denial of Service,PyFlooder (HTTP),Raspberry Pi 4B 8GB,System,1
03:46:46.954,49.1,42.9,2.72493,886.667,Attack,Denial of Service,PyFlooder (HTTP),Raspberry Pi 4B 8GB,System,1
03:46:48.180,50.6,28.6,2.75689,887.893,Attack,Denial of Service,PyFlooder (HTTP),Raspberry Pi 4B 8GB,System,1
03:46:49.401,50.1,28.6,2.74884,889.114,Attack,Denial of Service,PyFlooder (HTTP),Raspberry Pi 4B 8GB,System,1
03:46:50.627,50.1,44.4,2.75484,890.34,Attack,Denial of Service,PyFlooder (HTTP),Raspberry Pi 4B 8GB,System,1
03:46:51.861,50.6,37.5,2.74509,891.574,Attack,Denial of Service,PyFlooder (HTTP),Raspberry Pi 4B 8GB,System,1
03:46:53.078,51.1,66.7,2.77725,892.791,Attack,Denial of Service,PyFlooder (HTTP),Raspberry Pi 4B 8GB,System,1
03:46:54.298,51.6,33.3,2.73764,894.011,Attack,Denial of Service,PyFlooder (HTTP),Raspberry Pi 4B 8GB,System,1
03:46:55.518,50.1,28.6,2.74004,895.231,Attack,Denial of Service,PyFlooder (HTTP),Raspberry Pi 4B 8GB,System,1
03:46:56.736,50.1,33.3,2.73809,896.449,Attack,Denial of Service,PyFlooder (HTTP),Raspberry Pi 4B 8GB,System,1
03:46:57.957,49.1,42.9,2.70723,897.67,Attack,Denial of Service,PyFlooder (HTTP),Raspberry Pi 4B 8GB,System,1
03:46:59.182,50.1,44.4,2.74534,898.895,Attack,Denial of Service,PyFlooder (HTTP),Raspberry Pi 4B 8GB,System,1
03:47:00.415,49.1,37.5,2.75264,900.128,Attack,Denial of Service,PyFlooder (HTTP),Raspberry Pi 4B 8GB,System,1
03:47:01.647,49.1,37.5,2.75964,901.36,Attack,Denial of Service,PyFlooder (HTTP),Raspberry Pi 4B 8GB,System,1
03:47:02.874,49.1,28.6,2.75379,902.587,Attack,Denial of Service,PyFlooder (HTTP),Raspberry Pi 4B 8GB,System,1
03:47:04.099,49.6,37.5,2.73979,903.812,Attack,Denial of Service,PyFlooder (HTTP),Raspberry Pi 4B 8GB,System,1
03:47:05.316,51.1,28.6,2.73208,905.029,Attack,Denial of Service,PyFlooder (HTTP),Raspberry Pi 4B 8GB,System,1
03:47:06.541,50.6,37.5,2.73178,906.254,Attack,Denial of Service,PyFlooder (HTTP),Raspberry Pi 4B 8GB,System,1
03:47:07.765,49.6,28.6,2.72973,907.478,Attack,Denial of Service,PyFlooder (HTTP),Raspberry Pi 4B 8GB,System,1
03:47:08.985,49.6,44.4,2.72678,908.698,Attack,Denial of Service,PyFlooder (HTTP),Raspberry Pi 4B 8GB,System,1
03:47:10.207,50.1,33.3,2.76489,909.92,Attack,Denial of Service,PyFlooder (HTTP),Raspberry Pi 4B 8GB,System,1
03:47:11.434,50.1,28.6,2.73348,911.147,Attack,Denial of Service,PyFlooder (HTTP),Raspberry Pi 4B 8GB,System,1
03:47:12.656,49.6,37.5,2.76785,912.369,Attack,Denial of Service,PyFlooder (HTTP),Raspberry Pi 4B 8GB,System,1
03:47:13.885,49.1,25.0,2.75944,913.598,Attack,Denial of Service,PyFlooder (HTTP),Raspberry Pi 4B 8GB,System,1
03:47:15.109,50.1,28.6,2.73218,914.822,Attack,Denial of Service,PyFlooder (HTTP),Raspberry Pi 4B 8GB,System,1
03:47:16.334,49.6,28.6,2.71568,916.047,Attack,Denial of Service,PyFlooder (HTTP),Raspberry Pi 4B 8GB,System,1
03:47:17.559,50.1,37.5,2.74269,917.272,Attack,Denial of Service,PyFlooder (HTTP),Raspberry Pi 4B 8GB,System,1
03:47:18.781,50.1,28.6,2.73714,918.494,Attack,Denial of Service,PyFlooder (HTTP),Raspberry Pi 4B 8GB,System,1
03:47:20.002,50.1,37.5,2.73233,919.715,Attack,Denial of Service,PyFlooder (HTTP),Raspberry Pi 4B 8GB,System,1
03:47:21.231,50.6,50.0,2.70282,920.944,Attack,Denial of Service,PyFlooder (HTTP),Raspberry Pi 4B 8GB,System,1
03:47:22.456,49.1,50.0,2.74649,922.169,Attack,Denial of Service,PyFlooder (HTTP),Raspberry Pi 4B 8GB,System,1
03:47:23.684,50.6,37.5,2.7745,923.397,Attack,Denial of Service,PyFlooder (HTTP),Raspberry Pi 4B 8GB,System,1
03:47:24.907,49.6,42.9,2.7686,924.62,Attack,Denial of Service,PyFlooder (HTTP),Raspberry Pi 4B 8GB,System,1
03:47:26.133,51.1,33.4,2.7801,925.846,Attack,Denial of Service,PyFlooder (HTTP),Raspberry Pi 4B 8GB,System,1
03:47:27.362,50.1,37.5,2.72718,927.075,Attack,Denial of Service,PyFlooder (HTTP),Raspberry Pi 4B 8GB,System,1
03:47:28.584,49.6,37.5,2.72403,928.297,Attack,Denial of Service,PyFlooder (HTTP),Raspberry Pi 4B 8GB,System,1
03:47:29.805,49.6,33.4,2.70878,929.518,Attack,Denial of Service,PyFlooder (HTTP),Raspberry Pi 4B 8GB,System,1
03:47:31.035,49.6,66.6,2.73639,930.748,Attack,Denial of Service,PyFlooder (HTTP),Raspberry Pi 4B 8GB,System,1
03:47:32.257,49.1,33.3,2.71988,931.97,Attack,Denial of Service,PyFlooder (HTTP),Raspberry Pi 4B 8GB,System,1
03:47:33.489,51.1,42.9,2.74549,933.202,Attack,Denial of Service,PyFlooder (HTTP),Raspberry Pi 4B 8GB,System,1
03:47:34.716,48.2,42.9,2.72303,934.429,Attack,Denial of Service,PyFlooder (HTTP),Raspberry Pi 4B 8GB,System,1
03:47:35.941,50.1,37.5,2.74944,935.654,Attack,Denial of Service,PyFlooder (HTTP),Raspberry Pi 4B 8GB,System,1
03:47:37.165,50.1,42.9,2.76179,936.878,Attack,Denial of Service,PyFlooder (HTTP),Raspberry Pi 4B 8GB,System,1
03:47:38.387,49.1,28.6,2.75674,938.1,Attack,Denial of Service,PyFlooder (HTTP),Raspberry Pi 4B 8GB,System,1
03:47:39.609,50.1,28.6,2.78215,939.322,Attack,Denial of Service,PyFlooder (HTTP),Raspberry Pi 4B 8GB,System,1
03:47:40.841,49.6,16.7,2.74244,940.554,Attack,Denial of Service,PyFlooder (HTTP),Raspberry Pi 4B 8GB,System,1
03:47:42.062,50.1,28.6,2.71978,941.775,Attack,Denial of Service,PyFlooder (HTTP),Raspberry Pi 4B 8GB,System,1
03:47:43.291,49.1,37.5,2.75594,943.004,Attack,Denial of Service,PyFlooder (HTTP),Raspberry Pi 4B 8GB,System,1
03:47:44.516,51.1,37.5,2.75074,944.229,Attack,Denial of Service,PyFlooder (HTTP),Raspberry Pi 4B 8GB,System,1
03:47:45.740,49.1,37.5,2.77145,945.453,Attack,Denial of Service,PyFlooder (HTTP),Raspberry Pi 4B 8GB,System,1
03:47:46.966,50.6,28.6,2.75749,946.679,Attack,Denial of Service,PyFlooder (HTTP),Raspberry Pi 4B 8GB,System,1
03:47:48.186,50.6,16.7,2.72408,947.899,Attack,Denial of Service,PyFlooder (HTTP),Raspberry Pi 4B 8GB,System,1
03:47:49.407,50.1,37.5,2.74974,949.12,Attack,Denial of Service,PyFlooder (HTTP),Raspberry Pi 4B 8GB,System,1
03:47:50.626,49.6,33.4,2.74359,950.339,Attack,Denial of Service,PyFlooder (HTTP),Raspberry Pi 4B 8GB,System,1
03:47:51.847,49.6,33.3,2.72728,951.56,Attack,Denial of Service,PyFlooder (HTTP),Raspberry Pi 4B 8GB,System,1
03:47:53.075,49.1,37.5,2.72923,952.788,Attack,Denial of Service,PyFlooder (HTTP),Raspberry Pi 4B 8GB,System,1
03:47:54.299,50.6,28.6,2.74114,954.012,Attack,Denial of Service,PyFlooder (HTTP),Raspberry Pi 4B 8GB,System,1
03:47:55.524,48.7,42.9,2.76609,955.237,Attack,Denial of Service,PyFlooder (HTTP),Raspberry Pi 4B 8GB,System,1
03:47:56.748,50.1,42.9,2.75789,956.461,Attack,Denial of Service,PyFlooder (HTTP),Raspberry Pi 4B 8GB,System,1
03:47:57.973,48.7,33.3,2.76825,957.686,Attack,Denial of Service,PyFlooder (HTTP),Raspberry Pi 4B 8GB,System,1
03:47:59.195,50.6,33.3,2.74994,958.908,Attack,Denial of Service,PyFlooder (HTTP),Raspberry Pi 4B 8GB,System,1
03:48:00.415,49.6,33.4,2.74459,960.128,Attack,Denial of Service,PyFlooder (HTTP),Raspberry Pi 4B 8GB,System,1
03:48:01.638,49.6,20.0,2.75559,961.351,Attack,Denial of Service,PyFlooder (HTTP),Raspberry Pi 4B 8GB,System,1
03:48:02.859,50.6,42.9,2.7686,962.572,Attack,Denial of Service,PyFlooder (HTTP),Raspberry Pi 4B 8GB,System,1
03:48:04.086,50.6,44.4,2.74309,963.799,Attack,Denial of Service,PyFlooder (HTTP),Raspberry Pi 4B 8GB,System,1
03:48:05.310,50.6,28.6,2.74699,965.023,Attack,Denial of Service,PyFlooder (HTTP),Raspberry Pi 4B 8GB,System,1
03:48:06.540,50.6,42.9,2.76304,966.253,Attack,Denial of Service,PyFlooder (HTTP),Raspberry Pi 4B 8GB,System,1
03:48:07.771,49.6,25.0,2.74719,967.484,Attack,Denial of Service,PyFlooder (HTTP),Raspberry Pi 4B 8GB,System,1
03:48:09.001,50.1,25.0,2.73994,968.714,Attack,Denial of Service,PyFlooder (HTTP),Raspberry Pi 4B 8GB,System,1
03:48:10.223,49.6,28.6,2.75814,969.936,Attack,Denial of Service,PyFlooder (HTTP),Raspberry Pi 4B 8GB,System,1
03:48:11.447,49.1,37.5,2.73293,971.16,Attack,Denial of Service,PyFlooder (HTTP),Raspberry Pi 4B 8GB,System,1
03:48:12.674,50.1,25.0,2.71308,972.387,Attack,Denial of Service,PyFlooder (HTTP),Raspberry Pi 4B 8GB,System,1
03:48:13.907,49.6,37.5,2.74599,973.62,Attack,Denial of Service,PyFlooder (HTTP),Raspberry Pi 4B 8GB,System,1
03:48:15.133,49.6,37.5,2.72623,974.846,Attack,Denial of Service,PyFlooder (HTTP),Raspberry Pi 4B 8GB,System,1
03:48:16.359,50.6,28.6,2.73809,976.072,Attack,Denial of Service,PyFlooder (HTTP),Raspberry Pi 4B 8GB,System,1
03:48:17.583,49.1,33.3,2.74144,977.296,Attack,Denial of Service,PyFlooder (HTTP),Raspberry Pi 4B 8GB,System,1
03:48:18.806,50.6,33.3,2.75164,978.519,Attack,Denial of Service,PyFlooder (HTTP),Raspberry Pi 4B 8GB,System,1
03:48:20.024,49.1,42.9,2.76034,979.737,Attack,Denial of Service,PyFlooder (HTTP),Raspberry Pi 4B 8GB,System,1
03:48:21.254,49.6,33.3,2.75074,980.967,Attack,Denial of Service,PyFlooder (HTTP),Raspberry Pi 4B 8GB,System,1
03:48:22.478,51.1,28.6,2.74114,982.191,Attack,Denial of Service,PyFlooder (HTTP),Raspberry Pi 4B 8GB,System,1
03:48:23.710,50.6,14.3,2.76139,983.423,Attack,Denial of Service,PyFlooder (HTTP),Raspberry Pi 4B 8GB,System,1
03:48:24.938,50.6,44.4,2.75554,984.651,Attack,Denial of Service,PyFlooder (HTTP),Raspberry Pi 4B 8GB,System,1
03:48:26.162,50.6,28.6,2.75649,985.875,Attack,Denial of Service,PyFlooder (HTTP),Raspberry Pi 4B 8GB,System,1
03:48:27.388,49.6,28.6,2.77925,987.101,Attack,Denial of Service,PyFlooder (HTTP),Raspberry Pi 4B 8GB,System,1
03:48:28.609,50.6,37.5,2.7843,988.322,Attack,Denial of Service,PyFlooder (HTTP),Raspberry Pi 4B 8GB,System,1
03:48:29.840,50.6,44.4,2.75924,989.553,Attack,Denial of Service,PyFlooder (HTTP),Raspberry Pi 4B 8GB,System,1
03:48:31.072,50.1,28.6,2.74859,990.785,Attack,Denial of Service,PyFlooder (HTTP),Raspberry Pi 4B 8GB,System,1
03:48:32.297,51.1,16.7,2.74824,992.01,Attack,Denial of Service,PyFlooder (HTTP),Raspberry Pi 4B 8GB,System,1
03:48:33.525,49.1,50.0,2.72523,993.238,Attack,Denial of Service,PyFlooder (HTTP),Raspberry Pi 4B 8GB,System,1
03:48:34.750,50.6,28.6,2.74324,994.463,Attack,Denial of Service,PyFlooder (HTTP),Raspberry Pi 4B 8GB,System,1
03:48:35.972,50.6,25.0,2.77085,995.685,Attack,Denial of Service,PyFlooder (HTTP),Raspberry Pi 4B 8GB,System,1
03:48:37.191,50.1,37.5,2.74189,996.904,Attack,Denial of Service,PyFlooder (HTTP),Raspberry Pi 4B 8GB,System,1
03:48:38.411,49.6,28.6,2.76004,998.124,Attack,Denial of Service,PyFlooder (HTTP),Raspberry Pi 4B 8GB,System,1
03:48:39.643,50.6,37.5,2.75799,999.356,Attack,Denial of Service,PyFlooder (HTTP),Raspberry Pi 4B 8GB,System,1
03:48:40.871,49.6,28.6,2.7726,1000.584,Attack,Denial of Service,PyFlooder (HTTP),Raspberry Pi 4B 8GB,System,1
03:48:42.091,49.6,50.0,2.75834,1001.804,Attack,Denial of Service,PyFlooder (HTTP),Raspberry Pi 4B 8GB,System,1
03:48:43.317,50.6,20.0,2.75084,1003.03,Attack,Denial of Service,PyFlooder (HTTP),Raspberry Pi 4B 8GB,System,1
03:48:44.538,50.6,42.9,2.75714,1004.251,Attack,Denial of Service,PyFlooder (HTTP),Raspberry Pi 4B 8GB,System,1
03:48:45.762,50.1,16.7,2.76459,1005.475,Attack,Denial of Service,PyFlooder (HTTP),Raspberry Pi 4B 8GB,System,1
03:48:46.993,50.1,50.0,2.772,1006.706,Attack,Denial of Service,PyFlooder (HTTP),Raspberry Pi 4B 8GB,System,1
03:48:48.216,50.1,42.9,2.72978,1007.929,Attack,Denial of Service,PyFlooder (HTTP),Raspberry Pi 4B 8GB,System,1
03:48:49.439,50.1,28.6,2.75709,1009.152,Attack,Denial of Service,PyFlooder (HTTP),Raspberry Pi 4B 8GB,System,1
03:48:50.657,49.6,42.9,2.72793,1010.37,Attack,Denial of Service,PyFlooder (HTTP),Raspberry Pi 4B 8GB,System,1
03:48:51.884,50.1,28.6,2.75894,1011.597,Attack,Denial of Service,PyFlooder (HTTP),Raspberry Pi 4B 8GB,System,1
03:48:53.107,49.6,42.9,2.75254,1012.82,Attack,Denial of Service,PyFlooder (HTTP),Raspberry Pi 4B 8GB,System,1
03:48:54.336,51.1,28.6,2.74344,1014.049,Attack,Denial of Service,PyFlooder (HTTP),Raspberry Pi 4B 8GB,System,1
03:48:55.565,50.6,37.5,2.77255,1015.278,Attack,Denial of Service,PyFlooder (HTTP),Raspberry Pi 4B 8GB,System,1
03:48:56.789,50.1,33.4,2.76544,1016.502,Attack,Denial of Service,PyFlooder (HTTP),Raspberry Pi 4B 8GB,System,1
03:48:58.013,50.6,42.9,2.76319,1017.726,Attack,Denial of Service,PyFlooder (HTTP),Raspberry Pi 4B 8GB,System,1
03:48:59.235,50.6,42.9,2.75789,1018.948,Attack,Denial of Service,PyFlooder (HTTP),Raspberry Pi 4B 8GB,System,1
03:49:00.455,50.1,50.0,2.75484,1020.168,Attack,Denial of Service,PyFlooder (HTTP),Raspberry Pi 4B 8GB,System,1
03:49:01.675,51.1,37.5,2.75199,1021.388,Attack,Denial of Service,PyFlooder (HTTP),Raspberry Pi 4B 8GB,System,1
03:49:02.904,50.6,37.5,2.74039,1022.617,Attack,Denial of Service,PyFlooder (HTTP),Raspberry Pi 4B 8GB,System,1
03:49:04.127,49.6,37.5,2.73719,1023.84,Attack,Denial of Service,PyFlooder (HTTP),Raspberry Pi 4B 8GB,System,1
03:49:05.351,49.6,42.9,2.74469,1025.064,Attack,Denial of Service,PyFlooder (HTTP),Raspberry Pi 4B 8GB,System,1
03:49:06.577,49.6,42.9,2.76134,1026.29,Attack,Denial of Service,PyFlooder (HTTP),Raspberry Pi 4B 8GB,System,1
03:49:07.805,50.1,42.9,2.7772,1027.518,Attack,Denial of Service,PyFlooder (HTTP),Raspberry Pi 4B 8GB,System,1
03:49:09.031,50.1,33.3,2.75494,1028.744,Attack,Denial of Service,PyFlooder (HTTP),Raspberry Pi 4B 8GB,System,1
03:49:10.264,49.6,33.3,2.73038,1029.977,Attack,Denial of Service,PyFlooder (HTTP),Raspberry Pi 4B 8GB,System,1
03:49:11.500,49.1,28.6,2.72498,1031.213,Attack,Denial of Service,PyFlooder (HTTP),Raspberry Pi 4B 8GB,System,1
03:49:12.729,49.6,28.6,2.77835,1032.442,Attack,Denial of Service,PyFlooder (HTTP),Raspberry Pi 4B 8GB,System,1
03:49:13.954,50.6,37.5,2.77465,1033.667,Attack,Denial of Service,PyFlooder (HTTP),Raspberry Pi 4B 8GB,System,1
03:49:15.180,49.6,42.9,2.73729,1034.893,Attack,Denial of Service,PyFlooder (HTTP),Raspberry Pi 4B 8GB,System,1
03:49:16.405,50.6,37.5,2.75109,1036.118,Attack,Denial of Service,PyFlooder (HTTP),Raspberry Pi 4B 8GB,System,1
03:49:17.635,50.6,25.0,2.77175,1037.348,Attack,Denial of Service,PyFlooder (HTTP),Raspberry Pi 4B 8GB,System,1
03:49:18.859,50.1,25.0,2.75369,1038.572,Attack,Denial of Service,PyFlooder (HTTP),Raspberry Pi 4B 8GB,System,1
03:49:20.083,49.6,25.0,2.73438,1039.796,Attack,Denial of Service,PyFlooder (HTTP),Raspberry Pi 4B 8GB,System,1
03:49:21.311,49.6,50.0,2.75509,1041.024,Attack,Denial of Service,PyFlooder (HTTP),Raspberry Pi 4B 8GB,System,1
03:49:22.534,50.1,28.6,2.77,1042.247,Attack,Denial of Service,PyFlooder (HTTP),Raspberry Pi 4B 8GB,System,1
03:49:23.764,51.1,28.6,2.74724,1043.477,Attack,Denial of Service,PyFlooder (HTTP),Raspberry Pi 4B 8GB,System,1
03:49:24.985,49.1,28.6,2.76639,1044.698,Attack,Denial of Service,PyFlooder (HTTP),Raspberry Pi 4B 8GB,System,1
03:49:26.205,50.6,42.9,2.74779,1045.918,Attack,Denial of Service,PyFlooder (HTTP),Raspberry Pi 4B 8GB,System,1
03:49:27.424,50.1,16.7,2.75439,1047.137,Attack,Denial of Service,PyFlooder (HTTP),Raspberry Pi 4B 8GB,System,1
03:49:28.652,50.6,28.6,2.72163,1048.365,Attack,Denial of Service,PyFlooder (HTTP),Raspberry Pi 4B 8GB,System,1
03:49:29.877,50.6,37.5,2.75849,1049.59,Attack,Denial of Service,PyFlooder (HTTP),Raspberry Pi 4B 8GB,System,1
03:49:31.101,50.1,28.6,2.75749,1050.814,Attack,Denial of Service,PyFlooder (HTTP),Raspberry Pi 4B 8GB,System,1
03:49:32.329,50.6,25.0,2.75374,1052.042,Attack,Denial of Service,PyFlooder (HTTP),Raspberry Pi 4B 8GB,System,1
03:49:33.553,50.1,37.5,2.75694,1053.266,Attack,Denial of Service,PyFlooder (HTTP),Raspberry Pi 4B 8GB,System,1
03:49:34.777,50.6,28.6,2.74734,1054.49,Attack,Denial of Service,PyFlooder (HTTP),Raspberry Pi 4B 8GB,System,1
03:49:35.996,50.1,20.0,2.75029,1055.709,Attack,Denial of Service,PyFlooder (HTTP),Raspberry Pi 4B 8GB,System,1
03:49:37.217,49.6,28.6,2.75804,1056.93,Attack,Denial of Service,PyFlooder (HTTP),Raspberry Pi 4B 8GB,System,1
03:49:38.438,49.6,16.7,2.75569,1058.151,Attack,Denial of Service,PyFlooder (HTTP),Raspberry Pi 4B 8GB,System,1
03:49:39.658,50.1,37.5,2.7742,1059.371,Attack,Denial of Service,PyFlooder (HTTP),Raspberry Pi 4B 8GB,System,1
03:49:40.895,49.6,25.0,2.74519,1060.608,Attack,Denial of Service,PyFlooder (HTTP),Raspberry Pi 4B 8GB,System,1
03:49:42.117,49.6,16.7,2.76509,1061.83,Attack,Denial of Service,PyFlooder (HTTP),Raspberry Pi 4B 8GB,System,1
03:49:43.337,50.1,42.9,2.74644,1063.05,Attack,Denial of Service,PyFlooder (HTTP),Raspberry Pi 4B 8GB,System,1
03:49:44.565,51.1,33.3,2.74964,1064.278,Attack,Denial of Service,PyFlooder (HTTP),Raspberry Pi 4B 8GB,System,1
03:49:45.788,50.6,28.6,2.7708,1065.501,Attack,Denial of Service,PyFlooder (HTTP),Raspberry Pi 4B 8GB,System,1
03:49:47.009,50.1,42.9,2.77205,1066.722,Attack,Denial of Service,PyFlooder (HTTP),Raspberry Pi 4B 8GB,System,1
03:49:48.229,51.1,37.5,2.76274,1067.942,Attack,Denial of Service,PyFlooder (HTTP),Raspberry Pi 4B 8GB,System,1
03:49:49.449,50.1,42.9,2.75874,1069.162,Attack,Denial of Service,PyFlooder (HTTP),Raspberry Pi 4B 8GB,System,1
03:49:50.670,50.6,28.6,2.7684,1070.383,Attack,Denial of Service,PyFlooder (HTTP),Raspberry Pi 4B 8GB,System,1
03:49:51.896,49.6,33.3,2.7723,1071.609,Attack,Denial of Service,PyFlooder (HTTP),Raspberry Pi 4B 8GB,System,1
03:49:53.121,50.1,42.9,2.776,1072.834,Attack,Denial of Service,PyFlooder (HTTP),Raspberry Pi 4B 8GB,System,1
03:49:54.351,50.6,37.5,2.76935,1074.064,Attack,Denial of Service,PyFlooder (HTTP),Raspberry Pi 4B 8GB,System,1
03:49:55.580,50.1,37.5,2.76815,1075.293,Attack,Denial of Service,PyFlooder (HTTP),Raspberry Pi 4B 8GB,System,1
03:49:56.804,50.6,16.7,2.76244,1076.517,Attack,Denial of Service,PyFlooder (HTTP),Raspberry Pi 4B 8GB,System,1
03:49:58.028,50.6,33.3,2.74279,1077.741,Attack,Denial of Service,PyFlooder (HTTP),Raspberry Pi 4B 8GB,System,1
03:49:59.252,49.1,42.9,2.75834,1078.965,Attack,Denial of Service,PyFlooder (HTTP),Raspberry Pi 4B 8GB,System,1
03:50:00.471,49.6,44.4,2.7953,1080.184,Attack,Denial of Service,PyFlooder (HTTP),Raspberry Pi 4B 8GB,System,1
03:50:01.709,50.6,40.0,2.74239,1081.422,Attack,Denial of Service,PyFlooder (HTTP),Raspberry Pi 4B 8GB,System,1
03:50:02.939,51.6,37.5,2.75474,1082.652,Attack,Denial of Service,PyFlooder (HTTP),Raspberry Pi 4B 8GB,System,1
03:50:04.163,50.1,42.9,2.76279,1083.876,Attack,Denial of Service,PyFlooder (HTTP),Raspberry Pi 4B 8GB,System,1
03:50:05.386,50.1,37.5,2.7741,1085.099,Attack,Denial of Service,PyFlooder (HTTP),Raspberry Pi 4B 8GB,System,1
03:50:06.609,50.6,42.9,2.74584,1086.322,Attack,Denial of Service,PyFlooder (HTTP),Raspberry Pi 4B 8GB,System,1
03:50:07.831,49.1,33.4,2.75319,1087.544,Attack,Denial of Service,PyFlooder (HTTP),Raspberry Pi 4B 8GB,System,1
03:50:09.052,50.1,16.7,2.76484,1088.765,Attack,Denial of Service,PyFlooder (HTTP),Raspberry Pi 4B 8GB,System,1
03:50:10.291,51.6,22.2,2.76279,1090.004,Attack,Denial of Service,PyFlooder (HTTP),Raspberry Pi 4B 8GB,System,1
03:50:11.524,50.1,42.9,2.77425,1091.237,Attack,Denial of Service,PyFlooder (HTTP),Raspberry Pi 4B 8GB,System,1
03:50:12.747,50.1,37.5,2.76594,1092.46,Attack,Denial of Service,PyFlooder (HTTP),Raspberry Pi 4B 8GB,System,1
03:50:13.981,50.1,22.2,2.75469,1093.694,Attack,Denial of Service,PyFlooder (HTTP),Raspberry Pi 4B 8GB,System,1
03:50:15.202,50.1,42.9,2.75499,1094.915,Attack,Denial of Service,PyFlooder (HTTP),Raspberry Pi 4B 8GB,System,1
03:50:16.422,51.1,42.9,2.7766,1096.135,Attack,Denial of Service,PyFlooder (HTTP),Raspberry Pi 4B 8GB,System,1
03:50:17.643,49.6,37.5,2.75394,1097.356,Attack,Denial of Service,PyFlooder (HTTP),Raspberry Pi 4B 8GB,System,1
03:50:18.875,50.1,37.5,2.75404,1098.588,Attack,Denial of Service,PyFlooder (HTTP),Raspberry Pi 4B 8GB,System,1
03:50:20.110,50.1,50.0,2.75434,1099.823,Attack,Denial of Service,PyFlooder (HTTP),Raspberry Pi 4B 8GB,System,1
03:50:21.335,50.6,28.6,2.74404,1101.048,Attack,Denial of Service,PyFlooder (HTTP),Raspberry Pi 4B 8GB,System,1
03:50:22.563,51.6,44.4,2.76364,1102.276,Attack,Denial of Service,PyFlooder (HTTP),Raspberry Pi 4B 8GB,System,1
03:50:23.790,50.1,42.9,2.76294,1103.503,Attack,Denial of Service,PyFlooder (HTTP),Raspberry Pi 4B 8GB,System,1
03:50:25.010,50.1,28.6,2.74094,1104.723,Attack,Denial of Service,PyFlooder (HTTP),Raspberry Pi 4B 8GB,System,1
03:50:26.230,50.6,28.6,2.74549,1105.943,Attack,Denial of Service,PyFlooder (HTTP),Raspberry Pi 4B 8GB,System,1
03:50:27.455,50.6,14.3,2.7683,1107.168,Attack,Denial of Service,PyFlooder (HTTP),Raspberry Pi 4B 8GB,System,1
03:50:28.687,50.6,28.6,2.71773,1108.4,Attack,Denial of Service,PyFlooder (HTTP),Raspberry Pi 4B 8GB,System,1
03:50:29.920,49.6,37.5,2.77175,1109.633,Attack,Denial of Service,PyFlooder (HTTP),Raspberry Pi 4B 8GB,System,1
03:50:31.145,50.1,37.5,2.75854,1110.858,Attack,Denial of Service,PyFlooder (HTTP),Raspberry Pi 4B 8GB,System,1
03:50:32.373,50.1,37.5,2.7705,1112.086,Attack,Denial of Service,PyFlooder (HTTP),Raspberry Pi 4B 8GB,System,1
03:50:33.594,50.1,16.7,2.73528,1113.307,Attack,Denial of Service,PyFlooder (HTTP),Raspberry Pi 4B 8GB,System,1
03:50:34.820,50.1,25.0,2.74839,1114.533,Attack,Denial of Service,PyFlooder (HTTP),Raspberry Pi 4B 8GB,System,1
03:50:36.048,50.6,37.5,2.77235,1115.761,Attack,Denial of Service,PyFlooder (HTTP),Raspberry Pi 4B 8GB,System,1
03:50:37.283,50.1,28.6,2.74759,1116.996,Attack,Denial of Service,PyFlooder (HTTP),Raspberry Pi 4B 8GB,System,1
03:50:38.474,49.6,25.0,2.73443,1118.187,Attack,Denial of Service,PyFlooder (HTTP),Raspberry Pi 4B 8GB,System,1
03:50:39.664,51.1,50.0,2.73784,1119.377,Attack,Denial of Service,PyFlooder (HTTP),Raspberry Pi 4B 8GB,System,1
03:50:40.853,50.6,50.0,2.76084,1120.566,Attack,Denial of Service,PyFlooder (HTTP),Raspberry Pi 4B 8GB,System,1
03:50:42.045,51.1,25.0,2.7888,1121.758,Attack,Denial of Service,PyFlooder (HTTP),Raspberry Pi 4B 8GB,System,1
03:50:43.265,50.6,28.6,2.79205,1122.978,Attack,Denial of Service,PyFlooder (HTTP),Raspberry Pi 4B 8GB,System,1
03:50:44.488,50.1,33.3,2.73964,1124.201,Attack,Denial of Service,PyFlooder (HTTP),Raspberry Pi 4B 8GB,System,1
03:50:45.714,50.1,16.7,2.74099,1125.427,Attack,Denial of Service,PyFlooder (HTTP),Raspberry Pi 4B 8GB,System,1
03:50:46.943,50.1,44.4,2.75459,1126.656,Attack,Denial of Service,PyFlooder (HTTP),Raspberry Pi 4B 8GB,System,1
03:50:48.167,50.1,33.3,2.76985,1127.88,Attack,Denial of Service,PyFlooder (HTTP),Raspberry Pi 4B 8GB,System,1
03:50:49.391,50.1,33.4,2.7717,1129.104,Attack,Denial of Service,PyFlooder (HTTP),Raspberry Pi 4B 8GB,System,1
03:50:50.615,50.1,33.4,2.73433,1130.328,Attack,Denial of Service,PyFlooder (HTTP),Raspberry Pi 4B 8GB,System,1
03:50:51.851,50.6,37.5,2.76985,1131.564,Attack,Denial of Service,PyFlooder (HTTP),Raspberry Pi 4B 8GB,System,1
03:50:53.080,49.6,25.0,2.75869,1132.793,Attack,Denial of Service,PyFlooder (HTTP),Raspberry Pi 4B 8GB,System,1
03:50:54.306,51.1,42.9,2.77475,1134.019,Attack,Denial of Service,PyFlooder (HTTP),Raspberry Pi 4B 8GB,System,1
03:50:55.525,50.6,33.3,2.77965,1135.238,Attack,Denial of Service,PyFlooder (HTTP),Raspberry Pi 4B 8GB,System,1
03:50:56.749,50.1,33.3,2.76339,1136.462,Attack,Denial of Service,PyFlooder (HTTP),Raspberry Pi 4B 8GB,System,1
03:50:57.987,51.1,40.0,2.74059,1137.7,Attack,Denial of Service,PyFlooder (HTTP),Raspberry Pi 4B 8GB,System,1
03:50:59.217,50.6,50.0,2.7773,1138.93,Attack,Denial of Service,PyFlooder (HTTP),Raspberry Pi 4B 8GB,System,1
03:51:00.453,50.1,44.4,2.75224,1140.166,Attack,Denial of Service,PyFlooder (HTTP),Raspberry Pi 4B 8GB,System,1
03:51:01.687,49.6,28.6,2.7686,1141.4,Attack,Denial of Service,PyFlooder (HTTP),Raspberry Pi 4B 8GB,System,1
03:51:02.913,49.6,28.6,2.76329,1142.626,Attack,Denial of Service,PyFlooder (HTTP),Raspberry Pi 4B 8GB,System,1
03:51:04.137,50.1,50.0,2.7742,1143.85,Attack,Denial of Service,PyFlooder (HTTP),Raspberry Pi 4B 8GB,System,1
03:51:05.361,50.1,28.6,2.76574,1145.074,Attack,Denial of Service,PyFlooder (HTTP),Raspberry Pi 4B 8GB,System,1
03:51:06.582,51.1,33.4,2.7893,1146.295,Attack,Denial of Service,PyFlooder (HTTP),Raspberry Pi 4B 8GB,System,1
03:51:07.812,49.6,42.9,2.7864,1147.525,Attack,Denial of Service,PyFlooder (HTTP),Raspberry Pi 4B 8GB,System,1
03:51:09.035,49.6,28.6,2.79625,1148.748,Attack,Denial of Service,PyFlooder (HTTP),Raspberry Pi 4B 8GB,System,1
03:51:10.258,49.6,28.6,2.75669,1149.971,Attack,Denial of Service,PyFlooder (HTTP),Raspberry Pi 4B 8GB,System,1
03:51:11.486,50.1,20.0,2.78345,1151.199,Attack,Denial of Service,PyFlooder (HTTP),Raspberry Pi 4B 8GB,System,1
03:51:12.715,50.1,16.7,2.74269,1152.428,Attack,Denial of Service,PyFlooder (HTTP),Raspberry Pi 4B 8GB,System,1
03:51:13.936,50.1,37.5,2.75894,1153.649,Attack,Denial of Service,PyFlooder (HTTP),Raspberry Pi 4B 8GB,System,1
03:51:15.158,50.1,28.6,2.76209,1154.871,Attack,Denial of Service,PyFlooder (HTTP),Raspberry Pi 4B 8GB,System,1
03:51:16.381,50.6,33.4,2.76574,1156.094,Attack,Denial of Service,PyFlooder (HTTP),Raspberry Pi 4B 8GB,System,1
03:51:17.613,50.1,28.6,2.76424,1157.326,Attack,Denial of Service,PyFlooder (HTTP),Raspberry Pi 4B 8GB,System,1
03:51:18.841,50.1,37.5,2.75699,1158.554,Attack,Denial of Service,PyFlooder (HTTP),Raspberry Pi 4B 8GB,System,1
03:51:20.068,50.1,33.3,2.75064,1159.781,Attack,Denial of Service,PyFlooder (HTTP),Raspberry Pi 4B 8GB,System,1
03:51:21.296,50.1,16.7,2.75004,1161.009,Attack,Denial of Service,PyFlooder (HTTP),Raspberry Pi 4B 8GB,System,1
03:51:22.519,49.6,33.3,2.7835,1162.232,Attack,Denial of Service,PyFlooder (HTTP),Raspberry Pi 4B 8GB,System,1
03:51:23.742,50.1,44.4,2.76464,1163.455,Attack,Denial of Service,PyFlooder (HTTP),Raspberry Pi 4B 8GB,System,1
03:51:24.966,49.6,42.9,2.7757,1164.679,Attack,Denial of Service,PyFlooder (HTTP),Raspberry Pi 4B 8GB,System,1
03:51:26.190,51.1,28.6,2.781,1165.903,Attack,Denial of Service,PyFlooder (HTTP),Raspberry Pi 4B 8GB,System,1
03:51:27.416,49.6,37.5,2.75129,1167.129,Attack,Denial of Service,PyFlooder (HTTP),Raspberry Pi 4B 8GB,System,1
03:51:28.642,49.6,25.0,2.76344,1168.355,Attack,Denial of Service,PyFlooder (HTTP),Raspberry Pi 4B 8GB,System,1
03:51:29.869,49.6,25.0,2.7784,1169.582,Attack,Denial of Service,PyFlooder (HTTP),Raspberry Pi 4B 8GB,System,1
03:51:31.093,50.6,33.4,2.74844,1170.806,Attack,Denial of Service,PyFlooder (HTTP),Raspberry Pi 4B 8GB,System,1
03:51:32.316,50.1,33.4,2.80076,1172.029,Attack,Denial of Service,PyFlooder (HTTP),Raspberry Pi 4B 8GB,System,1
03:51:33.543,50.6,40.0,2.74504,1173.256,Attack,Denial of Service,PyFlooder (HTTP),Raspberry Pi 4B 8GB,System,1
03:51:34.776,49.6,44.4,2.75579,1174.489,Attack,Denial of Service,PyFlooder (HTTP),Raspberry Pi 4B 8GB,System,1
03:51:36.000,50.6,16.7,2.7728,1175.713,Attack,Denial of Service,PyFlooder (HTTP),Raspberry Pi 4B 8GB,System,1
03:51:37.225,50.1,55.5,2.75174,1176.938,Attack,Denial of Service,PyFlooder (HTTP),Raspberry Pi 4B 8GB,System,1
03:51:38.450,50.1,33.3,2.7804,1178.163,Attack,Denial of Service,PyFlooder (HTTP),Raspberry Pi 4B 8GB,System,1
03:51:39.675,50.1,37.5,2.78185,1179.388,Attack,Denial of Service,PyFlooder (HTTP),Raspberry Pi 4B 8GB,System,1
03:51:40.899,50.6,37.5,2.78695,1180.612,Attack,Denial of Service,PyFlooder (HTTP),Raspberry Pi 4B 8GB,System,1
03:51:42.121,50.1,37.5,2.797,1181.834,Attack,Denial of Service,PyFlooder (HTTP),Raspberry Pi 4B 8GB,System,1
03:51:43.347,50.6,16.7,2.778,1183.06,Attack,Denial of Service,PyFlooder (HTTP),Raspberry Pi 4B 8GB,System,1
03:51:44.581,50.1,25.0,2.75014,1184.294,Attack,Denial of Service,PyFlooder (HTTP),Raspberry Pi 4B 8GB,System,1
03:51:45.815,50.1,33.3,2.76284,1185.528,Attack,Denial of Service,PyFlooder (HTTP),Raspberry Pi 4B 8GB,System,1
03:51:47.043,50.6,37.5,2.76304,1186.756,Attack,Denial of Service,PyFlooder (HTTP),Raspberry Pi 4B 8GB,System,1
03:51:48.267,50.1,28.6,2.75844,1187.98,Attack,Denial of Service,PyFlooder (HTTP),Raspberry Pi 4B 8GB,System,1
03:51:49.489,50.1,28.6,2.76624,1189.202,Attack,Denial of Service,PyFlooder (HTTP),Raspberry Pi 4B 8GB,System,1
03:51:50.709,50.1,33.4,2.78525,1190.422,Attack,Denial of Service,PyFlooder (HTTP),Raspberry Pi 4B 8GB,System,1
03:51:51.930,50.1,25.0,2.7841,1191.643,Attack,Denial of Service,PyFlooder (HTTP),Raspberry Pi 4B 8GB,System,1
03:51:53.165,50.1,44.4,2.75459,1192.878,Attack,Denial of Service,PyFlooder (HTTP),Raspberry Pi 4B 8GB,System,1
03:51:54.398,49.6,42.9,2.77795,1194.111,Attack,Denial of Service,PyFlooder (HTTP),Raspberry Pi 4B 8GB,System,1
03:51:55.631,51.1,37.5,2.76865,1195.344,Attack,Denial of Service,PyFlooder (HTTP),Raspberry Pi 4B 8GB,System,1
03:51:56.858,51.1,37.5,2.75344,1196.571,Attack,Denial of Service,PyFlooder (HTTP),Raspberry Pi 4B 8GB,System,1
03:51:58.085,50.6,37.5,2.7843,1197.798,Attack,Denial of Service,PyFlooder (HTTP),Raspberry Pi 4B 8GB,System,1
03:51:59.305,50.1,28.6,2.77315,1199.018,Attack,Denial of Service,PyFlooder (HTTP),Raspberry Pi 4B 8GB,System,1
03:52:00.524,50.6,37.5,2.76179,1200.237,Attack,Denial of Service,PyFlooder (HTTP),Raspberry Pi 4B 8GB,System,1
03:52:01.748,50.6,37.5,2.74619,1201.461,Attack,Denial of Service,PyFlooder (HTTP),Raspberry Pi 4B 8GB,System,1
03:52:02.975,49.1,44.4,2.76324,1202.688,Attack,Denial of Service,PyFlooder (HTTP),Raspberry Pi 4B 8GB,System,1
03:52:04.209,50.6,30.0,2.78495,1203.922,Attack,Denial of Service,PyFlooder (HTTP),Raspberry Pi 4B 8GB,System,1
03:52:05.434,50.6,42.9,2.7708,1205.147,Attack,Denial of Service,PyFlooder (HTTP),Raspberry Pi 4B 8GB,System,1
03:52:06.659,50.1,37.5,2.75749,1206.372,Attack,Denial of Service,PyFlooder (HTTP),Raspberry Pi 4B 8GB,System,1
03:52:07.884,50.1,42.9,2.77255,1207.597,Attack,Denial of Service,PyFlooder (HTTP),Raspberry Pi 4B 8GB,System,1
03:52:09.106,50.1,42.9,2.76034,1208.819,Attack,Denial of Service,PyFlooder (HTTP),Raspberry Pi 4B 8GB,System,1
03:52:10.328,49.6,42.9,2.75964,1210.041,Attack,Denial of Service,PyFlooder (HTTP),Raspberry Pi 4B 8GB,System,1
03:52:11.562,49.6,25.0,2.7705,1211.275,Attack,Denial of Service,PyFlooder (HTTP),Raspberry Pi 4B 8GB,System,1
03:52:12.793,50.6,25.0,2.7718,1212.506,Attack,Denial of Service,PyFlooder (HTTP),Raspberry Pi 4B 8GB,System,1
03:52:14.026,49.6,37.5,2.73563,1213.739,Attack,Denial of Service,PyFlooder (HTTP),Raspberry Pi 4B 8GB,System,1
03:52:15.253,49.1,28.6,2.76775,1214.966,Attack,Denial of Service,PyFlooder (HTTP),Raspberry Pi 4B 8GB,System,1
03:52:16.476,50.6,16.7,2.7778,1216.189,Attack,Denial of Service,PyFlooder (HTTP),Raspberry Pi 4B 8GB,System,1
03:52:17.699,50.1,28.6,2.76349,1217.412,Attack,Denial of Service,PyFlooder (HTTP),Raspberry Pi 4B 8GB,System,1
03:52:18.929,49.6,30.0,2.76199,1218.642,Attack,Denial of Service,PyFlooder (HTTP),Raspberry Pi 4B 8GB,System,1
03:52:20.149,50.1,37.5,2.76935,1219.862,Attack,Denial of Service,PyFlooder (HTTP),Raspberry Pi 4B 8GB,System,1
03:52:21.374,49.1,28.6,2.78015,1221.087,Attack,Denial of Service,PyFlooder (HTTP),Raspberry Pi 4B 8GB,System,1
03:52:22.593,50.6,25.0,2.7968,1222.306,Attack,Denial of Service,PyFlooder (HTTP),Raspberry Pi 4B 8GB,System,1
03:52:23.816,49.6,33.4,2.7678,1223.529,Attack,Denial of Service,PyFlooder (HTTP),Raspberry Pi 4B 8GB,System,1
03:52:25.037,51.1,28.6,2.76559,1224.75,Attack,Denial of Service,PyFlooder (HTTP),Raspberry Pi 4B 8GB,System,1
03:52:26.263,50.6,42.9,2.7749,1225.976,Attack,Denial of Service,PyFlooder (HTTP),Raspberry Pi 4B 8GB,System,1
03:52:27.488,50.6,33.4,2.7758,1227.201,Attack,Denial of Service,PyFlooder (HTTP),Raspberry Pi 4B 8GB,System,1
03:52:28.719,49.6,30.0,2.73774,1228.432,Attack,Denial of Service,PyFlooder (HTTP),Raspberry Pi 4B 8GB,System,1
03:52:29.946,50.6,28.6,2.75774,1229.659,Attack,Denial of Service,PyFlooder (HTTP),Raspberry Pi 4B 8GB,System,1
03:52:31.167,51.1,37.5,2.74884,1230.88,Attack,Denial of Service,PyFlooder (HTTP),Raspberry Pi 4B 8GB,System,1
03:52:32.383,50.1,28.6,2.7789,1232.096,Attack,Denial of Service,PyFlooder (HTTP),Raspberry Pi 4B 8GB,System,1
03:52:33.604,50.6,37.5,2.78065,1233.317,Attack,Denial of Service,PyFlooder (HTTP),Raspberry Pi 4B 8GB,System,1
03:52:34.824,50.6,33.3,2.77705,1234.537,Attack,Denial of Service,PyFlooder (HTTP),Raspberry Pi 4B 8GB,System,1
03:52:36.048,50.1,44.4,2.77435,1235.761,Attack,Denial of Service,PyFlooder (HTTP),Raspberry Pi 4B 8GB,System,1
03:52:37.275,50.1,16.7,2.7731,1236.988,Attack,Denial of Service,PyFlooder (HTTP),Raspberry Pi 4B 8GB,System,1
03:52:38.510,49.6,37.5,2.77325,1238.223,Attack,Denial of Service,PyFlooder (HTTP),Raspberry Pi 4B 8GB,System,1
03:52:39.702,50.6,33.3,2.75194,1239.415,Attack,Denial of Service,PyFlooder (HTTP),Raspberry Pi 4B 8GB,System,1
03:52:40.892,50.6,33.3,2.768,1240.605,Attack,Denial of Service,PyFlooder (HTTP),Raspberry Pi 4B 8GB,System,1
03:52:42.083,51.6,33.3,2.76009,1241.796,Attack,Denial of Service,PyFlooder (HTTP),Raspberry Pi 4B 8GB,System,1
03:52:43.273,52.1,33.3,2.7783,1242.986,Attack,Denial of Service,PyFlooder (HTTP),Raspberry Pi 4B 8GB,System,1
03:52:44.500,50.6,22.2,2.7761,1244.213,Attack,Denial of Service,PyFlooder (HTTP),Raspberry Pi 4B 8GB,System,1
03:52:45.725,50.6,44.4,2.76029,1245.438,Attack,Denial of Service,PyFlooder (HTTP),Raspberry Pi 4B 8GB,System,1
03:52:46.953,49.1,25.0,2.788,1246.666,Attack,Denial of Service,PyFlooder (HTTP),Raspberry Pi 4B 8GB,System,1
03:52:48.180,50.1,33.3,2.76309,1247.893,Attack,Denial of Service,PyFlooder (HTTP),Raspberry Pi 4B 8GB,System,1
03:52:49.399,51.1,33.3,2.7947,1249.112,Attack,Denial of Service,PyFlooder (HTTP),Raspberry Pi 4B 8GB,System,1
03:52:50.624,49.6,37.5,2.75089,1250.337,Attack,Denial of Service,PyFlooder (HTTP),Raspberry Pi 4B 8GB,System,1
03:52:51.845,49.6,22.2,2.7683,1251.558,Attack,Denial of Service,PyFlooder (HTTP),Raspberry Pi 4B 8GB,System,1
03:52:53.034,51.1,40.0,2.75609,1252.747,Attack,Denial of Service,PyFlooder (HTTP),Raspberry Pi 4B 8GB,System,1
03:52:54.224,52.1,25.0,2.74569,1253.937,Attack,Denial of Service,PyFlooder (HTTP),Raspberry Pi 4B 8GB,System,1
03:52:55.413,50.6,33.3,2.74974,1255.126,Attack,Denial of Service,PyFlooder (HTTP),Raspberry Pi 4B 8GB,System,1
03:52:56.603,51.6,33.3,2.77555,1256.316,Attack,Denial of Service,PyFlooder (HTTP),Raspberry Pi 4B 8GB,System,1
03:52:57.822,51.1,42.9,2.77235,1257.535,Attack,Denial of Service,PyFlooder (HTTP),Raspberry Pi 4B 8GB,System,1
03:52:59.048,50.6,22.2,2.7866,1258.761,Attack,Denial of Service,PyFlooder (HTTP),Raspberry Pi 4B 8GB,System,1
03:53:00.272,51.6,12.5,2.7708,1259.985,Attack,Denial of Service,PyFlooder (HTTP),Raspberry Pi 4B 8GB,System,1
03:53:01.499,50.6,28.6,2.76649,1261.212,Attack,Denial of Service,PyFlooder (HTTP),Raspberry Pi 4B 8GB,System,1
03:53:02.726,50.1,28.6,2.75829,1262.439,Attack,Denial of Service,PyFlooder (HTTP),Raspberry Pi 4B 8GB,System,1
03:53:03.965,50.1,25.0,2.76169,1263.678,Attack,Denial of Service,PyFlooder (HTTP),Raspberry Pi 4B 8GB,System,1
03:53:05.190,49.1,37.5,2.75749,1264.903,Attack,Denial of Service,PyFlooder (HTTP),Raspberry Pi 4B 8GB,System,1
03:53:06.413,50.1,42.9,2.76614,1266.126,Attack,Denial of Service,PyFlooder (HTTP),Raspberry Pi 4B 8GB,System,1
03:53:07.641,50.6,25.0,2.7971,1267.354,Attack,Denial of Service,PyFlooder (HTTP),Raspberry Pi 4B 8GB,System,1
03:53:08.867,50.1,25.0,2.74709,1268.58,Attack,Denial of Service,PyFlooder (HTTP),Raspberry Pi 4B 8GB,System,1
03:53:10.092,50.1,28.6,2.75654,1269.805,Attack,Denial of Service,PyFlooder (HTTP),Raspberry Pi 4B 8GB,System,1
03:53:11.311,50.6,33.3,2.75279,1271.024,Attack,Denial of Service,PyFlooder (HTTP),Raspberry Pi 4B 8GB,System,1
03:53:12.532,50.6,28.6,2.7719,1272.245,Attack,Denial of Service,PyFlooder (HTTP),Raspberry Pi 4B 8GB,System,1
03:53:13.753,50.6,37.5,2.7843,1273.466,Attack,Denial of Service,PyFlooder (HTTP),Raspberry Pi 4B 8GB,System,1
03:53:14.978,51.6,42.9,2.7919,1274.691,Attack,Denial of Service,PyFlooder (HTTP),Raspberry Pi 4B 8GB,System,1
03:53:16.208,51.6,42.9,2.7888,1275.921,Attack,Denial of Service,PyFlooder (HTTP),Raspberry Pi 4B 8GB,System,1
03:53:17.435,50.1,37.5,2.80546,1277.148,Attack,Denial of Service,PyFlooder (HTTP),Raspberry Pi 4B 8GB,System,1
03:53:18.658,50.1,28.6,2.7834,1278.371,Attack,Denial of Service,PyFlooder (HTTP),Raspberry Pi 4B 8GB,System,1
03:53:19.882,50.6,16.7,2.7811,1279.595,Attack,Denial of Service,PyFlooder (HTTP),Raspberry Pi 4B 8GB,System,1
03:53:21.111,50.1,28.6,2.75759,1280.824,Attack,Denial of Service,PyFlooder (HTTP),Raspberry Pi 4B 8GB,System,1
03:53:22.330,50.1,25.0,2.78395,1282.043,Attack,Denial of Service,PyFlooder (HTTP),Raspberry Pi 4B 8GB,System,1
03:53:23.552,50.1,28.6,2.75874,1283.265,Attack,Denial of Service,PyFlooder (HTTP),Raspberry Pi 4B 8GB,System,1
03:53:24.780,51.1,33.3,2.78935,1284.493,Attack,Denial of Service,PyFlooder (HTTP),Raspberry Pi 4B 8GB,System,1
03:53:26.009,50.6,25.0,2.74744,1285.722,Attack,Denial of Service,PyFlooder (HTTP),Raspberry Pi 4B 8GB,System,1
03:53:27.233,51.1,14.3,2.7811,1286.946,Attack,Denial of Service,PyFlooder (HTTP),Raspberry Pi 4B 8GB,System,1
03:53:28.467,50.6,37.5,2.7879,1288.18,Attack,Denial of Service,PyFlooder (HTTP),Raspberry Pi 4B 8GB,System,1
03:53:29.688,50.6,20.0,2.778,1289.401,Attack,Denial of Service,PyFlooder (HTTP),Raspberry Pi 4B 8GB,System,1
03:53:30.912,50.1,37.5,2.79941,1290.625,Attack,Denial of Service,PyFlooder (HTTP),Raspberry Pi 4B 8GB,System,1
03:53:32.137,50.1,28.6,2.78365,1291.85,Attack,Denial of Service,PyFlooder (HTTP),Raspberry Pi 4B 8GB,System,1
03:53:33.357,49.6,33.3,2.80911,1293.07,Attack,Denial of Service,PyFlooder (HTTP),Raspberry Pi 4B 8GB,System,1
03:53:34.577,49.6,33.4,2.78145,1294.29,Attack,Denial of Service,PyFlooder (HTTP),Raspberry Pi 4B 8GB,System,1
03:53:35.797,50.6,37.5,2.7687,1295.51,Attack,Denial of Service,PyFlooder (HTTP),Raspberry Pi 4B 8GB,System,1
03:53:37.022,50.1,33.3,2.77395,1296.735,Attack,Denial of Service,PyFlooder (HTTP),Raspberry Pi 4B 8GB,System,1
03:53:38.247,51.1,28.6,2.76785,1297.96,Attack,Denial of Service,PyFlooder (HTTP),Raspberry Pi 4B 8GB,System,1
03:53:39.471,49.6,42.9,2.73959,1299.184,Attack,Denial of Service,PyFlooder (HTTP),Raspberry Pi 4B 8GB,System,1
03:53:40.699,51.1,37.5,2.74274,1300.412,Attack,Denial of Service,PyFlooder (HTTP),Raspberry Pi 4B 8GB,System,1
03:53:41.932,50.6,14.3,2.75929,1301.645,Attack,Denial of Service,PyFlooder (HTTP),Raspberry Pi 4B 8GB,System,1
03:53:43.152,50.6,37.5,2.7723,1302.865,Attack,Denial of Service,PyFlooder (HTTP),Raspberry Pi 4B 8GB,System,1
03:53:44.377,50.1,33.4,2.76299,1304.09,Attack,Denial of Service,PyFlooder (HTTP),Raspberry Pi 4B 8GB,System,1
03:53:45.595,50.6,33.4,2.77995,1305.308,Attack,Denial of Service,PyFlooder (HTTP),Raspberry Pi 4B 8GB,System,1
03:53:46.820,49.6,14.3,2.77335,1306.533,Attack,Denial of Service,PyFlooder (HTTP),Raspberry Pi 4B 8GB,System,1
03:53:48.040,49.6,20.0,2.77445,1307.753,Attack,Denial of Service,PyFlooder (HTTP),Raspberry Pi 4B 8GB,System,1
03:53:49.261,50.6,33.4,2.76579,1308.974,Attack,Denial of Service,PyFlooder (HTTP),Raspberry Pi 4B 8GB,System,1
03:53:50.483,50.1,28.6,2.7705,1310.196,Attack,Denial of Service,PyFlooder (HTTP),Raspberry Pi 4B 8GB,System,1
03:53:51.703,50.6,33.4,2.74919,1311.416,Attack,Denial of Service,PyFlooder (HTTP),Raspberry Pi 4B 8GB,System,1
03:53:52.925,51.1,25.0,2.78975,1312.638,Attack,Denial of Service,PyFlooder (HTTP),Raspberry Pi 4B 8GB,System,1
03:53:54.158,50.6,44.4,2.7678,1313.871,Attack,Denial of Service,PyFlooder (HTTP),Raspberry Pi 4B 8GB,System,1
03:53:55.387,49.6,25.0,2.79735,1315.1,Attack,Denial of Service,PyFlooder (HTTP),Raspberry Pi 4B 8GB,System,1
03:53:56.610,49.6,37.5,2.79735,1316.323,Attack,Denial of Service,PyFlooder (HTTP),Raspberry Pi 4B 8GB,System,1
03:53:57.834,50.1,28.6,2.76014,1317.547,Attack,Denial of Service,PyFlooder (HTTP),Raspberry Pi 4B 8GB,System,1
03:53:59.062,50.1,33.4,2.76249,1318.775,Attack,Denial of Service,PyFlooder (HTTP),Raspberry Pi 4B 8GB,System,1
03:54:00.291,51.6,30.0,2.77725,1320.004,Attack,Denial of Service,PyFlooder (HTTP),Raspberry Pi 4B 8GB,System,1
03:54:01.513,50.1,42.9,2.80011,1321.226,Attack,Denial of Service,PyFlooder (HTTP),Raspberry Pi 4B 8GB,System,1
03:54:02.734,50.6,25.0,2.76519,1322.447,Attack,Denial of Service,PyFlooder (HTTP),Raspberry Pi 4B 8GB,System,1
03:54:03.965,50.6,33.3,2.77145,1323.678,Attack,Denial of Service,PyFlooder (HTTP),Raspberry Pi 4B 8GB,System,1
03:54:05.193,50.6,25.0,2.74744,1324.906,Attack,Denial of Service,PyFlooder (HTTP),Raspberry Pi 4B 8GB,System,1
03:54:06.421,49.1,42.9,2.75999,1326.134,Attack,Denial of Service,PyFlooder (HTTP),Raspberry Pi 4B 8GB,System,1
03:54:07.646,50.1,37.5,2.76619,1327.359,Attack,Denial of Service,PyFlooder (HTTP),Raspberry Pi 4B 8GB,System,1
03:54:08.870,50.1,28.6,2.78495,1328.583,Attack,Denial of Service,PyFlooder (HTTP),Raspberry Pi 4B 8GB,System,1
03:54:10.102,50.1,37.5,2.80616,1329.815,Attack,Denial of Service,PyFlooder (HTTP),Raspberry Pi 4B 8GB,System,1
03:54:11.328,50.6,37.5,2.7667,1331.041,Attack,Denial of Service,PyFlooder (HTTP),Raspberry Pi 4B 8GB,System,1
03:54:12.550,49.6,33.4,2.7753,1332.263,Attack,Denial of Service,PyFlooder (HTTP),Raspberry Pi 4B 8GB,System,1
03:54:13.773,51.1,42.9,2.788,1333.486,Attack,Denial of Service,PyFlooder (HTTP),Raspberry Pi 4B 8GB,System,1
03:54:14.997,50.1,25.0,2.7924,1334.71,Attack,Denial of Service,PyFlooder (HTTP),Raspberry Pi 4B 8GB,System,1
03:54:16.230,50.1,37.5,2.78935,1335.943,Attack,Denial of Service,PyFlooder (HTTP),Raspberry Pi 4B 8GB,System,1
03:54:17.459,49.6,42.9,2.7709,1337.172,Attack,Denial of Service,PyFlooder (HTTP),Raspberry Pi 4B 8GB,System,1
03:54:18.683,50.6,33.3,2.75584,1338.396,Attack,Denial of Service,PyFlooder (HTTP),Raspberry Pi 4B 8GB,System,1
03:54:19.908,50.6,42.9,2.76054,1339.621,Attack,Denial of Service,PyFlooder (HTTP),Raspberry Pi 4B 8GB,System,1
03:54:21.128,49.6,42.9,2.74059,1340.841,Attack,Denial of Service,PyFlooder (HTTP),Raspberry Pi 4B 8GB,System,1
03:54:22.354,49.6,28.6,2.79966,1342.067,Attack,Denial of Service,PyFlooder (HTTP),Raspberry Pi 4B 8GB,System,1
03:54:23.575,51.1,16.7,2.79445,1343.288,Attack,Denial of Service,PyFlooder (HTTP),Raspberry Pi 4B 8GB,System,1
03:54:24.794,50.6,42.9,2.7822,1344.507,Attack,Denial of Service,PyFlooder (HTTP),Raspberry Pi 4B 8GB,System,1
03:54:26.025,49.6,25.0,2.7937,1345.738,Attack,Denial of Service,PyFlooder (HTTP),Raspberry Pi 4B 8GB,System,1
03:54:27.257,49.6,22.2,2.78275,1346.97,Attack,Denial of Service,PyFlooder (HTTP),Raspberry Pi 4B 8GB,System,1
03:54:28.500,50.1,33.3,2.7723,1348.213,Attack,Denial of Service,PyFlooder (HTTP),Raspberry Pi 4B 8GB,System,1
03:54:29.725,50.1,42.9,2.7764,1349.438,Attack,Denial of Service,PyFlooder (HTTP),Raspberry Pi 4B 8GB,System,1
03:54:30.947,49.6,28.6,2.779,1350.66,Attack,Denial of Service,PyFlooder (HTTP),Raspberry Pi 4B 8GB,System,1
03:54:32.175,50.6,28.6,2.77675,1351.888,Attack,Denial of Service,PyFlooder (HTTP),Raspberry Pi 4B 8GB,System,1
03:54:33.406,49.6,44.4,2.74974,1353.119,Attack,Denial of Service,PyFlooder (HTTP),Raspberry Pi 4B 8GB,System,1
03:54:34.630,50.6,28.6,2.77805,1354.343,Attack,Denial of Service,PyFlooder (HTTP),Raspberry Pi 4B 8GB,System,1
03:54:35.861,49.6,33.4,2.7912,1355.574,Attack,Denial of Service,PyFlooder (HTTP),Raspberry Pi 4B 8GB,System,1
03:54:37.080,50.1,28.6,2.7829,1356.793,Attack,Denial of Service,PyFlooder (HTTP),Raspberry Pi 4B 8GB,System,1
03:54:38.303,50.6,33.3,2.7799,1358.016,Attack,Denial of Service,PyFlooder (HTTP),Raspberry Pi 4B 8GB,System,1
03:54:39.526,50.6,42.9,2.7704,1359.239,Attack,Denial of Service,PyFlooder (HTTP),Raspberry Pi 4B 8GB,System,1
03:54:40.747,49.6,37.5,2.77945,1360.46,Attack,Denial of Service,PyFlooder (HTTP),Raspberry Pi 4B 8GB,System,1
03:54:41.980,50.1,33.3,2.77905,1361.693,Attack,Denial of Service,PyFlooder (HTTP),Raspberry Pi 4B 8GB,System,1
03:54:43.211,50.6,50.0,2.79665,1362.924,Attack,Denial of Service,PyFlooder (HTTP),Raspberry Pi 4B 8GB,System,1
03:54:44.436,51.1,37.5,2.80406,1364.149,Attack,Denial of Service,PyFlooder (HTTP),Raspberry Pi 4B 8GB,System,1
03:54:45.667,51.1,37.5,2.76775,1365.38,Attack,Denial of Service,PyFlooder (HTTP),Raspberry Pi 4B 8GB,System,1
03:54:46.890,49.1,28.6,2.78045,1366.603,Attack,Denial of Service,PyFlooder (HTTP),Raspberry Pi 4B 8GB,System,1
03:54:48.114,49.6,25.0,2.78315,1367.827,Attack,Denial of Service,PyFlooder (HTTP),Raspberry Pi 4B 8GB,System,1
03:54:49.350,49.1,20.0,2.79851,1369.063,Attack,Denial of Service,PyFlooder (HTTP),Raspberry Pi 4B 8GB,System,1
03:54:50.579,50.1,28.6,2.7958,1370.292,Attack,Denial of Service,PyFlooder (HTTP),Raspberry Pi 4B 8GB,System,1
03:54:51.803,50.1,37.5,2.75844,1371.516,Attack,Denial of Service,PyFlooder (HTTP),Raspberry Pi 4B 8GB,System,1
03:54:53.032,50.1,37.5,2.75664,1372.745,Attack,Denial of Service,PyFlooder (HTTP),Raspberry Pi 4B 8GB,System,1
03:54:54.256,50.6,44.4,2.7797,1373.969,Attack,Denial of Service,PyFlooder (HTTP),Raspberry Pi 4B 8GB,System,1
03:54:55.480,50.1,28.6,2.76394,1375.193,Attack,Denial of Service,PyFlooder (HTTP),Raspberry Pi 4B 8GB,System,1
03:54:56.703,49.6,33.3,2.79665,1376.416,Attack,Denial of Service,PyFlooder (HTTP),Raspberry Pi 4B 8GB,System,1
03:54:57.929,51.6,37.5,2.77605,1377.642,Attack,Denial of Service,PyFlooder (HTTP),Raspberry Pi 4B 8GB,System,1
03:54:59.149,50.1,33.4,2.76534,1378.862,Attack,Denial of Service,PyFlooder (HTTP),Raspberry Pi 4B 8GB,System,1
03:55:00.370,50.1,28.6,2.79215,1380.083,Attack,Denial of Service,PyFlooder (HTTP),Raspberry Pi 4B 8GB,System,1
03:55:01.605,50.6,44.4,2.79355,1381.318,Attack,Denial of Service,PyFlooder (HTTP),Raspberry Pi 4B 8GB,System,1
03:55:02.834,50.1,57.2,2.79045,1382.547,Attack,Denial of Service,PyFlooder (HTTP),Raspberry Pi 4B 8GB,System,1
03:55:04.068,50.6,28.6,2.79495,1383.781,Attack,Denial of Service,PyFlooder (HTTP),Raspberry Pi 4B 8GB,System,1
03:55:05.292,51.1,20.0,2.79005,1385.005,Attack,Denial of Service,PyFlooder (HTTP),Raspberry Pi 4B 8GB,System,1
03:55:06.514,49.6,37.5,2.77505,1386.227,Attack,Denial of Service,PyFlooder (HTTP),Raspberry Pi 4B 8GB,System,1
03:55:07.732,50.1,28.6,2.7717,1387.445,Attack,Denial of Service,PyFlooder (HTTP),Raspberry Pi 4B 8GB,System,1
03:55:08.952,50.6,42.9,2.78415,1388.665,Attack,Denial of Service,PyFlooder (HTTP),Raspberry Pi 4B 8GB,System,1
03:55:10.181,51.1,30.0,2.7869,1389.894,Attack,Denial of Service,PyFlooder (HTTP),Raspberry Pi 4B 8GB,System,1
03:55:11.408,49.6,37.5,2.7825,1391.121,Attack,Denial of Service,PyFlooder (HTTP),Raspberry Pi 4B 8GB,System,1
03:55:12.638,49.6,37.5,2.7802,1392.351,Attack,Denial of Service,PyFlooder (HTTP),Raspberry Pi 4B 8GB,System,1
03:55:13.866,50.1,28.6,2.77245,1393.579,Attack,Denial of Service,PyFlooder (HTTP),Raspberry Pi 4B 8GB,System,1
03:55:15.097,49.6,50.0,2.79455,1394.81,Attack,Denial of Service,PyFlooder (HTTP),Raspberry Pi 4B 8GB,System,1
03:55:16.336,49.6,28.6,2.7857,1396.049,Attack,Denial of Service,PyFlooder (HTTP),Raspberry Pi 4B 8GB,System,1
03:55:17.561,51.1,42.9,2.78765,1397.274,Attack,Denial of Service,PyFlooder (HTTP),Raspberry Pi 4B 8GB,System,1
03:55:18.783,49.6,25.0,2.76299,1398.496,Attack,Denial of Service,PyFlooder (HTTP),Raspberry Pi 4B 8GB,System,1
03:55:20.009,50.1,40.0,2.76609,1399.722,Attack,Denial of Service,PyFlooder (HTTP),Raspberry Pi 4B 8GB,System,1
03:55:21.237,50.1,44.4,2.78605,1400.95,Attack,Denial of Service,PyFlooder (HTTP),Raspberry Pi 4B 8GB,System,1
03:55:22.473,49.6,25.0,2.76459,1402.186,Attack,Denial of Service,PyFlooder (HTTP),Raspberry Pi 4B 8GB,System,1
03:55:23.692,49.1,33.4,2.77615,1403.405,Attack,Denial of Service,PyFlooder (HTTP),Raspberry Pi 4B 8GB,System,1
03:55:24.920,50.6,25.0,2.7756,1404.633,Attack,Denial of Service,PyFlooder (HTTP),Raspberry Pi 4B 8GB,System,1
03:55:26.148,51.1,33.4,2.77865,1405.861,Attack,Denial of Service,PyFlooder (HTTP),Raspberry Pi 4B 8GB,System,1
03:55:27.371,50.1,28.6,2.74389,1407.084,Attack,Denial of Service,PyFlooder (HTTP),Raspberry Pi 4B 8GB,System,1
03:55:28.594,50.6,33.4,2.79105,1408.307,Attack,Denial of Service,PyFlooder (HTTP),Raspberry Pi 4B 8GB,System,1
03:55:29.817,50.6,16.7,2.80706,1409.53,Attack,Denial of Service,PyFlooder (HTTP),Raspberry Pi 4B 8GB,System,1
03:55:31.043,50.6,28.6,2.77475,1410.756,Attack,Denial of Service,PyFlooder (HTTP),Raspberry Pi 4B 8GB,System,1
03:55:32.268,50.6,28.6,2.79195,1411.981,Attack,Denial of Service,PyFlooder (HTTP),Raspberry Pi 4B 8GB,System,1
03:55:33.494,51.1,42.9,2.80451,1413.207,Attack,Denial of Service,PyFlooder (HTTP),Raspberry Pi 4B 8GB,System,1
03:55:34.716,50.6,44.4,2.81766,1414.429,Attack,Denial of Service,PyFlooder (HTTP),Raspberry Pi 4B 8GB,System,1
03:55:35.949,50.1,33.3,2.78115,1415.662,Attack,Denial of Service,PyFlooder (HTTP),Raspberry Pi 4B 8GB,System,1
03:55:37.167,50.6,50.0,2.77175,1416.88,Attack,Denial of Service,PyFlooder (HTTP),Raspberry Pi 4B 8GB,System,1
03:55:38.388,50.6,37.5,2.7749,1418.101,Attack,Denial of Service,PyFlooder (HTTP),Raspberry Pi 4B 8GB,System,1
03:55:39.609,50.6,16.7,2.79,1419.322,Attack,Denial of Service,PyFlooder (HTTP),Raspberry Pi 4B 8GB,System,1
03:55:40.830,50.1,42.9,2.79595,1420.543,Attack,Denial of Service,PyFlooder (HTTP),Raspberry Pi 4B 8GB,System,1
03:55:42.053,50.1,33.3,2.75624,1421.766,Attack,Denial of Service,PyFlooder (HTTP),Raspberry Pi 4B 8GB,System,1
03:55:43.273,49.6,40.0,2.7745,1422.986,Attack,Denial of Service,PyFlooder (HTTP),Raspberry Pi 4B 8GB,System,1
03:55:44.466,51.1,40.0,2.78955,1424.179,Attack,Denial of Service,PyFlooder (HTTP),Raspberry Pi 4B 8GB,System,1
03:55:45.655,51.1,50.0,2.79535,1425.368,Attack,Denial of Service,PyFlooder (HTTP),Raspberry Pi 4B 8GB,System,1
03:55:46.844,50.6,25.0,2.7967,1426.557,Attack,Denial of Service,PyFlooder (HTTP),Raspberry Pi 4B 8GB,System,1
03:55:48.034,52.1,0.0,2.76184,1427.747,Attack,Denial of Service,PyFlooder (HTTP),Raspberry Pi 4B 8GB,System,1
03:55:49.253,50.1,33.4,2.76509,1428.966,Attack,Denial of Service,PyFlooder (HTTP),Raspberry Pi 4B 8GB,System,1
03:55:50.470,50.6,28.6,2.7746,1430.183,Attack,Denial of Service,PyFlooder (HTTP),Raspberry Pi 4B 8GB,System,1
03:55:51.699,50.6,33.3,2.76254,1431.412,Attack,Denial of Service,PyFlooder (HTTP),Raspberry Pi 4B 8GB,System,1
03:55:52.921,50.1,33.4,2.7867,1432.634,Attack,Denial of Service,PyFlooder (HTTP),Raspberry Pi 4B 8GB,System,1
03:55:54.150,50.6,28.6,2.78845,1433.863,Attack,Denial of Service,PyFlooder (HTTP),Raspberry Pi 4B 8GB,System,1
03:55:55.372,50.6,33.4,2.76554,1435.085,Attack,Denial of Service,PyFlooder (HTTP),Raspberry Pi 4B 8GB,System,1
03:55:56.594,51.1,37.5,2.7872,1436.307,Attack,Denial of Service,PyFlooder (HTTP),Raspberry Pi 4B 8GB,System,1
03:55:57.815,51.1,28.6,2.76875,1437.528,Attack,Denial of Service,PyFlooder (HTTP),Raspberry Pi 4B 8GB,System,1
03:55:59.043,51.6,16.7,2.76344,1438.756,Attack,Denial of Service,PyFlooder (HTTP),Raspberry Pi 4B 8GB,System,1
03:56:00.279,50.1,36.4,2.7836,1439.992,Attack,Denial of Service,PyFlooder (HTTP),Raspberry Pi 4B 8GB,System,1
03:56:01.507,50.1,25.0,2.80096,1441.22,Attack,Denial of Service,PyFlooder (HTTP),Raspberry Pi 4B 8GB,System,1
03:56:02.729,50.6,37.5,2.7806,1442.442,Attack,Denial of Service,PyFlooder (HTTP),Raspberry Pi 4B 8GB,System,1
03:56:03.956,50.1,28.6,2.79395,1443.669,Attack,Denial of Service,PyFlooder (HTTP),Raspberry Pi 4B 8GB,System,1
03:56:05.178,51.1,37.5,2.77215,1444.891,Attack,Denial of Service,PyFlooder (HTTP),Raspberry Pi 4B 8GB,System,1
03:56:06.403,50.6,16.7,2.7743,1446.116,Attack,Denial of Service,PyFlooder (HTTP),Raspberry Pi 4B 8GB,System,1
03:56:07.627,50.1,37.5,2.79725,1447.34,Attack,Denial of Service,PyFlooder (HTTP),Raspberry Pi 4B 8GB,System,1
03:56:08.855,50.6,37.5,2.78135,1448.568,Attack,Denial of Service,PyFlooder (HTTP),Raspberry Pi 4B 8GB,System,1
03:56:10.088,50.1,37.5,2.7918,1449.801,Attack,Denial of Service,PyFlooder (HTTP),Raspberry Pi 4B 8GB,System,1
03:56:11.310,50.6,33.4,2.7915,1451.023,Attack,Denial of Service,PyFlooder (HTTP),Raspberry Pi 4B 8GB,System,1
03:56:12.533,50.1,33.4,2.80631,1452.246,Attack,Denial of Service,PyFlooder (HTTP),Raspberry Pi 4B 8GB,System,1
03:56:13.765,50.1,37.5,2.77245,1453.478,Attack,Denial of Service,PyFlooder (HTTP),Raspberry Pi 4B 8GB,System,1
03:56:14.997,50.6,37.5,2.79941,1454.71,Attack,Denial of Service,PyFlooder (HTTP),Raspberry Pi 4B 8GB,System,1
03:56:16.227,50.6,33.3,2.80476,1455.94,Attack,Denial of Service,PyFlooder (HTTP),Raspberry Pi 4B 8GB,System,1
03:56:17.447,49.6,28.6,2.77015,1457.16,Attack,Denial of Service,PyFlooder (HTTP),Raspberry Pi 4B 8GB,System,1
03:56:18.673,50.6,33.4,2.7751,1458.386,Attack,Denial of Service,PyFlooder (HTTP),Raspberry Pi 4B 8GB,System,1
03:56:19.906,50.1,25.0,2.79085,1459.619,Attack,Denial of Service,PyFlooder (HTTP),Raspberry Pi 4B 8GB,System,1
03:56:21.141,50.6,37.5,2.79771,1460.854,Attack,Denial of Service,PyFlooder (HTTP),Raspberry Pi 4B 8GB,System,1
03:56:22.366,50.1,33.3,2.75749,1462.079,Attack,Denial of Service,PyFlooder (HTTP),Raspberry Pi 4B 8GB,System,1
03:56:23.594,50.1,33.4,2.7941,1463.307,Attack,Denial of Service,PyFlooder (HTTP),Raspberry Pi 4B 8GB,System,1
03:56:24.817,50.1,42.9,2.78775,1464.53,Attack,Denial of Service,PyFlooder (HTTP),Raspberry Pi 4B 8GB,System,1
03:56:26.038,50.6,37.5,2.7855,1465.751,Attack,Denial of Service,PyFlooder (HTTP),Raspberry Pi 4B 8GB,System,1
03:56:27.256,50.6,33.3,2.7897,1466.969,Attack,Denial of Service,PyFlooder (HTTP),Raspberry Pi 4B 8GB,System,1
03:56:28.479,50.6,37.5,2.7914,1468.192,Attack,Denial of Service,PyFlooder (HTTP),Raspberry Pi 4B 8GB,System,1
03:56:29.704,50.6,42.9,2.7797,1469.417,Attack,Denial of Service,PyFlooder (HTTP),Raspberry Pi 4B 8GB,System,1
03:56:30.929,50.6,42.9,2.78395,1470.642,Attack,Denial of Service,PyFlooder (HTTP),Raspberry Pi 4B 8GB,System,1
03:56:32.152,50.6,20.0,2.80071,1471.865,Attack,Denial of Service,PyFlooder (HTTP),Raspberry Pi 4B 8GB,System,1
03:56:33.372,49.6,62.5,2.81256,1473.085,Attack,Denial of Service,PyFlooder (HTTP),Raspberry Pi 4B 8GB,System,1
03:56:34.596,50.6,28.6,2.80851,1474.309,Attack,Denial of Service,PyFlooder (HTTP),Raspberry Pi 4B 8GB,System,1
03:56:35.819,50.1,14.3,2.76765,1475.532,Attack,Denial of Service,PyFlooder (HTTP),Raspberry Pi 4B 8GB,System,1
03:56:37.041,50.6,33.3,2.75604,1476.754,Attack,Denial of Service,PyFlooder (HTTP),Raspberry Pi 4B 8GB,System,1
03:56:38.269,51.1,25.0,2.7815,1477.982,Attack,Denial of Service,PyFlooder (HTTP),Raspberry Pi 4B 8GB,System,1
03:56:39.500,50.1,28.6,2.7762,1479.213,Attack,Denial of Service,PyFlooder (HTTP),Raspberry Pi 4B 8GB,System,1
03:56:40.741,50.6,37.5,2.78625,1480.454,Attack,Denial of Service,PyFlooder (HTTP),Raspberry Pi 4B 8GB,System,1
03:56:41.959,50.1,33.4,2.80061,1481.672,Attack,Denial of Service,PyFlooder (HTTP),Raspberry Pi 4B 8GB,System,1
03:56:43.178,49.6,16.7,2.7943,1482.891,Attack,Denial of Service,PyFlooder (HTTP),Raspberry Pi 4B 8GB,System,1
03:56:44.401,51.1,28.6,2.80696,1484.114,Attack,Denial of Service,PyFlooder (HTTP),Raspberry Pi 4B 8GB,System,1
03:56:45.619,50.1,16.7,2.80236,1485.332,Attack,Denial of Service,PyFlooder (HTTP),Raspberry Pi 4B 8GB,System,1
03:56:46.842,49.6,28.6,2.79851,1486.555,Attack,Denial of Service,PyFlooder (HTTP),Raspberry Pi 4B 8GB,System,1
03:56:48.065,50.6,16.7,2.7741,1487.778,Attack,Denial of Service,PyFlooder (HTTP),Raspberry Pi 4B 8GB,System,1
03:56:49.287,49.1,28.6,2.80681,1489.0,Attack,Denial of Service,PyFlooder (HTTP),Raspberry Pi 4B 8GB,System,1
03:56:50.512,50.1,42.9,2.79345,1490.225,Attack,Denial of Service,PyFlooder (HTTP),Raspberry Pi 4B 8GB,System,1
03:56:51.742,50.1,37.5,2.81231,1491.455,Attack,Denial of Service,PyFlooder (HTTP),Raspberry Pi 4B 8GB,System,1
03:56:52.966,50.1,33.3,2.80911,1492.679,Attack,Denial of Service,PyFlooder (HTTP),Raspberry Pi 4B 8GB,System,1
03:56:54.188,51.1,28.6,2.7857,1493.901,Attack,Denial of Service,PyFlooder (HTTP),Raspberry Pi 4B 8GB,System,1
03:56:55.410,50.6,33.3,2.82616,1495.123,Attack,Denial of Service,PyFlooder (HTTP),Raspberry Pi 4B 8GB,System,1
03:56:56.633,50.6,37.5,2.7802,1496.346,Attack,Denial of Service,PyFlooder (HTTP),Raspberry Pi 4B 8GB,System,1
03:56:57.857,50.1,33.4,2.83527,1497.57,Attack,Denial of Service,PyFlooder (HTTP),Raspberry Pi 4B 8GB,System,1
03:56:59.081,50.6,28.6,2.7785,1498.794,Attack,Denial of Service,PyFlooder (HTTP),Raspberry Pi 4B 8GB,System,1
03:57:00.304,50.1,37.5,2.7929,1500.017,Attack,Denial of Service,PyFlooder (HTTP),Raspberry Pi 4B 8GB,System,1
03:57:01.530,50.6,33.3,2.80041,1501.243,Attack,Denial of Service,PyFlooder (HTTP),Raspberry Pi 4B 8GB,System,1
03:57:02.748,49.6,37.5,2.7822,1502.461,Attack,Denial of Service,PyFlooder (HTTP),Raspberry Pi 4B 8GB,System,1
03:57:03.971,50.1,55.5,2.80126,1503.684,Attack,Denial of Service,PyFlooder (HTTP),Raspberry Pi 4B 8GB,System,1
03:57:05.189,50.6,28.6,2.7768,1504.902,Attack,Denial of Service,PyFlooder (HTTP),Raspberry Pi 4B 8GB,System,1
03:57:06.415,51.1,37.5,2.77955,1506.128,Attack,Denial of Service,PyFlooder (HTTP),Raspberry Pi 4B 8GB,System,1
03:57:07.649,50.1,33.3,2.7916,1507.362,Attack,Denial of Service,PyFlooder (HTTP),Raspberry Pi 4B 8GB,System,1
03:57:08.873,49.6,37.5,2.7959,1508.586,Attack,Denial of Service,PyFlooder (HTTP),Raspberry Pi 4B 8GB,System,1
03:57:10.095,50.1,37.5,2.78665,1509.808,Recovery,Denial of Service,PyFlooder (HTTP),Raspberry Pi 4B 8GB,System,1
03:57:11.335,50.1,30.0,2.7957,1511.048,Recovery,Denial of Service,PyFlooder (HTTP),Raspberry Pi 4B 8GB,System,1
03:57:12.563,49.6,22.2,2.79265,1512.276,Recovery,Denial of Service,PyFlooder (HTTP),Raspberry Pi 4B 8GB,System,1
03:57:13.789,50.6,30.0,2.81096,1513.502,Recovery,Denial of Service,PyFlooder (HTTP),Raspberry Pi 4B 8GB,System,1
03:57:15.016,49.6,22.2,2.80966,1514.729,Recovery,Denial of Service,PyFlooder (HTTP),Raspberry Pi 4B 8GB,System,1
03:57:16.242,49.6,33.3,2.81931,1515.955,Recovery,Denial of Service,PyFlooder (HTTP),Raspberry Pi 4B 8GB,System,1
03:57:17.468,49.6,30.0,2.81466,1517.181,Recovery,Denial of Service,PyFlooder (HTTP),Raspberry Pi 4B 8GB,System,1
03:57:18.693,50.1,30.0,2.81656,1518.406,Recovery,Denial of Service,PyFlooder (HTTP),Raspberry Pi 4B 8GB,System,1
03:57:19.920,49.1,22.2,2.81841,1519.633,Recovery,Denial of Service,PyFlooder (HTTP),Raspberry Pi 4B 8GB,System,1
03:57:21.152,49.1,25.0,2.82156,1520.865,Recovery,Denial of Service,PyFlooder (HTTP),Raspberry Pi 4B 8GB,System,1
03:57:22.386,49.1,22.2,2.81841,1522.099,Recovery,Denial of Service,PyFlooder (HTTP),Raspberry Pi 4B 8GB,System,1
03:57:23.632,50.6,22.2,2.81676,1523.345,Recovery,Denial of Service,PyFlooder (HTTP),Raspberry Pi 4B 8GB,System,1
03:57:24.863,49.6,22.2,2.79981,1524.576,Recovery,Denial of Service,PyFlooder (HTTP),Raspberry Pi 4B 8GB,System,1
03:57:26.092,49.1,12.5,2.81516,1525.805,Recovery,Denial of Service,PyFlooder (HTTP),Raspberry Pi 4B 8GB,System,1
03:57:27.321,49.6,30.0,2.81071,1527.034,Recovery,Denial of Service,PyFlooder (HTTP),Raspberry Pi 4B 8GB,System,1
03:57:28.554,50.1,25.0,2.81221,1528.267,Recovery,Denial of Service,PyFlooder (HTTP),Raspberry Pi 4B 8GB,System,1
03:57:29.780,49.6,25.0,2.80441,1529.493,Recovery,Denial of Service,PyFlooder (HTTP),Raspberry Pi 4B 8GB,System,1
03:57:31.020,49.1,25.0,2.7871,1530.733,Recovery,Denial of Service,PyFlooder (HTTP),Raspberry Pi 4B 8GB,System,1
03:57:32.260,50.1,12.5,2.78855,1531.973,Recovery,Denial of Service,PyFlooder (HTTP),Raspberry Pi 4B 8GB,System,1
03:57:33.494,49.6,22.2,2.7869,1533.207,Recovery,Denial of Service,PyFlooder (HTTP),Raspberry Pi 4B 8GB,System,1
03:57:34.725,48.7,22.2,2.78355,1534.438,Recovery,Denial of Service,PyFlooder (HTTP),Raspberry Pi 4B 8GB,System,1
03:57:35.954,49.1,12.5,2.7791,1535.667,Recovery,Denial of Service,PyFlooder (HTTP),Raspberry Pi 4B 8GB,System,1
03:57:37.181,49.1,30.0,2.80116,1536.894,Recovery,Denial of Service,PyFlooder (HTTP),Raspberry Pi 4B 8GB,System,1
03:57:38.408,49.6,22.2,2.79961,1538.121,Recovery,Denial of Service,PyFlooder (HTTP),Raspberry Pi 4B 8GB,System,1
03:57:39.641,49.6,30.0,2.79735,1539.354,Recovery,Denial of Service,PyFlooder (HTTP),Raspberry Pi 4B 8GB,System,1
03:57:40.872,50.1,30.0,2.79786,1540.585,Recovery,Denial of Service,PyFlooder (HTTP),Raspberry Pi 4B 8GB,System,1
03:57:42.104,48.7,22.2,2.80696,1541.817,Recovery,Denial of Service,PyFlooder (HTTP),Raspberry Pi 4B 8GB,System,1
03:57:43.332,49.6,22.2,2.80101,1543.045,Recovery,Denial of Service,PyFlooder (HTTP),Raspberry Pi 4B 8GB,System,1
03:57:44.556,49.1,14.3,2.80241,1544.269,Recovery,Denial of Service,PyFlooder (HTTP),Raspberry Pi 4B 8GB,System,1
03:57:45.788,49.1,22.2,2.82111,1545.501,Recovery,Denial of Service,PyFlooder (HTTP),Raspberry Pi 4B 8GB,System,1
03:57:47.015,49.6,30.0,2.82261,1546.728,Recovery,Denial of Service,PyFlooder (HTTP),Raspberry Pi 4B 8GB,System,1
03:57:48.243,49.1,22.2,2.81981,1547.956,Recovery,Denial of Service,PyFlooder (HTTP),Raspberry Pi 4B 8GB,System,1
03:57:49.482,49.6,36.4,2.82296,1549.195,Recovery,Denial of Service,PyFlooder (HTTP),Raspberry Pi 4B 8GB,System,1
03:57:50.709,48.2,22.2,2.81971,1550.422,Recovery,Denial of Service,PyFlooder (HTTP),Raspberry Pi 4B 8GB,System,1
03:57:51.941,48.2,27.3,2.81656,1551.654,Recovery,Denial of Service,PyFlooder (HTTP),Raspberry Pi 4B 8GB,System,1
03:57:53.169,48.7,22.2,2.81656,1552.882,Recovery,Denial of Service,PyFlooder (HTTP),Raspberry Pi 4B 8GB,System,1
03:57:54.410,49.6,30.0,2.81621,1554.123,Recovery,Denial of Service,PyFlooder (HTTP),Raspberry Pi 4B 8GB,System,1
03:57:55.643,49.1,22.2,2.81491,1555.356,Recovery,Denial of Service,PyFlooder (HTTP),Raspberry Pi 4B 8GB,System,1
03:57:56.870,49.1,22.2,2.81166,1556.583,Recovery,Denial of Service,PyFlooder (HTTP),Raspberry Pi 4B 8GB,System,1
03:57:58.109,48.7,30.0,2.81016,1557.822,Recovery,Denial of Service,PyFlooder (HTTP),Raspberry Pi 4B 8GB,System,1
03:57:59.337,49.1,30.0,2.81331,1559.05,Recovery,Denial of Service,PyFlooder (HTTP),Raspberry Pi 4B 8GB,System,1
03:58:00.565,48.7,33.3,2.82276,1560.278,Recovery,Denial of Service,PyFlooder (HTTP),Raspberry Pi 4B 8GB,System,1
03:58:01.793,48.7,22.2,2.82221,1561.506,Recovery,Denial of Service,PyFlooder (HTTP),Raspberry Pi 4B 8GB,System,1
03:58:03.021,48.2,20.0,2.82081,1562.734,Recovery,Denial of Service,PyFlooder (HTTP),Raspberry Pi 4B 8GB,System,1
03:58:04.248,48.2,30.0,2.81471,1563.961,Recovery,Denial of Service,PyFlooder (HTTP),Raspberry Pi 4B 8GB,System,1
03:58:05.475,48.7,22.2,2.82266,1565.188,Recovery,Denial of Service,PyFlooder (HTTP),Raspberry Pi 4B 8GB,System,1
03:58:06.710,47.7,22.2,2.82046,1566.423,Recovery,Denial of Service,PyFlooder (HTTP),Raspberry Pi 4B 8GB,System,1
03:58:07.945,48.7,30.0,2.81451,1567.658,Recovery,Denial of Service,PyFlooder (HTTP),Raspberry Pi 4B 8GB,System,1
03:58:09.175,49.1,30.0,2.81091,1568.888,Recovery,Denial of Service,PyFlooder (HTTP),Raspberry Pi 4B 8GB,System,1
03:58:10.408,48.2,30.0,2.7946,1570.121,Recovery,Denial of Service,PyFlooder (HTTP),Raspberry Pi 4B 8GB,System,1
03:58:11.643,48.7,30.0,2.81626,1571.356,Recovery,Denial of Service,PyFlooder (HTTP),Raspberry Pi 4B 8GB,System,1
03:58:12.872,48.2,12.5,2.81756,1572.585,Recovery,Denial of Service,PyFlooder (HTTP),Raspberry Pi 4B 8GB,System,1
03:58:14.102,47.2,22.2,2.80996,1573.815,Recovery,Denial of Service,PyFlooder (HTTP),Raspberry Pi 4B 8GB,System,1
03:58:15.329,49.1,22.2,2.80986,1575.042,Recovery,Denial of Service,PyFlooder (HTTP),Raspberry Pi 4B 8GB,System,1
03:58:16.562,47.2,22.2,2.80486,1576.275,Recovery,Denial of Service,PyFlooder (HTTP),Raspberry Pi 4B 8GB,System,1
03:58:17.795,48.2,22.2,2.80766,1577.508,Recovery,Denial of Service,PyFlooder (HTTP),Raspberry Pi 4B 8GB,System,1
03:58:19.024,48.2,22.2,2.80671,1578.737,Recovery,Denial of Service,PyFlooder (HTTP),Raspberry Pi 4B 8GB,System,1
03:58:20.252,48.2,30.0,2.80766,1579.965,Recovery,Denial of Service,PyFlooder (HTTP),Raspberry Pi 4B 8GB,System,1
03:58:21.479,48.7,22.2,2.80071,1581.192,Recovery,Denial of Service,PyFlooder (HTTP),Raspberry Pi 4B 8GB,System,1
03:58:22.707,49.1,22.2,2.80366,1582.42,Recovery,Denial of Service,PyFlooder (HTTP),Raspberry Pi 4B 8GB,System,1
03:58:23.948,48.7,30.0,2.80181,1583.661,Recovery,Denial of Service,PyFlooder (HTTP),Raspberry Pi 4B 8GB,System,1
03:58:25.180,48.7,30.0,2.80976,1584.893,Recovery,Denial of Service,PyFlooder (HTTP),Raspberry Pi 4B 8GB,System,1
03:58:26.419,47.7,22.2,2.80811,1586.132,Recovery,Denial of Service,PyFlooder (HTTP),Raspberry Pi 4B 8GB,System,1
03:58:27.652,47.7,33.3,2.81281,1587.365,Recovery,Denial of Service,PyFlooder (HTTP),Raspberry Pi 4B 8GB,System,1
03:58:28.879,47.7,22.2,2.81281,1588.592,Recovery,Denial of Service,PyFlooder (HTTP),Raspberry Pi 4B 8GB,System,1
03:58:30.107,48.2,22.2,2.81281,1589.82,Recovery,Denial of Service,PyFlooder (HTTP),Raspberry Pi 4B 8GB,System,1
03:58:31.347,48.7,22.2,2.80651,1591.06,Recovery,Denial of Service,PyFlooder (HTTP),Raspberry Pi 4B 8GB,System,1
03:58:32.573,47.2,30.0,2.81411,1592.286,Recovery,Denial of Service,PyFlooder (HTTP),Raspberry Pi 4B 8GB,System,1
03:58:33.802,47.7,30.0,2.82181,1593.515,Recovery,Denial of Service,PyFlooder (HTTP),Raspberry Pi 4B 8GB,System,1
03:58:35.034,48.7,30.0,2.82031,1594.747,Recovery,Denial of Service,PyFlooder (HTTP),Raspberry Pi 4B 8GB,System,1
03:58:36.261,48.7,12.5,2.81901,1595.974,Recovery,Denial of Service,PyFlooder (HTTP),Raspberry Pi 4B 8GB,System,1
03:58:37.489,48.7,25.0,2.81716,1597.202,Recovery,Denial of Service,PyFlooder (HTTP),Raspberry Pi 4B 8GB,System,1
03:58:38.717,47.2,22.2,2.81586,1598.43,Recovery,Denial of Service,PyFlooder (HTTP),Raspberry Pi 4B 8GB,System,1
03:58:39.946,47.7,22.2,2.81421,1599.659,Recovery,Denial of Service,PyFlooder (HTTP),Raspberry Pi 4B 8GB,System,1
03:58:41.178,48.2,22.2,2.81281,1600.891,Recovery,Denial of Service,PyFlooder (HTTP),Raspberry Pi 4B 8GB,System,1
03:58:42.406,47.7,30.0,2.80576,1602.119,Recovery,Denial of Service,PyFlooder (HTTP),Raspberry Pi 4B 8GB,System,1
03:58:43.646,47.7,30.0,2.80631,1603.359,Recovery,Denial of Service,PyFlooder (HTTP),Raspberry Pi 4B 8GB,System,1
03:58:44.888,48.7,22.2,2.80466,1604.601,Recovery,Denial of Service,PyFlooder (HTTP),Raspberry Pi 4B 8GB,System,1
03:58:46.128,47.2,22.2,2.81251,1605.841,Recovery,Denial of Service,PyFlooder (HTTP),Raspberry Pi 4B 8GB,System,1
03:58:47.356,47.2,22.2,2.81251,1607.069,Recovery,Denial of Service,PyFlooder (HTTP),Raspberry Pi 4B 8GB,System,1
03:58:48.584,47.7,22.2,2.81846,1608.297,Recovery,Denial of Service,PyFlooder (HTTP),Raspberry Pi 4B 8GB,System,1
03:58:49.808,48.2,25.0,2.82011,1609.521,Recovery,Denial of Service,PyFlooder (HTTP),Raspberry Pi 4B 8GB,System,1
03:58:51.033,48.2,33.3,2.81881,1610.746,Recovery,Denial of Service,PyFlooder (HTTP),Raspberry Pi 4B 8GB,System,1
03:58:52.273,48.2,22.2,2.81696,1611.986,Recovery,Denial of Service,PyFlooder (HTTP),Raspberry Pi 4B 8GB,System,1
03:58:53.516,48.2,22.2,2.80151,1613.229,Recovery,Denial of Service,PyFlooder (HTTP),Raspberry Pi 4B 8GB,System,1
03:58:54.747,48.2,22.2,2.79981,1614.46,Recovery,Denial of Service,PyFlooder (HTTP),Raspberry Pi 4B 8GB,System,1
03:58:55.975,47.2,12.5,2.80131,1615.688,Recovery,Denial of Service,PyFlooder (HTTP),Raspberry Pi 4B 8GB,System,1
03:58:57.201,48.2,25.0,2.80131,1616.914,Recovery,Denial of Service,PyFlooder (HTTP),Raspberry Pi 4B 8GB,System,1
03:58:58.432,48.2,22.2,2.7911,1618.145,Recovery,Denial of Service,PyFlooder (HTTP),Raspberry Pi 4B 8GB,System,1
03:58:59.672,47.2,22.2,2.78675,1619.385,Recovery,Denial of Service,PyFlooder (HTTP),Raspberry Pi 4B 8GB,System,1
03:59:00.914,47.7,30.0,2.7849,1620.627,Recovery,Denial of Service,PyFlooder (HTTP),Raspberry Pi 4B 8GB,System,1
03:59:02.149,47.7,30.0,2.78395,1621.862,Recovery,Denial of Service,PyFlooder (HTTP),Raspberry Pi 4B 8GB,System,1
03:59:03.382,47.7,30.0,2.79971,1623.095,Recovery,Denial of Service,PyFlooder (HTTP),Raspberry Pi 4B 8GB,System,1
03:59:04.612,47.2,22.2,2.78775,1624.325,Recovery,Denial of Service,PyFlooder (HTTP),Raspberry Pi 4B 8GB,System,1
03:59:05.853,46.2,22.2,2.79961,1625.566,Recovery,Denial of Service,PyFlooder (HTTP),Raspberry Pi 4B 8GB,System,1
03:59:07.082,48.7,14.3,2.81981,1626.795,Recovery,Denial of Service,PyFlooder (HTTP),Raspberry Pi 4B 8GB,System,1
03:59:08.312,48.7,36.4,2.82611,1628.025,Recovery,Denial of Service,PyFlooder (HTTP),Raspberry Pi 4B 8GB,System,1
03:59:09.555,47.7,30.0,2.81926,1629.268,Recovery,Denial of Service,PyFlooder (HTTP),Raspberry Pi 4B 8GB,System,1
03:59:10.796,47.7,33.3,2.7975,1630.509,Recovery,Denial of Service,PyFlooder (HTTP),Raspberry Pi 4B 8GB,System,1
03:59:12.024,47.7,22.2,2.79655,1631.737,Recovery,Denial of Service,PyFlooder (HTTP),Raspberry Pi 4B 8GB,System,1
03:59:13.252,47.2,30.0,2.81211,1632.965,Recovery,Denial of Service,PyFlooder (HTTP),Raspberry Pi 4B 8GB,System,1
03:59:14.486,46.7,33.3,2.81971,1634.199,Recovery,Denial of Service,PyFlooder (HTTP),Raspberry Pi 4B 8GB,System,1
03:59:15.716,48.2,12.5,2.81361,1635.429,Recovery,Denial of Service,PyFlooder (HTTP),Raspberry Pi 4B 8GB,System,1
03:59:16.949,47.7,22.2,2.81651,1636.662,Recovery,Denial of Service,PyFlooder (HTTP),Raspberry Pi 4B 8GB,System,1
03:59:18.181,47.2,30.0,2.81196,1637.894,Recovery,Denial of Service,PyFlooder (HTTP),Raspberry Pi 4B 8GB,System,1
03:59:19.410,47.7,36.4,2.81196,1639.123,Recovery,Denial of Service,PyFlooder (HTTP),Raspberry Pi 4B 8GB,System,1
03:59:20.644,48.2,22.2,2.81011,1640.357,Recovery,Denial of Service,PyFlooder (HTTP),Raspberry Pi 4B 8GB,System,1
03:59:21.874,48.2,22.2,2.81031,1641.587,Recovery,Denial of Service,PyFlooder (HTTP),Raspberry Pi 4B 8GB,System,1
03:59:23.107,46.7,12.5,2.81626,1642.82,Recovery,Denial of Service,PyFlooder (HTTP),Raspberry Pi 4B 8GB,System,1
03:59:24.337,47.7,22.2,2.80996,1644.05,Recovery,Denial of Service,PyFlooder (HTTP),Raspberry Pi 4B 8GB,System,1
03:59:25.567,47.2,12.5,2.80551,1645.28,Recovery,Denial of Service,PyFlooder (HTTP),Raspberry Pi 4B 8GB,System,1
03:59:26.797,47.7,30.0,2.80051,1646.51,Recovery,Denial of Service,PyFlooder (HTTP),Raspberry Pi 4B 8GB,System,1
03:59:28.038,47.7,22.2,2.80366,1647.751,Recovery,Denial of Service,PyFlooder (HTTP),Raspberry Pi 4B 8GB,System,1
03:59:29.272,47.2,22.2,2.80236,1648.985,Recovery,Denial of Service,PyFlooder (HTTP),Raspberry Pi 4B 8GB,System,1
03:59:30.514,46.7,25.0,2.80856,1650.227,Recovery,Denial of Service,PyFlooder (HTTP),Raspberry Pi 4B 8GB,System,1
03:59:31.756,47.2,22.2,2.81636,1651.469,Recovery,Denial of Service,PyFlooder (HTTP),Raspberry Pi 4B 8GB,System,1
03:59:32.991,47.2,14.3,2.81301,1652.704,Recovery,Denial of Service,PyFlooder (HTTP),Raspberry Pi 4B 8GB,System,1
03:59:34.225,48.2,22.2,2.80986,1653.938,Recovery,Denial of Service,PyFlooder (HTTP),Raspberry Pi 4B 8GB,System,1
03:59:35.453,47.2,22.2,2.81811,1655.166,Recovery,Denial of Service,PyFlooder (HTTP),Raspberry Pi 4B 8GB,System,1
03:59:36.682,47.2,22.2,2.81811,1656.395,Recovery,Denial of Service,PyFlooder (HTTP),Raspberry Pi 4B 8GB,System,1
03:59:37.924,46.7,25.0,2.81476,1657.637,Recovery,Denial of Service,PyFlooder (HTTP),Raspberry Pi 4B 8GB,System,1
03:59:39.168,47.2,30.0,2.80996,1658.881,Recovery,Denial of Service,PyFlooder (HTTP),Raspberry Pi 4B 8GB,System,1
03:59:40.411,48.2,22.2,2.81291,1660.124,Recovery,Denial of Service,PyFlooder (HTTP),Raspberry Pi 4B 8GB,System,1
03:59:41.653,46.7,30.0,2.80626,1661.366,Recovery,Denial of Service,PyFlooder (HTTP),Raspberry Pi 4B 8GB,System,1
03:59:42.886,48.2,22.2,2.80281,1662.599,Recovery,Denial of Service,PyFlooder (HTTP),Raspberry Pi 4B 8GB,System,1
03:59:44.120,47.7,22.2,2.80521,1663.833,Recovery,Denial of Service,PyFlooder (HTTP),Raspberry Pi 4B 8GB,System,1
03:59:45.347,48.2,22.2,2.80301,1665.06,Recovery,Denial of Service,PyFlooder (HTTP),Raspberry Pi 4B 8GB,System,1
03:59:46.577,47.2,14.3,2.79966,1666.29,Recovery,Denial of Service,PyFlooder (HTTP),Raspberry Pi 4B 8GB,System,1
03:59:47.806,47.7,22.2,2.7967,1667.519,Recovery,Denial of Service,PyFlooder (HTTP),Raspberry Pi 4B 8GB,System,1
03:59:49.047,47.7,22.2,2.7955,1668.76,Recovery,Denial of Service,PyFlooder (HTTP),Raspberry Pi 4B 8GB,System,1
03:59:50.292,46.7,30.0,2.80141,1670.005,Recovery,Denial of Service,PyFlooder (HTTP),Raspberry Pi 4B 8GB,System,1
03:59:51.534,47.7,30.0,2.80866,1671.247,Recovery,Denial of Service,PyFlooder (HTTP),Raspberry Pi 4B 8GB,System,1
03:59:52.776,48.2,22.2,2.7842,1672.489,Recovery,Denial of Service,PyFlooder (HTTP),Raspberry Pi 4B 8GB,System,1
03:59:54.008,47.2,30.0,2.80456,1673.721,Recovery,Denial of Service,PyFlooder (HTTP),Raspberry Pi 4B 8GB,System,1
03:59:55.239,47.7,22.2,2.81706,1674.952,Recovery,Denial of Service,PyFlooder (HTTP),Raspberry Pi 4B 8GB,System,1
03:59:56.473,47.2,30.0,2.81096,1676.186,Recovery,Denial of Service,PyFlooder (HTTP),Raspberry Pi 4B 8GB,System,1
03:59:57.704,47.2,22.2,2.81226,1677.417,Recovery,Denial of Service,PyFlooder (HTTP),Raspberry Pi 4B 8GB,System,1
03:59:58.936,46.7,30.0,2.80891,1678.649,Recovery,Denial of Service,PyFlooder (HTTP),Raspberry Pi 4B 8GB,System,1
04:00:00.164,46.7,22.2,2.80586,1679.877,Recovery,Denial of Service,PyFlooder (HTTP),Raspberry Pi 4B 8GB,System,1
